"Benchmark","Mode","Threads","Samples","Score","Score Error (99.9%)","Unit","Param: blockTypeStr"
"GeoDriverBenchParams.checkNearestNSWE","thrpt",4,5,2230.141423,11.563812,"ops/s",RANDOM
"GeoDriverBenchParams.checkNearestNSWE:CPI","thrpt",4,1,1.233325,NaN,"clks/insn",RANDOM
"GeoDriverBenchParams.checkNearestNSWE:IPC","thrpt",4,1,0.810816,NaN,"insns/clk",RANDOM
"GeoDriverBenchParams.checkNearestNSWE:L1-dcache-loads","thrpt",4,1,345545.498451,NaN,"#/op",RANDOM
"GeoDriverBenchParams.checkNearestNSWE:L1-dcache-stores","thrpt",4,1,93365.055791,NaN,"#/op",RANDOM
"GeoDriverBenchParams.checkNearestNSWE:L1-icache-load-misses","thrpt",4,1,1061.019480,NaN,"#/op",RANDOM
"GeoDriverBenchParams.checkNearestNSWE:L1-icache-loads","thrpt",4,1,490769.369440,NaN,"#/op",RANDOM
"GeoDriverBenchParams.checkNearestNSWE:LLC-load-misses","thrpt",4,1,0.012131,NaN,"#/op",RANDOM
"GeoDriverBenchParams.checkNearestNSWE:LLC-loads","thrpt",4,1,4316.132532,NaN,"#/op",RANDOM
"GeoDriverBenchParams.checkNearestNSWE:LLC-store-misses","thrpt",4,1,0.017167,NaN,"#/op",RANDOM
"GeoDriverBenchParams.checkNearestNSWE:LLC-stores","thrpt",4,1,75.758579,NaN,"#/op",RANDOM
"GeoDriverBenchParams.checkNearestNSWE:branch-misses","thrpt",4,1,3602.795711,NaN,"#/op",RANDOM
"GeoDriverBenchParams.checkNearestNSWE:branches","thrpt",4,1,155107.810975,NaN,"#/op",RANDOM
"GeoDriverBenchParams.checkNearestNSWE:cycles","thrpt",4,1,1371971.206963,NaN,"#/op",RANDOM
"GeoDriverBenchParams.checkNearestNSWE:dTLB-load-misses","thrpt",4,1,2428.667651,NaN,"#/op",RANDOM
"GeoDriverBenchParams.checkNearestNSWE:dTLB-loads","thrpt",4,1,345397.183896,NaN,"#/op",RANDOM
"GeoDriverBenchParams.checkNearestNSWE:dTLB-store-misses","thrpt",4,1,4.864813,NaN,"#/op",RANDOM
"GeoDriverBenchParams.checkNearestNSWE:dTLB-stores","thrpt",4,1,93279.628288,NaN,"#/op",RANDOM
"GeoDriverBenchParams.checkNearestNSWE:iTLB-load-misses","thrpt",4,1,47.783285,NaN,"#/op",RANDOM
"GeoDriverBenchParams.checkNearestNSWE:instructions","thrpt",4,1,1112416.840396,NaN,"#/op",RANDOM
"GeoDriverBenchParams.checkNearestNSWE","thrpt",4,5,16507.609289,208.900969,"ops/s",FLAT_BLOCK
"GeoDriverBenchParams.checkNearestNSWE:CPI","thrpt",4,1,0.407520,NaN,"clks/insn",FLAT_BLOCK
"GeoDriverBenchParams.checkNearestNSWE:IPC","thrpt",4,1,2.453865,NaN,"insns/clk",FLAT_BLOCK
"GeoDriverBenchParams.checkNearestNSWE:L1-dcache-loads","thrpt",4,1,100247.172676,NaN,"#/op",FLAT_BLOCK
"GeoDriverBenchParams.checkNearestNSWE:L1-dcache-stores","thrpt",4,1,10287.072490,NaN,"#/op",FLAT_BLOCK
"GeoDriverBenchParams.checkNearestNSWE:L1-icache-load-misses","thrpt",4,1,19.615905,NaN,"#/op",FLAT_BLOCK
"GeoDriverBenchParams.checkNearestNSWE:L1-icache-loads","thrpt",4,1,54930.602330,NaN,"#/op",FLAT_BLOCK
"GeoDriverBenchParams.checkNearestNSWE:LLC-load-misses","thrpt",4,1,0.000093,NaN,"#/op",FLAT_BLOCK
"GeoDriverBenchParams.checkNearestNSWE:LLC-loads","thrpt",4,1,3.036131,NaN,"#/op",FLAT_BLOCK
"GeoDriverBenchParams.checkNearestNSWE:LLC-store-misses","thrpt",4,1,0.000000,NaN,"#/op",FLAT_BLOCK
"GeoDriverBenchParams.checkNearestNSWE:LLC-stores","thrpt",4,1,0.626635,NaN,"#/op",FLAT_BLOCK
"GeoDriverBenchParams.checkNearestNSWE:branch-misses","thrpt",4,1,15.322585,NaN,"#/op",FLAT_BLOCK
"GeoDriverBenchParams.checkNearestNSWE:branches","thrpt",4,1,50152.393715,NaN,"#/op",FLAT_BLOCK
"GeoDriverBenchParams.checkNearestNSWE:cycles","thrpt",4,1,187522.917798,NaN,"#/op",FLAT_BLOCK
"GeoDriverBenchParams.checkNearestNSWE:dTLB-load-misses","thrpt",4,1,2.028102,NaN,"#/op",FLAT_BLOCK
"GeoDriverBenchParams.checkNearestNSWE:dTLB-loads","thrpt",4,1,100585.511895,NaN,"#/op",FLAT_BLOCK
"GeoDriverBenchParams.checkNearestNSWE:dTLB-store-misses","thrpt",4,1,0.018772,NaN,"#/op",FLAT_BLOCK
"GeoDriverBenchParams.checkNearestNSWE:dTLB-stores","thrpt",4,1,10263.843186,NaN,"#/op",FLAT_BLOCK
"GeoDriverBenchParams.checkNearestNSWE:iTLB-load-misses","thrpt",4,1,3.442539,NaN,"#/op",FLAT_BLOCK
"GeoDriverBenchParams.checkNearestNSWE:instructions","thrpt",4,1,460155.893922,NaN,"#/op",FLAT_BLOCK
"GeoDriverBenchParams.checkNearestNSWE","thrpt",4,5,2950.291277,11.658386,"ops/s",COMPLEX_BLOCK
"GeoDriverBenchParams.checkNearestNSWE:CPI","thrpt",4,1,1.663483,NaN,"clks/insn",COMPLEX_BLOCK
"GeoDriverBenchParams.checkNearestNSWE:IPC","thrpt",4,1,0.601148,NaN,"insns/clk",COMPLEX_BLOCK
"GeoDriverBenchParams.checkNearestNSWE:L1-dcache-loads","thrpt",4,1,132706.158289,NaN,"#/op",COMPLEX_BLOCK
"GeoDriverBenchParams.checkNearestNSWE:L1-dcache-stores","thrpt",4,1,1635.228729,NaN,"#/op",COMPLEX_BLOCK
"GeoDriverBenchParams.checkNearestNSWE:L1-icache-load-misses","thrpt",4,1,783.629123,NaN,"#/op",COMPLEX_BLOCK
"GeoDriverBenchParams.checkNearestNSWE:L1-icache-loads","thrpt",4,1,294880.726845,NaN,"#/op",COMPLEX_BLOCK
"GeoDriverBenchParams.checkNearestNSWE:LLC-load-misses","thrpt",4,1,0.000794,NaN,"#/op",COMPLEX_BLOCK
"GeoDriverBenchParams.checkNearestNSWE:LLC-loads","thrpt",4,1,5529.199205,NaN,"#/op",COMPLEX_BLOCK
"GeoDriverBenchParams.checkNearestNSWE:LLC-store-misses","thrpt",4,1,0.009627,NaN,"#/op",COMPLEX_BLOCK
"GeoDriverBenchParams.checkNearestNSWE:LLC-stores","thrpt",4,1,52.567154,NaN,"#/op",COMPLEX_BLOCK
"GeoDriverBenchParams.checkNearestNSWE:branch-misses","thrpt",4,1,33.226960,NaN,"#/op",COMPLEX_BLOCK
"GeoDriverBenchParams.checkNearestNSWE:branches","thrpt",4,1,61701.282630,NaN,"#/op",COMPLEX_BLOCK
"GeoDriverBenchParams.checkNearestNSWE:cycles","thrpt",4,1,1031659.591726,NaN,"#/op",COMPLEX_BLOCK
"GeoDriverBenchParams.checkNearestNSWE:dTLB-load-misses","thrpt",4,1,2535.904231,NaN,"#/op",COMPLEX_BLOCK
"GeoDriverBenchParams.checkNearestNSWE:dTLB-loads","thrpt",4,1,132690.164463,NaN,"#/op",COMPLEX_BLOCK
"GeoDriverBenchParams.checkNearestNSWE:dTLB-store-misses","thrpt",4,1,2.582617,NaN,"#/op",COMPLEX_BLOCK
"GeoDriverBenchParams.checkNearestNSWE:dTLB-stores","thrpt",4,1,1676.623612,NaN,"#/op",COMPLEX_BLOCK
"GeoDriverBenchParams.checkNearestNSWE:iTLB-load-misses","thrpt",4,1,33.763559,NaN,"#/op",COMPLEX_BLOCK
"GeoDriverBenchParams.checkNearestNSWE:instructions","thrpt",4,1,620180.535280,NaN,"#/op",COMPLEX_BLOCK
"GeoDriverBenchParams.checkNearestNSWE","thrpt",4,5,711.971287,3.215966,"ops/s",MULTILAYER_BLOCK
"GeoDriverBenchParams.checkNearestNSWE:CPI","thrpt",4,1,1.168757,NaN,"clks/insn",MULTILAYER_BLOCK
"GeoDriverBenchParams.checkNearestNSWE:IPC","thrpt",4,1,0.855610,NaN,"insns/clk",MULTILAYER_BLOCK
"GeoDriverBenchParams.checkNearestNSWE:L1-dcache-loads","thrpt",4,1,603262.699356,NaN,"#/op",MULTILAYER_BLOCK
"GeoDriverBenchParams.checkNearestNSWE:L1-dcache-stores","thrpt",4,1,36553.347584,NaN,"#/op",MULTILAYER_BLOCK
"GeoDriverBenchParams.checkNearestNSWE:L1-icache-load-misses","thrpt",4,1,1639.367406,NaN,"#/op",MULTILAYER_BLOCK
"GeoDriverBenchParams.checkNearestNSWE:L1-icache-loads","thrpt",4,1,940828.410621,NaN,"#/op",MULTILAYER_BLOCK
"GeoDriverBenchParams.checkNearestNSWE:LLC-load-misses","thrpt",4,1,0.010896,NaN,"#/op",MULTILAYER_BLOCK
"GeoDriverBenchParams.checkNearestNSWE:LLC-loads","thrpt",4,1,1354.825945,NaN,"#/op",MULTILAYER_BLOCK
"GeoDriverBenchParams.checkNearestNSWE:LLC-store-misses","thrpt",4,1,0.024517,NaN,"#/op",MULTILAYER_BLOCK
"GeoDriverBenchParams.checkNearestNSWE:LLC-stores","thrpt",4,1,73.895098,NaN,"#/op",MULTILAYER_BLOCK
"GeoDriverBenchParams.checkNearestNSWE:branch-misses","thrpt",4,1,22851.234301,NaN,"#/op",MULTILAYER_BLOCK
"GeoDriverBenchParams.checkNearestNSWE:branches","thrpt",4,1,655987.899932,NaN,"#/op",MULTILAYER_BLOCK
"GeoDriverBenchParams.checkNearestNSWE:cycles","thrpt",4,1,4329064.678174,NaN,"#/op",MULTILAYER_BLOCK
"GeoDriverBenchParams.checkNearestNSWE:dTLB-load-misses","thrpt",4,1,80.930794,NaN,"#/op",MULTILAYER_BLOCK
"GeoDriverBenchParams.checkNearestNSWE:dTLB-loads","thrpt",4,1,602675.899665,NaN,"#/op",MULTILAYER_BLOCK
"GeoDriverBenchParams.checkNearestNSWE:dTLB-store-misses","thrpt",4,1,1.737669,NaN,"#/op",MULTILAYER_BLOCK
"GeoDriverBenchParams.checkNearestNSWE:dTLB-stores","thrpt",4,1,36579.059496,NaN,"#/op",MULTILAYER_BLOCK
"GeoDriverBenchParams.checkNearestNSWE:iTLB-load-misses","thrpt",4,1,105.686414,NaN,"#/op",MULTILAYER_BLOCK
"GeoDriverBenchParams.checkNearestNSWE:instructions","thrpt",4,1,3703990.198707,NaN,"#/op",MULTILAYER_BLOCK
"GeoDriverBenchParams.checkNearestNSWEBytes","thrpt",4,5,3072.019839,17.721235,"ops/s",RANDOM
"GeoDriverBenchParams.checkNearestNSWEBytes:CPI","thrpt",4,1,1.138220,NaN,"clks/insn",RANDOM
"GeoDriverBenchParams.checkNearestNSWEBytes:IPC","thrpt",4,1,0.878565,NaN,"insns/clk",RANDOM
"GeoDriverBenchParams.checkNearestNSWEBytes:L1-dcache-loads","thrpt",4,1,228710.140398,NaN,"#/op",RANDOM
"GeoDriverBenchParams.checkNearestNSWEBytes:L1-dcache-stores","thrpt",4,1,11509.948611,NaN,"#/op",RANDOM
"GeoDriverBenchParams.checkNearestNSWEBytes:L1-icache-load-misses","thrpt",4,1,803.186937,NaN,"#/op",RANDOM
"GeoDriverBenchParams.checkNearestNSWEBytes:L1-icache-loads","thrpt",4,1,278612.930550,NaN,"#/op",RANDOM
"GeoDriverBenchParams.checkNearestNSWEBytes:LLC-load-misses","thrpt",4,1,0.002819,NaN,"#/op",RANDOM
"GeoDriverBenchParams.checkNearestNSWEBytes:LLC-loads","thrpt",4,1,3233.622573,NaN,"#/op",RANDOM
"GeoDriverBenchParams.checkNearestNSWEBytes:LLC-store-misses","thrpt",4,1,0.008491,NaN,"#/op",RANDOM
"GeoDriverBenchParams.checkNearestNSWEBytes:LLC-stores","thrpt",4,1,67.888370,NaN,"#/op",RANDOM
"GeoDriverBenchParams.checkNearestNSWEBytes:branch-misses","thrpt",4,1,1171.887910,NaN,"#/op",RANDOM
"GeoDriverBenchParams.checkNearestNSWEBytes:branches","thrpt",4,1,115275.863100,NaN,"#/op",RANDOM
"GeoDriverBenchParams.checkNearestNSWEBytes:cycles","thrpt",4,1,991232.795717,NaN,"#/op",RANDOM
"GeoDriverBenchParams.checkNearestNSWEBytes:dTLB-load-misses","thrpt",4,1,1359.536769,NaN,"#/op",RANDOM
"GeoDriverBenchParams.checkNearestNSWEBytes:dTLB-loads","thrpt",4,1,228550.805378,NaN,"#/op",RANDOM
"GeoDriverBenchParams.checkNearestNSWEBytes:dTLB-store-misses","thrpt",4,1,2.480500,NaN,"#/op",RANDOM
"GeoDriverBenchParams.checkNearestNSWEBytes:dTLB-stores","thrpt",4,1,11497.391118,NaN,"#/op",RANDOM
"GeoDriverBenchParams.checkNearestNSWEBytes:iTLB-load-misses","thrpt",4,1,26.879025,NaN,"#/op",RANDOM
"GeoDriverBenchParams.checkNearestNSWEBytes:instructions","thrpt",4,1,870862.596804,NaN,"#/op",RANDOM
"GeoDriverBenchParams.checkNearestNSWEBytes","thrpt",4,5,22588.692226,196.367394,"ops/s",FLAT_BLOCK
"GeoDriverBenchParams.checkNearestNSWEBytes:CPI","thrpt",4,1,0.402161,NaN,"clks/insn",FLAT_BLOCK
"GeoDriverBenchParams.checkNearestNSWEBytes:IPC","thrpt",4,1,2.486567,NaN,"insns/clk",FLAT_BLOCK
"GeoDriverBenchParams.checkNearestNSWEBytes:L1-dcache-loads","thrpt",4,1,50252.916430,NaN,"#/op",FLAT_BLOCK
"GeoDriverBenchParams.checkNearestNSWEBytes:L1-dcache-stores","thrpt",4,1,216.172893,NaN,"#/op",FLAT_BLOCK
"GeoDriverBenchParams.checkNearestNSWEBytes:L1-icache-load-misses","thrpt",4,1,12.665097,NaN,"#/op",FLAT_BLOCK
"GeoDriverBenchParams.checkNearestNSWEBytes:L1-icache-loads","thrpt",4,1,42017.285187,NaN,"#/op",FLAT_BLOCK
"GeoDriverBenchParams.checkNearestNSWEBytes:LLC-load-misses","thrpt",4,1,0.000190,NaN,"#/op",FLAT_BLOCK
"GeoDriverBenchParams.checkNearestNSWEBytes:LLC-loads","thrpt",4,1,1.497334,NaN,"#/op",FLAT_BLOCK
"GeoDriverBenchParams.checkNearestNSWEBytes:LLC-store-misses","thrpt",4,1,0.002161,NaN,"#/op",FLAT_BLOCK
"GeoDriverBenchParams.checkNearestNSWEBytes:LLC-stores","thrpt",4,1,0.358861,NaN,"#/op",FLAT_BLOCK
"GeoDriverBenchParams.checkNearestNSWEBytes:branch-misses","thrpt",4,1,12.576115,NaN,"#/op",FLAT_BLOCK
"GeoDriverBenchParams.checkNearestNSWEBytes:branches","thrpt",4,1,60039.742783,NaN,"#/op",FLAT_BLOCK
"GeoDriverBenchParams.checkNearestNSWEBytes:cycles","thrpt",4,1,136920.646438,NaN,"#/op",FLAT_BLOCK
"GeoDriverBenchParams.checkNearestNSWEBytes:dTLB-load-misses","thrpt",4,1,1.214988,NaN,"#/op",FLAT_BLOCK
"GeoDriverBenchParams.checkNearestNSWEBytes:dTLB-loads","thrpt",4,1,50343.904207,NaN,"#/op",FLAT_BLOCK
"GeoDriverBenchParams.checkNearestNSWEBytes:dTLB-store-misses","thrpt",4,1,0.009190,NaN,"#/op",FLAT_BLOCK
"GeoDriverBenchParams.checkNearestNSWEBytes:dTLB-stores","thrpt",4,1,225.011874,NaN,"#/op",FLAT_BLOCK
"GeoDriverBenchParams.checkNearestNSWEBytes:iTLB-load-misses","thrpt",4,1,1.020029,NaN,"#/op",FLAT_BLOCK
"GeoDriverBenchParams.checkNearestNSWEBytes:instructions","thrpt",4,1,340462.342695,NaN,"#/op",FLAT_BLOCK
"GeoDriverBenchParams.checkNearestNSWEBytes","thrpt",4,5,4266.889195,146.113485,"ops/s",COMPLEX_BLOCK
"GeoDriverBenchParams.checkNearestNSWEBytes:CPI","thrpt",4,1,1.253381,NaN,"clks/insn",COMPLEX_BLOCK
"GeoDriverBenchParams.checkNearestNSWEBytes:IPC","thrpt",4,1,0.797842,NaN,"insns/clk",COMPLEX_BLOCK
"GeoDriverBenchParams.checkNearestNSWEBytes:L1-dcache-loads","thrpt",4,1,111596.454103,NaN,"#/op",COMPLEX_BLOCK
"GeoDriverBenchParams.checkNearestNSWEBytes:L1-dcache-stores","thrpt",4,1,1104.586600,NaN,"#/op",COMPLEX_BLOCK
"GeoDriverBenchParams.checkNearestNSWEBytes:L1-icache-load-misses","thrpt",4,1,546.156876,NaN,"#/op",COMPLEX_BLOCK
"GeoDriverBenchParams.checkNearestNSWEBytes:L1-icache-loads","thrpt",4,1,206001.184347,NaN,"#/op",COMPLEX_BLOCK
"GeoDriverBenchParams.checkNearestNSWEBytes:LLC-load-misses","thrpt",4,1,0.000881,NaN,"#/op",COMPLEX_BLOCK
"GeoDriverBenchParams.checkNearestNSWEBytes:LLC-loads","thrpt",4,1,3120.346232,NaN,"#/op",COMPLEX_BLOCK
"GeoDriverBenchParams.checkNearestNSWEBytes:LLC-store-misses","thrpt",4,1,0.009457,NaN,"#/op",COMPLEX_BLOCK
"GeoDriverBenchParams.checkNearestNSWEBytes:LLC-stores","thrpt",4,1,52.933573,NaN,"#/op",COMPLEX_BLOCK
"GeoDriverBenchParams.checkNearestNSWEBytes:branch-misses","thrpt",4,1,24.987178,NaN,"#/op",COMPLEX_BLOCK
"GeoDriverBenchParams.checkNearestNSWEBytes:branches","thrpt",4,1,71268.496547,NaN,"#/op",COMPLEX_BLOCK
"GeoDriverBenchParams.checkNearestNSWEBytes:cycles","thrpt",4,1,712909.024779,NaN,"#/op",COMPLEX_BLOCK
"GeoDriverBenchParams.checkNearestNSWEBytes:dTLB-load-misses","thrpt",4,1,1260.844166,NaN,"#/op",COMPLEX_BLOCK
"GeoDriverBenchParams.checkNearestNSWEBytes:dTLB-loads","thrpt",4,1,112097.591392,NaN,"#/op",COMPLEX_BLOCK
"GeoDriverBenchParams.checkNearestNSWEBytes:dTLB-store-misses","thrpt",4,1,2.032997,NaN,"#/op",COMPLEX_BLOCK
"GeoDriverBenchParams.checkNearestNSWEBytes:dTLB-stores","thrpt",4,1,1149.638820,NaN,"#/op",COMPLEX_BLOCK
"GeoDriverBenchParams.checkNearestNSWEBytes:iTLB-load-misses","thrpt",4,1,22.648879,NaN,"#/op",COMPLEX_BLOCK
"GeoDriverBenchParams.checkNearestNSWEBytes:instructions","thrpt",4,1,568788.820040,NaN,"#/op",COMPLEX_BLOCK
"GeoDriverBenchParams.checkNearestNSWEBytes","thrpt",4,5,631.006946,2.588672,"ops/s",MULTILAYER_BLOCK
"GeoDriverBenchParams.checkNearestNSWEBytes:CPI","thrpt",4,1,0.813086,NaN,"clks/insn",MULTILAYER_BLOCK
"GeoDriverBenchParams.checkNearestNSWEBytes:IPC","thrpt",4,1,1.229882,NaN,"insns/clk",MULTILAYER_BLOCK
"GeoDriverBenchParams.checkNearestNSWEBytes:L1-dcache-loads","thrpt",4,1,1378295.652911,NaN,"#/op",MULTILAYER_BLOCK
"GeoDriverBenchParams.checkNearestNSWEBytes:L1-dcache-stores","thrpt",4,1,17436.600339,NaN,"#/op",MULTILAYER_BLOCK
"GeoDriverBenchParams.checkNearestNSWEBytes:L1-icache-load-misses","thrpt",4,1,1606.525824,NaN,"#/op",MULTILAYER_BLOCK
"GeoDriverBenchParams.checkNearestNSWEBytes:L1-icache-loads","thrpt",4,1,1241113.349069,NaN,"#/op",MULTILAYER_BLOCK
"GeoDriverBenchParams.checkNearestNSWEBytes:LLC-load-misses","thrpt",4,1,0.007607,NaN,"#/op",MULTILAYER_BLOCK
"GeoDriverBenchParams.checkNearestNSWEBytes:LLC-loads","thrpt",4,1,827.262975,NaN,"#/op",MULTILAYER_BLOCK
"GeoDriverBenchParams.checkNearestNSWEBytes:LLC-store-misses","thrpt",4,1,0.109578,NaN,"#/op",MULTILAYER_BLOCK
"GeoDriverBenchParams.checkNearestNSWEBytes:LLC-stores","thrpt",4,1,37.405675,NaN,"#/op",MULTILAYER_BLOCK
"GeoDriverBenchParams.checkNearestNSWEBytes:branch-misses","thrpt",4,1,23826.464798,NaN,"#/op",MULTILAYER_BLOCK
"GeoDriverBenchParams.checkNearestNSWEBytes:branches","thrpt",4,1,1029519.642940,NaN,"#/op",MULTILAYER_BLOCK
"GeoDriverBenchParams.checkNearestNSWEBytes:cycles","thrpt",4,1,4898069.363999,NaN,"#/op",MULTILAYER_BLOCK
"GeoDriverBenchParams.checkNearestNSWEBytes:dTLB-load-misses","thrpt",4,1,67.578214,NaN,"#/op",MULTILAYER_BLOCK
"GeoDriverBenchParams.checkNearestNSWEBytes:dTLB-loads","thrpt",4,1,1378128.786449,NaN,"#/op",MULTILAYER_BLOCK
"GeoDriverBenchParams.checkNearestNSWEBytes:dTLB-store-misses","thrpt",4,1,1.223813,NaN,"#/op",MULTILAYER_BLOCK
"GeoDriverBenchParams.checkNearestNSWEBytes:dTLB-stores","thrpt",4,1,17271.788186,NaN,"#/op",MULTILAYER_BLOCK
"GeoDriverBenchParams.checkNearestNSWEBytes:iTLB-load-misses","thrpt",4,1,93.426702,NaN,"#/op",MULTILAYER_BLOCK
"GeoDriverBenchParams.checkNearestNSWEBytes:instructions","thrpt",4,1,6024045.440119,NaN,"#/op",MULTILAYER_BLOCK
"GeoDriverBenchParams.checkNearestNSWEBytes2","thrpt",4,5,3153.032556,127.732191,"ops/s",RANDOM
"GeoDriverBenchParams.checkNearestNSWEBytes2:CPI","thrpt",4,1,1.101667,NaN,"clks/insn",RANDOM
"GeoDriverBenchParams.checkNearestNSWEBytes2:IPC","thrpt",4,1,0.907715,NaN,"insns/clk",RANDOM
"GeoDriverBenchParams.checkNearestNSWEBytes2:L1-dcache-loads","thrpt",4,1,208626.003477,NaN,"#/op",RANDOM
"GeoDriverBenchParams.checkNearestNSWEBytes2:L1-dcache-stores","thrpt",4,1,11506.965048,NaN,"#/op",RANDOM
"GeoDriverBenchParams.checkNearestNSWEBytes2:L1-icache-load-misses","thrpt",4,1,794.486044,NaN,"#/op",RANDOM
"GeoDriverBenchParams.checkNearestNSWEBytes2:L1-icache-loads","thrpt",4,1,264015.944136,NaN,"#/op",RANDOM
"GeoDriverBenchParams.checkNearestNSWEBytes2:LLC-load-misses","thrpt",4,1,0.002575,NaN,"#/op",RANDOM
"GeoDriverBenchParams.checkNearestNSWEBytes2:LLC-loads","thrpt",4,1,3274.247607,NaN,"#/op",RANDOM
"GeoDriverBenchParams.checkNearestNSWEBytes2:LLC-store-misses","thrpt",4,1,0.005697,NaN,"#/op",RANDOM
"GeoDriverBenchParams.checkNearestNSWEBytes2:LLC-stores","thrpt",4,1,61.521015,NaN,"#/op",RANDOM
"GeoDriverBenchParams.checkNearestNSWEBytes2:branch-misses","thrpt",4,1,702.122606,NaN,"#/op",RANDOM
"GeoDriverBenchParams.checkNearestNSWEBytes2:branches","thrpt",4,1,110028.606912,NaN,"#/op",RANDOM
"GeoDriverBenchParams.checkNearestNSWEBytes2:cycles","thrpt",4,1,964349.393676,NaN,"#/op",RANDOM
"GeoDriverBenchParams.checkNearestNSWEBytes2:dTLB-load-misses","thrpt",4,1,2968.174606,NaN,"#/op",RANDOM
"GeoDriverBenchParams.checkNearestNSWEBytes2:dTLB-loads","thrpt",4,1,208816.287554,NaN,"#/op",RANDOM
"GeoDriverBenchParams.checkNearestNSWEBytes2:dTLB-store-misses","thrpt",4,1,3.805514,NaN,"#/op",RANDOM
"GeoDriverBenchParams.checkNearestNSWEBytes2:dTLB-stores","thrpt",4,1,11487.081722,NaN,"#/op",RANDOM
"GeoDriverBenchParams.checkNearestNSWEBytes2:iTLB-load-misses","thrpt",4,1,30.342365,NaN,"#/op",RANDOM
"GeoDriverBenchParams.checkNearestNSWEBytes2:instructions","thrpt",4,1,875354.885046,NaN,"#/op",RANDOM
"GeoDriverBenchParams.checkNearestNSWEBytes2","thrpt",4,5,22568.772333,109.444968,"ops/s",FLAT_BLOCK
"GeoDriverBenchParams.checkNearestNSWEBytes2:CPI","thrpt",4,1,0.413752,NaN,"clks/insn",FLAT_BLOCK
"GeoDriverBenchParams.checkNearestNSWEBytes2:IPC","thrpt",4,1,2.416906,NaN,"insns/clk",FLAT_BLOCK
"GeoDriverBenchParams.checkNearestNSWEBytes2:L1-dcache-loads","thrpt",4,1,50277.901459,NaN,"#/op",FLAT_BLOCK
"GeoDriverBenchParams.checkNearestNSWEBytes2:L1-dcache-stores","thrpt",4,1,207.067387,NaN,"#/op",FLAT_BLOCK
"GeoDriverBenchParams.checkNearestNSWEBytes2:L1-icache-load-misses","thrpt",4,1,14.029751,NaN,"#/op",FLAT_BLOCK
"GeoDriverBenchParams.checkNearestNSWEBytes2:L1-icache-loads","thrpt",4,1,31509.489560,NaN,"#/op",FLAT_BLOCK
"GeoDriverBenchParams.checkNearestNSWEBytes2:LLC-load-misses","thrpt",4,1,0.000054,NaN,"#/op",FLAT_BLOCK
"GeoDriverBenchParams.checkNearestNSWEBytes2:LLC-loads","thrpt",4,1,1.479755,NaN,"#/op",FLAT_BLOCK
"GeoDriverBenchParams.checkNearestNSWEBytes2:LLC-store-misses","thrpt",4,1,0.003219,NaN,"#/op",FLAT_BLOCK
"GeoDriverBenchParams.checkNearestNSWEBytes2:LLC-stores","thrpt",4,1,0.379694,NaN,"#/op",FLAT_BLOCK
"GeoDriverBenchParams.checkNearestNSWEBytes2:branch-misses","thrpt",4,1,13.393499,NaN,"#/op",FLAT_BLOCK
"GeoDriverBenchParams.checkNearestNSWEBytes2:branches","thrpt",4,1,50083.365613,NaN,"#/op",FLAT_BLOCK
"GeoDriverBenchParams.checkNearestNSWEBytes2:cycles","thrpt",4,1,136692.664323,NaN,"#/op",FLAT_BLOCK
"GeoDriverBenchParams.checkNearestNSWEBytes2:dTLB-load-misses","thrpt",4,1,0.788837,NaN,"#/op",FLAT_BLOCK
"GeoDriverBenchParams.checkNearestNSWEBytes2:dTLB-loads","thrpt",4,1,50306.357761,NaN,"#/op",FLAT_BLOCK
"GeoDriverBenchParams.checkNearestNSWEBytes2:dTLB-store-misses","thrpt",4,1,0.012735,NaN,"#/op",FLAT_BLOCK
"GeoDriverBenchParams.checkNearestNSWEBytes2:dTLB-stores","thrpt",4,1,218.841281,NaN,"#/op",FLAT_BLOCK
"GeoDriverBenchParams.checkNearestNSWEBytes2:iTLB-load-misses","thrpt",4,1,3.587276,NaN,"#/op",FLAT_BLOCK
"GeoDriverBenchParams.checkNearestNSWEBytes2:instructions","thrpt",4,1,330373.263116,NaN,"#/op",FLAT_BLOCK
"GeoDriverBenchParams.checkNearestNSWEBytes2","thrpt",4,5,4380.719509,228.459538,"ops/s",COMPLEX_BLOCK
"GeoDriverBenchParams.checkNearestNSWEBytes2:CPI","thrpt",4,1,1.185675,NaN,"clks/insn",COMPLEX_BLOCK
"GeoDriverBenchParams.checkNearestNSWEBytes2:IPC","thrpt",4,1,0.843401,NaN,"insns/clk",COMPLEX_BLOCK
"GeoDriverBenchParams.checkNearestNSWEBytes2:L1-dcache-loads","thrpt",4,1,92149.582038,NaN,"#/op",COMPLEX_BLOCK
"GeoDriverBenchParams.checkNearestNSWEBytes2:L1-dcache-stores","thrpt",4,1,1095.657449,NaN,"#/op",COMPLEX_BLOCK
"GeoDriverBenchParams.checkNearestNSWEBytes2:L1-icache-load-misses","thrpt",4,1,495.166791,NaN,"#/op",COMPLEX_BLOCK
"GeoDriverBenchParams.checkNearestNSWEBytes2:L1-icache-loads","thrpt",4,1,203363.590762,NaN,"#/op",COMPLEX_BLOCK
"GeoDriverBenchParams.checkNearestNSWEBytes2:LLC-load-misses","thrpt",4,1,0.000582,NaN,"#/op",COMPLEX_BLOCK
"GeoDriverBenchParams.checkNearestNSWEBytes2:LLC-loads","thrpt",4,1,3231.274723,NaN,"#/op",COMPLEX_BLOCK
"GeoDriverBenchParams.checkNearestNSWEBytes2:LLC-store-misses","thrpt",4,1,0.007864,NaN,"#/op",COMPLEX_BLOCK
"GeoDriverBenchParams.checkNearestNSWEBytes2:LLC-stores","thrpt",4,1,41.371334,NaN,"#/op",COMPLEX_BLOCK
"GeoDriverBenchParams.checkNearestNSWEBytes2:branch-misses","thrpt",4,1,25.802272,NaN,"#/op",COMPLEX_BLOCK
"GeoDriverBenchParams.checkNearestNSWEBytes2:branches","thrpt",4,1,71479.331856,NaN,"#/op",COMPLEX_BLOCK
"GeoDriverBenchParams.checkNearestNSWEBytes2:cycles","thrpt",4,1,699469.267181,NaN,"#/op",COMPLEX_BLOCK
"GeoDriverBenchParams.checkNearestNSWEBytes2:dTLB-load-misses","thrpt",4,1,3322.884635,NaN,"#/op",COMPLEX_BLOCK
"GeoDriverBenchParams.checkNearestNSWEBytes2:dTLB-loads","thrpt",4,1,92353.657987,NaN,"#/op",COMPLEX_BLOCK
"GeoDriverBenchParams.checkNearestNSWEBytes2:dTLB-store-misses","thrpt",4,1,2.045725,NaN,"#/op",COMPLEX_BLOCK
"GeoDriverBenchParams.checkNearestNSWEBytes2:dTLB-stores","thrpt",4,1,1035.614102,NaN,"#/op",COMPLEX_BLOCK
"GeoDriverBenchParams.checkNearestNSWEBytes2:iTLB-load-misses","thrpt",4,1,13.550464,NaN,"#/op",COMPLEX_BLOCK
"GeoDriverBenchParams.checkNearestNSWEBytes2:instructions","thrpt",4,1,589933.217085,NaN,"#/op",COMPLEX_BLOCK
"GeoDriverBenchParams.checkNearestNSWEBytes2","thrpt",4,5,632.791266,1.069981,"ops/s",MULTILAYER_BLOCK
"GeoDriverBenchParams.checkNearestNSWEBytes2:CPI","thrpt",4,1,0.807628,NaN,"clks/insn",MULTILAYER_BLOCK
"GeoDriverBenchParams.checkNearestNSWEBytes2:IPC","thrpt",4,1,1.238193,NaN,"insns/clk",MULTILAYER_BLOCK
"GeoDriverBenchParams.checkNearestNSWEBytes2:L1-dcache-loads","thrpt",4,1,1359346.291734,NaN,"#/op",MULTILAYER_BLOCK
"GeoDriverBenchParams.checkNearestNSWEBytes2:L1-dcache-stores","thrpt",4,1,17411.122018,NaN,"#/op",MULTILAYER_BLOCK
"GeoDriverBenchParams.checkNearestNSWEBytes2:L1-icache-load-misses","thrpt",4,1,1665.092122,NaN,"#/op",MULTILAYER_BLOCK
"GeoDriverBenchParams.checkNearestNSWEBytes2:L1-icache-loads","thrpt",4,1,1334884.931334,NaN,"#/op",MULTILAYER_BLOCK
"GeoDriverBenchParams.checkNearestNSWEBytes2:LLC-load-misses","thrpt",4,1,0.003861,NaN,"#/op",MULTILAYER_BLOCK
"GeoDriverBenchParams.checkNearestNSWEBytes2:LLC-loads","thrpt",4,1,1085.999765,NaN,"#/op",MULTILAYER_BLOCK
"GeoDriverBenchParams.checkNearestNSWEBytes2:LLC-store-misses","thrpt",4,1,0.091377,NaN,"#/op",MULTILAYER_BLOCK
"GeoDriverBenchParams.checkNearestNSWEBytes2:LLC-stores","thrpt",4,1,58.807767,NaN,"#/op",MULTILAYER_BLOCK
"GeoDriverBenchParams.checkNearestNSWEBytes2:branch-misses","thrpt",4,1,24071.763026,NaN,"#/op",MULTILAYER_BLOCK
"GeoDriverBenchParams.checkNearestNSWEBytes2:branches","thrpt",4,1,1030141.968490,NaN,"#/op",MULTILAYER_BLOCK
"GeoDriverBenchParams.checkNearestNSWEBytes2:cycles","thrpt",4,1,4882522.193044,NaN,"#/op",MULTILAYER_BLOCK
"GeoDriverBenchParams.checkNearestNSWEBytes2:dTLB-load-misses","thrpt",4,1,87.143686,NaN,"#/op",MULTILAYER_BLOCK
"GeoDriverBenchParams.checkNearestNSWEBytes2:dTLB-loads","thrpt",4,1,1358992.237127,NaN,"#/op",MULTILAYER_BLOCK
"GeoDriverBenchParams.checkNearestNSWEBytes2:dTLB-store-misses","thrpt",4,1,1.685641,NaN,"#/op",MULTILAYER_BLOCK
"GeoDriverBenchParams.checkNearestNSWEBytes2:dTLB-stores","thrpt",4,1,17526.878006,NaN,"#/op",MULTILAYER_BLOCK
"GeoDriverBenchParams.checkNearestNSWEBytes2:iTLB-load-misses","thrpt",4,1,78.579542,NaN,"#/op",MULTILAYER_BLOCK
"GeoDriverBenchParams.checkNearestNSWEBytes2:instructions","thrpt",4,1,6045506.398216,NaN,"#/op",MULTILAYER_BLOCK
"GeoDriverBenchParams.checkNearestNSWEBytesDirect","thrpt",4,5,3193.721821,18.856030,"ops/s",RANDOM
"GeoDriverBenchParams.checkNearestNSWEBytesDirect:CPI","thrpt",4,1,1.172749,NaN,"clks/insn",RANDOM
"GeoDriverBenchParams.checkNearestNSWEBytesDirect:IPC","thrpt",4,1,0.852697,NaN,"insns/clk",RANDOM
"GeoDriverBenchParams.checkNearestNSWEBytesDirect:L1-dcache-loads","thrpt",4,1,180234.992897,NaN,"#/op",RANDOM
"GeoDriverBenchParams.checkNearestNSWEBytesDirect:L1-dcache-stores","thrpt",4,1,11440.210930,NaN,"#/op",RANDOM
"GeoDriverBenchParams.checkNearestNSWEBytesDirect:L1-icache-load-misses","thrpt",4,1,782.687582,NaN,"#/op",RANDOM
"GeoDriverBenchParams.checkNearestNSWEBytesDirect:L1-icache-loads","thrpt",4,1,258097.950223,NaN,"#/op",RANDOM
"GeoDriverBenchParams.checkNearestNSWEBytesDirect:LLC-load-misses","thrpt",4,1,0.000901,NaN,"#/op",RANDOM
"GeoDriverBenchParams.checkNearestNSWEBytesDirect:LLC-loads","thrpt",4,1,3273.520971,NaN,"#/op",RANDOM
"GeoDriverBenchParams.checkNearestNSWEBytesDirect:LLC-store-misses","thrpt",4,1,0.024337,NaN,"#/op",RANDOM
"GeoDriverBenchParams.checkNearestNSWEBytesDirect:LLC-stores","thrpt",4,1,77.229619,NaN,"#/op",RANDOM
"GeoDriverBenchParams.checkNearestNSWEBytesDirect:branch-misses","thrpt",4,1,812.121475,NaN,"#/op",RANDOM
"GeoDriverBenchParams.checkNearestNSWEBytesDirect:branches","thrpt",4,1,100021.879711,NaN,"#/op",RANDOM
"GeoDriverBenchParams.checkNearestNSWEBytesDirect:cycles","thrpt",4,1,952246.081304,NaN,"#/op",RANDOM
"GeoDriverBenchParams.checkNearestNSWEBytesDirect:dTLB-load-misses","thrpt",4,1,1295.290339,NaN,"#/op",RANDOM
"GeoDriverBenchParams.checkNearestNSWEBytesDirect:dTLB-loads","thrpt",4,1,179983.267942,NaN,"#/op",RANDOM
"GeoDriverBenchParams.checkNearestNSWEBytesDirect:dTLB-store-misses","thrpt",4,1,2.639086,NaN,"#/op",RANDOM
"GeoDriverBenchParams.checkNearestNSWEBytesDirect:dTLB-stores","thrpt",4,1,11390.951570,NaN,"#/op",RANDOM
"GeoDriverBenchParams.checkNearestNSWEBytesDirect:iTLB-load-misses","thrpt",4,1,23.623943,NaN,"#/op",RANDOM
"GeoDriverBenchParams.checkNearestNSWEBytesDirect:instructions","thrpt",4,1,811977.523570,NaN,"#/op",RANDOM
"GeoDriverBenchParams.checkNearestNSWEBytesDirect","thrpt",4,5,22505.896806,153.397689,"ops/s",FLAT_BLOCK
"GeoDriverBenchParams.checkNearestNSWEBytesDirect:CPI","thrpt",4,1,0.403847,NaN,"clks/insn",FLAT_BLOCK
"GeoDriverBenchParams.checkNearestNSWEBytesDirect:IPC","thrpt",4,1,2.476186,NaN,"insns/clk",FLAT_BLOCK
"GeoDriverBenchParams.checkNearestNSWEBytesDirect:L1-dcache-loads","thrpt",4,1,50231.834977,NaN,"#/op",FLAT_BLOCK
"GeoDriverBenchParams.checkNearestNSWEBytesDirect:L1-dcache-stores","thrpt",4,1,234.361615,NaN,"#/op",FLAT_BLOCK
"GeoDriverBenchParams.checkNearestNSWEBytesDirect:L1-icache-load-misses","thrpt",4,1,14.648558,NaN,"#/op",FLAT_BLOCK
"GeoDriverBenchParams.checkNearestNSWEBytesDirect:L1-icache-loads","thrpt",4,1,41916.830028,NaN,"#/op",FLAT_BLOCK
"GeoDriverBenchParams.checkNearestNSWEBytesDirect:LLC-load-misses","thrpt",4,1,0.000009,NaN,"#/op",FLAT_BLOCK
"GeoDriverBenchParams.checkNearestNSWEBytesDirect:LLC-loads","thrpt",4,1,1.223911,NaN,"#/op",FLAT_BLOCK
"GeoDriverBenchParams.checkNearestNSWEBytesDirect:LLC-store-misses","thrpt",4,1,0.000000,NaN,"#/op",FLAT_BLOCK
"GeoDriverBenchParams.checkNearestNSWEBytesDirect:LLC-stores","thrpt",4,1,0.266080,NaN,"#/op",FLAT_BLOCK
"GeoDriverBenchParams.checkNearestNSWEBytesDirect:branch-misses","thrpt",4,1,14.370755,NaN,"#/op",FLAT_BLOCK
"GeoDriverBenchParams.checkNearestNSWEBytesDirect:branches","thrpt",4,1,59986.295023,NaN,"#/op",FLAT_BLOCK
"GeoDriverBenchParams.checkNearestNSWEBytesDirect:cycles","thrpt",4,1,137262.060213,NaN,"#/op",FLAT_BLOCK
"GeoDriverBenchParams.checkNearestNSWEBytesDirect:dTLB-load-misses","thrpt",4,1,0.518331,NaN,"#/op",FLAT_BLOCK
"GeoDriverBenchParams.checkNearestNSWEBytesDirect:dTLB-loads","thrpt",4,1,50239.100069,NaN,"#/op",FLAT_BLOCK
"GeoDriverBenchParams.checkNearestNSWEBytesDirect:dTLB-store-misses","thrpt",4,1,0.008226,NaN,"#/op",FLAT_BLOCK
"GeoDriverBenchParams.checkNearestNSWEBytesDirect:dTLB-stores","thrpt",4,1,215.593851,NaN,"#/op",FLAT_BLOCK
"GeoDriverBenchParams.checkNearestNSWEBytesDirect:iTLB-load-misses","thrpt",4,1,3.571167,NaN,"#/op",FLAT_BLOCK
"GeoDriverBenchParams.checkNearestNSWEBytesDirect:instructions","thrpt",4,1,339886.457884,NaN,"#/op",FLAT_BLOCK
"GeoDriverBenchParams.checkNearestNSWEBytesDirect","thrpt",4,5,4244.745054,206.961012,"ops/s",COMPLEX_BLOCK
"GeoDriverBenchParams.checkNearestNSWEBytesDirect:CPI","thrpt",4,1,1.196521,NaN,"clks/insn",COMPLEX_BLOCK
"GeoDriverBenchParams.checkNearestNSWEBytesDirect:IPC","thrpt",4,1,0.835756,NaN,"insns/clk",COMPLEX_BLOCK
"GeoDriverBenchParams.checkNearestNSWEBytesDirect:L1-dcache-loads","thrpt",4,1,121487.267211,NaN,"#/op",COMPLEX_BLOCK
"GeoDriverBenchParams.checkNearestNSWEBytesDirect:L1-dcache-stores","thrpt",4,1,11050.483999,NaN,"#/op",COMPLEX_BLOCK
"GeoDriverBenchParams.checkNearestNSWEBytesDirect:L1-icache-load-misses","thrpt",4,1,561.103819,NaN,"#/op",COMPLEX_BLOCK
"GeoDriverBenchParams.checkNearestNSWEBytesDirect:L1-icache-loads","thrpt",4,1,225238.691416,NaN,"#/op",COMPLEX_BLOCK
"GeoDriverBenchParams.checkNearestNSWEBytesDirect:LLC-load-misses","thrpt",4,1,0.001368,NaN,"#/op",COMPLEX_BLOCK
"GeoDriverBenchParams.checkNearestNSWEBytesDirect:LLC-loads","thrpt",4,1,3222.772141,NaN,"#/op",COMPLEX_BLOCK
"GeoDriverBenchParams.checkNearestNSWEBytesDirect:LLC-store-misses","thrpt",4,1,0.003961,NaN,"#/op",COMPLEX_BLOCK
"GeoDriverBenchParams.checkNearestNSWEBytesDirect:LLC-stores","thrpt",4,1,53.950433,NaN,"#/op",COMPLEX_BLOCK
"GeoDriverBenchParams.checkNearestNSWEBytesDirect:branch-misses","thrpt",4,1,26.119818,NaN,"#/op",COMPLEX_BLOCK
"GeoDriverBenchParams.checkNearestNSWEBytesDirect:branches","thrpt",4,1,71201.319357,NaN,"#/op",COMPLEX_BLOCK
"GeoDriverBenchParams.checkNearestNSWEBytesDirect:cycles","thrpt",4,1,715890.086798,NaN,"#/op",COMPLEX_BLOCK
"GeoDriverBenchParams.checkNearestNSWEBytesDirect:dTLB-load-misses","thrpt",4,1,1331.660897,NaN,"#/op",COMPLEX_BLOCK
"GeoDriverBenchParams.checkNearestNSWEBytesDirect:dTLB-loads","thrpt",4,1,122467.212852,NaN,"#/op",COMPLEX_BLOCK
"GeoDriverBenchParams.checkNearestNSWEBytesDirect:dTLB-store-misses","thrpt",4,1,2.164154,NaN,"#/op",COMPLEX_BLOCK
"GeoDriverBenchParams.checkNearestNSWEBytesDirect:dTLB-stores","thrpt",4,1,11147.616692,NaN,"#/op",COMPLEX_BLOCK
"GeoDriverBenchParams.checkNearestNSWEBytesDirect:iTLB-load-misses","thrpt",4,1,15.022880,NaN,"#/op",COMPLEX_BLOCK
"GeoDriverBenchParams.checkNearestNSWEBytesDirect:instructions","thrpt",4,1,598309.527806,NaN,"#/op",COMPLEX_BLOCK
"GeoDriverBenchParams.checkNearestNSWEBytesDirect","thrpt",4,5,699.276550,2.820715,"ops/s",MULTILAYER_BLOCK
"GeoDriverBenchParams.checkNearestNSWEBytesDirect:CPI","thrpt",4,1,0.979283,NaN,"clks/insn",MULTILAYER_BLOCK
"GeoDriverBenchParams.checkNearestNSWEBytesDirect:IPC","thrpt",4,1,1.021155,NaN,"insns/clk",MULTILAYER_BLOCK
"GeoDriverBenchParams.checkNearestNSWEBytesDirect:L1-dcache-loads","thrpt",4,1,583967.428591,NaN,"#/op",MULTILAYER_BLOCK
"GeoDriverBenchParams.checkNearestNSWEBytesDirect:L1-dcache-stores","thrpt",4,1,16950.544876,NaN,"#/op",MULTILAYER_BLOCK
"GeoDriverBenchParams.checkNearestNSWEBytesDirect:L1-icache-load-misses","thrpt",4,1,1621.529405,NaN,"#/op",MULTILAYER_BLOCK
"GeoDriverBenchParams.checkNearestNSWEBytesDirect:L1-icache-loads","thrpt",4,1,1092475.344864,NaN,"#/op",MULTILAYER_BLOCK
"GeoDriverBenchParams.checkNearestNSWEBytesDirect:LLC-load-misses","thrpt",4,1,0.005532,NaN,"#/op",MULTILAYER_BLOCK
"GeoDriverBenchParams.checkNearestNSWEBytesDirect:LLC-loads","thrpt",4,1,953.799412,NaN,"#/op",MULTILAYER_BLOCK
"GeoDriverBenchParams.checkNearestNSWEBytesDirect:LLC-store-misses","thrpt",4,1,0.017470,NaN,"#/op",MULTILAYER_BLOCK
"GeoDriverBenchParams.checkNearestNSWEBytesDirect:LLC-stores","thrpt",4,1,50.811615,NaN,"#/op",MULTILAYER_BLOCK
"GeoDriverBenchParams.checkNearestNSWEBytesDirect:branch-misses","thrpt",4,1,23985.102232,NaN,"#/op",MULTILAYER_BLOCK
"GeoDriverBenchParams.checkNearestNSWEBytesDirect:branches","thrpt",4,1,666486.204530,NaN,"#/op",MULTILAYER_BLOCK
"GeoDriverBenchParams.checkNearestNSWEBytesDirect:cycles","thrpt",4,1,4416871.061098,NaN,"#/op",MULTILAYER_BLOCK
"GeoDriverBenchParams.checkNearestNSWEBytesDirect:dTLB-load-misses","thrpt",4,1,70.748477,NaN,"#/op",MULTILAYER_BLOCK
"GeoDriverBenchParams.checkNearestNSWEBytesDirect:dTLB-loads","thrpt",4,1,583310.448681,NaN,"#/op",MULTILAYER_BLOCK
"GeoDriverBenchParams.checkNearestNSWEBytesDirect:dTLB-store-misses","thrpt",4,1,0.982852,NaN,"#/op",MULTILAYER_BLOCK
"GeoDriverBenchParams.checkNearestNSWEBytesDirect:dTLB-stores","thrpt",4,1,16816.824990,NaN,"#/op",MULTILAYER_BLOCK
"GeoDriverBenchParams.checkNearestNSWEBytesDirect:iTLB-load-misses","thrpt",4,1,79.728087,NaN,"#/op",MULTILAYER_BLOCK
"GeoDriverBenchParams.checkNearestNSWEBytesDirect:instructions","thrpt",4,1,4510310.774364,NaN,"#/op",MULTILAYER_BLOCK
"GeoDriverBenchParams.checkNearestNSWEBytesDirectIR","thrpt",4,5,3242.179914,66.170141,"ops/s",RANDOM
"GeoDriverBenchParams.checkNearestNSWEBytesDirectIR:CPI","thrpt",4,1,1.154456,NaN,"clks/insn",RANDOM
"GeoDriverBenchParams.checkNearestNSWEBytesDirectIR:IPC","thrpt",4,1,0.866209,NaN,"insns/clk",RANDOM
"GeoDriverBenchParams.checkNearestNSWEBytesDirectIR:L1-dcache-loads","thrpt",4,1,180292.856010,NaN,"#/op",RANDOM
"GeoDriverBenchParams.checkNearestNSWEBytesDirectIR:L1-dcache-stores","thrpt",4,1,11454.083781,NaN,"#/op",RANDOM
"GeoDriverBenchParams.checkNearestNSWEBytesDirectIR:L1-icache-load-misses","thrpt",4,1,747.974356,NaN,"#/op",RANDOM
"GeoDriverBenchParams.checkNearestNSWEBytesDirectIR:L1-icache-loads","thrpt",4,1,255724.477056,NaN,"#/op",RANDOM
"GeoDriverBenchParams.checkNearestNSWEBytesDirectIR:LLC-load-misses","thrpt",4,1,0.001133,NaN,"#/op",RANDOM
"GeoDriverBenchParams.checkNearestNSWEBytesDirectIR:LLC-loads","thrpt",4,1,3110.464365,NaN,"#/op",RANDOM
"GeoDriverBenchParams.checkNearestNSWEBytesDirectIR:LLC-store-misses","thrpt",4,1,0.007084,NaN,"#/op",RANDOM
"GeoDriverBenchParams.checkNearestNSWEBytesDirectIR:LLC-stores","thrpt",4,1,68.439059,NaN,"#/op",RANDOM
"GeoDriverBenchParams.checkNearestNSWEBytesDirectIR:branch-misses","thrpt",4,1,787.651021,NaN,"#/op",RANDOM
"GeoDriverBenchParams.checkNearestNSWEBytesDirectIR:branches","thrpt",4,1,100051.273765,NaN,"#/op",RANDOM
"GeoDriverBenchParams.checkNearestNSWEBytesDirectIR:cycles","thrpt",4,1,937503.769468,NaN,"#/op",RANDOM
"GeoDriverBenchParams.checkNearestNSWEBytesDirectIR:dTLB-load-misses","thrpt",4,1,1336.072566,NaN,"#/op",RANDOM
"GeoDriverBenchParams.checkNearestNSWEBytesDirectIR:dTLB-loads","thrpt",4,1,180275.335899,NaN,"#/op",RANDOM
"GeoDriverBenchParams.checkNearestNSWEBytesDirectIR:dTLB-store-misses","thrpt",4,1,2.732188,NaN,"#/op",RANDOM
"GeoDriverBenchParams.checkNearestNSWEBytesDirectIR:dTLB-stores","thrpt",4,1,11403.132183,NaN,"#/op",RANDOM
"GeoDriverBenchParams.checkNearestNSWEBytesDirectIR:iTLB-load-misses","thrpt",4,1,19.376760,NaN,"#/op",RANDOM
"GeoDriverBenchParams.checkNearestNSWEBytesDirectIR:instructions","thrpt",4,1,812074.053442,NaN,"#/op",RANDOM
"GeoDriverBenchParams.checkNearestNSWEBytesDirectIR","thrpt",4,5,22620.542842,125.241026,"ops/s",FLAT_BLOCK
"GeoDriverBenchParams.checkNearestNSWEBytesDirectIR:CPI","thrpt",4,1,0.402330,NaN,"clks/insn",FLAT_BLOCK
"GeoDriverBenchParams.checkNearestNSWEBytesDirectIR:IPC","thrpt",4,1,2.485523,NaN,"insns/clk",FLAT_BLOCK
"GeoDriverBenchParams.checkNearestNSWEBytesDirectIR:L1-dcache-loads","thrpt",4,1,50195.780662,NaN,"#/op",FLAT_BLOCK
"GeoDriverBenchParams.checkNearestNSWEBytesDirectIR:L1-dcache-stores","thrpt",4,1,216.812805,NaN,"#/op",FLAT_BLOCK
"GeoDriverBenchParams.checkNearestNSWEBytesDirectIR:L1-icache-load-misses","thrpt",4,1,15.066850,NaN,"#/op",FLAT_BLOCK
"GeoDriverBenchParams.checkNearestNSWEBytesDirectIR:L1-icache-loads","thrpt",4,1,42031.941803,NaN,"#/op",FLAT_BLOCK
"GeoDriverBenchParams.checkNearestNSWEBytesDirectIR:LLC-load-misses","thrpt",4,1,0.000041,NaN,"#/op",FLAT_BLOCK
"GeoDriverBenchParams.checkNearestNSWEBytesDirectIR:LLC-loads","thrpt",4,1,1.744150,NaN,"#/op",FLAT_BLOCK
"GeoDriverBenchParams.checkNearestNSWEBytesDirectIR:LLC-store-misses","thrpt",4,1,0.000248,NaN,"#/op",FLAT_BLOCK
"GeoDriverBenchParams.checkNearestNSWEBytesDirectIR:LLC-stores","thrpt",4,1,0.401885,NaN,"#/op",FLAT_BLOCK
"GeoDriverBenchParams.checkNearestNSWEBytesDirectIR:branch-misses","thrpt",4,1,12.988054,NaN,"#/op",FLAT_BLOCK
"GeoDriverBenchParams.checkNearestNSWEBytesDirectIR:branches","thrpt",4,1,59897.680810,NaN,"#/op",FLAT_BLOCK
"GeoDriverBenchParams.checkNearestNSWEBytesDirectIR:cycles","thrpt",4,1,136560.031248,NaN,"#/op",FLAT_BLOCK
"GeoDriverBenchParams.checkNearestNSWEBytesDirectIR:dTLB-load-misses","thrpt",4,1,1.177251,NaN,"#/op",FLAT_BLOCK
"GeoDriverBenchParams.checkNearestNSWEBytesDirectIR:dTLB-loads","thrpt",4,1,50258.745220,NaN,"#/op",FLAT_BLOCK
"GeoDriverBenchParams.checkNearestNSWEBytesDirectIR:dTLB-store-misses","thrpt",4,1,0.075700,NaN,"#/op",FLAT_BLOCK
"GeoDriverBenchParams.checkNearestNSWEBytesDirectIR:dTLB-stores","thrpt",4,1,209.720722,NaN,"#/op",FLAT_BLOCK
"GeoDriverBenchParams.checkNearestNSWEBytesDirectIR:iTLB-load-misses","thrpt",4,1,2.777790,NaN,"#/op",FLAT_BLOCK
"GeoDriverBenchParams.checkNearestNSWEBytesDirectIR:instructions","thrpt",4,1,339423.098190,NaN,"#/op",FLAT_BLOCK
"GeoDriverBenchParams.checkNearestNSWEBytesDirectIR","thrpt",4,5,4306.991112,179.536552,"ops/s",COMPLEX_BLOCK
"GeoDriverBenchParams.checkNearestNSWEBytesDirectIR:CPI","thrpt",4,1,1.182203,NaN,"clks/insn",COMPLEX_BLOCK
"GeoDriverBenchParams.checkNearestNSWEBytesDirectIR:IPC","thrpt",4,1,0.845878,NaN,"insns/clk",COMPLEX_BLOCK
"GeoDriverBenchParams.checkNearestNSWEBytesDirectIR:L1-dcache-loads","thrpt",4,1,121450.302760,NaN,"#/op",COMPLEX_BLOCK
"GeoDriverBenchParams.checkNearestNSWEBytesDirectIR:L1-dcache-stores","thrpt",4,1,11053.770378,NaN,"#/op",COMPLEX_BLOCK
"GeoDriverBenchParams.checkNearestNSWEBytesDirectIR:L1-icache-load-misses","thrpt",4,1,540.251029,NaN,"#/op",COMPLEX_BLOCK
"GeoDriverBenchParams.checkNearestNSWEBytesDirectIR:L1-icache-loads","thrpt",4,1,222992.951898,NaN,"#/op",COMPLEX_BLOCK
"GeoDriverBenchParams.checkNearestNSWEBytesDirectIR:LLC-load-misses","thrpt",4,1,0.000733,NaN,"#/op",COMPLEX_BLOCK
"GeoDriverBenchParams.checkNearestNSWEBytesDirectIR:LLC-loads","thrpt",4,1,3113.349180,NaN,"#/op",COMPLEX_BLOCK
"GeoDriverBenchParams.checkNearestNSWEBytesDirectIR:LLC-store-misses","thrpt",4,1,0.010729,NaN,"#/op",COMPLEX_BLOCK
"GeoDriverBenchParams.checkNearestNSWEBytesDirectIR:LLC-stores","thrpt",4,1,50.575390,NaN,"#/op",COMPLEX_BLOCK
"GeoDriverBenchParams.checkNearestNSWEBytesDirectIR:branch-misses","thrpt",4,1,27.088575,NaN,"#/op",COMPLEX_BLOCK
"GeoDriverBenchParams.checkNearestNSWEBytesDirectIR:branches","thrpt",4,1,71094.747210,NaN,"#/op",COMPLEX_BLOCK
"GeoDriverBenchParams.checkNearestNSWEBytesDirectIR:cycles","thrpt",4,1,706271.383998,NaN,"#/op",COMPLEX_BLOCK
"GeoDriverBenchParams.checkNearestNSWEBytesDirectIR:dTLB-load-misses","thrpt",4,1,1157.950613,NaN,"#/op",COMPLEX_BLOCK
"GeoDriverBenchParams.checkNearestNSWEBytesDirectIR:dTLB-loads","thrpt",4,1,122468.313799,NaN,"#/op",COMPLEX_BLOCK
"GeoDriverBenchParams.checkNearestNSWEBytesDirectIR:dTLB-store-misses","thrpt",4,1,2.108611,NaN,"#/op",COMPLEX_BLOCK
"GeoDriverBenchParams.checkNearestNSWEBytesDirectIR:dTLB-stores","thrpt",4,1,11161.332917,NaN,"#/op",COMPLEX_BLOCK
"GeoDriverBenchParams.checkNearestNSWEBytesDirectIR:iTLB-load-misses","thrpt",4,1,23.105126,NaN,"#/op",COMPLEX_BLOCK
"GeoDriverBenchParams.checkNearestNSWEBytesDirectIR:instructions","thrpt",4,1,597419.538155,NaN,"#/op",COMPLEX_BLOCK
"GeoDriverBenchParams.checkNearestNSWEBytesDirectIR","thrpt",4,5,700.255005,6.469237,"ops/s",MULTILAYER_BLOCK
"GeoDriverBenchParams.checkNearestNSWEBytesDirectIR:CPI","thrpt",4,1,0.979431,NaN,"clks/insn",MULTILAYER_BLOCK
"GeoDriverBenchParams.checkNearestNSWEBytesDirectIR:IPC","thrpt",4,1,1.021001,NaN,"insns/clk",MULTILAYER_BLOCK
"GeoDriverBenchParams.checkNearestNSWEBytesDirectIR:L1-dcache-loads","thrpt",4,1,584290.290557,NaN,"#/op",MULTILAYER_BLOCK
"GeoDriverBenchParams.checkNearestNSWEBytesDirectIR:L1-dcache-stores","thrpt",4,1,16818.333045,NaN,"#/op",MULTILAYER_BLOCK
"GeoDriverBenchParams.checkNearestNSWEBytesDirectIR:L1-icache-load-misses","thrpt",4,1,1506.764921,NaN,"#/op",MULTILAYER_BLOCK
"GeoDriverBenchParams.checkNearestNSWEBytesDirectIR:L1-icache-loads","thrpt",4,1,1096132.582567,NaN,"#/op",MULTILAYER_BLOCK
"GeoDriverBenchParams.checkNearestNSWEBytesDirectIR:LLC-load-misses","thrpt",4,1,0.004381,NaN,"#/op",MULTILAYER_BLOCK
"GeoDriverBenchParams.checkNearestNSWEBytesDirectIR:LLC-loads","thrpt",4,1,945.825445,NaN,"#/op",MULTILAYER_BLOCK
"GeoDriverBenchParams.checkNearestNSWEBytesDirectIR:LLC-store-misses","thrpt",4,1,0.046296,NaN,"#/op",MULTILAYER_BLOCK
"GeoDriverBenchParams.checkNearestNSWEBytesDirectIR:LLC-stores","thrpt",4,1,58.549266,NaN,"#/op",MULTILAYER_BLOCK
"GeoDriverBenchParams.checkNearestNSWEBytesDirectIR:branch-misses","thrpt",4,1,24132.019206,NaN,"#/op",MULTILAYER_BLOCK
"GeoDriverBenchParams.checkNearestNSWEBytesDirectIR:branches","thrpt",4,1,666717.599191,NaN,"#/op",MULTILAYER_BLOCK
"GeoDriverBenchParams.checkNearestNSWEBytesDirectIR:cycles","thrpt",4,1,4419572.506021,NaN,"#/op",MULTILAYER_BLOCK
"GeoDriverBenchParams.checkNearestNSWEBytesDirectIR:dTLB-load-misses","thrpt",4,1,81.391106,NaN,"#/op",MULTILAYER_BLOCK
"GeoDriverBenchParams.checkNearestNSWEBytesDirectIR:dTLB-loads","thrpt",4,1,584473.271508,NaN,"#/op",MULTILAYER_BLOCK
"GeoDriverBenchParams.checkNearestNSWEBytesDirectIR:dTLB-store-misses","thrpt",4,1,1.235239,NaN,"#/op",MULTILAYER_BLOCK
"GeoDriverBenchParams.checkNearestNSWEBytesDirectIR:dTLB-stores","thrpt",4,1,16699.643950,NaN,"#/op",MULTILAYER_BLOCK
"GeoDriverBenchParams.checkNearestNSWEBytesDirectIR:iTLB-load-misses","thrpt",4,1,87.006053,NaN,"#/op",MULTILAYER_BLOCK
"GeoDriverBenchParams.checkNearestNSWEBytesDirectIR:instructions","thrpt",4,1,4512386.202219,NaN,"#/op",MULTILAYER_BLOCK
"GeoDriverBenchParams.checkNearestNSWEBytesDirectIf","thrpt",4,5,3205.716158,27.930224,"ops/s",RANDOM
"GeoDriverBenchParams.checkNearestNSWEBytesDirectIf:CPI","thrpt",4,1,1.190324,NaN,"clks/insn",RANDOM
"GeoDriverBenchParams.checkNearestNSWEBytesDirectIf:IPC","thrpt",4,1,0.840107,NaN,"insns/clk",RANDOM
"GeoDriverBenchParams.checkNearestNSWEBytesDirectIf:L1-dcache-loads","thrpt",4,1,180162.320722,NaN,"#/op",RANDOM
"GeoDriverBenchParams.checkNearestNSWEBytesDirectIf:L1-dcache-stores","thrpt",4,1,11465.133118,NaN,"#/op",RANDOM
"GeoDriverBenchParams.checkNearestNSWEBytesDirectIf:L1-icache-load-misses","thrpt",4,1,783.008218,NaN,"#/op",RANDOM
"GeoDriverBenchParams.checkNearestNSWEBytesDirectIf:L1-icache-loads","thrpt",4,1,254714.306311,NaN,"#/op",RANDOM
"GeoDriverBenchParams.checkNearestNSWEBytesDirectIf:LLC-load-misses","thrpt",4,1,0.001592,NaN,"#/op",RANDOM
"GeoDriverBenchParams.checkNearestNSWEBytesDirectIf:LLC-loads","thrpt",4,1,3241.923162,NaN,"#/op",RANDOM
"GeoDriverBenchParams.checkNearestNSWEBytesDirectIf:LLC-store-misses","thrpt",4,1,0.015374,NaN,"#/op",RANDOM
"GeoDriverBenchParams.checkNearestNSWEBytesDirectIf:LLC-stores","thrpt",4,1,69.784158,NaN,"#/op",RANDOM
"GeoDriverBenchParams.checkNearestNSWEBytesDirectIf:branch-misses","thrpt",4,1,915.578173,NaN,"#/op",RANDOM
"GeoDriverBenchParams.checkNearestNSWEBytesDirectIf:branches","thrpt",4,1,99617.310529,NaN,"#/op",RANDOM
"GeoDriverBenchParams.checkNearestNSWEBytesDirectIf:cycles","thrpt",4,1,950699.196205,NaN,"#/op",RANDOM
"GeoDriverBenchParams.checkNearestNSWEBytesDirectIf:dTLB-load-misses","thrpt",4,1,1315.721525,NaN,"#/op",RANDOM
"GeoDriverBenchParams.checkNearestNSWEBytesDirectIf:dTLB-loads","thrpt",4,1,180305.080148,NaN,"#/op",RANDOM
"GeoDriverBenchParams.checkNearestNSWEBytesDirectIf:dTLB-store-misses","thrpt",4,1,2.952702,NaN,"#/op",RANDOM
"GeoDriverBenchParams.checkNearestNSWEBytesDirectIf:dTLB-stores","thrpt",4,1,11468.544431,NaN,"#/op",RANDOM
"GeoDriverBenchParams.checkNearestNSWEBytesDirectIf:iTLB-load-misses","thrpt",4,1,28.116721,NaN,"#/op",RANDOM
"GeoDriverBenchParams.checkNearestNSWEBytesDirectIf:instructions","thrpt",4,1,798689.302399,NaN,"#/op",RANDOM
"GeoDriverBenchParams.checkNearestNSWEBytesDirectIf","thrpt",4,5,22459.035438,131.381276,"ops/s",FLAT_BLOCK
"GeoDriverBenchParams.checkNearestNSWEBytesDirectIf:CPI","thrpt",4,1,0.372196,NaN,"clks/insn",FLAT_BLOCK
"GeoDriverBenchParams.checkNearestNSWEBytesDirectIf:IPC","thrpt",4,1,2.686758,NaN,"insns/clk",FLAT_BLOCK
"GeoDriverBenchParams.checkNearestNSWEBytesDirectIf:L1-dcache-loads","thrpt",4,1,50312.349423,NaN,"#/op",FLAT_BLOCK
"GeoDriverBenchParams.checkNearestNSWEBytesDirectIf:L1-dcache-stores","thrpt",4,1,217.279473,NaN,"#/op",FLAT_BLOCK
"GeoDriverBenchParams.checkNearestNSWEBytesDirectIf:L1-icache-load-misses","thrpt",4,1,11.910166,NaN,"#/op",FLAT_BLOCK
"GeoDriverBenchParams.checkNearestNSWEBytesDirectIf:L1-icache-loads","thrpt",4,1,42144.476942,NaN,"#/op",FLAT_BLOCK
"GeoDriverBenchParams.checkNearestNSWEBytesDirectIf:LLC-load-misses","thrpt",4,1,0.000032,NaN,"#/op",FLAT_BLOCK
"GeoDriverBenchParams.checkNearestNSWEBytesDirectIf:LLC-loads","thrpt",4,1,1.049981,NaN,"#/op",FLAT_BLOCK
"GeoDriverBenchParams.checkNearestNSWEBytesDirectIf:LLC-store-misses","thrpt",4,1,0.002976,NaN,"#/op",FLAT_BLOCK
"GeoDriverBenchParams.checkNearestNSWEBytesDirectIf:LLC-stores","thrpt",4,1,0.307470,NaN,"#/op",FLAT_BLOCK
"GeoDriverBenchParams.checkNearestNSWEBytesDirectIf:branch-misses","thrpt",4,1,13.106707,NaN,"#/op",FLAT_BLOCK
"GeoDriverBenchParams.checkNearestNSWEBytesDirectIf:branches","thrpt",4,1,70051.446223,NaN,"#/op",FLAT_BLOCK
"GeoDriverBenchParams.checkNearestNSWEBytesDirectIf:cycles","thrpt",4,1,137860.271615,NaN,"#/op",FLAT_BLOCK
"GeoDriverBenchParams.checkNearestNSWEBytesDirectIf:dTLB-load-misses","thrpt",4,1,0.853378,NaN,"#/op",FLAT_BLOCK
"GeoDriverBenchParams.checkNearestNSWEBytesDirectIf:dTLB-loads","thrpt",4,1,50345.014666,NaN,"#/op",FLAT_BLOCK
"GeoDriverBenchParams.checkNearestNSWEBytesDirectIf:dTLB-store-misses","thrpt",4,1,0.011389,NaN,"#/op",FLAT_BLOCK
"GeoDriverBenchParams.checkNearestNSWEBytesDirectIf:dTLB-stores","thrpt",4,1,222.215949,NaN,"#/op",FLAT_BLOCK
"GeoDriverBenchParams.checkNearestNSWEBytesDirectIf:iTLB-load-misses","thrpt",4,1,2.978531,NaN,"#/op",FLAT_BLOCK
"GeoDriverBenchParams.checkNearestNSWEBytesDirectIf:instructions","thrpt",4,1,370397.205287,NaN,"#/op",FLAT_BLOCK
"GeoDriverBenchParams.checkNearestNSWEBytesDirectIf","thrpt",4,5,4350.270824,185.687653,"ops/s",COMPLEX_BLOCK
"GeoDriverBenchParams.checkNearestNSWEBytesDirectIf:CPI","thrpt",4,1,1.171683,NaN,"clks/insn",COMPLEX_BLOCK
"GeoDriverBenchParams.checkNearestNSWEBytesDirectIf:IPC","thrpt",4,1,0.853473,NaN,"insns/clk",COMPLEX_BLOCK
"GeoDriverBenchParams.checkNearestNSWEBytesDirectIf:L1-dcache-loads","thrpt",4,1,121767.121428,NaN,"#/op",COMPLEX_BLOCK
"GeoDriverBenchParams.checkNearestNSWEBytesDirectIf:L1-dcache-stores","thrpt",4,1,11042.688445,NaN,"#/op",COMPLEX_BLOCK
"GeoDriverBenchParams.checkNearestNSWEBytesDirectIf:L1-icache-load-misses","thrpt",4,1,501.483762,NaN,"#/op",COMPLEX_BLOCK
"GeoDriverBenchParams.checkNearestNSWEBytesDirectIf:L1-icache-loads","thrpt",4,1,219518.642469,NaN,"#/op",COMPLEX_BLOCK
"GeoDriverBenchParams.checkNearestNSWEBytesDirectIf:LLC-load-misses","thrpt",4,1,0.002270,NaN,"#/op",COMPLEX_BLOCK
"GeoDriverBenchParams.checkNearestNSWEBytesDirectIf:LLC-loads","thrpt",4,1,3041.109919,NaN,"#/op",COMPLEX_BLOCK
"GeoDriverBenchParams.checkNearestNSWEBytesDirectIf:LLC-store-misses","thrpt",4,1,0.013828,NaN,"#/op",COMPLEX_BLOCK
"GeoDriverBenchParams.checkNearestNSWEBytesDirectIf:LLC-stores","thrpt",4,1,41.837568,NaN,"#/op",COMPLEX_BLOCK
"GeoDriverBenchParams.checkNearestNSWEBytesDirectIf:branch-misses","thrpt",4,1,21.697327,NaN,"#/op",COMPLEX_BLOCK
"GeoDriverBenchParams.checkNearestNSWEBytesDirectIf:branches","thrpt",4,1,71185.684849,NaN,"#/op",COMPLEX_BLOCK
"GeoDriverBenchParams.checkNearestNSWEBytesDirectIf:cycles","thrpt",4,1,700427.159875,NaN,"#/op",COMPLEX_BLOCK
"GeoDriverBenchParams.checkNearestNSWEBytesDirectIf:dTLB-load-misses","thrpt",4,1,1194.811735,NaN,"#/op",COMPLEX_BLOCK
"GeoDriverBenchParams.checkNearestNSWEBytesDirectIf:dTLB-loads","thrpt",4,1,122090.371366,NaN,"#/op",COMPLEX_BLOCK
"GeoDriverBenchParams.checkNearestNSWEBytesDirectIf:dTLB-store-misses","thrpt",4,1,2.095434,NaN,"#/op",COMPLEX_BLOCK
"GeoDriverBenchParams.checkNearestNSWEBytesDirectIf:dTLB-stores","thrpt",4,1,11097.800612,NaN,"#/op",COMPLEX_BLOCK
"GeoDriverBenchParams.checkNearestNSWEBytesDirectIf:iTLB-load-misses","thrpt",4,1,24.444380,NaN,"#/op",COMPLEX_BLOCK
"GeoDriverBenchParams.checkNearestNSWEBytesDirectIf:instructions","thrpt",4,1,597795.894324,NaN,"#/op",COMPLEX_BLOCK
"GeoDriverBenchParams.checkNearestNSWEBytesDirectIf","thrpt",4,5,697.763206,2.257673,"ops/s",MULTILAYER_BLOCK
"GeoDriverBenchParams.checkNearestNSWEBytesDirectIf:CPI","thrpt",4,1,0.975721,NaN,"clks/insn",MULTILAYER_BLOCK
"GeoDriverBenchParams.checkNearestNSWEBytesDirectIf:IPC","thrpt",4,1,1.024883,NaN,"insns/clk",MULTILAYER_BLOCK
"GeoDriverBenchParams.checkNearestNSWEBytesDirectIf:L1-dcache-loads","thrpt",4,1,584006.227371,NaN,"#/op",MULTILAYER_BLOCK
"GeoDriverBenchParams.checkNearestNSWEBytesDirectIf:L1-dcache-stores","thrpt",4,1,16809.961585,NaN,"#/op",MULTILAYER_BLOCK
"GeoDriverBenchParams.checkNearestNSWEBytesDirectIf:L1-icache-load-misses","thrpt",4,1,1568.975625,NaN,"#/op",MULTILAYER_BLOCK
"GeoDriverBenchParams.checkNearestNSWEBytesDirectIf:L1-icache-loads","thrpt",4,1,1074667.308246,NaN,"#/op",MULTILAYER_BLOCK
"GeoDriverBenchParams.checkNearestNSWEBytesDirectIf:LLC-load-misses","thrpt",4,1,0.004254,NaN,"#/op",MULTILAYER_BLOCK
"GeoDriverBenchParams.checkNearestNSWEBytesDirectIf:LLC-loads","thrpt",4,1,1061.875377,NaN,"#/op",MULTILAYER_BLOCK
"GeoDriverBenchParams.checkNearestNSWEBytesDirectIf:LLC-store-misses","thrpt",4,1,0.058820,NaN,"#/op",MULTILAYER_BLOCK
"GeoDriverBenchParams.checkNearestNSWEBytesDirectIf:LLC-stores","thrpt",4,1,65.250483,NaN,"#/op",MULTILAYER_BLOCK
"GeoDriverBenchParams.checkNearestNSWEBytesDirectIf:branch-misses","thrpt",4,1,23894.663563,NaN,"#/op",MULTILAYER_BLOCK
"GeoDriverBenchParams.checkNearestNSWEBytesDirectIf:branches","thrpt",4,1,686604.853847,NaN,"#/op",MULTILAYER_BLOCK
"GeoDriverBenchParams.checkNearestNSWEBytesDirectIf:cycles","thrpt",4,1,4421331.261977,NaN,"#/op",MULTILAYER_BLOCK
"GeoDriverBenchParams.checkNearestNSWEBytesDirectIf:dTLB-load-misses","thrpt",4,1,79.847972,NaN,"#/op",MULTILAYER_BLOCK
"GeoDriverBenchParams.checkNearestNSWEBytesDirectIf:dTLB-loads","thrpt",4,1,582979.234326,NaN,"#/op",MULTILAYER_BLOCK
"GeoDriverBenchParams.checkNearestNSWEBytesDirectIf:dTLB-store-misses","thrpt",4,1,1.129022,NaN,"#/op",MULTILAYER_BLOCK
"GeoDriverBenchParams.checkNearestNSWEBytesDirectIf:dTLB-stores","thrpt",4,1,16930.655007,NaN,"#/op",MULTILAYER_BLOCK
"GeoDriverBenchParams.checkNearestNSWEBytesDirectIf:iTLB-load-misses","thrpt",4,1,108.702644,NaN,"#/op",MULTILAYER_BLOCK
"GeoDriverBenchParams.checkNearestNSWEBytesDirectIf:instructions","thrpt",4,1,4531346.000088,NaN,"#/op",MULTILAYER_BLOCK
"GeoDriverBenchParams.checkNearestNSWEBytesDirectIfCmp","thrpt",4,5,3194.379338,31.213077,"ops/s",RANDOM
"GeoDriverBenchParams.checkNearestNSWEBytesDirectIfCmp:CPI","thrpt",4,1,1.173781,NaN,"clks/insn",RANDOM
"GeoDriverBenchParams.checkNearestNSWEBytesDirectIfCmp:IPC","thrpt",4,1,0.851948,NaN,"insns/clk",RANDOM
"GeoDriverBenchParams.checkNearestNSWEBytesDirectIfCmp:L1-dcache-loads","thrpt",4,1,180166.512692,NaN,"#/op",RANDOM
"GeoDriverBenchParams.checkNearestNSWEBytesDirectIfCmp:L1-dcache-stores","thrpt",4,1,11456.174650,NaN,"#/op",RANDOM
"GeoDriverBenchParams.checkNearestNSWEBytesDirectIfCmp:L1-icache-load-misses","thrpt",4,1,754.083170,NaN,"#/op",RANDOM
"GeoDriverBenchParams.checkNearestNSWEBytesDirectIfCmp:L1-icache-loads","thrpt",4,1,251089.138642,NaN,"#/op",RANDOM
"GeoDriverBenchParams.checkNearestNSWEBytesDirectIfCmp:LLC-load-misses","thrpt",4,1,0.001880,NaN,"#/op",RANDOM
"GeoDriverBenchParams.checkNearestNSWEBytesDirectIfCmp:LLC-loads","thrpt",4,1,3251.442623,NaN,"#/op",RANDOM
"GeoDriverBenchParams.checkNearestNSWEBytesDirectIfCmp:LLC-store-misses","thrpt",4,1,0.015008,NaN,"#/op",RANDOM
"GeoDriverBenchParams.checkNearestNSWEBytesDirectIfCmp:LLC-stores","thrpt",4,1,70.689704,NaN,"#/op",RANDOM
"GeoDriverBenchParams.checkNearestNSWEBytesDirectIfCmp:branch-misses","thrpt",4,1,786.213898,NaN,"#/op",RANDOM
"GeoDriverBenchParams.checkNearestNSWEBytesDirectIfCmp:branches","thrpt",4,1,100052.572014,NaN,"#/op",RANDOM
"GeoDriverBenchParams.checkNearestNSWEBytesDirectIfCmp:cycles","thrpt",4,1,952796.759240,NaN,"#/op",RANDOM
"GeoDriverBenchParams.checkNearestNSWEBytesDirectIfCmp:dTLB-load-misses","thrpt",4,1,1333.149597,NaN,"#/op",RANDOM
"GeoDriverBenchParams.checkNearestNSWEBytesDirectIfCmp:dTLB-loads","thrpt",4,1,180297.969060,NaN,"#/op",RANDOM
"GeoDriverBenchParams.checkNearestNSWEBytesDirectIfCmp:dTLB-store-misses","thrpt",4,1,2.495442,NaN,"#/op",RANDOM
"GeoDriverBenchParams.checkNearestNSWEBytesDirectIfCmp:dTLB-stores","thrpt",4,1,11433.632252,NaN,"#/op",RANDOM
"GeoDriverBenchParams.checkNearestNSWEBytesDirectIfCmp:iTLB-load-misses","thrpt",4,1,24.465321,NaN,"#/op",RANDOM
"GeoDriverBenchParams.checkNearestNSWEBytesDirectIfCmp:instructions","thrpt",4,1,811733.154160,NaN,"#/op",RANDOM
"GeoDriverBenchParams.checkNearestNSWEBytesDirectIfCmp","thrpt",4,5,22399.252441,211.159785,"ops/s",FLAT_BLOCK
"GeoDriverBenchParams.checkNearestNSWEBytesDirectIfCmp:CPI","thrpt",4,1,0.405504,NaN,"clks/insn",FLAT_BLOCK
"GeoDriverBenchParams.checkNearestNSWEBytesDirectIfCmp:IPC","thrpt",4,1,2.466067,NaN,"insns/clk",FLAT_BLOCK
"GeoDriverBenchParams.checkNearestNSWEBytesDirectIfCmp:L1-dcache-loads","thrpt",4,1,50273.104034,NaN,"#/op",FLAT_BLOCK
"GeoDriverBenchParams.checkNearestNSWEBytesDirectIfCmp:L1-dcache-stores","thrpt",4,1,223.681665,NaN,"#/op",FLAT_BLOCK
"GeoDriverBenchParams.checkNearestNSWEBytesDirectIfCmp:L1-icache-load-misses","thrpt",4,1,19.222852,NaN,"#/op",FLAT_BLOCK
"GeoDriverBenchParams.checkNearestNSWEBytesDirectIfCmp:L1-icache-loads","thrpt",4,1,42283.934314,NaN,"#/op",FLAT_BLOCK
"GeoDriverBenchParams.checkNearestNSWEBytesDirectIfCmp:LLC-load-misses","thrpt",4,1,0.000050,NaN,"#/op",FLAT_BLOCK
"GeoDriverBenchParams.checkNearestNSWEBytesDirectIfCmp:LLC-loads","thrpt",4,1,2.738176,NaN,"#/op",FLAT_BLOCK
"GeoDriverBenchParams.checkNearestNSWEBytesDirectIfCmp:LLC-store-misses","thrpt",4,1,0.000547,NaN,"#/op",FLAT_BLOCK
"GeoDriverBenchParams.checkNearestNSWEBytesDirectIfCmp:LLC-stores","thrpt",4,1,0.567663,NaN,"#/op",FLAT_BLOCK
"GeoDriverBenchParams.checkNearestNSWEBytesDirectIfCmp:branch-misses","thrpt",4,1,13.549539,NaN,"#/op",FLAT_BLOCK
"GeoDriverBenchParams.checkNearestNSWEBytesDirectIfCmp:branches","thrpt",4,1,60076.721242,NaN,"#/op",FLAT_BLOCK
"GeoDriverBenchParams.checkNearestNSWEBytesDirectIfCmp:cycles","thrpt",4,1,138122.976018,NaN,"#/op",FLAT_BLOCK
"GeoDriverBenchParams.checkNearestNSWEBytesDirectIfCmp:dTLB-load-misses","thrpt",4,1,0.459003,NaN,"#/op",FLAT_BLOCK
"GeoDriverBenchParams.checkNearestNSWEBytesDirectIfCmp:dTLB-loads","thrpt",4,1,50347.414879,NaN,"#/op",FLAT_BLOCK
"GeoDriverBenchParams.checkNearestNSWEBytesDirectIfCmp:dTLB-store-misses","thrpt",4,1,0.013094,NaN,"#/op",FLAT_BLOCK
"GeoDriverBenchParams.checkNearestNSWEBytesDirectIfCmp:dTLB-stores","thrpt",4,1,212.658739,NaN,"#/op",FLAT_BLOCK
"GeoDriverBenchParams.checkNearestNSWEBytesDirectIfCmp:iTLB-load-misses","thrpt",4,1,2.515315,NaN,"#/op",FLAT_BLOCK
"GeoDriverBenchParams.checkNearestNSWEBytesDirectIfCmp:instructions","thrpt",4,1,340620.535142,NaN,"#/op",FLAT_BLOCK
"GeoDriverBenchParams.checkNearestNSWEBytesDirectIfCmp","thrpt",4,5,4219.326426,120.516396,"ops/s",COMPLEX_BLOCK
"GeoDriverBenchParams.checkNearestNSWEBytesDirectIfCmp:CPI","thrpt",4,1,1.205496,NaN,"clks/insn",COMPLEX_BLOCK
"GeoDriverBenchParams.checkNearestNSWEBytesDirectIfCmp:IPC","thrpt",4,1,0.829534,NaN,"insns/clk",COMPLEX_BLOCK
"GeoDriverBenchParams.checkNearestNSWEBytesDirectIfCmp:L1-dcache-loads","thrpt",4,1,121824.901672,NaN,"#/op",COMPLEX_BLOCK
"GeoDriverBenchParams.checkNearestNSWEBytesDirectIfCmp:L1-dcache-stores","thrpt",4,1,11071.882686,NaN,"#/op",COMPLEX_BLOCK
"GeoDriverBenchParams.checkNearestNSWEBytesDirectIfCmp:L1-icache-load-misses","thrpt",4,1,532.021100,NaN,"#/op",COMPLEX_BLOCK
"GeoDriverBenchParams.checkNearestNSWEBytesDirectIfCmp:L1-icache-loads","thrpt",4,1,225067.629043,NaN,"#/op",COMPLEX_BLOCK
"GeoDriverBenchParams.checkNearestNSWEBytesDirectIfCmp:LLC-load-misses","thrpt",4,1,0.000723,NaN,"#/op",COMPLEX_BLOCK
"GeoDriverBenchParams.checkNearestNSWEBytesDirectIfCmp:LLC-loads","thrpt",4,1,3227.759567,NaN,"#/op",COMPLEX_BLOCK
"GeoDriverBenchParams.checkNearestNSWEBytesDirectIfCmp:LLC-store-misses","thrpt",4,1,0.002460,NaN,"#/op",COMPLEX_BLOCK
"GeoDriverBenchParams.checkNearestNSWEBytesDirectIfCmp:LLC-stores","thrpt",4,1,45.888412,NaN,"#/op",COMPLEX_BLOCK
"GeoDriverBenchParams.checkNearestNSWEBytesDirectIfCmp:branch-misses","thrpt",4,1,26.642349,NaN,"#/op",COMPLEX_BLOCK
"GeoDriverBenchParams.checkNearestNSWEBytesDirectIfCmp:branches","thrpt",4,1,71431.392799,NaN,"#/op",COMPLEX_BLOCK
"GeoDriverBenchParams.checkNearestNSWEBytesDirectIfCmp:cycles","thrpt",4,1,723222.027765,NaN,"#/op",COMPLEX_BLOCK
"GeoDriverBenchParams.checkNearestNSWEBytesDirectIfCmp:dTLB-load-misses","thrpt",4,1,1282.388955,NaN,"#/op",COMPLEX_BLOCK
"GeoDriverBenchParams.checkNearestNSWEBytesDirectIfCmp:dTLB-loads","thrpt",4,1,122552.397845,NaN,"#/op",COMPLEX_BLOCK
"GeoDriverBenchParams.checkNearestNSWEBytesDirectIfCmp:dTLB-store-misses","thrpt",4,1,2.118533,NaN,"#/op",COMPLEX_BLOCK
"GeoDriverBenchParams.checkNearestNSWEBytesDirectIfCmp:dTLB-stores","thrpt",4,1,11186.648390,NaN,"#/op",COMPLEX_BLOCK
"GeoDriverBenchParams.checkNearestNSWEBytesDirectIfCmp:iTLB-load-misses","thrpt",4,1,20.751316,NaN,"#/op",COMPLEX_BLOCK
"GeoDriverBenchParams.checkNearestNSWEBytesDirectIfCmp:instructions","thrpt",4,1,599937.214096,NaN,"#/op",COMPLEX_BLOCK
"GeoDriverBenchParams.checkNearestNSWEBytesDirectIfCmp","thrpt",4,5,699.389431,2.558739,"ops/s",MULTILAYER_BLOCK
"GeoDriverBenchParams.checkNearestNSWEBytesDirectIfCmp:CPI","thrpt",4,1,0.982965,NaN,"clks/insn",MULTILAYER_BLOCK
"GeoDriverBenchParams.checkNearestNSWEBytesDirectIfCmp:IPC","thrpt",4,1,1.017330,NaN,"insns/clk",MULTILAYER_BLOCK
"GeoDriverBenchParams.checkNearestNSWEBytesDirectIfCmp:L1-dcache-loads","thrpt",4,1,583119.201235,NaN,"#/op",MULTILAYER_BLOCK
"GeoDriverBenchParams.checkNearestNSWEBytesDirectIfCmp:L1-dcache-stores","thrpt",4,1,16615.243988,NaN,"#/op",MULTILAYER_BLOCK
"GeoDriverBenchParams.checkNearestNSWEBytesDirectIfCmp:L1-icache-load-misses","thrpt",4,1,1679.413941,NaN,"#/op",MULTILAYER_BLOCK
"GeoDriverBenchParams.checkNearestNSWEBytesDirectIfCmp:L1-icache-loads","thrpt",4,1,1102638.803713,NaN,"#/op",MULTILAYER_BLOCK
"GeoDriverBenchParams.checkNearestNSWEBytesDirectIfCmp:LLC-load-misses","thrpt",4,1,0.002748,NaN,"#/op",MULTILAYER_BLOCK
"GeoDriverBenchParams.checkNearestNSWEBytesDirectIfCmp:LLC-loads","thrpt",4,1,992.508996,NaN,"#/op",MULTILAYER_BLOCK
"GeoDriverBenchParams.checkNearestNSWEBytesDirectIfCmp:LLC-store-misses","thrpt",4,1,0.011714,NaN,"#/op",MULTILAYER_BLOCK
"GeoDriverBenchParams.checkNearestNSWEBytesDirectIfCmp:LLC-stores","thrpt",4,1,50.420020,NaN,"#/op",MULTILAYER_BLOCK
"GeoDriverBenchParams.checkNearestNSWEBytesDirectIfCmp:branch-misses","thrpt",4,1,23812.654234,NaN,"#/op",MULTILAYER_BLOCK
"GeoDriverBenchParams.checkNearestNSWEBytesDirectIfCmp:branches","thrpt",4,1,665768.744171,NaN,"#/op",MULTILAYER_BLOCK
"GeoDriverBenchParams.checkNearestNSWEBytesDirectIfCmp:cycles","thrpt",4,1,4414529.743472,NaN,"#/op",MULTILAYER_BLOCK
"GeoDriverBenchParams.checkNearestNSWEBytesDirectIfCmp:dTLB-load-misses","thrpt",4,1,76.165397,NaN,"#/op",MULTILAYER_BLOCK
"GeoDriverBenchParams.checkNearestNSWEBytesDirectIfCmp:dTLB-loads","thrpt",4,1,583408.564928,NaN,"#/op",MULTILAYER_BLOCK
"GeoDriverBenchParams.checkNearestNSWEBytesDirectIfCmp:dTLB-store-misses","thrpt",4,1,1.064373,NaN,"#/op",MULTILAYER_BLOCK
"GeoDriverBenchParams.checkNearestNSWEBytesDirectIfCmp:dTLB-stores","thrpt",4,1,16529.036901,NaN,"#/op",MULTILAYER_BLOCK
"GeoDriverBenchParams.checkNearestNSWEBytesDirectIfCmp:iTLB-load-misses","thrpt",4,1,87.696485,NaN,"#/op",MULTILAYER_BLOCK
"GeoDriverBenchParams.checkNearestNSWEBytesDirectIfCmp:instructions","thrpt",4,1,4491033.697894,NaN,"#/op",MULTILAYER_BLOCK
"GeoDriverBenchParams.checkNearestNSWEBytesDirectInlO","thrpt",4,5,3257.005878,32.976792,"ops/s",RANDOM
"GeoDriverBenchParams.checkNearestNSWEBytesDirectInlO:CPI","thrpt",4,1,1.078465,NaN,"clks/insn",RANDOM
"GeoDriverBenchParams.checkNearestNSWEBytesDirectInlO:IPC","thrpt",4,1,0.927243,NaN,"insns/clk",RANDOM
"GeoDriverBenchParams.checkNearestNSWEBytesDirectInlO:L1-dcache-loads","thrpt",4,1,210543.952603,NaN,"#/op",RANDOM
"GeoDriverBenchParams.checkNearestNSWEBytesDirectInlO:L1-dcache-stores","thrpt",4,1,6070.201525,NaN,"#/op",RANDOM
"GeoDriverBenchParams.checkNearestNSWEBytesDirectInlO:L1-icache-load-misses","thrpt",4,1,789.909570,NaN,"#/op",RANDOM
"GeoDriverBenchParams.checkNearestNSWEBytesDirectInlO:L1-icache-loads","thrpt",4,1,235865.580819,NaN,"#/op",RANDOM
"GeoDriverBenchParams.checkNearestNSWEBytesDirectInlO:LLC-load-misses","thrpt",4,1,0.000813,NaN,"#/op",RANDOM
"GeoDriverBenchParams.checkNearestNSWEBytesDirectInlO:LLC-loads","thrpt",4,1,3173.026969,NaN,"#/op",RANDOM
"GeoDriverBenchParams.checkNearestNSWEBytesDirectInlO:LLC-store-misses","thrpt",4,1,0.000000,NaN,"#/op",RANDOM
"GeoDriverBenchParams.checkNearestNSWEBytesDirectInlO:LLC-stores","thrpt",4,1,73.752469,NaN,"#/op",RANDOM
"GeoDriverBenchParams.checkNearestNSWEBytesDirectInlO:branch-misses","thrpt",4,1,894.568237,NaN,"#/op",RANDOM
"GeoDriverBenchParams.checkNearestNSWEBytesDirectInlO:branches","thrpt",4,1,126356.891370,NaN,"#/op",RANDOM
"GeoDriverBenchParams.checkNearestNSWEBytesDirectInlO:cycles","thrpt",4,1,933353.613267,NaN,"#/op",RANDOM
"GeoDriverBenchParams.checkNearestNSWEBytesDirectInlO:dTLB-load-misses","thrpt",4,1,1338.502689,NaN,"#/op",RANDOM
"GeoDriverBenchParams.checkNearestNSWEBytesDirectInlO:dTLB-loads","thrpt",4,1,210573.663447,NaN,"#/op",RANDOM
"GeoDriverBenchParams.checkNearestNSWEBytesDirectInlO:dTLB-store-misses","thrpt",4,1,2.276144,NaN,"#/op",RANDOM
"GeoDriverBenchParams.checkNearestNSWEBytesDirectInlO:dTLB-stores","thrpt",4,1,6058.466607,NaN,"#/op",RANDOM
"GeoDriverBenchParams.checkNearestNSWEBytesDirectInlO:iTLB-load-misses","thrpt",4,1,29.373462,NaN,"#/op",RANDOM
"GeoDriverBenchParams.checkNearestNSWEBytesDirectInlO:instructions","thrpt",4,1,865446.050340,NaN,"#/op",RANDOM
"GeoDriverBenchParams.checkNearestNSWEBytesDirectInlO","thrpt",4,5,22474.395273,144.079130,"ops/s",FLAT_BLOCK
"GeoDriverBenchParams.checkNearestNSWEBytesDirectInlO:CPI","thrpt",4,1,0.404344,NaN,"clks/insn",FLAT_BLOCK
"GeoDriverBenchParams.checkNearestNSWEBytesDirectInlO:IPC","thrpt",4,1,2.473141,NaN,"insns/clk",FLAT_BLOCK
"GeoDriverBenchParams.checkNearestNSWEBytesDirectInlO:L1-dcache-loads","thrpt",4,1,50161.967305,NaN,"#/op",FLAT_BLOCK
"GeoDriverBenchParams.checkNearestNSWEBytesDirectInlO:L1-dcache-stores","thrpt",4,1,216.662330,NaN,"#/op",FLAT_BLOCK
"GeoDriverBenchParams.checkNearestNSWEBytesDirectInlO:L1-icache-load-misses","thrpt",4,1,14.766893,NaN,"#/op",FLAT_BLOCK
"GeoDriverBenchParams.checkNearestNSWEBytesDirectInlO:L1-icache-loads","thrpt",4,1,41949.847185,NaN,"#/op",FLAT_BLOCK
"GeoDriverBenchParams.checkNearestNSWEBytesDirectInlO:LLC-load-misses","thrpt",4,1,0.000073,NaN,"#/op",FLAT_BLOCK
"GeoDriverBenchParams.checkNearestNSWEBytesDirectInlO:LLC-loads","thrpt",4,1,1.384188,NaN,"#/op",FLAT_BLOCK
"GeoDriverBenchParams.checkNearestNSWEBytesDirectInlO:LLC-store-misses","thrpt",4,1,0.002982,NaN,"#/op",FLAT_BLOCK
"GeoDriverBenchParams.checkNearestNSWEBytesDirectInlO:LLC-stores","thrpt",4,1,0.404376,NaN,"#/op",FLAT_BLOCK
"GeoDriverBenchParams.checkNearestNSWEBytesDirectInlO:branch-misses","thrpt",4,1,12.972737,NaN,"#/op",FLAT_BLOCK
"GeoDriverBenchParams.checkNearestNSWEBytesDirectInlO:branches","thrpt",4,1,59925.823209,NaN,"#/op",FLAT_BLOCK
"GeoDriverBenchParams.checkNearestNSWEBytesDirectInlO:cycles","thrpt",4,1,137353.868672,NaN,"#/op",FLAT_BLOCK
"GeoDriverBenchParams.checkNearestNSWEBytesDirectInlO:dTLB-load-misses","thrpt",4,1,0.678395,NaN,"#/op",FLAT_BLOCK
"GeoDriverBenchParams.checkNearestNSWEBytesDirectInlO:dTLB-loads","thrpt",4,1,50297.358957,NaN,"#/op",FLAT_BLOCK
"GeoDriverBenchParams.checkNearestNSWEBytesDirectInlO:dTLB-store-misses","thrpt",4,1,0.010197,NaN,"#/op",FLAT_BLOCK
"GeoDriverBenchParams.checkNearestNSWEBytesDirectInlO:dTLB-stores","thrpt",4,1,217.731008,NaN,"#/op",FLAT_BLOCK
"GeoDriverBenchParams.checkNearestNSWEBytesDirectInlO:iTLB-load-misses","thrpt",4,1,1.588597,NaN,"#/op",FLAT_BLOCK
"GeoDriverBenchParams.checkNearestNSWEBytesDirectInlO:instructions","thrpt",4,1,339695.439655,NaN,"#/op",FLAT_BLOCK
"GeoDriverBenchParams.checkNearestNSWEBytesDirectInlO","thrpt",4,5,4282.074269,224.717734,"ops/s",COMPLEX_BLOCK
"GeoDriverBenchParams.checkNearestNSWEBytesDirectInlO:CPI","thrpt",4,1,1.188359,NaN,"clks/insn",COMPLEX_BLOCK
"GeoDriverBenchParams.checkNearestNSWEBytesDirectInlO:IPC","thrpt",4,1,0.841497,NaN,"insns/clk",COMPLEX_BLOCK
"GeoDriverBenchParams.checkNearestNSWEBytesDirectInlO:L1-dcache-loads","thrpt",4,1,122102.141737,NaN,"#/op",COMPLEX_BLOCK
"GeoDriverBenchParams.checkNearestNSWEBytesDirectInlO:L1-dcache-stores","thrpt",4,1,11121.564163,NaN,"#/op",COMPLEX_BLOCK
"GeoDriverBenchParams.checkNearestNSWEBytesDirectInlO:L1-icache-load-misses","thrpt",4,1,518.706992,NaN,"#/op",COMPLEX_BLOCK
"GeoDriverBenchParams.checkNearestNSWEBytesDirectInlO:L1-icache-loads","thrpt",4,1,223384.340226,NaN,"#/op",COMPLEX_BLOCK
"GeoDriverBenchParams.checkNearestNSWEBytesDirectInlO:LLC-load-misses","thrpt",4,1,0.002681,NaN,"#/op",COMPLEX_BLOCK
"GeoDriverBenchParams.checkNearestNSWEBytesDirectInlO:LLC-loads","thrpt",4,1,3097.411220,NaN,"#/op",COMPLEX_BLOCK
"GeoDriverBenchParams.checkNearestNSWEBytesDirectInlO:LLC-store-misses","thrpt",4,1,0.013427,NaN,"#/op",COMPLEX_BLOCK
"GeoDriverBenchParams.checkNearestNSWEBytesDirectInlO:LLC-stores","thrpt",4,1,50.962561,NaN,"#/op",COMPLEX_BLOCK
"GeoDriverBenchParams.checkNearestNSWEBytesDirectInlO:branch-misses","thrpt",4,1,25.087047,NaN,"#/op",COMPLEX_BLOCK
"GeoDriverBenchParams.checkNearestNSWEBytesDirectInlO:branches","thrpt",4,1,71321.005696,NaN,"#/op",COMPLEX_BLOCK
"GeoDriverBenchParams.checkNearestNSWEBytesDirectInlO:cycles","thrpt",4,1,710624.314635,NaN,"#/op",COMPLEX_BLOCK
"GeoDriverBenchParams.checkNearestNSWEBytesDirectInlO:dTLB-load-misses","thrpt",4,1,1311.728032,NaN,"#/op",COMPLEX_BLOCK
"GeoDriverBenchParams.checkNearestNSWEBytesDirectInlO:dTLB-loads","thrpt",4,1,122141.189350,NaN,"#/op",COMPLEX_BLOCK
"GeoDriverBenchParams.checkNearestNSWEBytesDirectInlO:dTLB-store-misses","thrpt",4,1,1.973453,NaN,"#/op",COMPLEX_BLOCK
"GeoDriverBenchParams.checkNearestNSWEBytesDirectInlO:dTLB-stores","thrpt",4,1,11125.684909,NaN,"#/op",COMPLEX_BLOCK
"GeoDriverBenchParams.checkNearestNSWEBytesDirectInlO:iTLB-load-misses","thrpt",4,1,15.314481,NaN,"#/op",COMPLEX_BLOCK
"GeoDriverBenchParams.checkNearestNSWEBytesDirectInlO:instructions","thrpt",4,1,597987.992311,NaN,"#/op",COMPLEX_BLOCK
"GeoDriverBenchParams.checkNearestNSWEBytesDirectInlO","thrpt",4,5,699.760114,3.584524,"ops/s",MULTILAYER_BLOCK
"GeoDriverBenchParams.checkNearestNSWEBytesDirectInlO:CPI","thrpt",4,1,1.088190,NaN,"clks/insn",MULTILAYER_BLOCK
"GeoDriverBenchParams.checkNearestNSWEBytesDirectInlO:IPC","thrpt",4,1,0.918957,NaN,"insns/clk",MULTILAYER_BLOCK
"GeoDriverBenchParams.checkNearestNSWEBytesDirectInlO:L1-dcache-loads","thrpt",4,1,572945.659982,NaN,"#/op",MULTILAYER_BLOCK
"GeoDriverBenchParams.checkNearestNSWEBytesDirectInlO:L1-dcache-stores","thrpt",4,1,16535.791273,NaN,"#/op",MULTILAYER_BLOCK
"GeoDriverBenchParams.checkNearestNSWEBytesDirectInlO:L1-icache-load-misses","thrpt",4,1,1530.609717,NaN,"#/op",MULTILAYER_BLOCK
"GeoDriverBenchParams.checkNearestNSWEBytesDirectInlO:L1-icache-loads","thrpt",4,1,1097248.582868,NaN,"#/op",MULTILAYER_BLOCK
"GeoDriverBenchParams.checkNearestNSWEBytesDirectInlO:LLC-load-misses","thrpt",4,1,0.013423,NaN,"#/op",MULTILAYER_BLOCK
"GeoDriverBenchParams.checkNearestNSWEBytesDirectInlO:LLC-loads","thrpt",4,1,859.503033,NaN,"#/op",MULTILAYER_BLOCK
"GeoDriverBenchParams.checkNearestNSWEBytesDirectInlO:LLC-store-misses","thrpt",4,1,0.033412,NaN,"#/op",MULTILAYER_BLOCK
"GeoDriverBenchParams.checkNearestNSWEBytesDirectInlO:LLC-stores","thrpt",4,1,39.616306,NaN,"#/op",MULTILAYER_BLOCK
"GeoDriverBenchParams.checkNearestNSWEBytesDirectInlO:branch-misses","thrpt",4,1,26404.933749,NaN,"#/op",MULTILAYER_BLOCK
"GeoDriverBenchParams.checkNearestNSWEBytesDirectInlO:branches","thrpt",4,1,660815.272680,NaN,"#/op",MULTILAYER_BLOCK
"GeoDriverBenchParams.checkNearestNSWEBytesDirectInlO:cycles","thrpt",4,1,4413568.499767,NaN,"#/op",MULTILAYER_BLOCK
"GeoDriverBenchParams.checkNearestNSWEBytesDirectInlO:dTLB-load-misses","thrpt",4,1,78.664166,NaN,"#/op",MULTILAYER_BLOCK
"GeoDriverBenchParams.checkNearestNSWEBytesDirectInlO:dTLB-loads","thrpt",4,1,573758.966971,NaN,"#/op",MULTILAYER_BLOCK
"GeoDriverBenchParams.checkNearestNSWEBytesDirectInlO:dTLB-store-misses","thrpt",4,1,1.062043,NaN,"#/op",MULTILAYER_BLOCK
"GeoDriverBenchParams.checkNearestNSWEBytesDirectInlO:dTLB-stores","thrpt",4,1,16614.511613,NaN,"#/op",MULTILAYER_BLOCK
"GeoDriverBenchParams.checkNearestNSWEBytesDirectInlO:iTLB-load-misses","thrpt",4,1,43.629864,NaN,"#/op",MULTILAYER_BLOCK
"GeoDriverBenchParams.checkNearestNSWEBytesDirectInlO:instructions","thrpt",4,1,4055880.827490,NaN,"#/op",MULTILAYER_BLOCK
"GeoDriverBenchParams.checkNearestNSWEBytesGen","thrpt",4,5,3077.985862,5.690514,"ops/s",RANDOM
"GeoDriverBenchParams.checkNearestNSWEBytesGen:CPI","thrpt",4,1,1.111878,NaN,"clks/insn",RANDOM
"GeoDriverBenchParams.checkNearestNSWEBytesGen:IPC","thrpt",4,1,0.899380,NaN,"insns/clk",RANDOM
"GeoDriverBenchParams.checkNearestNSWEBytesGen:L1-dcache-loads","thrpt",4,1,180261.291565,NaN,"#/op",RANDOM
"GeoDriverBenchParams.checkNearestNSWEBytesGen:L1-dcache-stores","thrpt",4,1,11507.846511,NaN,"#/op",RANDOM
"GeoDriverBenchParams.checkNearestNSWEBytesGen:L1-icache-load-misses","thrpt",4,1,806.002509,NaN,"#/op",RANDOM
"GeoDriverBenchParams.checkNearestNSWEBytesGen:L1-icache-loads","thrpt",4,1,267018.476470,NaN,"#/op",RANDOM
"GeoDriverBenchParams.checkNearestNSWEBytesGen:LLC-load-misses","thrpt",4,1,0.004498,NaN,"#/op",RANDOM
"GeoDriverBenchParams.checkNearestNSWEBytesGen:LLC-loads","thrpt",4,1,3384.054135,NaN,"#/op",RANDOM
"GeoDriverBenchParams.checkNearestNSWEBytesGen:LLC-store-misses","thrpt",4,1,0.010253,NaN,"#/op",RANDOM
"GeoDriverBenchParams.checkNearestNSWEBytesGen:LLC-stores","thrpt",4,1,67.226910,NaN,"#/op",RANDOM
"GeoDriverBenchParams.checkNearestNSWEBytesGen:branch-misses","thrpt",4,1,835.539614,NaN,"#/op",RANDOM
"GeoDriverBenchParams.checkNearestNSWEBytesGen:branches","thrpt",4,1,100131.653133,NaN,"#/op",RANDOM
"GeoDriverBenchParams.checkNearestNSWEBytesGen:cycles","thrpt",4,1,989853.493485,NaN,"#/op",RANDOM
"GeoDriverBenchParams.checkNearestNSWEBytesGen:dTLB-load-misses","thrpt",4,1,1349.021057,NaN,"#/op",RANDOM
"GeoDriverBenchParams.checkNearestNSWEBytesGen:dTLB-loads","thrpt",4,1,180414.101070,NaN,"#/op",RANDOM
"GeoDriverBenchParams.checkNearestNSWEBytesGen:dTLB-store-misses","thrpt",4,1,3.193170,NaN,"#/op",RANDOM
"GeoDriverBenchParams.checkNearestNSWEBytesGen:dTLB-stores","thrpt",4,1,11495.519986,NaN,"#/op",RANDOM
"GeoDriverBenchParams.checkNearestNSWEBytesGen:iTLB-load-misses","thrpt",4,1,35.274504,NaN,"#/op",RANDOM
"GeoDriverBenchParams.checkNearestNSWEBytesGen:instructions","thrpt",4,1,890254.003868,NaN,"#/op",RANDOM
"GeoDriverBenchParams.checkNearestNSWEBytesGen","thrpt",4,5,20817.985936,119.134781,"ops/s",FLAT_BLOCK
"GeoDriverBenchParams.checkNearestNSWEBytesGen:CPI","thrpt",4,1,0.353580,NaN,"clks/insn",FLAT_BLOCK
"GeoDriverBenchParams.checkNearestNSWEBytesGen:IPC","thrpt",4,1,2.828212,NaN,"insns/clk",FLAT_BLOCK
"GeoDriverBenchParams.checkNearestNSWEBytesGen:L1-dcache-loads","thrpt",4,1,70246.892281,NaN,"#/op",FLAT_BLOCK
"GeoDriverBenchParams.checkNearestNSWEBytesGen:L1-dcache-stores","thrpt",4,1,245.980513,NaN,"#/op",FLAT_BLOCK
"GeoDriverBenchParams.checkNearestNSWEBytesGen:L1-icache-load-misses","thrpt",4,1,18.694181,NaN,"#/op",FLAT_BLOCK
"GeoDriverBenchParams.checkNearestNSWEBytesGen:L1-icache-loads","thrpt",4,1,42039.338424,NaN,"#/op",FLAT_BLOCK
"GeoDriverBenchParams.checkNearestNSWEBytesGen:LLC-load-misses","thrpt",4,1,0.000098,NaN,"#/op",FLAT_BLOCK
"GeoDriverBenchParams.checkNearestNSWEBytesGen:LLC-loads","thrpt",4,1,2.830018,NaN,"#/op",FLAT_BLOCK
"GeoDriverBenchParams.checkNearestNSWEBytesGen:LLC-store-misses","thrpt",4,1,0.003545,NaN,"#/op",FLAT_BLOCK
"GeoDriverBenchParams.checkNearestNSWEBytesGen:LLC-stores","thrpt",4,1,0.533356,NaN,"#/op",FLAT_BLOCK
"GeoDriverBenchParams.checkNearestNSWEBytesGen:branch-misses","thrpt",4,1,13.722283,NaN,"#/op",FLAT_BLOCK
"GeoDriverBenchParams.checkNearestNSWEBytesGen:branches","thrpt",4,1,60068.676689,NaN,"#/op",FLAT_BLOCK
"GeoDriverBenchParams.checkNearestNSWEBytesGen:cycles","thrpt",4,1,148572.555997,NaN,"#/op",FLAT_BLOCK
"GeoDriverBenchParams.checkNearestNSWEBytesGen:dTLB-load-misses","thrpt",4,1,0.685348,NaN,"#/op",FLAT_BLOCK
"GeoDriverBenchParams.checkNearestNSWEBytesGen:dTLB-loads","thrpt",4,1,70325.086547,NaN,"#/op",FLAT_BLOCK
"GeoDriverBenchParams.checkNearestNSWEBytesGen:dTLB-store-misses","thrpt",4,1,0.058655,NaN,"#/op",FLAT_BLOCK
"GeoDriverBenchParams.checkNearestNSWEBytesGen:dTLB-stores","thrpt",4,1,239.173730,NaN,"#/op",FLAT_BLOCK
"GeoDriverBenchParams.checkNearestNSWEBytesGen:iTLB-load-misses","thrpt",4,1,3.740570,NaN,"#/op",FLAT_BLOCK
"GeoDriverBenchParams.checkNearestNSWEBytesGen:instructions","thrpt",4,1,420194.637725,NaN,"#/op",FLAT_BLOCK
"GeoDriverBenchParams.checkNearestNSWEBytesGen","thrpt",4,5,3869.373469,67.936692,"ops/s",COMPLEX_BLOCK
"GeoDriverBenchParams.checkNearestNSWEBytesGen:CPI","thrpt",4,1,1.125604,NaN,"clks/insn",COMPLEX_BLOCK
"GeoDriverBenchParams.checkNearestNSWEBytesGen:IPC","thrpt",4,1,0.888412,NaN,"insns/clk",COMPLEX_BLOCK
"GeoDriverBenchParams.checkNearestNSWEBytesGen:L1-dcache-loads","thrpt",4,1,112277.293035,NaN,"#/op",COMPLEX_BLOCK
"GeoDriverBenchParams.checkNearestNSWEBytesGen:L1-dcache-stores","thrpt",4,1,1176.264801,NaN,"#/op",COMPLEX_BLOCK
"GeoDriverBenchParams.checkNearestNSWEBytesGen:L1-icache-load-misses","thrpt",4,1,590.058609,NaN,"#/op",COMPLEX_BLOCK
"GeoDriverBenchParams.checkNearestNSWEBytesGen:L1-icache-loads","thrpt",4,1,229490.932452,NaN,"#/op",COMPLEX_BLOCK
"GeoDriverBenchParams.checkNearestNSWEBytesGen:LLC-load-misses","thrpt",4,1,0.001786,NaN,"#/op",COMPLEX_BLOCK
"GeoDriverBenchParams.checkNearestNSWEBytesGen:LLC-loads","thrpt",4,1,3383.014196,NaN,"#/op",COMPLEX_BLOCK
"GeoDriverBenchParams.checkNearestNSWEBytesGen:LLC-store-misses","thrpt",4,1,0.011320,NaN,"#/op",COMPLEX_BLOCK
"GeoDriverBenchParams.checkNearestNSWEBytesGen:LLC-stores","thrpt",4,1,57.490504,NaN,"#/op",COMPLEX_BLOCK
"GeoDriverBenchParams.checkNearestNSWEBytesGen:branch-misses","thrpt",4,1,23.622221,NaN,"#/op",COMPLEX_BLOCK
"GeoDriverBenchParams.checkNearestNSWEBytesGen:branches","thrpt",4,1,71469.961550,NaN,"#/op",COMPLEX_BLOCK
"GeoDriverBenchParams.checkNearestNSWEBytesGen:cycles","thrpt",4,1,787405.074832,NaN,"#/op",COMPLEX_BLOCK
"GeoDriverBenchParams.checkNearestNSWEBytesGen:dTLB-load-misses","thrpt",4,1,1338.989824,NaN,"#/op",COMPLEX_BLOCK
"GeoDriverBenchParams.checkNearestNSWEBytesGen:dTLB-loads","thrpt",4,1,112089.609490,NaN,"#/op",COMPLEX_BLOCK
"GeoDriverBenchParams.checkNearestNSWEBytesGen:dTLB-store-misses","thrpt",4,1,2.206252,NaN,"#/op",COMPLEX_BLOCK
"GeoDriverBenchParams.checkNearestNSWEBytesGen:dTLB-stores","thrpt",4,1,1241.961919,NaN,"#/op",COMPLEX_BLOCK
"GeoDriverBenchParams.checkNearestNSWEBytesGen:iTLB-load-misses","thrpt",4,1,5.261627,NaN,"#/op",COMPLEX_BLOCK
"GeoDriverBenchParams.checkNearestNSWEBytesGen:instructions","thrpt",4,1,699539.823380,NaN,"#/op",COMPLEX_BLOCK
"GeoDriverBenchParams.checkNearestNSWEBytesGen","thrpt",4,5,699.283298,2.262013,"ops/s",MULTILAYER_BLOCK
"GeoDriverBenchParams.checkNearestNSWEBytesGen:CPI","thrpt",4,1,0.967701,NaN,"clks/insn",MULTILAYER_BLOCK
"GeoDriverBenchParams.checkNearestNSWEBytesGen:IPC","thrpt",4,1,1.033377,NaN,"insns/clk",MULTILAYER_BLOCK
"GeoDriverBenchParams.checkNearestNSWEBytesGen:L1-dcache-loads","thrpt",4,1,583652.850913,NaN,"#/op",MULTILAYER_BLOCK
"GeoDriverBenchParams.checkNearestNSWEBytesGen:L1-dcache-stores","thrpt",4,1,16517.740315,NaN,"#/op",MULTILAYER_BLOCK
"GeoDriverBenchParams.checkNearestNSWEBytesGen:L1-icache-load-misses","thrpt",4,1,1571.028394,NaN,"#/op",MULTILAYER_BLOCK
"GeoDriverBenchParams.checkNearestNSWEBytesGen:L1-icache-loads","thrpt",4,1,1076130.520122,NaN,"#/op",MULTILAYER_BLOCK
"GeoDriverBenchParams.checkNearestNSWEBytesGen:LLC-load-misses","thrpt",4,1,0.004916,NaN,"#/op",MULTILAYER_BLOCK
"GeoDriverBenchParams.checkNearestNSWEBytesGen:LLC-loads","thrpt",4,1,942.481356,NaN,"#/op",MULTILAYER_BLOCK
"GeoDriverBenchParams.checkNearestNSWEBytesGen:LLC-store-misses","thrpt",4,1,0.024869,NaN,"#/op",MULTILAYER_BLOCK
"GeoDriverBenchParams.checkNearestNSWEBytesGen:LLC-stores","thrpt",4,1,54.073957,NaN,"#/op",MULTILAYER_BLOCK
"GeoDriverBenchParams.checkNearestNSWEBytesGen:branch-misses","thrpt",4,1,23582.479757,NaN,"#/op",MULTILAYER_BLOCK
"GeoDriverBenchParams.checkNearestNSWEBytesGen:branches","thrpt",4,1,666447.347710,NaN,"#/op",MULTILAYER_BLOCK
"GeoDriverBenchParams.checkNearestNSWEBytesGen:cycles","thrpt",4,1,4418299.203942,NaN,"#/op",MULTILAYER_BLOCK
"GeoDriverBenchParams.checkNearestNSWEBytesGen:dTLB-load-misses","thrpt",4,1,79.708445,NaN,"#/op",MULTILAYER_BLOCK
"GeoDriverBenchParams.checkNearestNSWEBytesGen:dTLB-loads","thrpt",4,1,583208.948243,NaN,"#/op",MULTILAYER_BLOCK
"GeoDriverBenchParams.checkNearestNSWEBytesGen:dTLB-store-misses","thrpt",4,1,1.521196,NaN,"#/op",MULTILAYER_BLOCK
"GeoDriverBenchParams.checkNearestNSWEBytesGen:dTLB-stores","thrpt",4,1,16623.340757,NaN,"#/op",MULTILAYER_BLOCK
"GeoDriverBenchParams.checkNearestNSWEBytesGen:iTLB-load-misses","thrpt",4,1,28.643625,NaN,"#/op",MULTILAYER_BLOCK
"GeoDriverBenchParams.checkNearestNSWEBytesGen:instructions","thrpt",4,1,4565768.909336,NaN,"#/op",MULTILAYER_BLOCK
"GeoDriverBenchParams.checkNearestNSWEBytesMmap","thrpt",4,5,3166.568647,14.693397,"ops/s",RANDOM
"GeoDriverBenchParams.checkNearestNSWEBytesMmap:CPI","thrpt",4,1,1.182138,NaN,"clks/insn",RANDOM
"GeoDriverBenchParams.checkNearestNSWEBytesMmap:IPC","thrpt",4,1,0.845925,NaN,"insns/clk",RANDOM
"GeoDriverBenchParams.checkNearestNSWEBytesMmap:L1-dcache-loads","thrpt",4,1,180257.088309,NaN,"#/op",RANDOM
"GeoDriverBenchParams.checkNearestNSWEBytesMmap:L1-dcache-stores","thrpt",4,1,11505.791845,NaN,"#/op",RANDOM
"GeoDriverBenchParams.checkNearestNSWEBytesMmap:L1-icache-load-misses","thrpt",4,1,808.943769,NaN,"#/op",RANDOM
"GeoDriverBenchParams.checkNearestNSWEBytesMmap:L1-icache-loads","thrpt",4,1,257372.721273,NaN,"#/op",RANDOM
"GeoDriverBenchParams.checkNearestNSWEBytesMmap:LLC-load-misses","thrpt",4,1,0.001444,NaN,"#/op",RANDOM
"GeoDriverBenchParams.checkNearestNSWEBytesMmap:LLC-loads","thrpt",4,1,3353.507350,NaN,"#/op",RANDOM
"GeoDriverBenchParams.checkNearestNSWEBytesMmap:LLC-store-misses","thrpt",4,1,0.009885,NaN,"#/op",RANDOM
"GeoDriverBenchParams.checkNearestNSWEBytesMmap:LLC-stores","thrpt",4,1,73.788197,NaN,"#/op",RANDOM
"GeoDriverBenchParams.checkNearestNSWEBytesMmap:branch-misses","thrpt",4,1,802.645834,NaN,"#/op",RANDOM
"GeoDriverBenchParams.checkNearestNSWEBytesMmap:branches","thrpt",4,1,100120.388986,NaN,"#/op",RANDOM
"GeoDriverBenchParams.checkNearestNSWEBytesMmap:cycles","thrpt",4,1,961212.557248,NaN,"#/op",RANDOM
"GeoDriverBenchParams.checkNearestNSWEBytesMmap:dTLB-load-misses","thrpt",4,1,1370.829333,NaN,"#/op",RANDOM
"GeoDriverBenchParams.checkNearestNSWEBytesMmap:dTLB-loads","thrpt",4,1,180401.590256,NaN,"#/op",RANDOM
"GeoDriverBenchParams.checkNearestNSWEBytesMmap:dTLB-store-misses","thrpt",4,1,2.414415,NaN,"#/op",RANDOM
"GeoDriverBenchParams.checkNearestNSWEBytesMmap:dTLB-stores","thrpt",4,1,11426.084158,NaN,"#/op",RANDOM
"GeoDriverBenchParams.checkNearestNSWEBytesMmap:iTLB-load-misses","thrpt",4,1,30.564006,NaN,"#/op",RANDOM
"GeoDriverBenchParams.checkNearestNSWEBytesMmap:instructions","thrpt",4,1,813113.619221,NaN,"#/op",RANDOM
"GeoDriverBenchParams.checkNearestNSWEBytesMmap","thrpt",4,5,22533.233742,176.378750,"ops/s",FLAT_BLOCK
"GeoDriverBenchParams.checkNearestNSWEBytesMmap:CPI","thrpt",4,1,0.404049,NaN,"clks/insn",FLAT_BLOCK
"GeoDriverBenchParams.checkNearestNSWEBytesMmap:IPC","thrpt",4,1,2.474947,NaN,"insns/clk",FLAT_BLOCK
"GeoDriverBenchParams.checkNearestNSWEBytesMmap:L1-dcache-loads","thrpt",4,1,50140.214247,NaN,"#/op",FLAT_BLOCK
"GeoDriverBenchParams.checkNearestNSWEBytesMmap:L1-dcache-stores","thrpt",4,1,217.207325,NaN,"#/op",FLAT_BLOCK
"GeoDriverBenchParams.checkNearestNSWEBytesMmap:L1-icache-load-misses","thrpt",4,1,15.243530,NaN,"#/op",FLAT_BLOCK
"GeoDriverBenchParams.checkNearestNSWEBytesMmap:L1-icache-loads","thrpt",4,1,42257.998075,NaN,"#/op",FLAT_BLOCK
"GeoDriverBenchParams.checkNearestNSWEBytesMmap:LLC-load-misses","thrpt",4,1,0.000077,NaN,"#/op",FLAT_BLOCK
"GeoDriverBenchParams.checkNearestNSWEBytesMmap:LLC-loads","thrpt",4,1,1.911711,NaN,"#/op",FLAT_BLOCK
"GeoDriverBenchParams.checkNearestNSWEBytesMmap:LLC-store-misses","thrpt",4,1,0.000000,NaN,"#/op",FLAT_BLOCK
"GeoDriverBenchParams.checkNearestNSWEBytesMmap:LLC-stores","thrpt",4,1,0.293330,NaN,"#/op",FLAT_BLOCK
"GeoDriverBenchParams.checkNearestNSWEBytesMmap:branch-misses","thrpt",4,1,13.000952,NaN,"#/op",FLAT_BLOCK
"GeoDriverBenchParams.checkNearestNSWEBytesMmap:branches","thrpt",4,1,59845.314709,NaN,"#/op",FLAT_BLOCK
"GeoDriverBenchParams.checkNearestNSWEBytesMmap:cycles","thrpt",4,1,137099.153984,NaN,"#/op",FLAT_BLOCK
"GeoDriverBenchParams.checkNearestNSWEBytesMmap:dTLB-load-misses","thrpt",4,1,0.696100,NaN,"#/op",FLAT_BLOCK
"GeoDriverBenchParams.checkNearestNSWEBytesMmap:dTLB-loads","thrpt",4,1,50348.421254,NaN,"#/op",FLAT_BLOCK
"GeoDriverBenchParams.checkNearestNSWEBytesMmap:dTLB-store-misses","thrpt",4,1,0.009406,NaN,"#/op",FLAT_BLOCK
"GeoDriverBenchParams.checkNearestNSWEBytesMmap:dTLB-stores","thrpt",4,1,215.476552,NaN,"#/op",FLAT_BLOCK
"GeoDriverBenchParams.checkNearestNSWEBytesMmap:iTLB-load-misses","thrpt",4,1,2.570586,NaN,"#/op",FLAT_BLOCK
"GeoDriverBenchParams.checkNearestNSWEBytesMmap:instructions","thrpt",4,1,339313.178060,NaN,"#/op",FLAT_BLOCK
"GeoDriverBenchParams.checkNearestNSWEBytesMmap","thrpt",4,5,4287.074307,195.556767,"ops/s",COMPLEX_BLOCK
"GeoDriverBenchParams.checkNearestNSWEBytesMmap:CPI","thrpt",4,1,1.188018,NaN,"clks/insn",COMPLEX_BLOCK
"GeoDriverBenchParams.checkNearestNSWEBytesMmap:IPC","thrpt",4,1,0.841738,NaN,"insns/clk",COMPLEX_BLOCK
"GeoDriverBenchParams.checkNearestNSWEBytesMmap:L1-dcache-loads","thrpt",4,1,121851.980639,NaN,"#/op",COMPLEX_BLOCK
"GeoDriverBenchParams.checkNearestNSWEBytesMmap:L1-dcache-stores","thrpt",4,1,11133.075894,NaN,"#/op",COMPLEX_BLOCK
"GeoDriverBenchParams.checkNearestNSWEBytesMmap:L1-icache-load-misses","thrpt",4,1,559.577772,NaN,"#/op",COMPLEX_BLOCK
"GeoDriverBenchParams.checkNearestNSWEBytesMmap:L1-icache-loads","thrpt",4,1,221625.493051,NaN,"#/op",COMPLEX_BLOCK
"GeoDriverBenchParams.checkNearestNSWEBytesMmap:LLC-load-misses","thrpt",4,1,0.000855,NaN,"#/op",COMPLEX_BLOCK
"GeoDriverBenchParams.checkNearestNSWEBytesMmap:LLC-loads","thrpt",4,1,3124.123637,NaN,"#/op",COMPLEX_BLOCK
"GeoDriverBenchParams.checkNearestNSWEBytesMmap:LLC-store-misses","thrpt",4,1,0.001259,NaN,"#/op",COMPLEX_BLOCK
"GeoDriverBenchParams.checkNearestNSWEBytesMmap:LLC-stores","thrpt",4,1,44.152371,NaN,"#/op",COMPLEX_BLOCK
"GeoDriverBenchParams.checkNearestNSWEBytesMmap:branch-misses","thrpt",4,1,26.051356,NaN,"#/op",COMPLEX_BLOCK
"GeoDriverBenchParams.checkNearestNSWEBytesMmap:branches","thrpt",4,1,71211.651987,NaN,"#/op",COMPLEX_BLOCK
"GeoDriverBenchParams.checkNearestNSWEBytesMmap:cycles","thrpt",4,1,710658.152287,NaN,"#/op",COMPLEX_BLOCK
"GeoDriverBenchParams.checkNearestNSWEBytesMmap:dTLB-load-misses","thrpt",4,1,1299.224064,NaN,"#/op",COMPLEX_BLOCK
"GeoDriverBenchParams.checkNearestNSWEBytesMmap:dTLB-loads","thrpt",4,1,122489.334389,NaN,"#/op",COMPLEX_BLOCK
"GeoDriverBenchParams.checkNearestNSWEBytesMmap:dTLB-store-misses","thrpt",4,1,1.664807,NaN,"#/op",COMPLEX_BLOCK
"GeoDriverBenchParams.checkNearestNSWEBytesMmap:dTLB-stores","thrpt",4,1,11128.720351,NaN,"#/op",COMPLEX_BLOCK
"GeoDriverBenchParams.checkNearestNSWEBytesMmap:iTLB-load-misses","thrpt",4,1,20.293695,NaN,"#/op",COMPLEX_BLOCK
"GeoDriverBenchParams.checkNearestNSWEBytesMmap:instructions","thrpt",4,1,598187.816399,NaN,"#/op",COMPLEX_BLOCK
"GeoDriverBenchParams.checkNearestNSWEBytesMmap","thrpt",4,5,701.594391,3.710670,"ops/s",MULTILAYER_BLOCK
"GeoDriverBenchParams.checkNearestNSWEBytesMmap:CPI","thrpt",4,1,0.976596,NaN,"clks/insn",MULTILAYER_BLOCK
"GeoDriverBenchParams.checkNearestNSWEBytesMmap:IPC","thrpt",4,1,1.023965,NaN,"insns/clk",MULTILAYER_BLOCK
"GeoDriverBenchParams.checkNearestNSWEBytesMmap:L1-dcache-loads","thrpt",4,1,583464.337099,NaN,"#/op",MULTILAYER_BLOCK
"GeoDriverBenchParams.checkNearestNSWEBytesMmap:L1-dcache-stores","thrpt",4,1,16629.773085,NaN,"#/op",MULTILAYER_BLOCK
"GeoDriverBenchParams.checkNearestNSWEBytesMmap:L1-icache-load-misses","thrpt",4,1,1493.949528,NaN,"#/op",MULTILAYER_BLOCK
"GeoDriverBenchParams.checkNearestNSWEBytesMmap:L1-icache-loads","thrpt",4,1,1092744.886319,NaN,"#/op",MULTILAYER_BLOCK
"GeoDriverBenchParams.checkNearestNSWEBytesMmap:LLC-load-misses","thrpt",4,1,0.000291,NaN,"#/op",MULTILAYER_BLOCK
"GeoDriverBenchParams.checkNearestNSWEBytesMmap:LLC-loads","thrpt",4,1,885.737190,NaN,"#/op",MULTILAYER_BLOCK
"GeoDriverBenchParams.checkNearestNSWEBytesMmap:LLC-store-misses","thrpt",4,1,0.000000,NaN,"#/op",MULTILAYER_BLOCK
"GeoDriverBenchParams.checkNearestNSWEBytesMmap:LLC-stores","thrpt",4,1,36.004084,NaN,"#/op",MULTILAYER_BLOCK
"GeoDriverBenchParams.checkNearestNSWEBytesMmap:branch-misses","thrpt",4,1,23985.735942,NaN,"#/op",MULTILAYER_BLOCK
"GeoDriverBenchParams.checkNearestNSWEBytesMmap:branches","thrpt",4,1,666129.523768,NaN,"#/op",MULTILAYER_BLOCK
"GeoDriverBenchParams.checkNearestNSWEBytesMmap:cycles","thrpt",4,1,4403196.396904,NaN,"#/op",MULTILAYER_BLOCK
"GeoDriverBenchParams.checkNearestNSWEBytesMmap:dTLB-load-misses","thrpt",4,1,97.724310,NaN,"#/op",MULTILAYER_BLOCK
"GeoDriverBenchParams.checkNearestNSWEBytesMmap:dTLB-loads","thrpt",4,1,582482.387379,NaN,"#/op",MULTILAYER_BLOCK
"GeoDriverBenchParams.checkNearestNSWEBytesMmap:dTLB-store-misses","thrpt",4,1,1.881832,NaN,"#/op",MULTILAYER_BLOCK
"GeoDriverBenchParams.checkNearestNSWEBytesMmap:dTLB-stores","thrpt",4,1,16472.269898,NaN,"#/op",MULTILAYER_BLOCK
"GeoDriverBenchParams.checkNearestNSWEBytesMmap:iTLB-load-misses","thrpt",4,1,81.913543,NaN,"#/op",MULTILAYER_BLOCK
"GeoDriverBenchParams.checkNearestNSWEBytesMmap:instructions","thrpt",4,1,4508717.682201,NaN,"#/op",MULTILAYER_BLOCK
"GeoDriverBenchParams.checkNearestNSWEFFMLong","thrpt",4,5,2267.177012,17.209017,"ops/s",RANDOM
"GeoDriverBenchParams.checkNearestNSWEFFMLong:CPI","thrpt",4,1,0.720939,NaN,"clks/insn",RANDOM
"GeoDriverBenchParams.checkNearestNSWEFFMLong:IPC","thrpt",4,1,1.387080,NaN,"insns/clk",RANDOM
"GeoDriverBenchParams.checkNearestNSWEFFMLong:L1-dcache-loads","thrpt",4,1,507719.731738,NaN,"#/op",RANDOM
"GeoDriverBenchParams.checkNearestNSWEFFMLong:L1-dcache-stores","thrpt",4,1,115358.386159,NaN,"#/op",RANDOM
"GeoDriverBenchParams.checkNearestNSWEFFMLong:L1-icache-load-misses","thrpt",4,1,853.354692,NaN,"#/op",RANDOM
"GeoDriverBenchParams.checkNearestNSWEFFMLong:L1-icache-loads","thrpt",4,1,501715.112324,NaN,"#/op",RANDOM
"GeoDriverBenchParams.checkNearestNSWEFFMLong:LLC-load-misses","thrpt",4,1,0.004625,NaN,"#/op",RANDOM
"GeoDriverBenchParams.checkNearestNSWEFFMLong:LLC-loads","thrpt",4,1,3373.029678,NaN,"#/op",RANDOM
"GeoDriverBenchParams.checkNearestNSWEFFMLong:LLC-store-misses","thrpt",4,1,0.008353,NaN,"#/op",RANDOM
"GeoDriverBenchParams.checkNearestNSWEFFMLong:LLC-stores","thrpt",4,1,81.355151,NaN,"#/op",RANDOM
"GeoDriverBenchParams.checkNearestNSWEFFMLong:branch-misses","thrpt",4,1,2257.730768,NaN,"#/op",RANDOM
"GeoDriverBenchParams.checkNearestNSWEFFMLong:branches","thrpt",4,1,327603.791441,NaN,"#/op",RANDOM
"GeoDriverBenchParams.checkNearestNSWEFFMLong:cycles","thrpt",4,1,1351079.952315,NaN,"#/op",RANDOM
"GeoDriverBenchParams.checkNearestNSWEFFMLong:dTLB-load-misses","thrpt",4,1,1321.309193,NaN,"#/op",RANDOM
"GeoDriverBenchParams.checkNearestNSWEFFMLong:dTLB-loads","thrpt",4,1,507155.691098,NaN,"#/op",RANDOM
"GeoDriverBenchParams.checkNearestNSWEFFMLong:dTLB-store-misses","thrpt",4,1,3.295927,NaN,"#/op",RANDOM
"GeoDriverBenchParams.checkNearestNSWEFFMLong:dTLB-stores","thrpt",4,1,115227.728805,NaN,"#/op",RANDOM
"GeoDriverBenchParams.checkNearestNSWEFFMLong:iTLB-load-misses","thrpt",4,1,63.724633,NaN,"#/op",RANDOM
"GeoDriverBenchParams.checkNearestNSWEFFMLong:instructions","thrpt",4,1,1874055.698591,NaN,"#/op",RANDOM
"GeoDriverBenchParams.checkNearestNSWEFFMLong","thrpt",4,5,20753.965908,140.043627,"ops/s",FLAT_BLOCK
"GeoDriverBenchParams.checkNearestNSWEFFMLong:CPI","thrpt",4,1,0.354762,NaN,"clks/insn",FLAT_BLOCK
"GeoDriverBenchParams.checkNearestNSWEFFMLong:IPC","thrpt",4,1,2.818792,NaN,"insns/clk",FLAT_BLOCK
"GeoDriverBenchParams.checkNearestNSWEFFMLong:L1-dcache-loads","thrpt",4,1,50270.326868,NaN,"#/op",FLAT_BLOCK
"GeoDriverBenchParams.checkNearestNSWEFFMLong:L1-dcache-stores","thrpt",4,1,227.257848,NaN,"#/op",FLAT_BLOCK
"GeoDriverBenchParams.checkNearestNSWEFFMLong:L1-icache-load-misses","thrpt",4,1,21.021626,NaN,"#/op",FLAT_BLOCK
"GeoDriverBenchParams.checkNearestNSWEFFMLong:L1-icache-loads","thrpt",4,1,42277.573355,NaN,"#/op",FLAT_BLOCK
"GeoDriverBenchParams.checkNearestNSWEFFMLong:LLC-load-misses","thrpt",4,1,0.000019,NaN,"#/op",FLAT_BLOCK
"GeoDriverBenchParams.checkNearestNSWEFFMLong:LLC-loads","thrpt",4,1,3.701711,NaN,"#/op",FLAT_BLOCK
"GeoDriverBenchParams.checkNearestNSWEFFMLong:LLC-store-misses","thrpt",4,1,0.001139,NaN,"#/op",FLAT_BLOCK
"GeoDriverBenchParams.checkNearestNSWEFFMLong:LLC-stores","thrpt",4,1,1.666570,NaN,"#/op",FLAT_BLOCK
"GeoDriverBenchParams.checkNearestNSWEFFMLong:branch-misses","thrpt",4,1,13.777138,NaN,"#/op",FLAT_BLOCK
"GeoDriverBenchParams.checkNearestNSWEFFMLong:branches","thrpt",4,1,60038.413304,NaN,"#/op",FLAT_BLOCK
"GeoDriverBenchParams.checkNearestNSWEFFMLong:cycles","thrpt",4,1,148949.073771,NaN,"#/op",FLAT_BLOCK
"GeoDriverBenchParams.checkNearestNSWEFFMLong:dTLB-load-misses","thrpt",4,1,1.407568,NaN,"#/op",FLAT_BLOCK
"GeoDriverBenchParams.checkNearestNSWEFFMLong:dTLB-loads","thrpt",4,1,50393.400368,NaN,"#/op",FLAT_BLOCK
"GeoDriverBenchParams.checkNearestNSWEFFMLong:dTLB-store-misses","thrpt",4,1,0.012716,NaN,"#/op",FLAT_BLOCK
"GeoDriverBenchParams.checkNearestNSWEFFMLong:dTLB-stores","thrpt",4,1,228.128800,NaN,"#/op",FLAT_BLOCK
"GeoDriverBenchParams.checkNearestNSWEFFMLong:iTLB-load-misses","thrpt",4,1,1.400017,NaN,"#/op",FLAT_BLOCK
"GeoDriverBenchParams.checkNearestNSWEFFMLong:instructions","thrpt",4,1,419856.447132,NaN,"#/op",FLAT_BLOCK
"GeoDriverBenchParams.checkNearestNSWEFFMLong","thrpt",4,5,3924.646629,71.397094,"ops/s",COMPLEX_BLOCK
"GeoDriverBenchParams.checkNearestNSWEFFMLong:CPI","thrpt",4,1,1.078639,NaN,"clks/insn",COMPLEX_BLOCK
"GeoDriverBenchParams.checkNearestNSWEFFMLong:IPC","thrpt",4,1,0.927094,NaN,"insns/clk",COMPLEX_BLOCK
"GeoDriverBenchParams.checkNearestNSWEFFMLong:L1-dcache-loads","thrpt",4,1,151955.062658,NaN,"#/op",COMPLEX_BLOCK
"GeoDriverBenchParams.checkNearestNSWEFFMLong:L1-dcache-stores","thrpt",4,1,21187.974792,NaN,"#/op",COMPLEX_BLOCK
"GeoDriverBenchParams.checkNearestNSWEFFMLong:L1-icache-load-misses","thrpt",4,1,604.989273,NaN,"#/op",COMPLEX_BLOCK
"GeoDriverBenchParams.checkNearestNSWEFFMLong:L1-icache-loads","thrpt",4,1,227290.729471,NaN,"#/op",COMPLEX_BLOCK
"GeoDriverBenchParams.checkNearestNSWEFFMLong:LLC-load-misses","thrpt",4,1,0.002542,NaN,"#/op",COMPLEX_BLOCK
"GeoDriverBenchParams.checkNearestNSWEFFMLong:LLC-loads","thrpt",4,1,3383.479772,NaN,"#/op",COMPLEX_BLOCK
"GeoDriverBenchParams.checkNearestNSWEFFMLong:LLC-store-misses","thrpt",4,1,0.016926,NaN,"#/op",COMPLEX_BLOCK
"GeoDriverBenchParams.checkNearestNSWEFFMLong:LLC-stores","thrpt",4,1,56.198914,NaN,"#/op",COMPLEX_BLOCK
"GeoDriverBenchParams.checkNearestNSWEFFMLong:branch-misses","thrpt",4,1,28.777073,NaN,"#/op",COMPLEX_BLOCK
"GeoDriverBenchParams.checkNearestNSWEFFMLong:branches","thrpt",4,1,81306.534155,NaN,"#/op",COMPLEX_BLOCK
"GeoDriverBenchParams.checkNearestNSWEFFMLong:cycles","thrpt",4,1,774574.999727,NaN,"#/op",COMPLEX_BLOCK
"GeoDriverBenchParams.checkNearestNSWEFFMLong:dTLB-load-misses","thrpt",4,1,737.942884,NaN,"#/op",COMPLEX_BLOCK
"GeoDriverBenchParams.checkNearestNSWEFFMLong:dTLB-loads","thrpt",4,1,151900.545921,NaN,"#/op",COMPLEX_BLOCK
"GeoDriverBenchParams.checkNearestNSWEFFMLong:dTLB-store-misses","thrpt",4,1,2.222457,NaN,"#/op",COMPLEX_BLOCK
"GeoDriverBenchParams.checkNearestNSWEFFMLong:dTLB-stores","thrpt",4,1,21222.440837,NaN,"#/op",COMPLEX_BLOCK
"GeoDriverBenchParams.checkNearestNSWEFFMLong:iTLB-load-misses","thrpt",4,1,33.487122,NaN,"#/op",COMPLEX_BLOCK
"GeoDriverBenchParams.checkNearestNSWEFFMLong:instructions","thrpt",4,1,718104.110042,NaN,"#/op",COMPLEX_BLOCK
"GeoDriverBenchParams.checkNearestNSWEFFMLong","thrpt",4,5,712.262445,7.217257,"ops/s",MULTILAYER_BLOCK
"GeoDriverBenchParams.checkNearestNSWEFFMLong:CPI","thrpt",4,1,0.722222,NaN,"clks/insn",MULTILAYER_BLOCK
"GeoDriverBenchParams.checkNearestNSWEFFMLong:IPC","thrpt",4,1,1.384616,NaN,"insns/clk",MULTILAYER_BLOCK
"GeoDriverBenchParams.checkNearestNSWEFFMLong:L1-dcache-loads","thrpt",4,1,1145941.187076,NaN,"#/op",MULTILAYER_BLOCK
"GeoDriverBenchParams.checkNearestNSWEFFMLong:L1-dcache-stores","thrpt",4,1,195031.299101,NaN,"#/op",MULTILAYER_BLOCK
"GeoDriverBenchParams.checkNearestNSWEFFMLong:L1-icache-load-misses","thrpt",4,1,1448.908106,NaN,"#/op",MULTILAYER_BLOCK
"GeoDriverBenchParams.checkNearestNSWEFFMLong:L1-icache-loads","thrpt",4,1,1150480.794368,NaN,"#/op",MULTILAYER_BLOCK
"GeoDriverBenchParams.checkNearestNSWEFFMLong:LLC-load-misses","thrpt",4,1,0.004159,NaN,"#/op",MULTILAYER_BLOCK
"GeoDriverBenchParams.checkNearestNSWEFFMLong:LLC-loads","thrpt",4,1,596.333763,NaN,"#/op",MULTILAYER_BLOCK
"GeoDriverBenchParams.checkNearestNSWEFFMLong:LLC-store-misses","thrpt",4,1,0.041305,NaN,"#/op",MULTILAYER_BLOCK
"GeoDriverBenchParams.checkNearestNSWEFFMLong:LLC-stores","thrpt",4,1,97.116129,NaN,"#/op",MULTILAYER_BLOCK
"GeoDriverBenchParams.checkNearestNSWEFFMLong:branch-misses","thrpt",4,1,24520.998921,NaN,"#/op",MULTILAYER_BLOCK
"GeoDriverBenchParams.checkNearestNSWEFFMLong:branches","thrpt",4,1,932544.810773,NaN,"#/op",MULTILAYER_BLOCK
"GeoDriverBenchParams.checkNearestNSWEFFMLong:cycles","thrpt",4,1,4337656.036987,NaN,"#/op",MULTILAYER_BLOCK
"GeoDriverBenchParams.checkNearestNSWEFFMLong:dTLB-load-misses","thrpt",4,1,23.879252,NaN,"#/op",MULTILAYER_BLOCK
"GeoDriverBenchParams.checkNearestNSWEFFMLong:dTLB-loads","thrpt",4,1,1145121.006767,NaN,"#/op",MULTILAYER_BLOCK
"GeoDriverBenchParams.checkNearestNSWEFFMLong:dTLB-store-misses","thrpt",4,1,0.462239,NaN,"#/op",MULTILAYER_BLOCK
"GeoDriverBenchParams.checkNearestNSWEFFMLong:dTLB-stores","thrpt",4,1,194868.950448,NaN,"#/op",MULTILAYER_BLOCK
"GeoDriverBenchParams.checkNearestNSWEFFMLong:iTLB-load-misses","thrpt",4,1,82.017701,NaN,"#/op",MULTILAYER_BLOCK
"GeoDriverBenchParams.checkNearestNSWEFFMLong:instructions","thrpt",4,1,6005988.599152,NaN,"#/op",MULTILAYER_BLOCK
"GeoDriverBenchParams.checkNearestNSWEFFMStruct","thrpt",4,5,2259.959442,22.654539,"ops/s",RANDOM
"GeoDriverBenchParams.checkNearestNSWEFFMStruct:CPI","thrpt",4,1,0.791774,NaN,"clks/insn",RANDOM
"GeoDriverBenchParams.checkNearestNSWEFFMStruct:IPC","thrpt",4,1,1.262986,NaN,"insns/clk",RANDOM
"GeoDriverBenchParams.checkNearestNSWEFFMStruct:L1-dcache-loads","thrpt",4,1,438264.096954,NaN,"#/op",RANDOM
"GeoDriverBenchParams.checkNearestNSWEFFMStruct:L1-dcache-stores","thrpt",4,1,115522.699561,NaN,"#/op",RANDOM
"GeoDriverBenchParams.checkNearestNSWEFFMStruct:L1-icache-load-misses","thrpt",4,1,908.865069,NaN,"#/op",RANDOM
"GeoDriverBenchParams.checkNearestNSWEFFMStruct:L1-icache-loads","thrpt",4,1,465437.455165,NaN,"#/op",RANDOM
"GeoDriverBenchParams.checkNearestNSWEFFMStruct:LLC-load-misses","thrpt",4,1,0.012117,NaN,"#/op",RANDOM
"GeoDriverBenchParams.checkNearestNSWEFFMStruct:LLC-loads","thrpt",4,1,3804.662768,NaN,"#/op",RANDOM
"GeoDriverBenchParams.checkNearestNSWEFFMStruct:LLC-store-misses","thrpt",4,1,0.026404,NaN,"#/op",RANDOM
"GeoDriverBenchParams.checkNearestNSWEFFMStruct:LLC-stores","thrpt",4,1,75.445096,NaN,"#/op",RANDOM
"GeoDriverBenchParams.checkNearestNSWEFFMStruct:branch-misses","thrpt",4,1,2164.929393,NaN,"#/op",RANDOM
"GeoDriverBenchParams.checkNearestNSWEFFMStruct:branches","thrpt",4,1,287934.355959,NaN,"#/op",RANDOM
"GeoDriverBenchParams.checkNearestNSWEFFMStruct:cycles","thrpt",4,1,1358858.631964,NaN,"#/op",RANDOM
"GeoDriverBenchParams.checkNearestNSWEFFMStruct:dTLB-load-misses","thrpt",4,1,1436.832215,NaN,"#/op",RANDOM
"GeoDriverBenchParams.checkNearestNSWEFFMStruct:dTLB-loads","thrpt",4,1,438922.956779,NaN,"#/op",RANDOM
"GeoDriverBenchParams.checkNearestNSWEFFMStruct:dTLB-store-misses","thrpt",4,1,3.390000,NaN,"#/op",RANDOM
"GeoDriverBenchParams.checkNearestNSWEFFMStruct:dTLB-stores","thrpt",4,1,115649.714666,NaN,"#/op",RANDOM
"GeoDriverBenchParams.checkNearestNSWEFFMStruct:iTLB-load-misses","thrpt",4,1,48.982579,NaN,"#/op",RANDOM
"GeoDriverBenchParams.checkNearestNSWEFFMStruct:instructions","thrpt",4,1,1716220.017570,NaN,"#/op",RANDOM
"GeoDriverBenchParams.checkNearestNSWEFFMStruct","thrpt",4,5,19152.461335,345.321611,"ops/s",FLAT_BLOCK
"GeoDriverBenchParams.checkNearestNSWEFFMStruct:CPI","thrpt",4,1,0.403387,NaN,"clks/insn",FLAT_BLOCK
"GeoDriverBenchParams.checkNearestNSWEFFMStruct:IPC","thrpt",4,1,2.479008,NaN,"insns/clk",FLAT_BLOCK
"GeoDriverBenchParams.checkNearestNSWEFFMStruct:L1-dcache-loads","thrpt",4,1,50308.752254,NaN,"#/op",FLAT_BLOCK
"GeoDriverBenchParams.checkNearestNSWEFFMStruct:L1-dcache-stores","thrpt",4,1,248.541097,NaN,"#/op",FLAT_BLOCK
"GeoDriverBenchParams.checkNearestNSWEFFMStruct:L1-icache-load-misses","thrpt",4,1,13.643993,NaN,"#/op",FLAT_BLOCK
"GeoDriverBenchParams.checkNearestNSWEFFMStruct:L1-icache-loads","thrpt",4,1,52455.440512,NaN,"#/op",FLAT_BLOCK
"GeoDriverBenchParams.checkNearestNSWEFFMStruct:LLC-load-misses","thrpt",4,1,0.000096,NaN,"#/op",FLAT_BLOCK
"GeoDriverBenchParams.checkNearestNSWEFFMStruct:LLC-loads","thrpt",4,1,3.791045,NaN,"#/op",FLAT_BLOCK
"GeoDriverBenchParams.checkNearestNSWEFFMStruct:LLC-store-misses","thrpt",4,1,0.008229,NaN,"#/op",FLAT_BLOCK
"GeoDriverBenchParams.checkNearestNSWEFFMStruct:LLC-stores","thrpt",4,1,1.139094,NaN,"#/op",FLAT_BLOCK
"GeoDriverBenchParams.checkNearestNSWEFFMStruct:branch-misses","thrpt",4,1,13.564789,NaN,"#/op",FLAT_BLOCK
"GeoDriverBenchParams.checkNearestNSWEFFMStruct:branches","thrpt",4,1,60006.815786,NaN,"#/op",FLAT_BLOCK
"GeoDriverBenchParams.checkNearestNSWEFFMStruct:cycles","thrpt",4,1,161271.733726,NaN,"#/op",FLAT_BLOCK
"GeoDriverBenchParams.checkNearestNSWEFFMStruct:dTLB-load-misses","thrpt",4,1,1.948591,NaN,"#/op",FLAT_BLOCK
"GeoDriverBenchParams.checkNearestNSWEFFMStruct:dTLB-loads","thrpt",4,1,50428.655922,NaN,"#/op",FLAT_BLOCK
"GeoDriverBenchParams.checkNearestNSWEFFMStruct:dTLB-store-misses","thrpt",4,1,0.070496,NaN,"#/op",FLAT_BLOCK
"GeoDriverBenchParams.checkNearestNSWEFFMStruct:dTLB-stores","thrpt",4,1,269.252559,NaN,"#/op",FLAT_BLOCK
"GeoDriverBenchParams.checkNearestNSWEFFMStruct:iTLB-load-misses","thrpt",4,1,3.343817,NaN,"#/op",FLAT_BLOCK
"GeoDriverBenchParams.checkNearestNSWEFFMStruct:instructions","thrpt",4,1,399793.921302,NaN,"#/op",FLAT_BLOCK
"GeoDriverBenchParams.checkNearestNSWEFFMStruct","thrpt",4,5,3901.345432,51.767256,"ops/s",COMPLEX_BLOCK
"GeoDriverBenchParams.checkNearestNSWEFFMStruct:CPI","thrpt",4,1,1.207147,NaN,"clks/insn",COMPLEX_BLOCK
"GeoDriverBenchParams.checkNearestNSWEFFMStruct:IPC","thrpt",4,1,0.828400,NaN,"insns/clk",COMPLEX_BLOCK
"GeoDriverBenchParams.checkNearestNSWEFFMStruct:L1-dcache-loads","thrpt",4,1,101905.025961,NaN,"#/op",COMPLEX_BLOCK
"GeoDriverBenchParams.checkNearestNSWEFFMStruct:L1-dcache-stores","thrpt",4,1,1215.267412,NaN,"#/op",COMPLEX_BLOCK
"GeoDriverBenchParams.checkNearestNSWEFFMStruct:L1-icache-load-misses","thrpt",4,1,609.011998,NaN,"#/op",COMPLEX_BLOCK
"GeoDriverBenchParams.checkNearestNSWEFFMStruct:L1-icache-loads","thrpt",4,1,231124.980822,NaN,"#/op",COMPLEX_BLOCK
"GeoDriverBenchParams.checkNearestNSWEFFMStruct:LLC-load-misses","thrpt",4,1,0.000888,NaN,"#/op",COMPLEX_BLOCK
"GeoDriverBenchParams.checkNearestNSWEFFMStruct:LLC-loads","thrpt",4,1,3758.835424,NaN,"#/op",COMPLEX_BLOCK
"GeoDriverBenchParams.checkNearestNSWEFFMStruct:LLC-store-misses","thrpt",4,1,0.009295,NaN,"#/op",COMPLEX_BLOCK
"GeoDriverBenchParams.checkNearestNSWEFFMStruct:LLC-stores","thrpt",4,1,48.913753,NaN,"#/op",COMPLEX_BLOCK
"GeoDriverBenchParams.checkNearestNSWEFFMStruct:branch-misses","thrpt",4,1,26.445240,NaN,"#/op",COMPLEX_BLOCK
"GeoDriverBenchParams.checkNearestNSWEFFMStruct:branches","thrpt",4,1,81144.433375,NaN,"#/op",COMPLEX_BLOCK
"GeoDriverBenchParams.checkNearestNSWEFFMStruct:cycles","thrpt",4,1,780780.510666,NaN,"#/op",COMPLEX_BLOCK
"GeoDriverBenchParams.checkNearestNSWEFFMStruct:dTLB-load-misses","thrpt",4,1,928.475461,NaN,"#/op",COMPLEX_BLOCK
"GeoDriverBenchParams.checkNearestNSWEFFMStruct:dTLB-loads","thrpt",4,1,102057.588049,NaN,"#/op",COMPLEX_BLOCK
"GeoDriverBenchParams.checkNearestNSWEFFMStruct:dTLB-store-misses","thrpt",4,1,1.977945,NaN,"#/op",COMPLEX_BLOCK
"GeoDriverBenchParams.checkNearestNSWEFFMStruct:dTLB-stores","thrpt",4,1,1184.138427,NaN,"#/op",COMPLEX_BLOCK
"GeoDriverBenchParams.checkNearestNSWEFFMStruct:iTLB-load-misses","thrpt",4,1,22.972524,NaN,"#/op",COMPLEX_BLOCK
"GeoDriverBenchParams.checkNearestNSWEFFMStruct:instructions","thrpt",4,1,646798.454272,NaN,"#/op",COMPLEX_BLOCK
"GeoDriverBenchParams.checkNearestNSWEFFMStruct","thrpt",4,5,713.465336,6.843655,"ops/s",MULTILAYER_BLOCK
"GeoDriverBenchParams.checkNearestNSWEFFMStruct:CPI","thrpt",4,1,0.913539,NaN,"clks/insn",MULTILAYER_BLOCK
"GeoDriverBenchParams.checkNearestNSWEFFMStruct:IPC","thrpt",4,1,1.094643,NaN,"insns/clk",MULTILAYER_BLOCK
"GeoDriverBenchParams.checkNearestNSWEFFMStruct:L1-dcache-loads","thrpt",4,1,925777.401977,NaN,"#/op",MULTILAYER_BLOCK
"GeoDriverBenchParams.checkNearestNSWEFFMStruct:L1-dcache-stores","thrpt",4,1,16625.334670,NaN,"#/op",MULTILAYER_BLOCK
"GeoDriverBenchParams.checkNearestNSWEFFMStruct:L1-icache-load-misses","thrpt",4,1,1400.770449,NaN,"#/op",MULTILAYER_BLOCK
"GeoDriverBenchParams.checkNearestNSWEFFMStruct:L1-icache-loads","thrpt",4,1,1025223.465032,NaN,"#/op",MULTILAYER_BLOCK
"GeoDriverBenchParams.checkNearestNSWEFFMStruct:LLC-load-misses","thrpt",4,1,0.002148,NaN,"#/op",MULTILAYER_BLOCK
"GeoDriverBenchParams.checkNearestNSWEFFMStruct:LLC-loads","thrpt",4,1,553.496373,NaN,"#/op",MULTILAYER_BLOCK
"GeoDriverBenchParams.checkNearestNSWEFFMStruct:LLC-store-misses","thrpt",4,1,0.033225,NaN,"#/op",MULTILAYER_BLOCK
"GeoDriverBenchParams.checkNearestNSWEFFMStruct:LLC-stores","thrpt",4,1,42.250309,NaN,"#/op",MULTILAYER_BLOCK
"GeoDriverBenchParams.checkNearestNSWEFFMStruct:branch-misses","thrpt",4,1,23790.363493,NaN,"#/op",MULTILAYER_BLOCK
"GeoDriverBenchParams.checkNearestNSWEFFMStruct:branches","thrpt",4,1,664218.134088,NaN,"#/op",MULTILAYER_BLOCK
"GeoDriverBenchParams.checkNearestNSWEFFMStruct:cycles","thrpt",4,1,4329424.619083,NaN,"#/op",MULTILAYER_BLOCK
"GeoDriverBenchParams.checkNearestNSWEFFMStruct:dTLB-load-misses","thrpt",4,1,24.368469,NaN,"#/op",MULTILAYER_BLOCK
"GeoDriverBenchParams.checkNearestNSWEFFMStruct:dTLB-loads","thrpt",4,1,925396.427411,NaN,"#/op",MULTILAYER_BLOCK
"GeoDriverBenchParams.checkNearestNSWEFFMStruct:dTLB-store-misses","thrpt",4,1,1.082251,NaN,"#/op",MULTILAYER_BLOCK
"GeoDriverBenchParams.checkNearestNSWEFFMStruct:dTLB-stores","thrpt",4,1,16243.019786,NaN,"#/op",MULTILAYER_BLOCK
"GeoDriverBenchParams.checkNearestNSWEFFMStruct:iTLB-load-misses","thrpt",4,1,92.201396,NaN,"#/op",MULTILAYER_BLOCK
"GeoDriverBenchParams.checkNearestNSWEFFMStruct:instructions","thrpt",4,1,4739176.336280,NaN,"#/op",MULTILAYER_BLOCK
"GeoDriverBenchParams.checkNearestNSWEFFM_T","thrpt",4,5,3238.507475,18.717979,"ops/s",RANDOM
"GeoDriverBenchParams.checkNearestNSWEFFM_T:CPI","thrpt",4,1,1.126823,NaN,"clks/insn",RANDOM
"GeoDriverBenchParams.checkNearestNSWEFFM_T:IPC","thrpt",4,1,0.887451,NaN,"insns/clk",RANDOM
"GeoDriverBenchParams.checkNearestNSWEFFM_T:L1-dcache-loads","thrpt",4,1,202050.937760,NaN,"#/op",RANDOM
"GeoDriverBenchParams.checkNearestNSWEFFM_T:L1-dcache-stores","thrpt",4,1,11480.146995,NaN,"#/op",RANDOM
"GeoDriverBenchParams.checkNearestNSWEFFM_T:L1-icache-load-misses","thrpt",4,1,768.429427,NaN,"#/op",RANDOM
"GeoDriverBenchParams.checkNearestNSWEFFM_T:L1-icache-loads","thrpt",4,1,277584.336874,NaN,"#/op",RANDOM
"GeoDriverBenchParams.checkNearestNSWEFFM_T:LLC-load-misses","thrpt",4,1,0.001476,NaN,"#/op",RANDOM
"GeoDriverBenchParams.checkNearestNSWEFFM_T:LLC-loads","thrpt",4,1,3147.095193,NaN,"#/op",RANDOM
"GeoDriverBenchParams.checkNearestNSWEFFM_T:LLC-store-misses","thrpt",4,1,0.009891,NaN,"#/op",RANDOM
"GeoDriverBenchParams.checkNearestNSWEFFM_T:LLC-stores","thrpt",4,1,60.511537,NaN,"#/op",RANDOM
"GeoDriverBenchParams.checkNearestNSWEFFM_T:branch-misses","thrpt",4,1,885.544402,NaN,"#/op",RANDOM
"GeoDriverBenchParams.checkNearestNSWEFFM_T:branches","thrpt",4,1,107866.152845,NaN,"#/op",RANDOM
"GeoDriverBenchParams.checkNearestNSWEFFM_T:cycles","thrpt",4,1,939667.231484,NaN,"#/op",RANDOM
"GeoDriverBenchParams.checkNearestNSWEFFM_T:dTLB-load-misses","thrpt",4,1,1283.531116,NaN,"#/op",RANDOM
"GeoDriverBenchParams.checkNearestNSWEFFM_T:dTLB-loads","thrpt",4,1,201435.354941,NaN,"#/op",RANDOM
"GeoDriverBenchParams.checkNearestNSWEFFM_T:dTLB-store-misses","thrpt",4,1,2.655106,NaN,"#/op",RANDOM
"GeoDriverBenchParams.checkNearestNSWEFFM_T:dTLB-stores","thrpt",4,1,11430.396587,NaN,"#/op",RANDOM
"GeoDriverBenchParams.checkNearestNSWEFFM_T:iTLB-load-misses","thrpt",4,1,28.411306,NaN,"#/op",RANDOM
"GeoDriverBenchParams.checkNearestNSWEFFM_T:instructions","thrpt",4,1,833908.377946,NaN,"#/op",RANDOM
"GeoDriverBenchParams.checkNearestNSWEFFM_T","thrpt",4,5,22584.130799,78.823150,"ops/s",FLAT_BLOCK
"GeoDriverBenchParams.checkNearestNSWEFFM_T:CPI","thrpt",4,1,0.402508,NaN,"clks/insn",FLAT_BLOCK
"GeoDriverBenchParams.checkNearestNSWEFFM_T:IPC","thrpt",4,1,2.484421,NaN,"insns/clk",FLAT_BLOCK
"GeoDriverBenchParams.checkNearestNSWEFFM_T:L1-dcache-loads","thrpt",4,1,50198.613710,NaN,"#/op",FLAT_BLOCK
"GeoDriverBenchParams.checkNearestNSWEFFM_T:L1-dcache-stores","thrpt",4,1,217.665297,NaN,"#/op",FLAT_BLOCK
"GeoDriverBenchParams.checkNearestNSWEFFM_T:L1-icache-load-misses","thrpt",4,1,14.240292,NaN,"#/op",FLAT_BLOCK
"GeoDriverBenchParams.checkNearestNSWEFFM_T:L1-icache-loads","thrpt",4,1,41993.247540,NaN,"#/op",FLAT_BLOCK
"GeoDriverBenchParams.checkNearestNSWEFFM_T:LLC-load-misses","thrpt",4,1,0.000041,NaN,"#/op",FLAT_BLOCK
"GeoDriverBenchParams.checkNearestNSWEFFM_T:LLC-loads","thrpt",4,1,1.399264,NaN,"#/op",FLAT_BLOCK
"GeoDriverBenchParams.checkNearestNSWEFFM_T:LLC-store-misses","thrpt",4,1,0.000550,NaN,"#/op",FLAT_BLOCK
"GeoDriverBenchParams.checkNearestNSWEFFM_T:LLC-stores","thrpt",4,1,0.408635,NaN,"#/op",FLAT_BLOCK
"GeoDriverBenchParams.checkNearestNSWEFFM_T:branch-misses","thrpt",4,1,12.792558,NaN,"#/op",FLAT_BLOCK
"GeoDriverBenchParams.checkNearestNSWEFFM_T:branches","thrpt",4,1,59992.890241,NaN,"#/op",FLAT_BLOCK
"GeoDriverBenchParams.checkNearestNSWEFFM_T:cycles","thrpt",4,1,136855.488865,NaN,"#/op",FLAT_BLOCK
"GeoDriverBenchParams.checkNearestNSWEFFM_T:dTLB-load-misses","thrpt",4,1,0.468103,NaN,"#/op",FLAT_BLOCK
"GeoDriverBenchParams.checkNearestNSWEFFM_T:dTLB-loads","thrpt",4,1,50307.699292,NaN,"#/op",FLAT_BLOCK
"GeoDriverBenchParams.checkNearestNSWEFFM_T:dTLB-store-misses","thrpt",4,1,0.006898,NaN,"#/op",FLAT_BLOCK
"GeoDriverBenchParams.checkNearestNSWEFFM_T:dTLB-stores","thrpt",4,1,212.821850,NaN,"#/op",FLAT_BLOCK
"GeoDriverBenchParams.checkNearestNSWEFFM_T:iTLB-load-misses","thrpt",4,1,1.243259,NaN,"#/op",FLAT_BLOCK
"GeoDriverBenchParams.checkNearestNSWEFFM_T:instructions","thrpt",4,1,340006.654648,NaN,"#/op",FLAT_BLOCK
"GeoDriverBenchParams.checkNearestNSWEFFM_T","thrpt",4,5,4430.819684,28.736945,"ops/s",COMPLEX_BLOCK
"GeoDriverBenchParams.checkNearestNSWEFFM_T:CPI","thrpt",4,1,1.173124,NaN,"clks/insn",COMPLEX_BLOCK
"GeoDriverBenchParams.checkNearestNSWEFFM_T:IPC","thrpt",4,1,0.852425,NaN,"insns/clk",COMPLEX_BLOCK
"GeoDriverBenchParams.checkNearestNSWEFFM_T:L1-dcache-loads","thrpt",4,1,111878.837184,NaN,"#/op",COMPLEX_BLOCK
"GeoDriverBenchParams.checkNearestNSWEFFM_T:L1-dcache-stores","thrpt",4,1,1075.645476,NaN,"#/op",COMPLEX_BLOCK
"GeoDriverBenchParams.checkNearestNSWEFFM_T:L1-icache-load-misses","thrpt",4,1,496.449895,NaN,"#/op",COMPLEX_BLOCK
"GeoDriverBenchParams.checkNearestNSWEFFM_T:L1-icache-loads","thrpt",4,1,188808.358885,NaN,"#/op",COMPLEX_BLOCK
"GeoDriverBenchParams.checkNearestNSWEFFM_T:LLC-load-misses","thrpt",4,1,0.000092,NaN,"#/op",COMPLEX_BLOCK
"GeoDriverBenchParams.checkNearestNSWEFFM_T:LLC-loads","thrpt",4,1,2992.436607,NaN,"#/op",COMPLEX_BLOCK
"GeoDriverBenchParams.checkNearestNSWEFFM_T:LLC-store-misses","thrpt",4,1,0.005098,NaN,"#/op",COMPLEX_BLOCK
"GeoDriverBenchParams.checkNearestNSWEFFM_T:LLC-stores","thrpt",4,1,40.156527,NaN,"#/op",COMPLEX_BLOCK
"GeoDriverBenchParams.checkNearestNSWEFFM_T:branch-misses","thrpt",4,1,24.269803,NaN,"#/op",COMPLEX_BLOCK
"GeoDriverBenchParams.checkNearestNSWEFFM_T:branches","thrpt",4,1,81160.445483,NaN,"#/op",COMPLEX_BLOCK
"GeoDriverBenchParams.checkNearestNSWEFFM_T:cycles","thrpt",4,1,688726.164899,NaN,"#/op",COMPLEX_BLOCK
"GeoDriverBenchParams.checkNearestNSWEFFM_T:dTLB-load-misses","thrpt",4,1,762.054453,NaN,"#/op",COMPLEX_BLOCK
"GeoDriverBenchParams.checkNearestNSWEFFM_T:dTLB-loads","thrpt",4,1,111903.321456,NaN,"#/op",COMPLEX_BLOCK
"GeoDriverBenchParams.checkNearestNSWEFFM_T:dTLB-store-misses","thrpt",4,1,1.945992,NaN,"#/op",COMPLEX_BLOCK
"GeoDriverBenchParams.checkNearestNSWEFFM_T:dTLB-stores","thrpt",4,1,1066.501194,NaN,"#/op",COMPLEX_BLOCK
"GeoDriverBenchParams.checkNearestNSWEFFM_T:iTLB-load-misses","thrpt",4,1,11.001433,NaN,"#/op",COMPLEX_BLOCK
"GeoDriverBenchParams.checkNearestNSWEFFM_T:instructions","thrpt",4,1,587087.435801,NaN,"#/op",COMPLEX_BLOCK
"GeoDriverBenchParams.checkNearestNSWEFFM_T","thrpt",4,5,738.362140,5.928886,"ops/s",MULTILAYER_BLOCK
"GeoDriverBenchParams.checkNearestNSWEFFM_T:CPI","thrpt",4,1,0.864526,NaN,"clks/insn",MULTILAYER_BLOCK
"GeoDriverBenchParams.checkNearestNSWEFFM_T:IPC","thrpt",4,1,1.156703,NaN,"insns/clk",MULTILAYER_BLOCK
"GeoDriverBenchParams.checkNearestNSWEFFM_T:L1-dcache-loads","thrpt",4,1,925120.323923,NaN,"#/op",MULTILAYER_BLOCK
"GeoDriverBenchParams.checkNearestNSWEFFM_T:L1-dcache-stores","thrpt",4,1,16259.857736,NaN,"#/op",MULTILAYER_BLOCK
"GeoDriverBenchParams.checkNearestNSWEFFM_T:L1-icache-load-misses","thrpt",4,1,1281.785959,NaN,"#/op",MULTILAYER_BLOCK
"GeoDriverBenchParams.checkNearestNSWEFFM_T:L1-icache-loads","thrpt",4,1,1067139.817894,NaN,"#/op",MULTILAYER_BLOCK
"GeoDriverBenchParams.checkNearestNSWEFFM_T:LLC-load-misses","thrpt",4,1,0.003321,NaN,"#/op",MULTILAYER_BLOCK
"GeoDriverBenchParams.checkNearestNSWEFFM_T:LLC-loads","thrpt",4,1,466.845142,NaN,"#/op",MULTILAYER_BLOCK
"GeoDriverBenchParams.checkNearestNSWEFFM_T:LLC-store-misses","thrpt",4,1,0.060323,NaN,"#/op",MULTILAYER_BLOCK
"GeoDriverBenchParams.checkNearestNSWEFFM_T:LLC-stores","thrpt",4,1,35.746565,NaN,"#/op",MULTILAYER_BLOCK
"GeoDriverBenchParams.checkNearestNSWEFFM_T:branch-misses","thrpt",4,1,23725.582428,NaN,"#/op",MULTILAYER_BLOCK
"GeoDriverBenchParams.checkNearestNSWEFFM_T:branches","thrpt",4,1,673958.769598,NaN,"#/op",MULTILAYER_BLOCK
"GeoDriverBenchParams.checkNearestNSWEFFM_T:cycles","thrpt",4,1,4193551.269791,NaN,"#/op",MULTILAYER_BLOCK
"GeoDriverBenchParams.checkNearestNSWEFFM_T:dTLB-load-misses","thrpt",4,1,23.356854,NaN,"#/op",MULTILAYER_BLOCK
"GeoDriverBenchParams.checkNearestNSWEFFM_T:dTLB-loads","thrpt",4,1,925765.316783,NaN,"#/op",MULTILAYER_BLOCK
"GeoDriverBenchParams.checkNearestNSWEFFM_T:dTLB-store-misses","thrpt",4,1,0.366918,NaN,"#/op",MULTILAYER_BLOCK
"GeoDriverBenchParams.checkNearestNSWEFFM_T:dTLB-stores","thrpt",4,1,16316.325902,NaN,"#/op",MULTILAYER_BLOCK
"GeoDriverBenchParams.checkNearestNSWEFFM_T:iTLB-load-misses","thrpt",4,1,47.517413,NaN,"#/op",MULTILAYER_BLOCK
"GeoDriverBenchParams.checkNearestNSWEFFM_T:instructions","thrpt",4,1,4850692.010852,NaN,"#/op",MULTILAYER_BLOCK
