107989;-169948;47709;26242;2;2
124183;-189525;48721;25018;1;2
118303;-169062;48353;26297;8;2
113192;-166839;48034;26436;1;2
107668;-182631;47689;25449;8;2
124234;-188075;48724;25109;8;2
114362;-172593;48107;26076;2;2
108103;-175723;47716;25881;1;2
128121;-174010;48967;25988;4;2
103186;-167869;47409;26372;8;2
118131;-166719;48343;26444;1;2
102763;-180208;47382;25601;2;2
109438;-164034;47799;26611;4;2
123614;-188261;48685;25097;4;2
127287;-166683;48915;26446;2;2
129377;-163957;49046;26616;8;2
118765;-165811;48382;26500;4;2
113800;-185657;48072;25260;1;2
106002;-165144;47585;26542;1;2
114062;-184866;48088;25309;2;2
102678;-176361;47377;25841;1;2
117361;-189794;48295;25001;2;2
116785;-169610;48259;26263;8;2
125739;-185090;48818;25295;1;2
123475;-189247;48677;25036;1;2
119118;-191255;48404;24910;2;2
123827;-180937;48699;25555;2;2
125290;-195385;48790;24652;1;2
105014;-190241;47523;24973;4;2
113232;-186155;48037;25229;2;2
122218;-185521;48598;25268;2;2
117818;-170615;48323;26200;4;2
126983;-184584;48896;25327;8;2
116178;-188417;48221;25087;8;2
107731;-171618;47693;26137;4;2
106595;-164599;47622;26576;4;2
114555;-187479;48119;25146;1;2
128890;-179665;49015;25634;4;2
118488;-165260;48365;26535;8;2
127358;-183177;48919;25415;1;2
113998;-170133;48084;26230;4;2
117020;-192017;48273;24862;4;2
128539;-184438;48993;25336;1;2
114249;-185767;48100;25253;2;2
103149;-177977;47406;25740;8;2
105116;-191208;47529;24913;4;2
123191;-173316;48659;26031;2;2
109317;-179999;47792;25614;4;2
122422;-186229;48611;25224;1;2
125328;-165383;48793;26527;2;2
118213;-181701;48348;25507;2;2
103023;-167667;47398;26384;1;2
123175;-181570;48658;25515;2;2
109617;-189453;47811;25023;1;2
108092;-192416;47715;24838;4;2
128209;-169513;48973;26269;4;2
121815;-177123;48573;25793;2;2
104484;-190045;47490;24986;8;2
123038;-170731;48649;26193;8;2
121716;-184534;48567;25330;4;2
107075;-168464;47652;26335;2;2
120008;-180758;48460;25566;8;2
128449;-169633;48988;26261;4;2
118013;-168498;48335;26332;1;2
104034;-170213;47462;26225;1;2
121705;-178454;48566;25710;8;2
115569;-168432;48183;26337;2;2
124286;-168611;48727;26325;8;2
104704;-175395;47504;25901;2;2
115614;-163854;48185;26623;1;2
102685;-175483;47377;25896;4;2
117133;-190415;48280;24963;4;2
129704;-186630;49066;25199;8;2
127382;-182120;48921;25481;4;2
107420;-184928;47673;25306;1;2
106726;-196489;47630;24583;8;2
107106;-176695;47654;25820;8;2
113537;-188437;48056;25086;4;2
125708;-188340;48816;25092;1;2
107489;-196399;47678;24589;1;2
104410;-164184;47485;26602;8;2
118714;-185083;48379;25296;2;2
101958;-174090;47332;25983;8;2
107884;-189261;47702;25035;2;2
121756;-166757;48569;26441;4;2
130032;-183253;49087;25410;1;2
130049;-173047;49088;26048;2;2
107397;-178076;47672;25734;8;2
113367;-167355;48045;26404;1;2
127318;-167846;48917;26373;2;2
124438;-180578;48737;25577;4;2
99978;-170982;47208;26177;2;2
108312;-188851;47729;25060;2;2
105549;-182645;47556;25448;4;2
109817;-187443;47823;25148;8;2
129708;-178333;49066;25718;2;2
123939;-170708;48706;26194;4;2
113995;-166577;48084;26452;2;2
111048;-172688;47900;26071;4;2
114277;-186981;48102;25177;4;2
103378;-181234;47421;25536;2;2
124186;-186653;48721;25198;2;2
107535;-187680;47680;25134;4;2
129764;-164193;49070;26601;8;2
119366;-171838;48420;26124;2;2
106150;-182448;47594;25461;4;2
106073;-185401;47589;25276;8;2
112296;-190998;47978;24926;1;2
115989;-186161;48209;25228;2;2
105293;-175242;47540;25911;2;2
110983;-178871;47896;25684;1;2
123684;-167511;48690;26394;8;2
103994;-181280;47459;25534;1;2
105837;-164322;47574;26593;8;2
99381;-183390;47171;25402;1;2
112220;-178061;47973;25735;1;2
113558;-196273;48057;24596;1;2
117439;-165990;48299;26489;8;2
116651;-168536;48250;26330;4;2
103048;-178856;47400;25685;2;2
119264;-190769;48414;24940;4;2
130478;-167743;49114;26380;4;2
110409;-172134;47860;26105;2;2
118449;-182643;48363;25448;4;2
107716;-185919;47692;25244;1;2
111359;-177709;47919;25757;1;2
127229;-190736;48911;24943;4;2
127359;-165453;48919;26523;1;2
108541;-183194;47743;25414;2;2
121821;-195516;48573;24644;8;2
122854;-165525;48638;26518;4;2
106701;-192813;47628;24813;4;2
126025;-189525;48836;25018;1;2
106010;-184736;47585;25318;2;2
124821;-189872;48761;24997;1;2
103706;-182403;47441;25463;2;2
109590;-189578;47809;25015;8;2
119039;-184746;48399;25317;8;2
112463;-171887;47988;26121;1;2
105197;-173620;47534;26012;4;2
111445;-175363;47925;25903;8;2
109361;-188870;47795;25059;1;2
113616;-178774;48061;25690;1;2
116545;-188250;48244;25098;8;2
102562;-173027;47370;26049;8;2
108384;-192101;47734;24857;2;2
126196;-187863;48847;25122;4;2
114119;-165686;48092;26508;1;2
119784;-177374;48446;25778;8;2
113942;-189618;48081;25012;4;2
123082;-186016;48652;25238;2;2
113338;-173407;48043;26026;2;2
113741;-174942;48068;25930;8;2
126000;-193326;48835;24781;2;2
129561;-194274;49057;24721;4;2
108832;-189229;47762;25037;4;2
122755;-189174;48632;25040;8;2
128829;-165612;49011;26513;4;2
112068;-181217;47964;25537;1;2
118822;-170407;48386;26213;4;2
102158;-178372;47344;25715;4;2
118428;-190383;48361;24965;1;2
124802;-194327;48760;24718;2;2
108234;-175699;47724;25882;8;2
127775;-190504;48945;24957;4;2
125774;-164420;48820;26587;8;2
118665;-187469;48376;25147;2;2
111215;-165946;47910;26492;8;2
114093;-179102;48090;25670;2;2
111337;-196039;47918;24611;2;2
114768;-183971;48133;25365;8;2
124622;-166390;48748;26464;1;2
127284;-167708;48915;26382;8;2
112614;-177397;47998;25776;4;2
107782;-169288;47696;26283;4;2
102871;-170232;47389;26224;4;2
115189;-190854;48159;24935;1;2
103430;-183760;47424;25379;1;2
122997;-196206;48647;24601;2;2
112839;-166744;48012;26442;2;2
121978;-179901;48583;25620;8;2
107285;-192201;47665;24851;1;2
111673;-186843;47939;25186;1;2
124351;-166498;48731;26457;8;2
100405;-179643;47235;25636;1;2
104563;-179782;47495;25627;1;2
109330;-195537;47793;24642;4;2
119942;-170608;48456;26201;2;2
125227;-165501;48786;26520;4;2
112829;-172210;48011;26100;2;2
121356;-170934;48544;26180;1;2
122053;-189796;48588;25001;8;2
118197;-172886;48347;26058;4;2
108380;-178740;47733;25692;2;2
123576;-168020;48683;26362;2;2
100747;-183632;47256;25387;4;2
112983;-183815;48021;25375;8;2
111560;-195052;47932;24673;1;2
124988;-192027;48771;24862;4;2
130899;-169977;49141;26240;4;2
127560;-168832;48932;26312;4;2
113254;-195716;48038;24631;8;2
114305;-186477;48104;25209;8;2
130144;-178809;49094;25688;1;2
106846;-187872;47637;25122;4;2
124427;-183191;48736;25414;8;2
129022;-173585;49023;26014;2;2
119773;-181106;48445;25544;2;2
103415;-164189;47423;26602;2;2
113419;-168008;48048;26363;2;2
110209;-164246;47848;26598;2;2
103716;-182956;47442;25429;8;2
101534;-181612;47305;25513;8;2
119048;-181024;48400;25550;4;2
108080;-193944;47715;24742;8;2
101048;-185961;47275;25241;1;2
105426;-184239;47549;25349;1;2
121382;-166743;48546;26442;2;2
115323;-188687;48167;25071;1;2
100687;-179096;47252;25670;1;2
125065;-180951;48776;25554;4;2
111055;-183093;47900;25420;4;2
117592;-188434;48309;25086;1;2
126903;-174183;48891;25977;8;2
129087;-177222;49027;25787;2;2
123719;-177223;48692;25787;8;2
114879;-184210;48139;25350;8;2
98633;-175444;47124;25898;2;2
105055;-180047;47525;25611;8;2
121899;-184801;48578;25313;1;2
117785;-173332;48321;26030;1;2
128548;-186034;48994;25236;4;2
112431;-186929;47986;25180;8;2
119487;-178876;48427;25684;2;2
107401;-178593;47672;25701;1;2
105577;-169162;47558;26291;2;2
116365;-164099;48232;26607;1;2
109434;-176464;47799;25835;4;2
123976;-173554;48708;26016;4;2
113384;-165656;48046;26510;8;2
103146;-167741;47406;26380;1;2
100170;-166301;47220;26470;2;2
101395;-164449;47297;26585;2;2
119025;-189312;48399;25032;2;2
101578;-180317;47308;25594;2;2
103044;-176013;47400;25863;2;2
126769;-172198;48883;26101;1;2
113156;-194286;48032;24721;4;2
126853;-188914;48888;25056;1;2
121456;-174564;48551;25953;1;2
121166;-179421;48532;25650;4;2
101262;-165414;47288;26525;2;2
113541;-184204;48056;25351;8;2
122224;-164083;48599;26608;4;2
101497;-165766;47303;26503;4;2
119886;-189887;48452;24996;2;2
104672;-183029;47502;25424;2;2
108849;-178990;47763;25677;1;2
129894;-178757;49078;25691;1;2
118828;-167812;48386;26375;1;2
112520;-183302;47992;25407;8;2
124876;-184330;48764;25343;4;2
123106;-196273;48654;24596;8;2
111092;-174225;47903;25974;2;2
128937;-175617;49018;25887;2;2
119791;-181262;48446;25535;4;2
121468;-189648;48551;25011;1;2
120040;-166581;48462;26452;1;2
103816;-176536;47448;25830;8;2
111110;-183115;47904;25419;8;2
107792;-186151;47697;25229;8;2
100791;-184109;47259;25357;1;2
102975;-164297;47395;26595;4;2
106581;-171797;47621;26126;4;2
107535;-181957;47680;25491;1;2
110794;-182926;47884;25431;2;2
106987;-192987;47646;24802;8;2
118951;-169712;48394;26257;8;2
129401;-175982;49047;25865;4;2
105444;-164425;47550;26587;8;2
102151;-177150;47344;25792;1;2
109038;-184261;47774;25347;4;2
108068;-188503;47714;25082;4;2
126056;-166496;48838;26458;1;2
130033;-183270;49087;25409;2;2
125582;-194503;48808;24707;8;2
113597;-180357;48059;25591;2;2
122845;-190805;48637;24938;8;2
117506;-185521;48304;25268;2;2
100887;-173813;47265;26000;1;2
100875;-174467;47264;25959;1;2
99763;-176209;47195;25850;4;2
119727;-181419;48442;25525;8;2
120932;-193921;48518;24743;8;2
125610;-192927;48810;24806;1;2
122607;-175273;48622;25909;8;2
117524;-188270;48305;25097;4;2
113455;-190251;48050;24973;2;2
106128;-189511;47593;25019;2;2
123263;-184837;48663;25311;8;2
122489;-166059;48615;26485;1;2
128737;-168625;49006;26324;8;2
124651;-165563;48750;26516;2;2
128805;-167147;49010;26417;2;2
113150;-167534;48031;26393;4;2
116303;-187005;48228;25176;8;2
126837;-195492;48887;24645;1;2
105890;-186396;47578;25214;4;2
108570;-185087;47745;25296;2;2
110821;-179591;47886;25639;2;2
105255;-193637;47538;24761;8;2
100206;-176109;47222;25857;1;2
125029;-169661;48774;26260;8;2
103155;-179436;47407;25649;4;2
124803;-179371;48760;25653;1;2
126592;-182726;48872;25443;1;2
99118;-175825;47154;25874;8;2
107540;-184838;47681;25311;2;2
117561;-165997;48307;26489;4;2
114705;-166967;48129;26428;8;2
119096;-182405;48403;25463;1;2
116116;-166996;48217;26426;4;2
128360;-170520;48982;26206;4;2
128317;-169214;48979;26288;8;2
126875;-192645;48889;24823;4;2
107193;-181547;47659;25517;1;2
125593;-194421;48809;24712;1;2
120069;-172102;48464;26107;2;2
127918;-195154;48954;24666;4;2
109744;-179045;47819;25673;2;2
119848;-177477;48450;25771;8;2
126256;-183000;48851;25426;1;2
115044;-164204;48150;26601;4;2
101682;-170346;47315;26217;2;2
128922;-165474;49017;26521;1;2
129893;-167392;49078;26402;2;2
123039;-175778;48649;25877;8;2
112762;-194457;48007;24710;8;2
113056;-179918;48026;25619;8;2
126892;-184364;48890;25341;8;2
126107;-190869;48841;24934;8;2
130943;-172782;49143;26065;4;2
112863;-189143;48013;25042;2;2
112700;-191249;48003;24910;1;2
116477;-194567;48239;24703;8;2
128435;-167005;48987;26426;1;2
123522;-183552;48680;25392;2;2
125704;-177444;48816;25773;8;2
112286;-182243;47977;25473;2;2
103697;-172576;47441;26078;4;2
123049;-170784;48650;26190;4;2
122291;-188797;48603;25064;8;2
107230;-167513;47661;26394;8;2
130067;-168970;49089;26303;4;2
114646;-195878;48125;24621;2;2
120855;-180690;48513;25570;1;2
112247;-196458;47975;24585;8;2
117134;-171149;48280;26167;4;2
126516;-164241;48867;26598;1;2
102117;-174999;47342;25926;2;2
116123;-166802;48217;26438;2;2
102060;-175359;47338;25904;2;2
105456;-166761;47551;26441;2;2
109017;-167148;47773;26417;1;2
129287;-175242;49040;25911;8;2
99606;-173121;47185;26043;2;2
113018;-180770;48023;25565;1;2
123780;-176241;48696;25848;8;2
123777;-187121;48696;25168;8;2
128672;-183498;49002;25395;8;2
122847;-195511;48637;24644;8;2
112488;-164239;47990;26599;8;2
120314;-175587;48479;25889;4;2
105889;-186826;47578;25187;4;2
127758;-176529;48944;25830;1;2
106427;-172209;47611;26100;8;2
114193;-175892;48097;25870;8;2
118935;-165566;48393;26516;8;2
120681;-169464;48502;26272;4;2
101225;-179901;47286;25620;8;2
114037;-166141;48087;26480;2;2
108199;-189394;47722;25026;2;2
106890;-184828;47640;25312;1;2
112511;-172156;47991;26104;4;2
121195;-166211;48534;26475;1;2
106159;-177647;47594;25761;1;2
107762;-179443;47695;25648;1;2
124761;-181698;48757;25507;8;2
112465;-179690;47989;25633;2;2
118112;-180507;48342;25582;4;2
109011;-193816;47773;24750;1;2
118103;-187218;48341;25162;4;2
106921;-187913;47642;25119;1;2
129176;-168100;49033;26357;1;2
106914;-165586;47642;26514;8;2
123296;-165318;48666;26531;1;2
127425;-186429;48924;25212;2;2
121138;-174914;48531;25931;4;2
115539;-166844;48181;26436;2;2
126368;-191592;48858;24889;1;2
112777;-179014;48008;25675;8;2
121340;-178371;48543;25715;2;2
110356;-176426;47857;25837;8;2
127401;-177180;48922;25790;4;2
110651;-180658;47875;25572;2;2
113419;-166399;48048;26464;8;2
128137;-173513;48968;26019;8;2
102177;-180759;47346;25566;2;2
109120;-191670;47780;24884;4;2
113565;-188749;48057;25067;4;2
127856;-178450;48951;25710;1;2
105552;-191534;47557;24893;2;2
111548;-192367;47931;24841;4;2
113082;-188853;48027;25060;2;2
121715;-180311;48567;25594;1;2
104386;-181925;47484;25493;2;2
112956;-180055;48019;25610;8;2
113254;-194734;48038;24693;4;2
105179;-165034;47533;26549;1;2
103497;-171150;47428;26167;2;2
104732;-167060;47505;26422;8;2
118236;-180425;48349;25587;4;2
104550;-165194;47494;26539;2;2
128671;-177813;49001;25750;4;2
127404;-191535;48922;24893;1;2
119607;-164634;48435;26574;8;2
127342;-190931;48918;24930;4;2
112067;-184294;47964;25345;1;2
109921;-177296;47830;25783;8;2
115094;-192983;48153;24802;8;2
108820;-177950;47761;25742;4;2
128325;-164371;48980;26590;1;2
125049;-164297;48775;26595;2;2
112681;-190209;48002;24975;1;2
121130;-165357;48530;26529;2;2
118790;-169293;48384;26283;4;2
127258;-164453;48913;26585;8;2
112437;-179486;47987;25646;4;2
109731;-177588;47818;25764;1;2
123939;-175710;48706;25882;1;2
116926;-185011;48267;25300;2;2
100010;-176593;47210;25826;1;2
126134;-191947;48843;24867;1;2
106811;-189620;47635;25012;1;2
122222;-174447;48598;25961;2;2
124551;-191165;48744;24916;1;2
100978;-174117;47271;25981;2;2
99969;-171824;47208;26125;2;2
106945;-167007;47644;26426;4;2
128582;-183234;48996;25411;4;2
124591;-190996;48746;24926;8;2
121162;-177315;48532;25781;4;2
123369;-184495;48670;25333;1;2
113183;-168957;48033;26304;8;2
99355;-167815;47169;26375;8;2
122970;-167653;48645;26385;4;2
105917;-178435;47579;25711;4;2
113729;-194309;48068;24719;8;2
99886;-171665;47202;26134;8;2
101535;-179641;47305;25636;1;2
104123;-176919;47467;25806;8;2
117939;-190788;48331;24939;4;2
99843;-172710;47200;26069;2;2
122885;-175050;48640;25923;1;2
124380;-192003;48733;24863;2;2
117623;-184472;48311;25334;4;2
123329;-169093;48668;26295;8;2
115611;-192369;48185;24840;8;2
128295;-167862;48978;26372;1;2
117329;-166142;48293;26480;4;2
105281;-190520;47540;24956;1;2
126288;-179143;48853;25667;1;2
114674;-193633;48127;24761;1;2
110630;-186676;47874;25196;8;2
118941;-190421;48393;24962;2;2
121571;-178718;48558;25694;4;2
119847;-167020;48450;26425;8;2
107037;-194084;47649;24733;8;2
121384;-191924;48546;24868;8;2
100432;-166289;47237;26470;1;2
124957;-182408;48769;25463;8;2
120318;-185066;48479;25297;2;2
124538;-184629;48743;25324;4;2
106876;-190658;47639;24947;1;2
126637;-184034;48874;25361;2;2
127657;-169114;48938;26294;8;2
100411;-180528;47235;25581;2;2
127471;-165025;48926;26549;8;2
124386;-188932;48734;25055;1;2
124943;-166034;48768;26486;4;2
122029;-176774;48586;25815;2;2
130354;-165971;49107;26490;2;2
100896;-166478;47266;26459;2;2
109254;-186288;47788;25221;8;2
119068;-180372;48401;25590;4;2
113815;-179514;48073;25644;1;2
126699;-174748;48878;25942;1;2
129568;-172691;49058;26070;8;2
118670;-165785;48376;26502;8;2
122675;-172843;48627;26061;2;2
103982;-164894;47458;26558;8;2
127591;-170150;48934;26229;2;2
106601;-182537;47622;25455;8;2
129023;-164535;49023;26580;1;2
105847;-187159;47575;25166;1;2
118369;-164483;48358;26583;1;2
107327;-188615;47667;25075;1;2
118244;-187716;48350;25131;8;2
111460;-194720;47926;24694;2;2
127192;-185889;48909;25245;2;2
126891;-177443;48890;25773;8;2
106420;-185346;47611;25279;8;2
128242;-171908;48975;26119;2;2
108719;-195008;47754;24676;8;2
101399;-170716;47297;26194;2;2
125959;-170270;48832;26222;2;2
105636;-178000;47562;25739;8;2
110077;-190986;47839;24927;8;2
115743;-185548;48193;25267;4;2
106027;-181386;47586;25527;2;2
127265;-167522;48914;26393;1;2
114355;-176415;48107;25838;8;2
124374;-189531;48733;25018;4;2
123598;-185340;48684;25280;1;2
125609;-190095;48810;24983;1;2
101316;-164423;47292;26587;8;2
110599;-196183;47872;24602;8;2
108080;-181758;47715;25504;2;2
106728;-191291;47630;24908;8;2
127891;-179238;48953;25661;8;2
117344;-165650;48294;26510;1;2
105488;-189164;47553;25041;1;2
129519;-166761;49054;26441;4;2
111380;-191689;47921;24883;4;2
121316;-183276;48542;25409;1;2
107253;-172056;47663;26110;1;2
108493;-190496;47740;24958;4;2
122392;-189337;48609;25030;2;2
117812;-180896;48323;25558;4;2
100314;-165420;47229;26525;4;2
122107;-187102;48591;25170;1;2
107810;-166320;47698;26469;2;2
123350;-164763;48669;26566;8;2
124255;-186245;48725;25223;4;2
115681;-180343;48190;25592;8;2
122320;-182710;48605;25444;1;2
112528;-186770;47993;25190;8;2
116837;-168294;48262;26345;4;2
122283;-187195;48602;25164;2;2
110159;-189789;47844;25002;1;2
113591;-194598;48059;24701;2;2
107829;-179764;47699;25628;2;2
102697;-179496;47378;25645;8;2
118353;-174644;48357;25948;2;2
107765;-195185;47695;24664;1;2
120483;-183641;48490;25386;8;2
111690;-184946;47940;25304;8;2
101489;-172044;47303;26111;8;2
125871;-183767;48826;25378;1;2
122447;-183629;48612;25387;1;2
111368;-192247;47920;24848;8;2
127500;-176672;48928;25822;4;2
123699;-188968;48691;25053;2;2
120176;-174423;48471;25962;4;2
111901;-187934;47953;25118;1;2
105058;-168833;47526;26311;2;2
102813;-174099;47385;25982;8;2
110994;-188485;47897;25083;8;2
113485;-183523;48052;25393;8;2
103347;-178053;47419;25735;4;2
125273;-166819;48789;26437;8;2
104781;-172500;47508;26082;1;2
121549;-174063;48556;25985;8;2
114116;-187280;48092;25159;4;2
102446;-173247;47362;26036;2;2
125374;-177968;48795;25741;8;2
122879;-191326;48639;24906;4;2
105998;-166157;47584;26479;4;2
98567;-175363;47120;25903;1;2
117384;-166299;48296;26470;8;2
110547;-189985;47869;24989;2;2
107231;-182823;47661;25437;4;2
123494;-188023;48678;25112;4;2
107748;-166144;47694;26480;4;2
110894;-181361;47890;25528;1;2
99951;-171115;47206;26169;4;2
107529;-188270;47680;25097;4;2
127895;-171285;48953;26158;4;2
109290;-164327;47790;26593;4;2
120556;-169406;48494;26276;2;2
119162;-175883;48407;25871;2;2
122725;-176297;48630;25845;1;2
99678;-167680;47189;26384;1;2
124022;-190979;48711;24927;1;2
116923;-164253;48267;26598;8;2
102555;-164330;47369;26593;2;2
115508;-188474;48179;25084;8;2
126436;-171811;48862;26125;1;2
122197;-175332;48597;25905;8;2
128081;-164355;48965;26591;4;2
107831;-169103;47699;26295;8;2
107643;-181124;47687;25543;4;2
115023;-192844;48148;24811;8;2
99506;-177184;47179;25790;4;2
113787;-164469;48071;26584;1;2
106844;-163870;47637;26622;1;2
107910;-182231;47704;25474;8;2
101259;-178969;47288;25678;2;2
122229;-194879;48599;24684;2;2
105394;-177752;47547;25754;8;2
105060;-181157;47526;25541;1;2
101583;-166522;47308;26456;1;2
110228;-165642;47849;26511;8;2
112772;-178269;48008;25722;1;2
128051;-166781;48963;26440;4;2
98624;-178595;47124;25701;4;2
109666;-187621;47814;25137;2;2
118950;-175890;48394;25870;2;2
111894;-190866;47953;24934;2;2
102010;-180271;47335;25597;2;2
109969;-177896;47833;25745;1;2
109964;-181359;47832;25529;8;2
119527;-183312;48430;25407;1;2
130121;-182978;49092;25427;4;2
108351;-184092;47731;25358;8;2
128411;-180600;48985;25576;1;2
120506;-180271;48491;25597;2;2
105810;-166534;47573;26455;2;2
125518;-169126;48804;26293;2;2
108570;-172137;47745;26105;1;2
128394;-165353;48984;26529;4;2
125982;-190795;48833;24939;1;2
112076;-184407;47964;25338;2;2
100211;-165146;47223;26542;8;2
120956;-165187;48519;26539;2;2
116195;-185714;48222;25256;8;2
123646;-168125;48687;26356;2;2
126814;-181440;48885;25524;1;2
106365;-187969;47607;25115;8;2
113711;-175115;48066;25919;8;2
107805;-180470;47697;25584;8;2
130027;-175726;49086;25881;8;2
106410;-188429;47610;25087;4;2
106860;-193606;47638;24763;8;2
121539;-168001;48556;26363;4;2
127254;-172601;48913;26076;1;2
127617;-166706;48936;26444;4;2
124210;-186718;48723;25194;1;2
105245;-187591;47537;25139;4;2
116399;-170008;48234;26238;1;2
120623;-173956;48498;25991;4;2
114387;-166966;48109;26428;8;2
116940;-194529;48268;24705;2;2
107158;-184973;47657;25303;1;2
100579;-177161;47246;25791;8;2
118877;-190169;48389;24978;2;2
110166;-187080;47845;25171;8;2
105756;-164637;47569;26574;1;2
103363;-166265;47420;26472;4;2
129098;-164613;49028;26575;8;2
105298;-174585;47541;25952;4;2
111594;-164483;47934;26583;4;2
103153;-175331;47407;25905;4;2
110231;-175385;47849;25902;2;2
125463;-172916;48801;26056;1;2
118620;-171745;48373;26129;2;2
108966;-180631;47770;25574;8;2
103952;-182585;47457;25452;1;2
120861;-169547;48513;26267;1;2
122859;-188228;48638;25099;4;2
124629;-187084;48749;25171;1;2
122443;-185584;48612;25265;2;2
126091;-170444;48840;26211;1;2
123489;-187528;48678;25143;1;2
109041;-177909;47775;25744;1;2
106413;-164820;47610;26562;1;2
120225;-169767;48474;26253;2;2
116501;-186599;48241;25201;1;2
104189;-181468;47471;25522;8;2
104775;-182268;47508;25472;2;2
99690;-182013;47190;25488;8;2
120382;-179117;48483;25669;1;2
116810;-175187;48260;25914;1;2
115827;-193305;48199;24782;8;2
105295;-169473;47540;26271;2;2
130090;-176231;49090;25849;8;2
107521;-194476;47680;24709;4;2
114676;-193101;48127;24795;2;2
106326;-168631;47605;26324;8;2
107110;-191460;47654;24897;1;2
125918;-193719;48829;24756;8;2
105504;-191681;47554;24883;8;2
130379;-171426;49108;26149;2;2
129949;-182305;49081;25469;8;2
116832;-170834;48262;26186;4;2
119590;-163875;48434;26621;1;2
123827;-185757;48699;25254;1;2
107207;-167911;47660;26369;2;2
117507;-185959;48304;25241;1;2
122616;-177217;48623;25787;8;2
102993;-171550;47397;26142;8;2
100925;-180893;47267;25558;4;2
122973;-180995;48645;25551;8;2
118774;-179950;48383;25617;8;2
127138;-166287;48906;26471;1;2
129477;-175330;49052;25905;4;2
125165;-169031;48782;26299;8;2
122923;-179111;48642;25669;8;2
127911;-175299;48954;25907;4;2
118214;-169970;48348;26240;4;2
124959;-189374;48769;25028;4;2
100302;-177087;47228;25796;2;2
98827;-179282;47136;25658;1;2
114413;-173104;48110;26045;2;2
122233;-177044;48599;25798;1;2
122471;-179868;48614;25622;2;2
129971;-168545;49083;26329;4;2
114037;-178603;48087;25701;1;2
109136;-167227;47781;26412;8;2
121784;-166188;48571;26477;4;2
104676;-180405;47502;25588;8;2
105085;-170940;47527;26180;1;2
119560;-183435;48432;25399;4;2
102798;-176561;47384;25828;8;2
114428;-174298;48111;25970;4;2
119531;-177996;48430;25739;1;2
117863;-183003;48326;25426;2;2
118858;-171033;48388;26174;4;2
116073;-179731;48214;25630;2;2
103707;-179845;47441;25623;1;2
128178;-167122;48971;26418;4;2
105892;-185161;47578;25291;2;2
107632;-193411;47687;24775;8;2
120365;-178712;48482;25694;8;2
105695;-177234;47565;25786;4;2
110061;-167418;47838;26400;4;2
122944;-182973;48644;25428;2;2
99593;-168309;47184;26344;1;2
127943;-168717;48956;26319;1;2
123950;-172982;48706;26052;2;2
128339;-170913;48981;26181;8;2
100145;-185096;47219;25295;2;2
119146;-183979;48406;25365;4;2
115021;-190450;48148;24960;2;2
122486;-170079;48615;26234;1;2
123367;-172035;48670;26111;4;2
118409;-179761;48360;25628;8;2
118483;-187263;48365;25160;2;2
99500;-183799;47178;25376;8;2
117426;-183992;48299;25364;1;2
115026;-195818;48149;24625;1;2
129032;-194903;49024;24682;8;2
130480;-164617;49115;26575;1;2
98638;-177646;47124;25761;8;2
121774;-190763;48570;24941;8;2
109726;-173418;47817;26025;1;2
105808;-164431;47573;26587;8;2
124135;-190480;48718;24959;2;2
120503;-178708;48491;25694;8;2
126767;-172198;48882;26101;8;2
110330;-179052;47855;25673;8;2
125384;-187019;48796;25175;2;2
124277;-168513;48727;26331;2;2
126661;-169300;48876;26282;1;2
113308;-172222;48041;26100;4;2
100960;-185946;47270;25242;4;2
115322;-181874;48167;25496;8;2
105833;-180727;47574;25568;8;2
104711;-182747;47504;25442;2;2
113951;-182031;48081;25487;8;2
123816;-168364;48698;26341;1;2
116798;-166163;48259;26478;2;2
121867;-183760;48576;25379;4;2
129270;-164957;49039;26554;1;2
123410;-163936;48673;26618;8;2
111347;-189385;47919;25027;1;2
107803;-191813;47697;24875;2;2
118003;-169555;48335;26266;1;2
127014;-178241;48898;25723;1;2
112953;-193865;48019;24747;4;2
119439;-179549;48424;25642;1;2
129900;-186930;49078;25180;2;2
108875;-181027;47764;25549;2;2
115060;-188539;48151;25080;8;2
108074;-181371;47714;25528;1;2
126604;-189729;48872;25005;8;2
122496;-169160;48616;26291;8;2
112390;-165072;47984;26547;2;2
125042;-163983;48775;26615;2;2
103922;-185996;47455;25239;1;2
113161;-179756;48032;25629;1;2
105628;-189969;47561;24990;2;2
105465;-174483;47551;25958;8;2
122192;-170267;48597;26222;8;2
125788;-166359;48821;26466;1;2
99310;-172972;47166;26053;2;2
104260;-179727;47476;25631;4;2
124882;-178644;48765;25698;2;2
124065;-172784;48714;26065;8;2
112351;-178427;47981;25712;8;2
125383;-167180;48796;26415;4;2
125975;-175209;48833;25913;2;2
130207;-164575;49097;26578;1;2
107765;-182010;47695;25488;2;2
108291;-188736;47728;25068;8;2
113549;-186398;48056;25214;1;2
112527;-180457;47992;25585;8;2
126083;-196383;48840;24590;4;2
118442;-175474;48362;25896;1;2
106038;-192552;47587;24829;8;2
122725;-167070;48630;26422;2;2
108187;-196046;47721;24611;8;2
101260;-179798;47288;25626;1;2
124133;-189068;48718;25047;2;2
119314;-168905;48417;26307;2;2
120968;-184515;48520;25331;4;2
107691;-191561;47690;24891;4;2
123392;-168580;48672;26327;1;2
119995;-165421;48459;26525;8;2
109835;-194602;47824;24701;2;2
114980;-181232;48146;25537;4;2
121152;-196542;48532;24580;4;2
125215;-169052;48785;26298;8;2
109667;-189599;47814;25014;4;2
108102;-164551;47716;26579;8;2
104391;-176207;47484;25851;2;2
119704;-178642;48441;25698;8;2
123277;-186147;48664;25229;2;2
103182;-184213;47408;25350;4;2
112331;-164026;47980;26612;4;2
105791;-173240;47571;26036;8;2
111525;-191536;47930;24893;4;2
120030;-169402;48461;26276;8;2
122380;-179263;48608;25660;4;2
119102;-177058;48403;25797;4;2
119141;-173435;48406;26024;1;2
117305;-186847;48291;25186;1;2
99178;-181645;47158;25511;2;2
101633;-178914;47312;25681;8;2
120306;-175109;48479;25919;8;2
106479;-170229;47614;26224;2;2
127144;-174130;48906;25980;4;2
106511;-164084;47616;26608;8;2
121073;-166159;48527;26479;8;2
118325;-182597;48355;25451;1;2
129248;-173002;49038;26051;4;2
123808;-164486;48698;26583;8;2
105890;-171376;47578;26153;2;2
106641;-184258;47625;25347;2;2
126036;-177085;48837;25796;1;2
106914;-189101;47642;25045;1;2
120745;-178841;48506;25686;4;2
123860;-173433;48701;26024;2;2
125850;-182053;48825;25485;4;2
105777;-196328;47571;24593;2;2
124859;-188603;48763;25076;4;2
125000;-171718;48772;26131;1;2
120850;-183058;48513;25422;4;2
105607;-174033;47560;25986;8;2
121303;-189076;48541;25046;1;2
125294;-181969;48790;25490;8;2
114276;-163854;48102;26623;2;2
112701;-183012;48003;25425;4;2
111568;-189430;47933;25024;4;2
100341;-181634;47231;25511;4;2
109489;-188133;47803;25105;4;2
99747;-182238;47194;25474;4;2
126923;-166746;48892;26442;1;2
127128;-185055;48905;25298;1;2
120732;-174961;48505;25928;4;2
104247;-172319;47475;26094;2;2
123963;-192906;48707;24807;2;2
111281;-187455;47915;25148;8;2
101228;-174288;47286;25971;4;2
123789;-170171;48696;26228;2;2
111127;-193145;47905;24792;4;2
111259;-181916;47913;25494;8;2
110315;-181429;47854;25524;2;2
115639;-164901;48187;26557;8;2
118878;-173923;48389;25993;8;2
101652;-168862;47313;26310;2;2
110213;-181197;47848;25539;4;2
103538;-177235;47431;25786;1;2
117486;-192189;48302;24852;8;2
123108;-176368;48654;25841;8;2
122990;-172384;48646;26090;8;2
116426;-170177;48236;26227;2;2
128480;-172184;48990;26102;4;2
111066;-183331;47901;25405;1;2
99695;-166311;47190;26469;4;2
120341;-173083;48481;26046;1;2
119353;-189661;48419;25010;4;2
105367;-166439;47545;26461;2;2
120910;-176233;48516;25849;4;2
99736;-180353;47193;25591;4;2
113396;-175628;48047;25887;4;2
110820;-192365;47886;24841;8;2
101953;-170385;47332;26214;8;2
114920;-181901;48142;25495;4;2
109023;-167136;47773;26418;1;2
113522;-183525;48055;25393;2;2
107299;-164818;47666;26562;4;2
105690;-192073;47565;24859;2;2
124569;-172196;48745;26101;4;2
109940;-171629;47831;26137;1;2
123875;-167801;48702;26376;8;2
102888;-170432;47390;26212;8;2
108167;-179940;47720;25617;2;2
109195;-189219;47784;25037;4;2
122300;-180000;48603;25614;1;2
104651;-174856;47500;25935;2;2
101488;-183412;47303;25400;8;2
106799;-189366;47634;25028;1;2
130092;-172858;49090;26060;8;2
121831;-167540;48574;26392;1;2
107634;-194600;47687;24701;8;2
128522;-164551;48992;26579;8;2
101713;-172491;47317;26083;2;2
116918;-164219;48267;26600;4;2
105630;-186363;47561;25216;8;2
115369;-176109;48170;25857;1;2
130011;-174903;49085;25932;8;2
109666;-180231;47814;25599;8;2
109375;-166478;47795;26459;1;2
104774;-188576;47508;25078;8;2
108649;-184351;47750;25342;8;2
121761;-165821;48570;26500;1;2
127642;-195410;48937;24650;1;2
109888;-175609;47828;25888;1;2
115775;-164588;48195;26577;4;2
122331;-164693;48605;26570;2;2
98763;-164107;47132;26607;4;2
122474;-176933;48614;25805;4;2
116052;-170339;48213;26217;1;2
122413;-194013;48610;24738;8;2
125161;-188078;48782;25109;8;2
130953;-179074;49144;25671;4;2
107352;-189224;47669;25037;2;2
103565;-179894;47432;25620;4;2
118003;-173294;48335;26033;8;2
108215;-178552;47723;25704;2;2
117194;-166050;48284;26485;2;2
117001;-192511;48272;24832;2;2
104178;-185659;47471;25260;1;2
111020;-186140;47898;25230;8;2
124253;-170571;48725;26203;2;2
102940;-164386;47393;26589;1;2
118773;-166541;48383;26455;4;2
102019;-164128;47336;26606;1;2
123416;-183095;48673;25420;2;2
117828;-181289;48324;25533;8;2
104685;-168699;47502;26320;4;2
110509;-187229;47866;25162;8;2
101954;-169511;47332;26269;4;2
99960;-183960;47207;25366;2;2
109119;-178303;47779;25720;8;2
124749;-180527;48756;25581;8;2
99010;-173668;47148;26009;8;2
108449;-169294;47738;26283;4;2
109011;-179412;47773;25650;8;2
111271;-192118;47914;24856;2;2
105141;-163945;47531;26617;2;2
123190;-177313;48659;25781;1;2
129349;-178164;49044;25728;2;2
129032;-181543;49024;25517;1;2
114141;-174043;48093;25986;2;2
115965;-180746;48207;25567;2;2
105796;-183177;47572;25415;8;2
112383;-174606;47983;25951;2;2
118606;-170413;48372;26213;2;2
114540;-169943;48118;26242;4;2
130959;-166991;49144;26427;4;2
123976;-191408;48708;24901;8;2
127013;-178955;48898;25679;1;2
113671;-182666;48064;25447;1;2
106386;-185924;47609;25243;1;2
100239;-170291;47224;26220;2;2
108979;-182399;47771;25464;1;2
122329;-164820;48605;26562;2;2
108317;-188721;47729;25068;4;2
124757;-181138;48757;25542;8;2
120667;-168767;48501;26316;1;2
116181;-193102;48221;24795;2;2
122203;-172203;48597;26101;2;2
110572;-165064;47870;26547;8;2
117462;-185134;48301;25293;2;2
105952;-167572;47582;26390;2;2
117826;-173429;48324;26024;2;2
110769;-164386;47883;26589;1;2
117957;-192466;48332;24834;2;2
118638;-181186;48374;25539;2;2
106118;-176414;47592;25838;1;2
124522;-167385;48742;26402;2;2
99581;-166831;47183;26437;1;2
103069;-176055;47401;25860;1;2
106850;-193476;47638;24771;1;2
121851;-176655;48575;25823;8;2
99286;-181341;47165;25530;8;2
117318;-187634;48292;25136;2;2
112129;-185194;47968;25289;2;2
119753;-173672;48444;26009;8;2
116299;-184332;48228;25343;2;2
121167;-166222;48532;26475;2;2
108178;-187169;47721;25165;1;2
127727;-174163;48942;25978;8;2
124770;-188028;48758;25112;8;2
109124;-191463;47780;24897;8;2
112133;-190986;47968;24927;4;2
110753;-177179;47882;25790;8;2
115395;-189279;48172;25034;8;2
114225;-188312;48099;25094;2;2
109120;-172147;47780;26104;1;2
119762;-171612;48445;26138;4;2
108827;-177070;47761;25797;8;2
121399;-173728;48547;26006;1;2
122555;-180188;48619;25602;8;2
114148;-178018;48094;25737;8;2
112778;-180158;48008;25604;4;2
106220;-166213;47598;26475;4;2
119169;-182990;48408;25427;1;2
107626;-167675;47686;26384;1;2
106403;-191684;47610;24883;2;2
102378;-184383;47358;25340;2;2
105100;-174116;47528;25981;8;2
121813;-186963;48573;25178;4;2
125231;-192963;48786;24803;8;2
113261;-172379;48038;26090;1;2
116136;-166187;48218;26477;1;2
123293;-165788;48665;26502;8;2
113040;-183111;48025;25419;4;2
107782;-164783;47696;26565;2;2
123148;-180566;48656;25578;2;2
121299;-174695;48541;25945;8;2
99601;-166434;47185;26461;2;2
105618;-170752;47561;26192;2;2
124979;-180544;48771;25580;4;2
101767;-180008;47320;25613;8;2
99799;-184114;47197;25356;1;2
127763;-179575;48945;25640;8;2
115780;-185694;48196;25258;8;2
103527;-183198;47430;25414;1;2
112020;-190792;47961;24939;2;2
128280;-177320;48977;25781;2;2
109874;-167033;47827;26424;1;2
114142;-165203;48093;26538;8;2
120113;-171829;48467;26124;1;2
99774;-168152;47195;26354;8;2
117753;-183976;48319;25365;2;2
117366;-171229;48295;26162;8;2
112707;-187344;48004;25155;2;2
130458;-185543;49113;25267;8;2
118650;-184915;48375;25306;8;2
102172;-165168;47345;26541;8;2
118442;-166738;48362;26442;1;2
107048;-172227;47650;26099;2;2
127704;-175836;48941;25874;2;2
119800;-190937;48447;24930;2;2
120246;-167426;48475;26399;4;2
126431;-185534;48861;25268;4;2
114645;-185989;48125;25239;1;2
101135;-167382;47280;26402;8;2
107586;-170324;47684;26218;2;2
119679;-179820;48439;25625;2;2
126211;-168000;48848;26364;2;2
114006;-170253;48085;26223;1;2
121875;-165837;48577;26499;1;2
130814;-169450;49135;26273;1;2
112892;-192474;48015;24834;4;2
114258;-182743;48101;25442;8;2
129175;-168426;49033;26337;1;2
101268;-177795;47289;25751;8;2
105165;-185606;47532;25263;8;2
109703;-175306;47816;25907;2;2
110440;-191060;47862;24922;1;2
129090;-178416;49028;25713;4;2
125062;-191789;48776;24877;2;2
118570;-165414;48370;26525;8;2
111297;-191837;47916;24874;8;2
120454;-164696;48488;26570;2;2
125420;-165296;48798;26533;4;2
120558;-183006;48494;25426;4;2
109758;-189612;47819;25013;1;2
107741;-184080;47693;25359;1;2
109129;-179770;47780;25628;2;2
104649;-173936;47500;25993;4;2
118623;-177065;48373;25797;1;2
123153;-173707;48657;26007;8;2
102225;-166942;47349;26430;4;2
124995;-190303;48772;24970;1;2
120747;-176228;48506;25849;1;2
107457;-166095;47676;26483;4;2
121614;-165844;48560;26498;8;2
105608;-190973;47560;24928;8;2
110717;-189805;47879;25001;8;2
109122;-181696;47780;25508;2;2
116179;-165073;48221;26546;8;2
103803;-175927;47447;25868;4;2
123123;-184586;48655;25327;1;2
121396;-186801;48547;25188;4;2
106227;-194914;47599;24681;8;2
117145;-174471;48281;25959;8;2
116955;-165482;48269;26521;8;2
113403;-176499;48047;25832;2;2
113482;-176575;48052;25828;1;2
113602;-192885;48060;24808;8;2
115808;-191410;48198;24900;4;2
104958;-180257;47519;25597;8;2
130461;-173414;49113;26025;1;2
103043;-165623;47400;26512;2;2
113266;-179796;48039;25626;8;2
102024;-177721;47336;25756;1;2
107352;-195197;47669;24664;8;2
118574;-165069;48370;26547;8;2
119799;-168967;48447;26303;2;2
118657;-186542;48376;25205;8;2
110382;-180731;47858;25568;2;2
129291;-167920;49040;26369;1;2
113481;-182115;48052;25481;2;2
103497;-166485;47428;26458;1;2
113967;-170187;48082;26227;4;2
113251;-177213;48038;25788;2;2
113976;-169793;48083;26251;1;2
115710;-191651;48191;24885;4;2
106028;-189114;47586;25044;8;2
102293;-169813;47353;26250;4;2
123556;-185812;48682;25250;2;2
126589;-183566;48871;25391;1;2
130213;-187360;49098;25154;1;2
112592;-164970;47997;26553;2;2
117526;-172290;48305;26095;4;2
109956;-183950;47832;25367;1;2
106284;-185688;47602;25258;2;2
110340;-173850;47856;25998;8;2
126410;-183886;48860;25371;4;2
124638;-185715;48749;25256;1;2
112777;-190691;48008;24945;1;2
111626;-194022;47936;24737;1;2
105059;-175346;47526;25904;4;2
113323;-168627;48042;26324;4;2
111873;-193210;47952;24788;1;2
100184;-185078;47221;25296;4;2
122714;-179517;48629;25644;4;2
127591;-172485;48934;26083;4;2
122990;-165324;48646;26531;2;2
116927;-168025;48267;26362;1;2
118005;-169308;48335;26282;1;2
105557;-189422;47557;25025;2;2
122656;-178118;48626;25731;1;2
118436;-192901;48362;24807;8;2
124830;-167703;48761;26382;1;2
121352;-185127;48544;25293;4;2
117875;-168832;48327;26312;4;2
108574;-170998;47745;26176;2;2
127619;-173879;48936;25996;1;2
114129;-168566;48093;26328;4;2
99784;-183220;47196;25412;1;2
120379;-177241;48483;25786;4;2
105021;-188845;47523;25061;2;2
108346;-186674;47731;25196;1;2
119709;-168744;48441;26317;4;2
104578;-172298;47496;26095;8;2
109743;-163937;47818;26617;2;2
99557;-167025;47182;26424;1;2
129638;-178587;49062;25702;4;2
100939;-173692;47268;26008;4;2
111471;-175893;47926;25870;4;2
113698;-180164;48066;25603;1;2
114955;-195636;48144;24636;8;2
105726;-164875;47567;26559;2;2
128171;-169328;48970;26281;8;2
103111;-171376;47404;26153;8;2
116431;-167732;48236;26380;1;2
105638;-174058;47562;25985;8;2
107786;-192083;47696;24858;4;2
107050;-164579;47650;26577;4;2
101646;-177719;47312;25756;2;2
121698;-176850;48566;25810;8;2
127414;-167683;48923;26383;2;2
103958;-166383;47457;26465;8;2
122582;-167898;48621;26370;4;2
125776;-193016;48821;24800;1;2
107055;-195918;47650;24619;2;2
117403;-177175;48297;25790;8;2
105099;-186680;47528;25196;8;2
118965;-167795;48395;26376;4;2
104571;-177409;47495;25775;1;2
117365;-185193;48295;25289;1;2
109802;-178621;47822;25700;2;2
104229;-175722;47474;25881;8;2
112250;-176770;47975;25815;4;2
130340;-174513;49106;25956;8;2
121493;-176277;48553;25846;4;2
101148;-185347;47281;25279;2;2
105012;-186526;47523;25206;1;2
131057;-171909;49151;26119;4;2
107333;-181763;47668;25503;8;2
106923;-178830;47642;25687;1;2
101050;-184756;47275;25316;8;2
113825;-174960;48074;25929;2;2
100638;-169916;47249;26244;2;2
99927;-180871;47205;25559;2;2
112114;-171508;47967;26144;8;2
105786;-178186;47571;25727;1;2
106158;-184707;47594;25319;8;2
105884;-182518;47577;25456;4;2
106166;-183409;47595;25400;2;2
109308;-190914;47791;24931;8;2
123012;-187824;48648;25125;8;2
119147;-179135;48406;25668;8;2
101807;-177194;47322;25789;4;2
106378;-188478;47608;25084;1;2
107955;-187686;47707;25133;2;2
101172;-185105;47283;25294;1;2
113533;-164266;48055;26597;1;2
113781;-195852;48071;24623;2;2
123204;-183263;48660;25410;8;2
100685;-172171;47252;26103;4;2
124886;-171733;48765;26130;1;2
109332;-185293;47793;25283;4;2
127727;-166164;48942;26478;4;2
111457;-178224;47926;25725;8;2
109257;-171261;47788;26160;2;2
112192;-174926;47972;25931;4;2
101089;-177021;47278;25800;4;2
112098;-180610;47966;25575;4;2
112281;-175549;47977;25892;8;2
99955;-181231;47207;25537;2;2
107584;-190405;47684;24963;2;2
116460;-165507;48238;26519;4;2
127461;-175549;48926;25892;8;2
118915;-181045;48392;25548;8;2
121396;-184751;48547;25317;8;2
103154;-172565;47407;26078;4;2
110167;-178692;47845;25695;1;2
121264;-184889;48539;25308;8;2
129977;-166585;49083;26452;4;2
112843;-180892;48012;25558;8;2
130778;-169014;49133;26300;2;2
106376;-191883;47608;24871;8;2
125472;-181964;48802;25491;1;2
114941;-169583;48143;26265;4;2
112669;-192896;48001;24808;1;2
115557;-185031;48182;25299;8;2
117571;-195614;48308;24638;1;2
111143;-196200;47906;24601;8;2
121316;-167565;48542;26391;2;2
105596;-188199;47559;25101;2;2
113311;-192745;48041;24817;2;2
106610;-189910;47623;24994;2;2
120301;-167937;48478;26367;2;2
128450;-175722;48988;25881;8;2
105408;-185662;47548;25260;1;2
126195;-170564;48847;26203;2;2
117607;-174804;48310;25938;2;2
111093;-181345;47903;25529;2;2
113634;-196074;48062;24609;1;2
110629;-189987;47874;24989;1;2
117881;-172054;48327;26110;1;2
129765;-164932;49070;26555;8;2
128813;-173110;49010;26044;1;2
124500;-171750;48741;26129;1;2
117988;-196200;48334;24601;2;2
124831;-194259;48761;24722;8;2
106611;-165893;47623;26495;2;2
106423;-170777;47611;26190;2;2
110815;-187759;47885;25129;4;2
102172;-176304;47345;25845;2;2
113183;-184792;48033;25314;1;2
110684;-171980;47877;26115;8;2
105264;-166472;47539;26459;8;2
108853;-192591;47763;24827;8;2
127620;-167033;48936;26424;8;2
119732;-178912;48443;25682;1;2
125245;-186131;48787;25230;1;2
120574;-187634;48495;25136;4;2
117662;-176887;48313;25808;2;2
111904;-189536;47954;25018;1;2
108045;-190197;47712;24976;4;2
127960;-179918;48957;25619;8;2
116522;-167140;48242;26417;1;2
115125;-166474;48155;26459;8;2
110080;-165837;47840;26499;1;2
123037;-179364;48649;25653;2;2
113200;-181027;48035;25549;1;2
101555;-178153;47307;25729;2;2
108153;-164111;47719;26607;4;2
126589;-167282;48871;26408;2;2
122785;-165158;48634;26541;2;2
101105;-175635;47279;25886;2;2
128521;-168664;48992;26322;4;2
125704;-185034;48816;25299;8;2
123485;-173335;48677;26030;4;2
109678;-193894;47814;24745;4;2
128374;-177716;48983;25756;4;2
122017;-175068;48586;25922;8;2
100155;-184823;47219;25312;1;2
101383;-171722;47296;26131;4;2
99831;-164621;47199;26575;1;2
123844;-180833;48700;25561;4;2
116199;-180861;48222;25560;8;2
103453;-179271;47425;25659;4;2
100863;-168751;47263;26317;4;2
111739;-174402;47943;25963;2;2
108602;-188052;47747;25110;2;2
109294;-192777;47790;24815;4;2
103318;-169637;47417;26261;8;2
119731;-190055;48443;24985;8;2
119796;-171089;48447;26170;2;2
128964;-167975;49020;26365;4;2
100243;-176680;47225;25821;2;2
104970;-191361;47520;24903;1;2
125144;-186246;48781;25223;8;2
101106;-176588;47279;25827;2;2
126256;-182509;48851;25457;8;2
130913;-176838;49142;25811;1;2
118396;-177026;48359;25799;2;2
114294;-179797;48103;25626;2;2
107712;-167731;47692;26380;2;2
111959;-193995;47957;24739;2;2
128099;-166969;48966;26428;2;2
121874;-186326;48577;25218;1;2
103799;-165460;47447;26522;4;2
123025;-187667;48649;25134;8;2
100287;-166315;47227;26469;8;2
118176;-186618;48346;25200;2;2
100509;-176989;47241;25802;2;2
125997;-174427;48834;25962;2;2
120477;-172837;48489;26061;8;2
115312;-192812;48167;24813;4;2
129081;-166290;49027;26470;2;2
103548;-178993;47431;25676;8;2
112776;-180254;48008;25598;1;2
129759;-172738;49069;26067;4;2
118207;-185722;48347;25256;2;2
130601;-164844;49122;26561;1;2
130066;-176729;49089;25818;8;2
104118;-170983;47467;26177;2;2
122131;-184961;48593;25303;1;2
128275;-166569;48977;26453;1;2
116220;-177086;48223;25796;4;2
122077;-169168;48589;26291;2;2
125135;-192152;48780;24854;2;2
104971;-189244;47520;25036;1;2
112869;-195525;48014;24643;8;2
127454;-186532;48925;25205;1;2
123659;-184907;48688;25307;1;2
121663;-173371;48563;26028;4;2
129265;-169526;49039;26268;4;2
101775;-176386;47320;25839;1;2
127258;-178946;48913;25679;2;2
118529;-178395;48368;25714;2;2
114109;-173902;48091;25995;2;2
124530;-165693;48743;26508;2;2
120959;-179926;48519;25618;2;2
122784;-171437;48634;26149;2;2
101983;-171424;47333;26150;1;2
104925;-169730;47517;26255;4;2
114266;-164996;48101;26551;1;2
112327;-172195;47980;26101;4;2
104781;-177579;47508;25765;8;2
104121;-186080;47467;25234;2;2
100422;-169768;47236;26253;1;2
103674;-174290;47439;25970;1;2
120794;-167625;48509;26387;8;2
121710;-189599;48566;25014;4;2
105636;-182047;47562;25486;1;2
122853;-176764;48638;25816;2;2
100627;-169976;47249;26240;4;2
130287;-172135;49102;26105;1;2
126769;-164416;48883;26588;4;2
113512;-194793;48054;24689;1;2
107816;-180922;47698;25556;1;2
121620;-167205;48561;26413;4;2
105209;-190421;47535;24962;4;2
104606;-189689;47497;25008;2;2
121204;-173381;48535;26027;4;2
121218;-170374;48536;26215;1;2
125622;-178715;48811;25694;8;2
120614;-173784;48498;26002;8;2
101911;-176215;47329;25850;4;2
102869;-166280;47389;26471;8;2
108053;-166012;47713;26488;8;2
116353;-175036;48232;25924;2;2
117096;-189136;48278;25043;1;2
126477;-179474;48864;25646;1;2
101628;-179729;47311;25630;2;2
130617;-179742;49123;25630;2;2
117321;-177654;48292;25760;1;2
126255;-184186;48850;25352;2;2
106501;-196291;47616;24595;1;2
104576;-168801;47496;26313;8;2
108877;-187108;47764;25169;4;2
124623;-176033;48748;25861;4;2
100181;-181163;47221;25541;8;2
119054;-179096;48400;25670;1;2
105768;-178648;47570;25698;2;2
123628;-190944;48686;24930;4;2
112189;-176419;47971;25837;2;2
100567;-167249;47245;26410;4;2
109709;-189432;47816;25024;8;2
125538;-169870;48806;26247;8;2
103521;-179283;47430;25658;1;2
110458;-195784;47863;24627;8;2
106734;-164506;47630;26582;2;2
109700;-186345;47816;25217;8;2
108120;-192311;47717;24844;2;2
107530;-183037;47680;25424;2;2
130781;-178747;49133;25692;1;2
115284;-184215;48165;25350;8;2
119542;-164888;48431;26558;8;2
120798;-176140;48509;25855;8;2
117082;-174699;48277;25945;8;2
113329;-171632;48043;26137;4;2
110659;-164104;47876;26607;4;2
110869;-183624;47889;25387;8;2
129324;-166279;49042;26471;2;2
114214;-186181;48098;25227;8;2
119962;-174338;48457;25967;8;2
129647;-175681;49062;25883;2;2
119727;-165866;48442;26497;8;2
128471;-176803;48989;25813;4;2
126670;-183237;48876;25411;1;2
124391;-183924;48734;25368;1;2
102247;-172697;47350;26070;8;2
115125;-191095;48155;24920;2;2
120886;-190152;48515;24979;4;2
107132;-182955;47655;25429;2;2
103285;-183161;47415;25416;1;2
128860;-184665;49013;25322;2;2
119435;-169408;48424;26276;1;2
122266;-172174;48601;26103;8;2
110107;-186745;47841;25192;8;2
122392;-177247;48609;25786;4;2
104981;-173213;47521;26038;8;2
117706;-173587;48316;26014;1;2
108154;-189849;47719;24998;1;2
105137;-184213;47531;25350;2;2
114611;-195738;48123;24630;2;2
119531;-178580;48430;25702;4;2
108369;-169480;47733;26271;8;2
126831;-185082;48886;25296;1;2
105562;-165326;47557;26531;8;2
127624;-166371;48936;26465;2;2
116266;-192645;48226;24823;2;2
124092;-170318;48715;26219;2;2
116091;-164020;48215;26612;2;2
113836;-186302;48074;25220;1;2
100863;-166916;47263;26431;4;2
108028;-182268;47711;25472;8;2
129859;-173388;49076;26027;8;2
121810;-169007;48573;26301;1;2
120549;-187883;48494;25121;4;2
109482;-191054;47802;24923;4;2
105842;-176082;47575;25858;1;2
115066;-194779;48151;24690;4;2
114545;-165552;48119;26517;8;2
121595;-164907;48559;26557;2;2
128498;-166617;48991;26450;8;2
113146;-181471;48031;25522;4;2
118875;-166620;48389;26450;1;2
119137;-171789;48406;26127;1;2
112794;-178916;48009;25681;1;2
125148;-169920;48781;26244;2;2
106341;-168534;47606;26330;1;2
118476;-175225;48364;25912;1;2
123702;-191338;48691;24905;8;2
115512;-176462;48179;25835;1;2
111864;-172486;47951;26083;2;2
106965;-179689;47645;25633;2;2
110688;-174899;47878;25932;4;2
104800;-187105;47510;25169;4;2
106582;-172432;47621;26087;2;2
108857;-177197;47763;25789;2;2
112202;-181021;47972;25550;2;2
109852;-189550;47825;25017;4;2
130340;-174952;49106;25929;8;2
105800;-193427;47572;24774;2;2
123139;-169612;48656;26263;1;2
107218;-183289;47661;25408;1;2
122624;-178236;48624;25724;4;2
114031;-163843;48086;26623;8;2
111105;-164435;47904;26586;4;2
106044;-164444;47587;26586;2;2
100717;-179391;47254;25652;2;2
109939;-182648;47831;25448;2;2
122102;-182507;48591;25457;2;2
109597;-172526;47809;26081;8;2
124320;-188836;48730;25061;4;2
98703;-175601;47128;25888;4;2
125475;-183549;48802;25392;8;2
122249;-186689;48600;25195;1;2
129376;-171522;49046;26143;2;2
106113;-177172;47592;25790;4;2
122381;-171703;48608;26132;2;2
108996;-188872;47772;25059;2;2
124855;-178322;48763;25718;4;2
122125;-183207;48592;25413;1;2
101715;-176423;47317;25837;8;2
102270;-177732;47351;25755;2;2
108353;-172194;47732;26101;8;2
126561;-192929;48870;24805;8;2
110234;-195303;47849;24657;8;2
123540;-190789;48681;24939;2;2
114940;-195165;48143;24666;8;2
128701;-165099;49003;26545;8;2
126787;-189636;48884;25011;2;2
100794;-180509;47259;25582;8;2
122614;-185557;48623;25266;8;2
125734;-184920;48818;25306;2;2
125813;-188160;48823;25104;8;2
105811;-177046;47573;25798;1;2
109429;-179954;47799;25616;8;2
114575;-185572;48120;25265;8;2
114820;-182451;48136;25460;1;2
122146;-173538;48594;26017;4;2
130228;-184038;49099;25361;1;2
106568;-167927;47620;26368;4;2
129026;-184699;49024;25320;8;2
121194;-171935;48534;26118;4;2
101012;-164195;47273;26601;2;2
110806;-194589;47885;24702;8;2
106688;-196579;47628;24577;1;2
125727;-177439;48817;25774;4;2
103751;-165083;47444;26546;2;2
127823;-187273;48948;25159;1;2
118579;-169803;48371;26251;1;2
114448;-188351;48113;25092;2;2
113513;-177094;48054;25795;4;2
117286;-191266;48290;24909;1;2
117990;-184310;48334;25344;4;2
103967;-185680;47457;25259;1;2
116409;-185102;48235;25295;1;2
107984;-187752;47709;25129;2;2
101254;-176107;47288;25857;4;2
105039;-174417;47524;25962;1;2
125316;-191639;48792;24886;2;2
130848;-187290;49138;25158;1;2
107676;-186911;47689;25182;1;2
130505;-166486;49116;26458;4;2
102387;-171465;47359;26147;2;2
109900;-187580;47828;25140;1;2
130053;-165879;49088;26496;1;2
122195;-182723;48597;25443;1;2
130453;-166744;49113;26442;2;2
104844;-172152;47512;26104;2;2
120382;-174413;48483;25963;2;2
112558;-174690;47994;25945;8;2
111737;-187455;47943;25148;4;2
130890;-175316;49140;25906;2;2
129560;-171190;49057;26164;1;2
124425;-187560;48736;25141;1;2
111381;-185906;47921;25244;2;2
122308;-169849;48604;26248;2;2
98745;-179096;47131;25670;8;2
126298;-191464;48853;24897;2;2
127814;-177223;48948;25787;2;2
119502;-169409;48428;26275;1;2
126468;-189190;48864;25039;1;2
111150;-186324;47906;25218;8;2
113429;-183460;48049;25397;4;2
112853;-179758;48013;25629;2;2
100885;-173269;47265;26034;8;2
105985;-189030;47584;25049;4;2
123603;-164743;48685;26567;2;2
109664;-187644;47814;25136;4;2
117897;-184916;48328;25306;1;2
121258;-173909;48538;25994;1;2
113874;-182929;48077;25430;8;2
111319;-183040;47917;25424;4;2
123282;-170475;48665;26209;8;2
117920;-169739;48330;26255;2;2
112809;-182966;48010;25428;2;2
114727;-189360;48130;25029;4;2
100704;-175666;47254;25884;8;2
113835;-182286;48074;25471;1;2
110362;-175610;47857;25888;4;2
125463;-170332;48801;26218;2;2
108013;-189019;47710;25050;8;2
127021;-175796;48898;25876;2;2
121128;-183062;48530;25422;1;2
100245;-177357;47225;25779;8;2
107280;-176993;47665;25801;8;2
105023;-166737;47523;26442;2;2
113716;-184818;48067;25312;2;2
118114;-176501;48342;25832;2;2
119834;-180486;48449;25583;2;2
128021;-177404;48961;25776;2;2
125684;-178990;48815;25677;2;2
127178;-177193;48908;25789;8;2
117012;-166620;48273;26450;2;2
126266;-185007;48851;25301;2;2
118534;-183566;48368;25391;4;2
100304;-171786;47229;26127;2;2
109248;-187622;47788;25137;8;2
99308;-172213;47166;26100;8;2
117687;-191972;48315;24865;4;2
107714;-174258;47692;25972;8;2
128747;-169217;49006;26287;2;2
126243;-191716;48850;24881;8;2
123376;-179021;48671;25675;1;2
117782;-193347;48321;24779;1;2
115811;-194883;48198;24683;8;2
124638;-185989;48749;25239;8;2
127232;-174606;48912;25951;8;2
108085;-188558;47715;25079;4;2
113962;-185647;48082;25261;1;2
119558;-174580;48432;25952;8;2
104537;-189749;47493;25004;1;2
119612;-179663;48435;25635;1;2
113731;-169078;48068;26296;1;2
120358;-166308;48482;26469;8;2
116206;-191060;48222;24922;2;2
105638;-183267;47562;25409;4;2
106533;-166132;47618;26480;8;2
121757;-193132;48569;24793;8;2
124690;-165859;48753;26497;1;2
120799;-164308;48509;26594;4;2
126695;-192009;48878;24863;1;2
104182;-183847;47471;25373;1;2
128345;-176103;48981;25857;1;2
131062;-173956;49151;25991;8;2
109765;-184626;47820;25324;8;2
130901;-170584;49141;26202;2;2
126959;-173756;48894;26004;4;2
121835;-180390;48574;25589;1;2
129677;-190870;49064;24934;2;2
106964;-194572;47645;24703;1;2
123632;-186084;48687;25233;2;2
125711;-172743;48816;26067;4;2
123130;-188252;48655;25098;2;2
129244;-165363;49037;26528;8;2
130469;-166109;49114;26482;4;2
110600;-165931;47872;26493;4;2
98720;-178207;47130;25726;4;2
123084;-191799;48652;24876;1;2
108950;-195466;47769;24647;8;2
108271;-170557;47726;26204;1;2
120433;-178385;48487;25714;8;2
105155;-178945;47532;25679;2;2
125699;-172724;48816;26068;2;2
112891;-189118;48015;25044;2;2
118953;-179304;48394;25657;2;2
108218;-184070;47723;25359;8;2
119158;-164338;48407;26592;8;2
116974;-195825;48270;24624;2;2
99923;-168286;47205;26346;8;2
99425;-180428;47174;25587;2;2
129837;-164976;49074;26553;8;2
121785;-173048;48571;26048;8;2
112391;-179043;47984;25673;2;2
130716;-171582;49129;26140;8;2
100292;-167271;47228;26409;8;2
111512;-196466;47929;24584;2;2
122358;-182428;48607;25462;1;2
100496;-182819;47241;25437;4;2
115375;-167206;48170;26413;4;2
111052;-175387;47900;25902;2;2
105510;-187832;47554;25124;2;2
121909;-185468;48579;25272;8;2
108572;-189864;47745;24997;8;2
116559;-185758;48244;25254;2;2
99996;-178864;47209;25685;4;2
110284;-191687;47852;24883;2;2
107565;-166040;47682;26486;1;2
104015;-171027;47460;26174;1;2
112279;-191389;47977;24902;4;2
123951;-182838;48706;25436;8;2
100618;-178565;47248;25703;2;2
104796;-190232;47509;24974;1;2
115927;-190071;48205;24984;1;2
115014;-195722;48148;24631;1;2
120339;-177673;48481;25759;1;2
124477;-166738;48739;26442;1;2
100998;-177740;47272;25755;4;2
105353;-183465;47544;25397;4;2
121487;-164867;48552;26559;1;2
100105;-169103;47216;26295;1;2
106350;-189229;47606;25037;2;2
130156;-191623;49094;24887;8;2
102535;-177145;47368;25792;2;2
101456;-182283;47301;25471;2;2
123790;-167033;48696;26424;8;2
119721;-164424;48442;26587;1;2
125539;-189783;48806;25002;8;2
113968;-168645;48083;26323;8;2
106998;-194602;47647;24701;8;2
115766;-166482;48195;26458;4;2
125802;-193597;48822;24764;2;2
104587;-166524;47496;26456;1;2
110518;-188380;47867;25090;1;2
106833;-164773;47637;26565;2;2
125996;-183154;48834;25416;8;2
102760;-165383;47382;26527;4;2
124285;-186342;48727;25217;1;2
108628;-190516;47749;24956;4;2
111287;-186290;47915;25220;4;2
123887;-167676;48702;26384;8;2
114456;-185702;48113;25257;1;2
120470;-171472;48489;26147;2;2
100998;-178249;47272;25723;2;2
105533;-187406;47555;25151;4;2
114183;-180885;48096;25558;2;2
122260;-168646;48601;26323;2;2
127504;-165495;48929;26520;1;2
114216;-183371;48098;25403;4;2
111438;-190070;47924;24984;2;2
107937;-168477;47706;26334;2;2
124217;-175539;48723;25892;8;2
113066;-168523;48026;26331;4;2
118822;-186728;48386;25193;4;2
112087;-194087;47965;24733;8;2
110928;-192218;47893;24850;2;2
118644;-163892;48375;26620;1;2
108459;-167060;47738;26422;1;2
113327;-168917;48042;26306;2;2
106107;-193047;47591;24798;8;2
126129;-195513;48843;24644;8;2
120702;-174096;48503;25983;4;2
127942;-174222;48956;25975;4;2
111780;-189939;47946;24992;1;2
102391;-175673;47359;25884;4;2
103260;-170775;47413;26190;8;2
113585;-196592;48059;24577;1;2
103140;-166045;47406;26486;1;2
117738;-166773;48318;26440;1;2
100904;-169474;47266;26271;8;2
126272;-179514;48852;25644;1;2
102583;-167709;47371;26382;2;2
107559;-173362;47682;26028;8;2
112598;-176113;47997;25856;4;2
106736;-167482;47631;26396;8;2
128218;-168481;48973;26333;4;2
110419;-194560;47861;24704;1;2
105106;-183594;47529;25389;4;2
124653;-193300;48750;24782;1;2
113678;-187284;48064;25158;1;2
105303;-166681;47541;26446;4;2
112635;-195707;47999;24632;2;2
105383;-194880;47546;24684;1;2
107661;-187265;47688;25159;4;2
100704;-179687;47254;25633;1;2
100678;-173276;47252;26034;8;2
104777;-189393;47508;25026;1;2
112996;-187667;48022;25134;4;2
116540;-169318;48243;26281;8;2
109553;-189200;47807;25039;4;2
124950;-181522;48769;25518;8;2
109102;-192707;47778;24819;4;2
103048;-174667;47400;25947;1;2
108148;-193044;47719;24798;2;2
103852;-174387;47450;25964;1;2
112278;-186659;47977;25197;8;2
120808;-175467;48510;25897;2;2
109623;-172072;47811;26109;1;2
116528;-195665;48243;24634;8;2
114661;-196239;48126;24599;1;2
104927;-177615;47517;25763;8;2
124329;-182153;48730;25479;8;2
112315;-186244;47979;25223;2;2
118747;-191656;48381;24885;1;2
129356;-173769;49044;26003;1;2
123553;-167505;48682;26394;4;2
109762;-193955;47820;24741;4;2
126650;-171200;48875;26164;2;2
112063;-175653;47963;25885;8;2
131031;-169245;49149;26286;8;2
99476;-168905;47177;26307;4;2
120200;-175206;48472;25913;2;2
109584;-175023;47809;25925;4;2
101216;-179868;47286;25622;2;2
126024;-193127;48836;24793;8;2
120568;-191358;48495;24904;4;2
112068;-185990;47964;25239;8;2
118456;-173473;48363;26021;2;2
128646;-179544;49000;25642;8;2
115396;-191447;48172;24898;4;2
123105;-196022;48654;24612;4;2
118670;-187982;48376;25115;8;2
130789;-172255;49134;26098;4;2
120015;-171234;48460;26161;1;2
120526;-186563;48492;25203;4;2
119992;-174084;48459;25983;2;2
112421;-173356;47986;26029;2;2
128973;-181108;49020;25544;2;2
124647;-164503;48750;26582;8;2
128996;-172671;49022;26072;4;2
111257;-178815;47913;25688;2;2
127417;-170914;48923;26181;2;2
106115;-193880;47592;24746;4;2
101395;-163895;47297;26620;1;2
121234;-188772;48537;25065;4;2
116512;-186012;48242;25238;1;2
99435;-172730;47174;26068;8;2
117301;-181595;48291;25514;4;2
127646;-187026;48937;25174;4;2
128768;-172847;49008;26061;4;2
109125;-181945;47780;25492;2;2
107654;-184192;47688;25352;1;2
112739;-196378;48006;24590;4;2
124556;-180814;48744;25563;2;2
125806;-188152;48822;25104;4;2
122698;-180299;48628;25595;2;2
110820;-176808;47886;25813;2;2
125991;-173471;48834;26022;4;2
111954;-180030;47957;25612;8;2
102943;-170437;47393;26211;1;2
108432;-176977;47737;25802;8;2
112191;-193862;47971;24747;2;2
107436;-172977;47674;26052;8;2
104297;-168235;47478;26349;8;2
122186;-172876;48596;26059;2;2
105266;-168253;47539;26348;8;2
101419;-164275;47298;26596;2;2
125706;-167708;48816;26382;8;2
121389;-174503;48546;25957;8;2
99516;-177542;47179;25767;4;2
108641;-192825;47750;24812;8;2
126644;-192809;48875;24813;8;2
110219;-187599;47848;25139;4;2
106119;-195143;47592;24667;1;2
121713;-164541;48567;26580;4;2
116250;-176001;48225;25863;8;2
109553;-184980;47807;25302;4;2
115062;-185886;48151;25246;8;2
110334;-177375;47855;25778;4;2
123717;-171377;48692;26152;2;2
115815;-191604;48198;24888;2;2
123233;-166653;48662;26448;8;2
116390;-191489;48234;24895;4;2
122033;-182621;48587;25450;2;2
125152;-189922;48782;24993;4;2
121811;-180076;48573;25609;4;2
121989;-180202;48584;25601;4;2
128402;-179917;48985;25619;2;2
126584;-184672;48871;25322;8;2
121254;-172381;48538;26090;1;2
99246;-176733;47162;25818;8;2
118336;-192895;48356;24808;8;2
110369;-166999;47858;26426;1;2
109059;-175230;47776;25912;2;2
108574;-194806;47745;24688;4;2
100459;-175489;47238;25895;2;2
114058;-190049;48088;24985;4;2
129862;-172062;49076;26110;2;2
121997;-184697;48584;25320;1;2
112563;-173052;47995;26048;1;2
111189;-190998;47909;24926;1;2
127910;-184301;48954;25345;2;2
110319;-185902;47854;25245;1;2
108141;-184021;47718;25362;4;2
102138;-178633;47343;25699;2;2
111796;-186398;47947;25214;2;2
130164;-169623;49095;26262;1;2
117548;-166092;48306;26483;4;2
102637;-172103;47374;26107;1;2
121472;-185988;48552;25239;8;2
100507;-170072;47241;26234;1;2
119334;-176688;48418;25821;8;2
121402;-177584;48547;25765;2;2
112202;-184708;47972;25319;1;2
117078;-170469;48277;26209;2;2
125589;-177700;48809;25757;2;2
128197;-175719;48972;25881;1;2
103250;-178095;47413;25733;2;2
109121;-194276;47780;24721;2;2
117811;-182087;48323;25483;8;2
115823;-189922;48198;24993;8;2
119752;-164190;48444;26602;2;2
124882;-170896;48765;26183;4;2
98452;-177713;47113;25756;8;2
130947;-178592;49144;25702;2;2
106204;-194552;47597;24704;1;2
101803;-166655;47322;26448;8;2
113090;-164096;48028;26608;2;2
102716;-167214;47379;26413;4;2
120847;-187821;48512;25125;4;2
105657;-177114;47563;25794;1;2
103496;-166577;47428;26452;4;2
125995;-171985;48834;26114;8;2
119136;-188385;48406;25089;1;2
99199;-183771;47159;25378;2;2
123606;-174195;48685;25976;2;2
107662;-168775;47688;26315;4;2
108981;-166520;47771;26456;4;2
104749;-166651;47506;26448;1;2
118046;-164790;48337;26564;4;2
114603;-196446;48122;24586;8;2
111890;-172628;47953;26074;1;2
110951;-172108;47894;26107;4;2
107996;-184293;47709;25345;2;2
118353;-176020;48357;25862;8;2
105655;-169591;47563;26264;1;2
108415;-168306;47735;26344;4;2
122407;-176500;48610;25832;1;2
114001;-195121;48085;24668;4;2
122628;-174339;48624;25967;4;2
113953;-166766;48082;26441;2;2
110776;-194762;47883;24691;4;2
114601;-169714;48122;26256;8;2
121000;-173952;48522;25992;4;2
125940;-179034;48831;25674;8;2
116107;-178823;48216;25687;4;2
124375;-168118;48733;26356;1;2
106326;-164996;47605;26551;1;2
123373;-188860;48670;25060;1;2
125148;-170678;48781;26196;4;2
112641;-178820;48000;25687;1;2
116366;-192274;48232;24846;8;2
119083;-177069;48402;25797;8;2
124143;-165495;48718;26520;4;2
122887;-187430;48640;25149;4;2
113320;-188328;48042;25093;4;2
129516;-174350;49054;25967;2;2
116571;-185675;48245;25259;4;2
124197;-166724;48722;26443;8;2
106092;-184113;47590;25356;8;2
106255;-166794;47600;26439;2;2
124933;-184533;48768;25330;2;2
109996;-188018;47834;25112;1;2
124221;-171824;48723;26125;8;2
101542;-181797;47306;25501;2;2
112576;-167236;47996;26411;8;2
118350;-180643;48356;25573;1;2
123133;-170094;48655;26233;1;2
100088;-167723;47215;26381;2;2
104813;-179456;47510;25648;8;2
123740;-188425;48693;25087;4;2
121923;-193083;48580;24796;2;2
110579;-172116;47871;26106;1;2
128399;-185667;48984;25259;2;2
126533;-169587;48868;26264;4;2
124144;-191372;48719;24903;4;2
121548;-180186;48556;25602;1;2
126300;-192366;48853;24841;8;2
113003;-171223;48022;26162;1;2
129680;-169834;49065;26249;2;2
116243;-194954;48225;24679;2;2
100335;-169983;47230;26240;8;2
106293;-187956;47603;25116;2;2
117800;-168572;48322;26328;8;2
114987;-191820;48146;24875;8;2
114045;-185677;48087;25259;1;2
111178;-180260;47908;25597;8;2
116656;-185900;48251;25245;1;2
128690;-179371;49003;25653;4;2
112563;-184486;47995;25333;1;2
128092;-166024;48965;26487;2;2
114085;-176605;48090;25826;4;2
99616;-163888;47186;26621;1;2
108495;-170598;47740;26201;2;2
120611;-186457;48498;25210;2;2
122923;-180558;48642;25579;2;2
128131;-184771;48968;25315;2;2
114796;-174414;48134;25963;8;2
99623;-180664;47186;25572;8;2
128519;-186361;48992;25216;2;2
120352;-187367;48482;25153;8;2
105948;-191840;47581;24874;8;2
115650;-192069;48188;24859;2;2
113098;-178643;48028;25698;1;2
114112;-172081;48092;26108;2;2
100668;-173420;47251;26025;8;2
124219;-169621;48723;26262;1;2
101041;-173555;47275;26016;4;2
122276;-171355;48602;26154;8;2
127086;-164365;48902;26591;4;2
108908;-185255;47766;25285;4;2
108866;-179604;47764;25638;4;2
100466;-166946;47239;26429;8;2
130247;-175135;49100;25918;1;2
116284;-186533;48227;25205;8;2
101377;-165592;47296;26514;1;2
110963;-195669;47895;24634;2;2
122564;-179537;48620;25642;2;2
104932;-194087;47518;24733;8;2
128347;-183728;48981;25381;1;2
100336;-177339;47231;25780;2;2
121391;-177730;48546;25755;8;2
125979;-165617;48833;26512;8;2
100811;-176777;47260;25815;8;2
127266;-182128;48914;25481;2;2
127688;-169719;48940;26256;4;2
109489;-179576;47803;25640;2;2
114103;-164949;48091;26554;2;2
118344;-168856;48356;26310;4;2
108206;-194799;47722;24689;2;2
114396;-188793;48109;25064;8;2
123559;-173142;48682;26042;4;2
109253;-171690;47788;26133;8;2
121386;-165018;48546;26550;1;2
119042;-182363;48400;25466;4;2
99889;-181095;47203;25545;4;2
111828;-177539;47949;25767;1;2
129529;-168214;49055;26350;2;2
106075;-179733;47589;25630;8;2
110808;-181722;47885;25506;1;2
120665;-177034;48501;25799;2;2
127002;-184287;48897;25346;8;2
115128;-169944;48155;26242;2;2
123771;-164893;48695;26558;4;2
128213;-172208;48973;26101;4;2
127432;-175364;48924;25903;4;2
123589;-191088;48684;24921;1;2
98957;-178565;47144;25703;8;2
124982;-190063;48771;24985;8;2
107499;-170131;47678;26230;1;2
120883;-193348;48515;24779;8;2
107001;-185580;47647;25265;2;2
102937;-177222;47393;25787;8;2
119452;-194149;48425;24729;4;2
104974;-165809;47520;26500;1;2
121431;-181145;48549;25542;2;2
118627;-186075;48374;25234;8;2
118301;-189497;48353;25020;4;2
124132;-167275;48718;26409;1;2
110989;-174886;47896;25933;1;2
107553;-190655;47682;24948;4;2
117296;-190733;48291;24943;1;2
126092;-185913;48840;25244;4;2
102502;-168072;47366;26359;1;2
101840;-179650;47325;25635;1;2
104975;-189736;47520;25005;2;2
118780;-178362;48383;25716;8;2
124275;-165681;48727;26508;2;2
107505;-183378;47679;25402;2;2
100015;-182268;47210;25472;4;2
104139;-179963;47468;25616;4;2
115794;-176733;48197;25818;1;2
105170;-191255;47533;24910;8;2
104072;-184535;47464;25330;8;2
112266;-182266;47976;25472;8;2
106678;-171617;47627;26137;4;2
117056;-172372;48276;26090;2;2
116577;-170054;48246;26235;1;2
105582;-169873;47558;26246;4;2
113846;-172858;48075;26060;2;2
113986;-175600;48084;25889;4;2
112059;-174423;47963;25962;1;2
111328;-189810;47918;25000;8;2
105326;-189083;47542;25046;1;2
104202;-167920;47472;26369;8;2
125484;-187664;48802;25135;2;2
103198;-184351;47409;25342;1;2
111917;-188975;47954;25053;1;2
111185;-194526;47909;24706;8;2
100702;-174851;47253;25935;4;2
114018;-187137;48086;25167;8;2
114840;-182481;48137;25458;2;2
110244;-181388;47850;25527;2;2
107953;-190420;47707;24962;2;2
105246;-182466;47537;25459;8;2
118029;-169197;48336;26289;2;2
111894;-184059;47953;25360;8;2
113406;-182220;48047;25475;1;2
112968;-188121;48020;25106;2;2
106871;-192055;47639;24860;1;2
120350;-183857;48481;25372;4;2
107560;-178726;47682;25693;4;2
121472;-167083;48552;26421;2;2
111384;-191444;47921;24898;8;2
107627;-184371;47686;25340;2;2
106272;-179279;47602;25659;4;2
108446;-176067;47737;25859;4;2
101394;-172971;47297;26053;8;2
115211;-165102;48160;26545;4;2
129596;-171758;49059;26129;1;2
118709;-186104;48379;25232;2;2
120313;-180701;48479;25570;1;2
103818;-173614;47448;26013;1;2
113722;-180445;48067;25586;2;2
99105;-178230;47154;25724;4;2
124680;-187909;48752;25119;8;2
105996;-193267;47584;24784;2;2
130860;-176026;49138;25862;4;2
114273;-169293;48102;26283;8;2
116415;-178898;48235;25682;8;2
115992;-169263;48209;26285;8;2
108346;-178966;47731;25678;2;2
111078;-193194;47902;24789;1;2
108501;-167223;47741;26412;8;2
120526;-174188;48492;25977;1;2
111519;-189406;47929;25026;4;2
117807;-166063;48322;26485;2;2
109682;-164688;47815;26571;1;2
109390;-188721;47796;25068;4;2
126258;-190139;48851;24980;1;2
105828;-194805;47574;24688;8;2
106168;-178919;47595;25681;4;2
128840;-171323;49012;26156;4;2
115732;-176466;48193;25834;1;2
115838;-171263;48199;26160;4;2
128984;-171096;49021;26170;8;2
128082;-175455;48965;25898;8;2
107886;-189586;47702;25014;4;2
118861;-188420;48388;25087;8;2
109325;-186782;47792;25190;8;2
114500;-169617;48116;26262;4;2
119163;-167080;48407;26421;8;2
114075;-167237;48089;26411;2;2
102854;-168344;47388;26342;4;2
114444;-192132;48112;24855;1;2
106787;-170997;47634;26176;8;2
111612;-178326;47935;25718;8;2
106572;-187429;47620;25149;4;2
105130;-192363;47530;24841;1;2
130147;-175062;49094;25922;4;2
109272;-196578;47789;24577;8;2
100535;-185505;47243;25269;4;2
101233;-178468;47287;25709;4;2
98641;-174602;47125;25951;1;2
105091;-193507;47528;24769;1;2
108714;-195196;47754;24664;2;2
118723;-181146;48380;25542;4;2
101267;-165699;47289;26507;8;2
108105;-169185;47716;26289;2;2
119922;-190011;48455;24988;4;2
113659;-195622;48063;24637;2;2
128868;-186553;49014;25204;2;2
109957;-172776;47832;26065;1;2
123970;-189168;48708;25041;2;2
112254;-181673;47975;25509;8;2
115551;-177262;48181;25785;2;2
123482;-171690;48677;26133;1;2
127651;-175159;48938;25916;1;2
120549;-169408;48494;26276;2;2
113996;-166476;48084;26459;8;2
105271;-178995;47539;25676;8;2
125866;-185752;48826;25254;2;2
112946;-173430;48019;26024;1;2
118657;-165408;48376;26526;1;2
100448;-171070;47238;26172;4;2
114594;-186061;48122;25235;4;2
105030;-194209;47524;24725;2;2
120732;-179288;48505;25658;1;2
112002;-189122;47960;25043;2;2
115753;-189950;48194;24992;8;2
109794;-196455;47822;24585;2;2
100370;-168034;47233;26361;4;2
122777;-183048;48633;25423;8;2
104405;-185532;47485;25268;1;2
128305;-171849;48979;26123;1;2
102006;-168280;47335;26346;4;2
100892;-182882;47265;25433;1;2
103462;-172752;47426;26067;2;2
117729;-193077;48318;24796;8;2
123213;-171105;48660;26169;8;2
126910;-180306;48891;25594;8;2
126822;-167340;48886;26405;4;2
111023;-182107;47898;25482;8;2
123219;-184145;48661;25354;8;2
111787;-191234;47946;24911;4;2
113593;-177383;48059;25777;4;2
126761;-172479;48882;26084;2;2
125536;-190758;48806;24941;2;2
121433;-188079;48549;25109;8;2
110119;-167047;47842;26423;1;2
110948;-191892;47894;24870;8;2
110851;-195141;47888;24667;2;2
107531;-193982;47680;24740;4;2
126562;-188634;48870;25074;1;2
118495;-170311;48365;26219;1;2
129366;-171669;49045;26134;2;2
102693;-165322;47378;26531;1;2
130381;-184569;49108;25328;1;2
127039;-172108;48899;26107;1;2
109998;-174580;47834;25952;8;2
107304;-186331;47666;25218;4;2
101749;-178246;47319;25723;4;2
112542;-172151;47993;26104;4;2
128382;-180225;48983;25599;4;2
104005;-172840;47460;26061;1;2
123696;-167208;48691;26413;2;2
119706;-175002;48441;25926;2;2
112847;-190641;48012;24948;4;2
100596;-177670;47247;25759;8;2
107559;-187053;47682;25173;4;2
105117;-165875;47529;26496;2;2
110927;-175405;47892;25901;2;2
112284;-179303;47977;25657;1;2
111780;-183916;47946;25369;2;2
118099;-174622;48341;25950;1;2
100831;-169652;47261;26260;4;2
111970;-190132;47958;24980;2;2
112803;-166617;48010;26450;1;2
130438;-173573;49112;26015;4;2
115220;-191199;48161;24914;4;2
114161;-164850;48095;26560;1;2
114061;-166638;48088;26449;8;2
128784;-186413;49009;25213;1;2
116140;-187316;48218;25156;2;2
119277;-166106;48414;26482;1;2
130543;-167936;49118;26368;2;2
107559;-183017;47682;25425;1;2
115677;-176949;48189;25804;4;2
114451;-170919;48113;26181;2;2
99902;-165455;47203;26523;1;2
114391;-180953;48109;25554;8;2
109542;-180083;47806;25608;1;2
118004;-176781;48335;25815;8;2
99625;-168591;47186;26327;2;2
122347;-176161;48606;25853;8;2
113868;-180385;48076;25589;8;2
111638;-180266;47937;25597;8;2
111851;-179863;47950;25622;2;2
125373;-179740;48795;25630;8;2
106268;-182255;47601;25473;2;2
100489;-181939;47240;25492;1;2
114792;-165353;48134;26529;1;2
104930;-183371;47518;25403;8;2
124651;-193242;48750;24786;8;2
129511;-166392;49054;26464;2;2
107531;-166259;47680;26472;4;2
110596;-177998;47872;25739;8;2
110045;-185321;47837;25281;2;2
115861;-191787;48201;24877;8;2
122840;-171802;48637;26126;2;2
108490;-167951;47740;26367;8;2
107663;-194854;47688;24685;2;2
126990;-183412;48896;25400;1;2
104807;-189876;47510;24996;8;2
106303;-177435;47603;25774;8;2
113262;-188963;48038;25053;8;2
101090;-174622;47278;25950;8;2
112238;-188214;47974;25100;8;2
108913;-182233;47767;25474;1;2
112228;-180573;47974;25578;8;2
103224;-165542;47411;26517;4;2
101205;-164702;47285;26570;4;2
121516;-193831;48554;24749;8;2
126632;-166162;48874;26478;8;2
115481;-190618;48177;24950;2;2
121940;-187950;48581;25117;8;2
101822;-183327;47323;25406;8;2
100846;-174396;47262;25964;1;2
112815;-190860;48010;24935;4;2
126911;-178657;48891;25697;2;2
107435;-177910;47674;25744;4;2
106109;-176383;47591;25840;8;2
113748;-186197;48069;25226;2;2
121931;-166810;48580;26438;4;2
103093;-181407;47403;25526;2;2
116245;-172793;48225;26064;4;2
121804;-183610;48572;25388;1;2
107317;-165934;47667;26493;4;2
113602;-195037;48060;24674;1;2
127189;-187150;48909;25167;4;2
101850;-169419;47325;26275;1;2
109274;-181408;47789;25526;1;2
130117;-172051;49092;26110;1;2
114397;-172793;48109;26064;1;2
114596;-165873;48122;26496;8;2
105620;-182309;47561;25469;4;2
116268;-172208;48226;26101;4;2
125758;-165461;48819;26522;2;2
126690;-168545;48878;26329;2;2
118440;-169938;48362;26242;1;2
105509;-179586;47554;25639;2;2
120137;-169495;48468;26270;1;2
114759;-169134;48132;26293;2;2
128469;-169356;48989;26279;8;2
124191;-169806;48721;26251;8;2
109284;-196305;47790;24594;1;2
101523;-177397;47305;25776;4;2
117009;-190069;48273;24984;8;2
127154;-180998;48907;25551;4;2
117505;-186229;48304;25224;2;2
113749;-178097;48069;25732;2;2
127939;-184336;48956;25343;8;2
104298;-166935;47478;26430;8;2
120499;-172690;48491;26070;1;2
108717;-194459;47754;24710;1;2
105028;-192216;47524;24850;2;2
102871;-169676;47389;26259;8;2
125421;-185426;48798;25274;2;2
118874;-164256;48389;26598;8;2
124095;-166599;48715;26451;8;2
110415;-182874;47860;25434;1;2
103301;-168862;47416;26310;1;2
105571;-188636;47558;25074;2;2
107109;-178704;47654;25695;1;2
106954;-185045;47644;25298;8;2
122780;-166215;48633;26475;8;2
106542;-179104;47618;25670;1;2
104423;-164955;47486;26554;4;2
119058;-175457;48401;25897;8;2
106925;-179128;47642;25668;1;2
105444;-178313;47550;25719;4;2
111450;-185267;47925;25284;4;2
123645;-188787;48687;25064;2;2
125751;-179767;48819;25628;2;2
106779;-178097;47633;25732;2;2
101972;-174353;47333;25966;4;2
100271;-182019;47226;25487;8;2
115744;-189519;48194;25019;2;2
127310;-180647;48916;25573;8;2
100017;-180565;47211;25578;1;2
118454;-184064;48363;25360;4;2
130968;-164138;49145;26605;8;2
106525;-184731;47617;25318;4;2
100633;-167842;47249;26373;8;2
115042;-196470;48150;24584;1;2
108751;-188072;47756;25109;1;2
130608;-173542;49123;26017;1;2
115876;-165902;48202;26495;4;2
126689;-170165;48878;26228;8;2
102653;-176372;47375;25840;8;2
124485;-164169;48740;26603;2;2
127512;-180663;48929;25572;4;2
119509;-180520;48429;25581;2;2
105926;-180724;47580;25568;1;2
112598;-167087;47997;26421;2;2
113821;-172637;48073;26074;2;2
126288;-171035;48853;26174;2;2
100022;-171276;47211;26159;4;2
112552;-172113;47994;26106;4;2
104948;-181061;47519;25547;2;2
112471;-194193;47989;24726;4;2
104916;-190017;47517;24987;2;2
104136;-171263;47468;26160;8;2
112658;-171922;48001;26118;8;2
110188;-174868;47846;25934;4;2
110458;-196465;47863;24584;4;2
122395;-191059;48609;24922;8;2
108612;-193442;47748;24773;2;2
105739;-164586;47568;26577;4;2
114337;-194514;48106;24706;2;2
125921;-165867;48830;26497;8;2
107495;-191717;47678;24881;2;2
130567;-178832;49120;25687;1;2
113139;-185400;48031;25276;2;2
124270;-170459;48726;26210;8;2
115875;-171556;48202;26141;2;2
112969;-187340;48020;25155;8;2
117181;-182160;48283;25479;8;2
120025;-173338;48461;26030;2;2
102100;-170135;47341;26230;8;2
99595;-169718;47184;26256;4;2
100272;-170369;47227;26215;1;2
128847;-168241;49012;26348;4;2
114216;-196486;48098;24583;1;2
104561;-179746;47495;25629;8;2
105427;-175832;47549;25874;1;2
108598;-188340;47747;25092;4;2
124217;-184557;48723;25329;2;2
130734;-178178;49130;25727;1;2
112133;-191919;47968;24869;2;2
125506;-167624;48804;26387;4;2
110389;-172745;47859;26067;2;2
106698;-186361;47628;25216;2;2
111785;-185196;47946;25289;1;2
113581;-187192;48058;25164;4;2
106598;-166917;47622;26431;2;2
111471;-196594;47926;24576;2;2
106843;-167820;47637;26375;2;2
131055;-172080;49150;26109;1;2
123982;-168140;48708;26355;1;2
119552;-181071;48432;25547;2;2
121972;-194070;48583;24734;2;2
120014;-169553;48460;26266;8;2
101783;-166694;47321;26445;1;2
100918;-166639;47267;26449;8;2
115200;-167365;48160;26403;8;2
100929;-176898;47268;25807;2;2
104816;-190588;47511;24952;8;2
111479;-182132;47927;25480;1;2
106592;-195773;47622;24628;1;2
98896;-175040;47141;25924;1;2
104576;-188775;47496;25065;2;2
127401;-174731;48922;25943;1;2
124581;-172460;48746;26085;2;2
124214;-181617;48723;25512;8;2
114420;-167936;48111;26368;4;2
111697;-182336;47941;25468;8;2
106773;-165835;47633;26499;4;2
114337;-164460;48106;26585;4;2
118861;-178280;48388;25721;1;2
116264;-190006;48226;24988;2;2
127078;-175531;48902;25893;4;2
110991;-183254;47896;25410;2;2
119759;-176199;48444;25851;1;2
117946;-176412;48331;25838;1;2
108342;-190128;47731;24981;2;2
130140;-167138;49093;26417;2;2
121754;-181575;48569;25515;1;2
107358;-179645;47669;25636;4;2
105557;-181742;47557;25505;2;2
103068;-183345;47401;25404;2;2
105505;-173520;47554;26019;2;2
124902;-182045;48766;25486;8;2
125863;-187547;48826;25142;4;2
105855;-187899;47575;25120;2;2
115794;-194429;48197;24712;2;2
99977;-177656;47208;25760;4;2
115276;-195281;48164;24658;4;2
128393;-185666;48984;25259;2;2
108799;-195032;47759;24674;8;2
114824;-183042;48136;25423;4;2
114012;-196506;48085;24582;2;2
125769;-164504;48820;26582;8;2
114284;-163993;48102;26614;8;2
113477;-184746;48052;25317;8;2
103584;-176023;47434;25862;4;2
124188;-170224;48721;26225;1;2
102901;-165868;47391;26497;1;2
119164;-189024;48407;25050;8;2
115507;-169500;48179;26270;1;2
117077;-172178;48277;26102;8;2
107905;-179905;47704;25619;1;2
110668;-195991;47876;24614;1;2
117943;-166264;48331;26472;4;2
100496;-181716;47241;25506;2;2
104105;-184587;47466;25327;8;2
115905;-168617;48204;26325;1;2
108303;-191343;47728;24905;1;2
118278;-185244;48352;25286;4;2
122351;-181066;48606;25547;2;2
110226;-176738;47849;25817;2;2
127291;-185690;48915;25258;1;2
114436;-172548;48112;26079;1;2
123274;-167262;48664;26410;8;2
129031;-180341;49024;25592;4;2
115204;-171301;48160;26157;4;2
107210;-168996;47660;26301;8;2
121072;-178299;48527;25720;8;2
103294;-165268;47415;26534;8;2
128837;-179639;49012;25636;2;2
108772;-182710;47758;25444;2;2
106784;-171026;47634;26174;4;2
128592;-164022;48997;26612;4;2
106723;-180623;47630;25575;4;2
99177;-181570;47158;25515;4;2
117872;-181249;48327;25535;1;2
101217;-185140;47286;25292;1;2
104564;-184170;47495;25353;1;2
102015;-181287;47335;25533;2;2
128364;-168534;48982;26330;8;2
101443;-182380;47300;25465;8;2
107601;-188137;47685;25105;8;2
109944;-190602;47831;24951;4;2
126547;-187444;48869;25148;4;2
107505;-182243;47679;25473;2;2
104801;-188135;47510;25105;2;2
130241;-165218;49100;26537;4;2
129923;-186977;49080;25177;1;2
126674;-174446;48877;25961;8;2
105408;-167221;47548;26412;1;2
103302;-169654;47416;26260;2;2
108533;-193137;47743;24792;8;2
99765;-172075;47195;26109;8;2
115459;-165974;48176;26490;1;2
122931;-191593;48643;24889;2;2
104986;-183510;47521;25394;1;2
110825;-164139;47886;26605;8;2
126689;-189196;48878;25039;8;2
103652;-168167;47438;26353;2;2
127871;-180166;48951;25603;2;2
129144;-178615;49031;25700;1;2
115564;-180202;48182;25601;8;2
105011;-179854;47523;25623;2;2
124451;-165463;48738;26522;8;2
117670;-193118;48314;24794;1;2
107048;-169492;47650;26270;1;2
111955;-174733;47957;25943;1;2
121311;-183560;48541;25391;8;2
106008;-183045;47585;25423;2;2
108385;-177682;47734;25758;4;2
106955;-193710;47644;24757;8;2
101732;-171995;47318;26114;8;2
107135;-178690;47655;25695;1;2
129608;-174967;49060;25928;2;2
100627;-172238;47249;26099;1;2
101901;-181695;47328;25508;8;2
106027;-194096;47586;24733;2;2
100956;-185235;47269;25286;4;2
116901;-184353;48266;25341;2;2
126095;-168889;48840;26308;2;2
121132;-181625;48530;25512;1;2
109967;-164411;47832;26588;4;2
122528;-189084;48618;25046;1;2
100854;-183499;47263;25395;8;2
109016;-188343;47773;25092;2;2
126657;-164371;48876;26590;8;2
125208;-192597;48785;24826;2;2
110342;-192869;47856;24809;4;2
128855;-169691;49013;26258;8;2
106026;-179217;47586;25662;1;2
123878;-167888;48702;26371;8;2
103288;-179661;47415;25635;8;2
115314;-165797;48167;26501;8;2
111651;-185780;47938;25252;4;2
108034;-195245;47712;24661;8;2
110783;-171890;47883;26120;2;2
114274;-184803;48102;25313;8;2
113546;-178551;48056;25704;8;2
103602;-176052;47435;25860;4;2
105304;-166420;47541;26462;2;2
112381;-187155;47983;25166;1;2
110082;-172399;47840;26089;2;2
102856;-175408;47388;25901;1;2
121838;-176420;48574;25837;2;2
121261;-179964;48538;25616;1;2
106352;-170829;47607;26187;8;2
126915;-193164;48892;24791;2;2
118465;-188059;48364;25110;1;2
99102;-175546;47153;25892;8;2
127723;-164570;48942;26578;8;2
103401;-169915;47422;26244;2;2
129429;-171939;49049;26117;2;2
108982;-188349;47771;25092;8;2
119878;-165926;48452;26493;2;2
128098;-170813;48966;26188;8;2
99527;-173190;47180;26039;2;2
106342;-189449;47606;25023;4;2
123770;-183965;48695;25366;4;2
99238;-164404;47162;26588;2;2
127140;-184927;48906;25306;2;2
106344;-188663;47606;25072;1;2
105468;-192796;47551;24814;1;2
129134;-167614;49030;26388;8;2
102304;-165931;47354;26493;4;2
108401;-183367;47735;25403;2;2
124472;-180196;48739;25601;8;2
112676;-172492;48002;26083;2;2
120934;-184693;48518;25320;8;2
119975;-174226;48458;25974;8;2
101339;-172049;47293;26110;4;2
107071;-167059;47651;26422;1;2
100660;-169236;47251;26286;4;2
112955;-178004;48019;25738;2;2
109609;-191602;47810;24888;4;2
113843;-182559;48075;25454;4;2
127990;-171920;48959;26119;2;2
124588;-164609;48746;26575;2;2
116122;-187583;48217;25140;1;2
121792;-173083;48572;26046;4;2
99093;-181397;47153;25526;2;2
108288;-184196;47728;25351;2;2
123947;-175499;48706;25895;1;2
114288;-172374;48103;26090;4;2
112700;-171786;48003;26127;1;2
101124;-174811;47280;25938;4;2
127238;-179174;48912;25665;8;2
109517;-194602;47804;24701;1;2
101492;-170536;47303;26205;1;2
110225;-191942;47849;24867;4;2
129327;-176877;49042;25809;2;2
121158;-184437;48532;25336;4;2
110478;-182664;47864;25447;2;2
123643;-168138;48687;26355;2;2
112322;-165481;47980;26521;4;2
105145;-180284;47531;25596;8;2
110642;-175197;47875;25914;4;2
117244;-193497;48287;24770;1;2
121187;-183089;48534;25420;2;2
99716;-179872;47192;25622;4;2
111990;-165890;47959;26495;8;2
120437;-182750;48487;25442;4;2
123452;-167211;48675;26413;8;2
120595;-172142;48497;26105;8;2
102206;-178596;47347;25701;1;2
122790;-169728;48634;26256;1;2
106786;-182399;47634;25464;2;2
111971;-172601;47958;26076;4;2
113168;-188308;48033;25094;8;2
104806;-181110;47510;25544;1;2
127140;-189336;48906;25030;4;2
116926;-186946;48267;25179;8;2
100221;-171545;47223;26142;8;2
105902;-183878;47578;25371;1;2
117603;-183698;48310;25382;1;2
105194;-166005;47534;26488;2;2
107693;-177909;47690;25744;1;2
112495;-195909;47990;24619;8;2
126185;-169649;48846;26260;4;2
103290;-178751;47415;25692;8;2
111720;-194854;47942;24685;8;2
104899;-164515;47516;26581;2;2
119325;-181233;48417;25536;1;2
102352;-183859;47357;25372;4;2
111210;-182652;47910;25448;8;2
101480;-179348;47302;25654;2;2
118351;-174495;48356;25958;8;2
101271;-181698;47289;25507;1;2
129715;-163866;49067;26622;2;2
112596;-194957;47997;24679;1;2
130219;-168027;49098;26362;1;2
101249;-164389;47288;26589;8;2
122292;-168836;48603;26311;2;2
128147;-164741;48969;26567;4;2
104064;-169194;47464;26289;1;2
103409;-172996;47423;26051;4;2
105814;-166503;47573;26457;4;2
110790;-182148;47884;25479;1;2
105502;-195470;47553;24647;8;2
113115;-164658;48029;26572;1;2
101029;-178218;47274;25725;2;2
117105;-195830;48279;24624;4;2
113403;-185677;48047;25259;1;2
99246;-177161;47162;25791;2;2
118887;-191026;48390;24924;4;2
130301;-172619;49103;26075;4;2
101462;-165576;47301;26515;2;2
111030;-180196;47899;25601;1;2
123661;-164287;48688;26596;1;2
116436;-186666;48237;25197;2;2
104025;-173098;47461;26045;1;2
122527;-178203;48617;25726;2;2
129037;-176806;49024;25813;8;2
126329;-184436;48855;25336;2;2
107564;-181787;47682;25502;4;2
128697;-170855;49003;26185;1;2
114396;-184297;48109;25345;2;2
115515;-188896;48179;25058;2;2
125566;-187476;48807;25146;8;2
111335;-174501;47918;25957;4;2
118267;-165704;48351;26507;4;2
113023;-181287;48023;25533;2;2
121536;-170911;48556;26182;1;2
108663;-171792;47751;26127;4;2
108655;-189980;47750;24990;4;2
107629;-187602;47686;25138;8;2
123728;-185518;48693;25269;2;2
117313;-165170;48292;26540;2;2
107778;-184452;47696;25335;1;2
116979;-181665;48271;25509;8;2
110640;-174297;47875;25970;1;2
113742;-194817;48068;24687;1;2
127964;-171850;48957;26123;1;2
109338;-186393;47793;25214;1;2
117113;-174058;48279;25985;4;2
105034;-168958;47524;26304;1;2
111477;-192721;47927;24818;1;2
122567;-193020;48620;24800;1;2
131019;-188031;49148;25112;1;2
110064;-177535;47839;25768;4;2
113284;-187544;48040;25142;4;2
126426;-172180;48861;26102;1;2
114453;-191878;48113;24871;1;2
106967;-187583;47645;25140;2;2
105585;-187925;47559;25118;2;2
119941;-177701;48456;25757;1;2
130479;-164504;49114;26582;1;2
130413;-165986;49110;26489;4;2
123331;-194860;48668;24685;2;2
120205;-188785;48472;25064;2;2
107180;-177140;47658;25792;8;2
114949;-194734;48144;24693;2;2
108136;-189237;47718;25036;1;2
100731;-179020;47255;25675;4;2
105208;-174266;47535;25972;1;2
123544;-183770;48681;25378;2;2
127764;-195842;48945;24623;8;2
121634;-179938;48562;25617;2;2
113991;-164856;48084;26560;8;2
116139;-164852;48218;26560;8;2
126296;-169975;48853;26240;8;2
100745;-177312;47256;25782;2;2
116316;-176895;48229;25808;1;2
124785;-190099;48759;24982;2;2
127298;-184424;48916;25337;4;2
114384;-175953;48109;25866;8;2
101087;-175589;47277;25889;2;2
101237;-183840;47287;25374;1;2
125185;-164973;48784;26553;8;2
122951;-172134;48644;26105;4;2
100662;-172868;47251;26059;1;2
114322;-170192;48105;26227;8;2
114897;-164117;48141;26606;2;2
106857;-172740;47638;26067;1;2
105472;-183944;47552;25367;2;2
126367;-168666;48857;26322;2;2
128256;-173744;48976;26005;8;2
121378;-186129;48546;25230;8;2
104258;-164126;47476;26606;2;2
114836;-168313;48137;26344;2;2
129098;-172992;49028;26052;4;2
99086;-176696;47152;25820;4;2
101922;-169491;47330;26270;4;2
109905;-191334;47829;24905;2;2
120327;-176865;48480;25809;2;2
111449;-195217;47925;24662;2;2
125121;-192234;48780;24849;4;2
117133;-192793;48280;24814;8;2
119658;-178730;48438;25693;8;2
103291;-171993;47415;26114;4;2
124855;-180580;48763;25577;1;2
125491;-169320;48803;26281;2;2
107656;-187979;47688;25115;1;2
112541;-186247;47993;25223;2;2
118977;-167895;48396;26370;8;2
117934;-174191;48330;25977;1;2
124150;-179818;48719;25625;8;2
108792;-167376;47759;26403;4;2
117734;-186750;48318;25192;8;2
126109;-183266;48841;25409;1;2
99747;-175001;47194;25926;4;2
113404;-173336;48047;26030;1;2
106833;-163887;47637;26621;4;2
123855;-193384;48700;24777;1;2
110378;-186542;47858;25205;8;2
102004;-176707;47335;25819;4;2
122011;-171317;48585;26156;2;2
112953;-164424;48019;26587;1;2
106895;-179124;47640;25668;4;2
107576;-181184;47683;25540;1;2
129197;-166543;49034;26455;2;2
115898;-194441;48203;24711;4;2
105507;-192454;47554;24835;1;2
109712;-193954;47817;24741;1;2
128618;-167337;48998;26405;1;2
113198;-172656;48034;26073;2;2
106489;-168542;47615;26330;2;2
107805;-195573;47697;24640;1;2
106680;-186275;47627;25221;4;2
111283;-173847;47915;25998;8;2
105363;-168056;47545;26360;4;2
106104;-171668;47591;26134;4;2
129850;-177444;49075;25773;4;2
122751;-189663;48631;25010;4;2
100060;-169911;47213;26244;1;2
107119;-184640;47654;25324;8;2
103499;-169794;47428;26251;4;2
101758;-170422;47319;26212;1;2
120611;-177692;48498;25758;2;2
126640;-193616;48875;24763;2;2
125405;-178542;48797;25705;2;2
127099;-183598;48903;25389;1;2
118836;-177406;48387;25776;4;2
109039;-187261;47774;25160;4;2
127095;-170896;48903;26183;8;2
127601;-175726;48935;25881;8;2
103175;-165357;47408;26529;1;2
118251;-188896;48350;25058;8;2
102494;-169764;47365;26253;8;2
121430;-193927;48549;24743;8;2
128012;-173856;48960;25998;4;2
124099;-189341;48716;25030;2;2
110115;-178575;47842;25703;8;2
107138;-170887;47656;26183;4;2
130912;-171963;49142;26116;8;2
123639;-188316;48687;25094;8;2
128924;-178170;49017;25728;1;2
130242;-185407;49100;25276;1;2
101863;-172015;47326;26113;8;2
110995;-187010;47897;25175;8;2
130211;-168145;49098;26354;1;2
100593;-165815;47247;26500;1;2
116728;-189500;48255;25020;8;2
125523;-171673;48805;26134;1;2
129226;-172772;49036;26065;4;2
128705;-167439;49004;26399;2;2
125604;-188981;48810;25052;8;2
118710;-184584;48379;25327;2;2
116108;-196501;48216;24582;8;2
120716;-182766;48504;25441;2;2
129206;-172281;49035;26096;4;2
111620;-176048;47936;25861;4;2
108305;-185621;47729;25262;1;2
126689;-192884;48878;24808;8;2
103625;-176242;47436;25848;4;2
106076;-192166;47589;24853;2;2
104378;-170757;47483;26191;8;2
123516;-191410;48679;24900;2;2
100169;-179400;47220;25651;1;2
124511;-194032;48741;24737;1;2
127049;-170023;48900;26237;1;2
107006;-179440;47647;25649;1;2
104134;-184292;47468;25345;1;2
121932;-191871;48580;24872;4;2
118198;-177339;48347;25780;8;2
101241;-166324;47287;26468;4;2
113241;-193243;48037;24786;4;2
121145;-170747;48531;26192;8;2
123669;-184132;48689;25355;2;2
99902;-176455;47203;25835;4;2
129053;-168028;49025;26362;8;2
113445;-179801;48050;25626;1;2
128766;-185742;49007;25255;1;2
125037;-181873;48774;25496;2;2
118823;-170122;48386;26231;1;2
102938;-184050;47393;25360;4;2
119977;-164639;48458;26574;4;2
112537;-172809;47993;26063;8;2
106550;-171169;47619;26165;8;2
111876;-188319;47952;25094;8;2
127271;-191669;48914;24884;4;2
102678;-168088;47377;26358;8;2
123639;-180432;48687;25587;4;2
103791;-183678;47446;25384;8;2
120041;-172857;48462;26060;8;2
110795;-192566;47884;24828;2;2
119657;-172690;48438;26070;4;2
113391;-194461;48046;24710;4;2
111836;-165337;47949;26530;8;2
126183;-194144;48846;24730;4;2
102996;-169261;47397;26285;8;2
119828;-176811;48449;25813;2;2
123593;-171844;48684;26123;4;2
105704;-187228;47566;25162;1;2
116810;-178104;48260;25732;8;2
108312;-181906;47729;25494;4;2
121330;-185060;48543;25297;2;2
113706;-193431;48066;24774;2;2
114799;-185272;48134;25284;8;2
111091;-177461;47903;25772;2;2
103914;-178861;47454;25685;2;2
113272;-194350;48039;24717;8;2
118394;-178317;48359;25719;2;2
117403;-186770;48297;25190;1;2
102306;-176311;47354;25844;2;2
105615;-170048;47560;26236;8;2
126700;-167832;48878;26374;8;2
118372;-175094;48358;25920;1;2
109993;-166397;47834;26464;4;2
118979;-181049;48396;25548;8;2
117998;-167278;48334;26409;1;2
115913;-195893;48204;24620;8;2
119156;-167592;48407;26389;4;2
107491;-167053;47678;26423;2;2
103586;-172485;47434;26083;1;2
119572;-177377;48433;25777;1;2
105012;-171634;47523;26136;2;2
123700;-168412;48691;26338;2;2
113008;-185811;48023;25250;1;2
101067;-175517;47276;25894;8;2
111263;-184281;47913;25346;8;2
102103;-179828;47341;25624;1;2
124125;-179533;48717;25643;2;2
105518;-186376;47554;25215;4;2
128063;-164810;48963;26563;4;2
117940;-175494;48331;25895;1;2
126658;-188381;48876;25090;4;2
125572;-186236;48808;25224;4;2
130418;-176413;49111;25838;4;2
125797;-190732;48822;24943;4;2
103117;-184310;47404;25344;2;2
103169;-178796;47408;25689;8;2
129484;-166380;49052;26465;4;2
109513;-195417;47804;24650;2;2
120736;-166740;48506;26442;8;2
113833;-196164;48074;24603;4;2
114522;-184912;48117;25307;8;2
129013;-183942;49023;25367;1;2
121248;-189846;48538;24998;1;2
111225;-178067;47911;25734;8;2
117446;-187423;48300;25150;8;2
125670;-178143;48814;25730;2;2
118582;-180393;48371;25589;8;2
125367;-193084;48795;24796;8;2
120744;-183305;48506;25407;4;2
112186;-166610;47971;26450;4;2
111062;-171326;47901;26156;2;2
117808;-173129;48323;26043;1;2
118114;-163872;48342;26622;4;2
104072;-164794;47464;26564;2;2
122024;-194235;48586;24724;2;2
108098;-166518;47716;26456;1;2
122462;-177746;48613;25754;1;2
125072;-179793;48777;25626;8;2
114024;-173650;48086;26010;4;2
118102;-186079;48341;25234;2;2
127979;-190574;48958;24953;4;2
119665;-183711;48439;25382;1;2
117618;-191852;48311;24873;8;2
123832;-176181;48699;25852;4;2
106676;-194949;47627;24679;2;2
99099;-176550;47153;25829;1;2
107337;-180170;47668;25603;1;2
129938;-174967;49081;25928;8;2
107459;-188018;47676;25112;8;2
105075;-179171;47527;25665;8;2
104757;-174448;47507;25961;2;2
119596;-179890;48434;25620;4;2
110795;-173797;47884;26001;2;2
117313;-182058;48292;25485;8;2
129849;-164085;49075;26608;8;2
118990;-184232;48396;25349;2;2
119785;-175862;48446;25872;4;2
118198;-166889;48347;26433;8;2
120819;-186774;48511;25190;8;2
103918;-165072;47454;26547;8;2
103678;-170533;47439;26205;1;2
127736;-177875;48943;25746;1;2
118326;-186467;48355;25209;4;2
114165;-185289;48095;25283;8;2
123153;-177730;48657;25755;1;2
101278;-183777;47289;25377;8;2
125846;-185609;48825;25263;1;2
104621;-176404;47498;25838;8;2
100628;-180767;47249;25566;8;2
106231;-181880;47599;25496;1;2
118282;-179807;48352;25626;1;2
109539;-166031;47806;26487;1;2
118838;-184825;48387;25312;2;2
119174;-170728;48408;26193;1;2
118980;-164971;48396;26553;8;2
112756;-165848;48007;26498;8;2
110245;-191220;47850;24912;4;2
123668;-192882;48689;24808;8;2
106738;-183793;47631;25376;8;2
103176;-184122;47408;25356;4;2
107052;-196350;47650;24592;2;2
120640;-166322;48500;26468;2;2
130744;-167683;49131;26383;1;2
106840;-172380;47637;26090;2;2
117878;-165950;48327;26492;2;2
120378;-182879;48483;25434;2;2
108972;-184796;47770;25314;2;2
123553;-188963;48682;25053;4;2
106873;-184651;47639;25323;4;2
112068;-195006;47964;24676;4;2
117089;-189966;48278;24991;1;2
112886;-172013;48015;26113;1;2
118555;-188965;48369;25053;2;2
122624;-193884;48624;24746;1;2
127109;-190031;48904;24987;4;2
128223;-173442;48973;26023;1;2
109366;-192898;47795;24807;8;2
106796;-168984;47634;26302;1;2
110504;-182217;47866;25475;4;2
108760;-194858;47757;24685;8;2
111375;-188220;47920;25100;8;2
106618;-195540;47623;24642;4;2
117737;-176493;48318;25833;1;2
106829;-165555;47636;26516;4;2
98921;-176167;47142;25853;4;2
110238;-172646;47849;26073;4;2
101871;-182613;47326;25450;4;2
116163;-189700;48220;25007;4;2
113296;-175454;48041;25898;4;2
118970;-187181;48395;25165;8;2
103116;-179409;47404;25650;8;2
121846;-165464;48575;26522;1;2
112906;-166056;48016;26485;2;2
111804;-190469;47947;24959;1;2
125669;-187451;48814;25148;1;2
109293;-172503;47790;26082;8;2
111796;-187917;47947;25119;4;2
100709;-184491;47254;25333;2;2
127266;-166733;48914;26443;8;2
111592;-189696;47934;25008;2;2
126781;-178596;48883;25701;4;2
119359;-166058;48419;26485;4;2
101534;-177960;47305;25741;1;2
130768;-184656;49133;25323;8;2
101997;-178265;47334;25722;4;2
113078;-172566;48027;26078;8;2
100258;-179281;47226;25658;2;2
125018;-165097;48773;26545;1;2
111691;-172463;47940;26085;4;2
110332;-191636;47855;24886;1;2
109870;-176135;47826;25855;1;2
126852;-165853;48888;26498;1;2
99390;-177356;47171;25779;4;2
122923;-173416;48642;26025;8;2
119783;-181423;48446;25525;4;2
110683;-179540;47877;25642;8;2
125102;-179846;48778;25623;8;2
119300;-167076;48416;26421;2;2
115464;-185941;48176;25242;1;2
125970;-180673;48833;25571;1;2
102864;-177305;47389;25782;1;2
121259;-169885;48538;26246;2;2
122153;-184104;48594;25357;4;2
99547;-176805;47181;25813;1;2
101617;-172739;47311;26067;8;2
126745;-187084;48881;25171;4;2
121860;-178988;48576;25677;4;2
126169;-164519;48845;26581;1;2
101078;-181547;47277;25517;4;2
107940;-188665;47706;25072;8;2
108947;-177310;47769;25782;4;2
109921;-179025;47830;25674;8;2
125133;-195750;48780;24629;2;2
115091;-182982;48153;25427;8;2
110116;-195939;47842;24617;8;2
117432;-188193;48299;25101;2;2
108028;-171767;47711;26128;2;2
123217;-165321;48661;26531;4;2
99764;-172636;47195;26074;4;2
124508;-187146;48741;25167;8;2
113852;-171806;48075;26126;2;2
114142;-189784;48093;25002;1;2
122195;-183967;48597;25366;2;2
100861;-180336;47263;25593;8;2
129924;-172456;49080;26085;4;2
114575;-185893;48120;25245;4;2
126559;-187280;48869;25159;8;2
111469;-194603;47926;24701;8;2
100090;-176249;47215;25848;4;2
101685;-172284;47315;26096;1;2
111066;-180880;47901;25559;4;2
117789;-190803;48321;24938;4;2
123908;-168628;48704;26324;4;2
127891;-182767;48953;25441;8;2
104670;-175499;47501;25895;8;2
105638;-186795;47562;25189;2;2
105471;-173292;47551;26033;1;2
108931;-191750;47768;24879;1;2
111889;-188643;47953;25073;4;2
129634;-176577;49062;25827;1;2
123102;-180475;48653;25584;2;2
101987;-177635;47334;25761;4;2
103875;-181628;47452;25512;4;2
110357;-182609;47857;25450;2;2
127122;-173177;48905;26040;1;2
106916;-187942;47642;25117;8;2
115029;-183857;48149;25372;2;2
109537;-190879;47806;24934;8;2
100365;-182003;47232;25488;1;2
123707;-164533;48691;26580;2;2
124776;-179422;48758;25650;1;2
113129;-180926;48030;25556;2;2
108049;-171857;47713;26122;8;2
122156;-180064;48594;25610;4;2
107824;-167780;47699;26377;4;2
106346;-174426;47606;25962;2;2
117947;-185818;48331;25250;2;2
102867;-169969;47389;26240;1;2
107573;-195086;47683;24671;8;2
111481;-191000;47927;24926;8;2
121719;-175053;48567;25923;1;2
100275;-170942;47227;26180;2;2
103001;-169024;47397;26300;2;2
105635;-165087;47562;26546;1;2
105987;-178114;47584;25731;8;2
117976;-190978;48333;24927;4;2
111577;-190802;47933;24938;8;2
113499;-168404;48053;26338;8;2
117972;-185567;48333;25266;2;2
100908;-173689;47266;26008;2;2
106654;-187721;47625;25131;2;2
107591;-177643;47684;25761;8;2
111602;-188714;47935;25069;8;2
116163;-191676;48220;24884;1;2
122619;-192707;48623;24819;1;2
114260;-189002;48101;25051;4;2
125099;-164219;48778;26600;1;2
106430;-165825;47611;26499;4;2
129028;-168813;49024;26313;8;2
126211;-185190;48848;25289;1;2
129072;-184233;49027;25349;4;2
115598;-169446;48184;26273;4;2
115067;-181747;48151;25504;2;2
112052;-193037;47963;24799;4;2
118568;-186243;48370;25223;1;2
113446;-188919;48050;25056;1;2
115466;-181496;48176;25520;2;2
117690;-178353;48315;25716;8;2
101493;-180073;47303;25609;2;2
112888;-193750;48015;24754;8;2
107334;-178209;47668;25725;1;2
121882;-184594;48577;25326;8;2
125854;-179100;48825;25670;2;2
104837;-174341;47512;25967;8;2
105619;-185665;47561;25259;1;2
114787;-170381;48134;26215;4;2
124362;-189108;48732;25044;4;2
107416;-177275;47673;25784;4;2
107534;-189828;47680;24999;1;2
122171;-166193;48595;26476;8;2
120606;-187596;48497;25139;4;2
127693;-164218;48940;26600;4;2
99636;-171269;47187;26159;2;2
124636;-180685;48749;25571;1;2
121414;-165294;48548;26533;1;2
126218;-176921;48848;25806;4;2
111712;-182457;47942;25460;8;2
124242;-167250;48725;26410;1;2
121897;-188571;48578;25078;1;2
111985;-177125;47959;25793;4;2
118241;-168267;48350;26347;8;2
122633;-193861;48624;24747;8;2
113782;-172739;48071;26067;2;2
103641;-180670;47437;25572;8;2
125250;-171525;48788;26143;4;2
112744;-183003;48006;25426;2;2
108431;-193519;47736;24769;4;2
126740;-175809;48881;25875;1;2
105053;-174325;47525;25968;2;2
107923;-188170;47705;25103;2;2
111055;-189975;47900;24990;8;2
119934;-170473;48455;26209;1;2
129369;-165890;49045;26495;8;2
126327;-180758;48855;25566;2;2
130086;-185576;49090;25265;4;2
107449;-185343;47675;25280;1;2
103348;-173062;47419;26047;2;2
110475;-177424;47864;25775;2;2
124336;-183842;48731;25373;2;2
104393;-176211;47484;25850;1;2
113254;-181816;48038;25500;1;2
130807;-167748;49135;26379;1;2
109910;-174631;47829;25949;4;2
108573;-166910;47745;26432;2;2
128228;-176797;48974;25814;1;2
121207;-190521;48535;24956;2;2
113340;-188377;48043;25090;1;2
118635;-164403;48374;26588;1;2
105588;-189337;47559;25030;8;2
129209;-174580;49035;25952;8;2
128816;-165323;49011;26531;8;2
127550;-173000;48931;26051;4;2
108797;-184780;47759;25315;1;2
120513;-191924;48492;24868;1;2
125317;-182919;48792;25431;4;2
125848;-193760;48825;24754;1;2
102178;-178492;47346;25708;2;2
128157;-174370;48969;25965;1;2
125607;-191097;48810;24920;8;2
101767;-184138;47320;25355;1;2
109178;-179017;47783;25675;8;2
102885;-164979;47390;26552;4;2
127641;-170447;48937;26211;2;2
112491;-177267;47990;25784;2;2
121228;-173625;48536;26012;8;2
111123;-196446;47905;24586;1;2
99517;-183512;47179;25394;8;2
111872;-181549;47952;25517;8;2
109820;-167054;47823;26423;1;2
118967;-174977;48395;25927;4;2
101664;-172145;47314;26104;2;2
119426;-165443;48424;26523;4;2
125345;-182845;48794;25436;1;2
108720;-189562;47755;25016;1;2
122551;-192750;48619;24817;4;2
115146;-188072;48156;25109;2;2
115960;-171176;48207;26165;1;2
115511;-169868;48179;26247;4;2
121854;-166426;48575;26462;4;2
111002;-181676;47897;25509;4;2
115242;-195629;48162;24637;4;2
129293;-193362;49040;24778;2;2
114454;-168650;48113;26323;2;2
124777;-170972;48758;26178;8;2
128878;-185453;49014;25273;1;2
125261;-167662;48788;26385;8;2
114427;-190237;48111;24974;2;2
131046;-165187;49150;26539;8;2
114415;-188652;48110;25073;1;2
113534;-177868;48055;25747;1;2
98552;-177842;47119;25748;2;2
121056;-168066;48526;26359;2;2
113239;-196466;48037;24584;8;2
113297;-192799;48041;24814;4;2
113497;-195632;48053;24637;2;2
106282;-189180;47602;25040;2;2
113827;-175691;48074;25883;1;2
125526;-170329;48805;26218;1;2
121962;-188492;48582;25083;8;2
116033;-190418;48212;24962;8;2
110045;-166689;47837;26445;1;2
127504;-175674;48929;25884;4;2
116137;-169183;48218;26290;1;2
109066;-182546;47776;25454;4;2
107445;-169329;47675;26280;4;2
101603;-184645;47310;25323;8;2
114281;-176619;48102;25825;8;2
117610;-190073;48310;24984;2;2
124499;-192087;48741;24858;2;2
116123;-168297;48217;26345;2;2
112864;-178610;48014;25700;4;2
119329;-187804;48418;25126;8;2
98628;-175107;47124;25919;1;2
109098;-177607;47778;25763;4;2
127611;-190241;48935;24973;4;2
117471;-189672;48301;25009;4;2
113887;-183315;48077;25406;8;2
124359;-181062;48732;25547;1;2
107068;-171468;47651;26147;8;2
105706;-193440;47566;24774;2;2
107257;-178882;47663;25683;2;2
124539;-180991;48743;25552;2;2
119093;-190948;48403;24929;1;2
127561;-166097;48932;26482;4;2
124870;-192479;48764;24834;1;2
122132;-190860;48593;24935;1;2
111079;-178233;47902;25724;4;2
109736;-165923;47818;26493;1;2
104328;-176901;47480;25807;1;2
109989;-164217;47834;26600;1;2
119971;-176816;48458;25813;4;2
116128;-169960;48218;26241;4;2
117747;-165657;48319;26510;8;2
99136;-173631;47156;26012;8;2
119863;-169660;48451;26260;1;2
125340;-168753;48793;26316;4;2
122979;-171287;48646;26158;2;2
113123;-192276;48030;24846;4;2
106990;-186344;47646;25217;2;2
122956;-164059;48644;26610;8;2
100136;-184858;47218;25310;4;2
113972;-175355;48083;25904;1;2
129615;-188678;49060;25071;8;2
111157;-180974;47907;25553;8;2
109569;-181184;47808;25540;8;2
117172;-191429;48283;24899;4;2
110211;-165755;47848;26504;2;2
125057;-171986;48776;26114;4;2
116924;-185493;48267;25270;2;2
103984;-170303;47459;26220;8;2
117309;-185394;48291;25276;4;2
109699;-187866;47816;25122;2;2
99565;-180204;47182;25601;4;2
121209;-181189;48535;25539;2;2
117532;-175012;48305;25925;4;2
107402;-177151;47672;25792;1;2
114477;-166354;48114;26466;1;2
108522;-186031;47742;25237;8;2
130177;-191699;49096;24882;2;2
104812;-187822;47510;25125;1;2
100417;-166982;47236;26427;1;2
107112;-193888;47654;24746;4;2
110596;-181299;47872;25532;8;2
125951;-187442;48831;25148;4;2
105189;-193402;47534;24776;2;2
124468;-182688;48739;25446;8;2
120194;-169525;48472;26268;2;2
114068;-180054;48089;25610;8;2
115396;-195975;48172;24615;2;2
109507;-191690;47804;24883;2;2
110260;-192077;47851;24859;2;2
102797;-178680;47384;25696;8;2
115468;-184966;48176;25303;8;2
126356;-194167;48857;24728;4;2
106661;-195502;47626;24645;1;2
110193;-177704;47847;25757;8;2
124483;-186823;48740;25187;2;2
100316;-164320;47229;26594;1;2
121565;-189572;48557;25015;2;2
113519;-181464;48054;25522;2;2
114883;-168932;48140;26305;8;2
127806;-179871;48947;25622;2;2
100691;-176337;47253;25842;1;2
104188;-165060;47471;26547;8;2
107074;-170866;47652;26184;1;2
117381;-184926;48296;25306;1;2
113405;-194541;48047;24705;1;2
124026;-189121;48711;25043;4;2
123930;-178650;48705;25698;1;2
121753;-179325;48569;25656;1;2
113790;-175294;48071;25908;1;2
125311;-169257;48791;26285;2;2
105535;-182016;47555;25488;1;2
104824;-189444;47511;25023;4;2
128319;-169858;48979;26247;1;2
125313;-182156;48792;25479;4;2
118461;-193101;48363;24795;2;2
111358;-191482;47919;24896;1;2
115724;-192310;48192;24844;1;2
114561;-181523;48120;25518;8;2
117581;-164679;48308;26571;1;2
121094;-181236;48528;25536;4;2
117781;-178042;48321;25736;8;2
113748;-182468;48069;25459;8;2
115944;-169977;48206;26240;1;2
124925;-169058;48767;26297;2;2
116667;-186442;48251;25211;4;2
117404;-187589;48297;25139;8;2
128302;-164891;48978;26558;1;2
126090;-169363;48840;26278;8;2
102440;-166516;47362;26456;1;2
115685;-164492;48190;26583;8;2
125273;-195393;48789;24651;8;2
130270;-191669;49101;24884;4;2
125830;-183362;48824;25403;1;2
115619;-167904;48186;26370;4;2
124672;-189474;48752;25021;1;2
108507;-178721;47741;25693;8;2
105466;-169352;47551;26279;4;2
103186;-173446;47409;26023;8;2
128808;-174379;49010;25965;1;2
126515;-172010;48867;26113;2;2
129741;-178776;49068;25690;4;2
117026;-195796;48274;24626;8;2
120382;-172900;48483;26057;2;2
107729;-194315;47693;24719;2;2
108960;-188774;47770;25065;8;2
99464;-170962;47176;26178;2;2
112413;-195034;47985;24674;8;2
125324;-171619;48792;26137;8;2
115972;-193556;48208;24766;1;2
105179;-167765;47533;26378;4;2
122089;-190427;48590;24962;4;2
109975;-174505;47833;25957;1;2
113809;-190237;48073;24974;8;2
115254;-167068;48163;26422;8;2
128911;-185843;49016;25248;1;2
117572;-189131;48308;25043;4;2
124073;-174626;48714;25949;8;2
111784;-181640;47946;25511;8;2
124187;-167984;48721;26365;2;2
115483;-171352;48177;26154;4;2
121173;-164800;48533;26564;2;2
123528;-194172;48680;24728;8;2
128504;-181250;48991;25535;4;2
108763;-171178;47757;26165;8;2
126057;-171320;48838;26156;1;2
119382;-175319;48421;25906;4;2
105408;-171437;47548;26149;2;2
126687;-180440;48877;25586;2;2
114753;-165114;48132;26544;8;2
110599;-166190;47872;26477;1;2
128562;-179229;48995;25662;4;2
111452;-171929;47925;26118;2;2
114580;-174481;48121;25958;2;2
130706;-172729;49129;26068;4;2
126445;-191419;48862;24900;1;2
129324;-177279;49042;25784;2;2
105617;-170749;47561;26192;8;2
106890;-179839;47640;25624;8;2
104207;-167564;47472;26391;2;2
115915;-167791;48204;26377;4;2
107378;-167154;47671;26416;4;2
120693;-170067;48503;26234;2;2
117227;-189101;48286;25045;2;2
106080;-167950;47590;26367;8;2
129271;-166393;49039;26464;1;2
115812;-195748;48198;24629;8;2
123337;-192567;48668;24828;4;2
119514;-182477;48429;25459;1;2
104338;-180404;47481;25588;8;2
123734;-164773;48693;26565;1;2
100035;-180822;47212;25562;8;2
116565;-185763;48245;25253;8;2
123498;-169858;48678;26247;2;2
111019;-180722;47898;25568;2;2
110637;-174302;47874;25970;4;2
107300;-178037;47666;25736;8;2
125736;-192620;48818;24825;1;2
128414;-178171;48985;25728;8;2
115128;-187625;48155;25137;1;2
109558;-185716;47807;25256;8;2
130344;-184435;49106;25336;2;2
109229;-171579;47786;26140;8;2
128017;-182545;48961;25454;1;2
113545;-192329;48056;24843;8;2
100217;-182060;47223;25485;2;2
106680;-166965;47627;26428;2;2
127621;-166630;48936;26449;2;2
100346;-181878;47231;25496;4;2
128626;-179200;48999;25664;8;2
124204;-187843;48722;25123;8;2
117588;-189039;48309;25049;1;2
127875;-181356;48952;25529;1;2
125729;-195729;48818;24630;1;2
125815;-188107;48823;25107;2;2
123261;-169354;48663;26279;8;2
126195;-164107;48847;26607;2;2
115683;-171088;48190;26171;1;2
126598;-178834;48872;25686;4;2
121894;-175542;48578;25892;4;2
103761;-165221;47445;26537;8;2
123803;-167915;48697;26369;1;2
124192;-195445;48722;24648;2;2
106627;-170871;47624;26184;1;2
120935;-167775;48518;26378;1;2
108905;-164138;47766;26605;4;2
109860;-166452;47826;26460;4;2
105813;-167270;47573;26409;4;2
106504;-172288;47616;26096;1;2
115296;-185307;48166;25282;2;2
110114;-191630;47842;24887;8;2
118426;-181905;48361;25494;1;2
111905;-189719;47954;25006;2;2
107130;-170367;47655;26216;2;2
108399;-170410;47734;26213;8;2
108727;-189140;47755;25042;1;2
130460;-170082;49113;26233;2;2
109660;-177974;47813;25740;8;2
112562;-193153;47995;24791;4;2
105953;-184384;47582;25340;4;2
126985;-165080;48896;26546;4;2
117009;-182249;48273;25473;1;2
112600;-168610;47997;26325;8;2
108030;-180555;47711;25579;4;2
123011;-165494;48648;26520;2;2
114815;-183360;48135;25404;1;2
126982;-189899;48896;24995;4;2
126986;-183971;48896;25365;8;2
106340;-168159;47606;26354;1;2
114143;-184411;48093;25338;2;2
117079;-189393;48277;25026;4;2
110155;-180560;47844;25579;2;2
121310;-174087;48541;25983;2;2
104330;-169721;47480;26256;2;2
104623;-185753;47498;25254;2;2
124575;-172586;48745;26077;2;2
111574;-180827;47933;25562;8;2
120006;-169622;48460;26262;1;2
123347;-164435;48669;26586;8;2
102126;-178685;47342;25696;2;2
101456;-175456;47301;25898;2;2
109666;-178250;47814;25723;8;2
106896;-163911;47641;26619;8;2
111109;-181683;47904;25508;4;2
104073;-176505;47464;25832;4;2
130528;-164944;49118;26555;8;2
118789;-188934;48384;25055;4;2
100081;-168279;47215;26346;2;2
108471;-186562;47739;25203;2;2
110038;-182295;47837;25470;1;2
124393;-182745;48734;25442;1;2
124077;-185042;48714;25298;2;2
130810;-186358;49135;25216;1;2
112981;-184978;48021;25302;4;2
116550;-193486;48244;24771;4;2
106423;-184172;47611;25353;1;2
125908;-194307;48829;24719;1;2
122514;-193394;48617;24776;8;2
117506;-183561;48304;25391;2;2
122286;-185484;48602;25271;1;2
115225;-183407;48161;25401;8;2
126011;-179005;48835;25676;1;2
114836;-181711;48137;25507;4;2
116963;-174576;48270;25953;4;2
110753;-163971;47882;26615;2;2
115012;-187450;48148;25148;4;2
109308;-183485;47791;25396;1;2
109532;-177786;47805;25752;2;2
105072;-179874;47527;25621;4;2
106051;-172034;47588;26111;1;2
117454;-170614;48300;26200;8;2
112306;-175139;47979;25917;2;2
112468;-176127;47989;25856;2;2
123538;-179489;48681;25645;4;2
101927;-164504;47330;26582;8;2
117722;-187073;48317;25171;8;2
108890;-177813;47765;25750;4;2
101975;-181995;47333;25489;2;2
103772;-181188;47445;25539;4;2
113794;-164142;48072;26605;8;2
98629;-178546;47124;25704;1;2
111468;-185883;47926;25246;1;2
128552;-171959;48994;26116;1;2
121023;-173917;48523;25994;4;2
99368;-167307;47170;26407;8;2
126521;-190228;48867;24974;1;2
128885;-168312;49015;26344;2;2
118466;-164572;48364;26578;8;2
118500;-173711;48366;26007;8;2
109238;-184418;47787;25337;4;2
113979;-170474;48083;26209;8;2
101809;-175524;47323;25893;8;2
103643;-169776;47437;26253;2;2
106839;-195925;47637;24618;2;2
112721;-194858;48005;24685;8;2
118468;-169836;48364;26249;1;2
105495;-174582;47553;25952;4;2
126436;-174037;48862;25986;4;2
125334;-189506;48793;25019;4;2
120371;-181057;48483;25547;4;2
114531;-186811;48118;25188;2;2
124133;-173353;48718;26029;1;2
104807;-166024;47510;26487;4;2
116694;-192278;48253;24846;1;2
120323;-183039;48480;25424;1;2
99874;-167600;47202;26389;2;2
112820;-195033;48011;24674;8;2
114302;-166529;48103;26455;8;2
116280;-193438;48227;24774;1;2
123972;-169261;48708;26285;2;2
113413;-181884;48048;25496;1;2
128464;-166500;48989;26457;8;2
99103;-176844;47153;25811;8;2
129525;-168596;49055;26326;4;2
128906;-169139;49016;26292;4;2
124460;-196567;48738;24578;2;2
103295;-178811;47415;25688;2;2
105402;-194067;47547;24734;8;2
126422;-172103;48861;26107;2;2
109294;-193410;47790;24775;2;2
126363;-193993;48857;24739;8;2
125293;-169347;48790;26279;1;2
112976;-173055;48021;26048;1;2
129660;-175940;49063;25867;2;2
128850;-174988;49013;25927;2;2
118918;-179962;48392;25616;2;2
130588;-167186;49121;26414;4;2
107434;-168580;47674;26327;8;2
107728;-184679;47693;25321;8;2
112101;-172630;47966;26074;1;2
114643;-186851;48125;25185;1;2
103884;-178872;47452;25684;1;2
128059;-170689;48963;26195;2;2
126711;-165971;48879;26490;4;2
120535;-172110;48493;26107;4;2
99122;-175321;47155;25906;4;2
122005;-177558;48585;25766;2;2
122209;-188336;48598;25093;8;2
126022;-165203;48836;26538;8;2
124417;-185893;48736;25245;2;2
129350;-168304;49044;26345;4;2
103876;-174620;47452;25950;2;2
106621;-185404;47623;25276;4;2
112404;-176101;47985;25857;1;2
125153;-175624;48782;25887;8;2
126385;-196577;48859;24577;2;2
127177;-182603;48908;25451;1;2
118285;-167664;48352;26385;1;2
110454;-164692;47863;26570;4;2
127120;-165701;48905;26507;1;2
115576;-195944;48183;24617;4;2
124004;-193224;48710;24787;8;2
122915;-169080;48642;26296;8;2
111143;-176350;47906;25842;8;2
114604;-171721;48122;26131;1;2
124007;-189965;48710;24991;8;2
124756;-186365;48757;25216;8;2
112680;-165351;48002;26529;2;2
122600;-188627;48622;25074;1;2
113577;-168017;48058;26362;2;2
120729;-173049;48505;26048;8;2
124532;-172840;48743;26061;1;2
108489;-193617;47740;24762;4;2
122032;-180366;48587;25591;8;2
122361;-185810;48607;25250;4;2
125464;-194221;48801;24725;8;2
124072;-180403;48714;25588;2;2
127637;-191193;48937;24914;4;2
100329;-165150;47230;26542;8;2
109210;-165902;47785;26495;2;2
126486;-190608;48865;24951;8;2
100113;-175062;47217;25922;1;2
107134;-190726;47655;24943;8;2
127067;-193602;48901;24763;1;2
127992;-179577;48959;25640;4;2
109115;-183315;47779;25406;8;2
106539;-194160;47618;24729;4;2
115491;-195202;48178;24663;2;2
111234;-166014;47912;26488;1;2
123588;-195172;48684;24665;8;2
117050;-180353;48275;25591;1;2
112147;-166495;47969;26458;8;2
124398;-176142;48734;25855;8;2
123425;-189800;48674;25001;1;2
119212;-167212;48410;26413;2;2
101470;-165288;47301;26533;8;2
122512;-187745;48617;25129;2;2
110626;-191064;47874;24922;4;2
109583;-164370;47808;26590;2;2
126563;-186633;48870;25199;1;2
124141;-166645;48718;26448;1;2
110589;-182116;47871;25481;8;2
125344;-191343;48794;24905;1;2
117417;-180537;48298;25580;8;2
112669;-167817;48001;26375;2;2
109873;-177280;47827;25784;1;2
117257;-174130;48288;25980;1;2
114381;-188990;48108;25052;4;2
123401;-173424;48672;26025;4;2
120734;-176797;48505;25814;1;2
112482;-180180;47990;25602;1;2
102643;-165983;47375;26490;8;2
105293;-169052;47540;26298;4;2
121180;-171112;48533;26169;8;2
113711;-186319;48066;25219;4;2
100395;-180840;47234;25561;2;2
115094;-194050;48153;24735;4;2
113386;-182241;48046;25473;4;2
101336;-169328;47293;26281;1;2
107013;-169261;47648;26285;1;2
115583;-184824;48183;25312;4;2
101539;-166782;47306;26440;1;2
107208;-167050;47660;26423;1;2
114303;-187735;48103;25130;8;2
122521;-167962;48617;26366;1;2
100356;-185532;47232;25268;1;2
124015;-167685;48710;26383;1;2
123800;-175562;48697;25891;8;2
124451;-175564;48738;25891;2;2
114973;-167402;48145;26401;2;2
109080;-182919;47777;25431;4;2
100110;-171222;47216;26162;4;2
120468;-190773;48489;24940;1;2
116683;-171533;48252;26143;8;2
101693;-179490;47315;25645;8;2
108330;-168043;47730;26361;1;2
128867;-177106;49014;25794;8;2
122472;-184902;48614;25307;1;2
101631;-169425;47311;26274;1;2
99465;-178718;47176;25694;8;2
123890;-170077;48703;26234;2;2
124787;-163949;48759;26617;2;2
106755;-184070;47632;25359;4;2
112859;-168452;48013;26335;4;2
126286;-174311;48852;25969;8;2
122901;-189396;48641;25026;2;2
115960;-191127;48207;24918;2;2
107597;-194889;47684;24683;4;2
102089;-168857;47340;26310;1;2
116984;-181333;48271;25530;1;2
128273;-180232;48977;25599;8;2
112549;-168368;47994;26341;2;2
107886;-171406;47702;26151;8;2
106342;-178953;47606;25679;4;2
105401;-183366;47547;25403;4;2
112408;-192850;47985;24810;8;2
116138;-170928;48218;26181;2;2
101434;-166278;47299;26471;8;2
128319;-179676;48979;25634;1;2
104591;-190708;47496;24944;1;2
128237;-178011;48974;25738;1;2
116585;-186546;48246;25204;8;2
115481;-165210;48177;26538;1;2
123118;-172270;48654;26097;8;2
113206;-188176;48035;25103;4;2
118218;-183254;48348;25410;8;2
118499;-191180;48366;24915;2;2
112713;-196114;48004;24606;4;2
120562;-176231;48495;25849;1;2
127548;-185644;48931;25261;8;2
108653;-169724;47750;26256;8;2
107303;-177483;47666;25771;8;2
108077;-187911;47714;25119;4;2
114813;-180798;48135;25564;2;2
116204;-190543;48222;24955;1;2
121414;-167702;48548;26382;8;2
110295;-187461;47853;25147;4;2
124473;-164982;48739;26552;8;2
114324;-179480;48105;25646;1;2
120771;-174553;48508;25954;8;2
123162;-176734;48657;25818;4;2
105736;-170556;47568;26204;8;2
101786;-182167;47321;25478;4;2
110874;-178686;47889;25696;2;2
122815;-174801;48635;25938;2;2
123554;-188789;48682;25064;2;2
123016;-195830;48648;24624;1;2
107648;-185647;47688;25261;2;2
116084;-187812;48215;25125;2;2
126859;-188561;48888;25078;4;2
105189;-189608;47534;25013;8;2
125114;-188896;48779;25058;8;2
110082;-183523;47840;25393;2;2
120117;-190682;48467;24946;4;2
106971;-186406;47645;25213;2;2
129956;-171928;49082;26118;2;2
123233;-173765;48662;26003;2;2
106836;-181571;47637;25515;4;2
126887;-183372;48890;25403;4;2
116007;-165973;48210;26490;2;2
128784;-176104;49009;25857;8;2
121604;-170607;48560;26201;2;2
109706;-185935;47816;25243;1;2
114878;-193082;48139;24796;4;2
126886;-190237;48890;24974;4;2
126898;-166915;48891;26431;4;2
104663;-188706;47501;25069;8;2
127175;-184323;48908;25343;2;2
112887;-164511;48015;26582;8;2
121324;-178194;48542;25726;4;2
120856;-175608;48513;25888;1;2
108343;-190202;47731;24976;4;2
123846;-180455;48700;25585;4;2
103869;-180114;47451;25606;1;2
106004;-178496;47585;25708;2;2
123138;-192409;48656;24838;4;2
112950;-168510;48019;26332;8;2
101778;-174498;47321;25957;1;2
117157;-170540;48282;26205;8;2
121802;-171774;48572;26128;8;2
118585;-178105;48371;25732;2;2
113534;-180590;48055;25577;1;2
130006;-186739;49085;25192;1;2
127625;-184135;48936;25355;1;2
118767;-184120;48382;25356;1;2
114746;-178866;48131;25684;8;2
103936;-169017;47456;26300;2;2
118705;-172390;48379;26089;4;2
104071;-164081;47464;26608;2;2
120097;-178827;48466;25687;1;2
117994;-170118;48334;26231;4;2
109655;-187638;47813;25136;1;2
123150;-173609;48656;26013;1;2
101155;-176684;47282;25821;1;2
130019;-167756;49086;26379;4;2
122156;-178266;48594;25722;4;2
130177;-168930;49096;26305;1;2
110142;-192579;47843;24827;1;2
121609;-181892;48560;25495;1;2
100790;-170212;47259;26225;8;2
131066;-170974;49151;26178;1;2
114370;-179848;48108;25623;8;2
127721;-166157;48942;26479;4;2
128664;-179757;49001;25629;2;2
128748;-179761;49006;25628;2;2
121139;-176437;48531;25836;4;2
117798;-167530;48322;26393;4;2
127093;-189061;48903;25047;1;2
104560;-180998;47495;25551;4;2
118314;-186493;48354;25208;4;2
127606;-170446;48935;26211;8;2
118820;-180399;48386;25589;8;2
114529;-165115;48118;26544;1;2
127708;-186402;48941;25213;1;2
127612;-165636;48935;26511;8;2
117686;-186882;48315;25183;4;2
127269;-189718;48914;25006;2;2
108784;-195383;47759;24652;8;2
114285;-170258;48102;26222;4;2
121640;-176835;48562;25811;1;2
115497;-165438;48178;26524;2;2
126102;-175426;48841;25899;8;2
119056;-170304;48401;26220;1;2
126704;-183652;48879;25385;1;2
103533;-176274;47430;25846;2;2
123648;-165837;48688;26499;4;2
126360;-167881;48857;26371;4;2
122765;-164194;48632;26601;8;2
130462;-166138;49113;26480;8;2
120723;-164240;48505;26599;4;2
114583;-187668;48121;25134;2;2
123406;-175598;48672;25889;8;2
105738;-188653;47568;25073;2;2
114444;-168706;48112;26319;2;2
105553;-176406;47557;25838;8;2
122467;-167164;48614;26416;2;2
111222;-194306;47911;24719;8;2
124657;-187235;48751;25161;2;2
107262;-192082;47663;24858;2;2
124740;-194542;48756;24705;8;2
129669;-175262;49064;25910;8;2
120561;-172339;48495;26092;1;2
123751;-167896;48694;26370;2;2
128711;-170251;49004;26223;2;2
105774;-189963;47570;24991;1;2
122759;-188225;48632;25099;8;2
127316;-185425;48917;25274;2;2
99170;-164834;47158;26561;2;2
127953;-169712;48957;26257;2;2
111104;-175176;47904;25915;2;2
105106;-174490;47529;25958;2;2
112768;-193798;48008;24751;1;2
102410;-181721;47360;25506;2;2
115284;-194989;48165;24677;2;2
101627;-165486;47311;26521;2;2
113360;-185333;48045;25280;8;2
116675;-165685;48252;26508;1;2
111180;-177590;47908;25764;8;2
121650;-186043;48563;25236;4;2
130529;-193335;49118;24780;2;2
103126;-174276;47405;25971;2;2
110997;-175694;47897;25883;1;2
112370;-179184;47983;25665;8;2
122212;-177835;48598;25749;2;2
105240;-177138;47537;25792;4;2
99427;-178377;47174;25715;1;2
113889;-188616;48078;25075;8;2
104535;-176300;47493;25845;1;2
104947;-191762;47519;24878;8;2
111331;-193929;47918;24743;1;2
120805;-173377;48510;26027;4;2
114375;-185542;48108;25267;2;2
105340;-188722;47543;25068;4;2
107395;-184609;47672;25325;1;2
127455;-182480;48925;25459;1;2
126495;-174087;48865;25983;4;2
123030;-169516;48649;26269;8;2
119696;-177349;48441;25779;1;2
109574;-167375;47808;26403;8;2
111008;-179916;47898;25619;1;2
107050;-182303;47650;25470;2;2
108029;-188878;47711;25059;1;2
120667;-175768;48501;25878;2;2
119408;-174715;48423;25944;1;2
114906;-195467;48141;24647;4;2
101443;-166586;47300;26452;8;2
125137;-181690;48781;25508;4;2
116137;-184542;48218;25330;8;2
100359;-185998;47232;25239;8;2
98656;-178991;47126;25677;8;2
111648;-179009;47938;25675;2;2
105787;-180703;47571;25570;1;2
129241;-171901;49037;26120;8;2
123147;-184650;48656;25323;4;2
122332;-165657;48605;26510;2;2
125530;-170108;48805;26232;8;2
130509;-193313;49116;24781;4;2
113834;-179005;48074;25676;1;2
111095;-190219;47903;24975;1;2
122938;-166080;48643;26484;2;2
112957;-185006;48019;25301;2;2
117818;-168500;48323;26332;8;2
106555;-176263;47619;25847;8;2
116817;-175414;48261;25900;1;2
112006;-179732;47960;25630;8;2
120751;-175344;48506;25905;2;2
100661;-175074;47251;25921;8;2
111352;-191741;47919;24880;4;2
121909;-167233;48579;26411;1;2
105745;-170608;47569;26201;4;2
107715;-180184;47692;25602;2;2
103866;-167392;47451;26402;2;2
124468;-181368;48739;25528;4;2
113638;-190823;48062;24937;1;2
103031;-165261;47399;26535;1;2
126468;-174231;48864;25974;2;2
121626;-166406;48561;26463;1;2
125611;-168199;48810;26351;2;2
123278;-178640;48664;25699;1;2
113195;-183949;48034;25367;8;2
111756;-178022;47944;25737;8;2
120684;-194072;48502;24734;1;2
114043;-189590;48087;25014;4;2
105447;-181381;47550;25527;2;2
127091;-184810;48903;25313;2;2
113285;-173114;48040;26044;1;2
111145;-182707;47906;25444;1;2
112092;-179911;47965;25619;8;2
103902;-178695;47453;25695;8;2
105071;-188295;47526;25095;2;2
108052;-177621;47713;25762;2;2
127136;-192673;48906;24821;8;2
129686;-176544;49065;25830;2;2
106656;-171196;47626;26164;8;2
116428;-193273;48236;24784;1;2
119971;-194206;48458;24726;2;2
122477;-170383;48614;26215;2;2
115219;-183013;48161;25425;2;2
115324;-165650;48167;26510;1;2
121924;-180611;48580;25575;4;2
121442;-165700;48550;26507;2;2
115746;-169105;48194;26294;2;2
129120;-176994;49030;25801;2;2
124448;-169576;48738;26265;1;2
129899;-184208;49078;25351;1;2
124931;-195208;48768;24663;4;2
126305;-191169;48854;24915;8;2
126082;-177826;48840;25749;2;2
114689;-180742;48128;25567;1;2
123057;-188376;48651;25090;1;2
129091;-187655;49028;25135;8;2
123163;-168045;48657;26361;2;2
116900;-172331;48266;26093;1;2
107194;-190824;47659;24937;4;2
124810;-170069;48760;26234;2;2
111111;-182849;47904;25435;1;2
123600;-185830;48685;25249;8;2
116108;-190153;48216;24979;2;2
101206;-173390;47285;26027;4;2
112799;-182687;48009;25446;4;2
109373;-186525;47795;25206;8;2
129736;-168269;49068;26347;8;2
105963;-170154;47582;26229;8;2
112400;-184965;47985;25303;4;2
110483;-181887;47865;25496;8;2
104217;-169949;47473;26242;1;2
120543;-168769;48493;26315;8;2
110347;-179934;47856;25618;1;2
119464;-187659;48426;25135;8;2
109382;-185674;47796;25259;1;2
100009;-176417;47210;25837;4;2
121792;-170611;48572;26200;4;2
124680;-171391;48752;26152;4;2
110700;-182061;47878;25485;1;2
99083;-178471;47152;25709;1;2
124028;-190532;48711;24955;8;2
115101;-185967;48153;25241;2;2
107079;-168455;47652;26335;4;2
122293;-167939;48603;26367;8;2
108477;-171912;47739;26119;2;2
130465;-181431;49114;25524;2;2
109412;-182340;47798;25467;2;2
110558;-189814;47869;25000;2;2
112168;-196066;47970;24609;8;2
113906;-192948;48079;24804;2;2
99485;-166384;47177;26465;1;2
117984;-172291;48334;26095;4;2
119991;-169064;48459;26297;2;2
124919;-169081;48767;26296;4;2
114987;-169433;48146;26274;1;2
127848;-174396;48950;25964;4;2
119450;-174141;48425;25980;8;2
122304;-178687;48604;25696;4;2
110400;-166972;47860;26428;8;2
120367;-175755;48482;25879;4;2
116806;-174248;48260;25973;8;2
112315;-193090;47979;24795;2;2
124485;-168379;48740;26340;8;2
117958;-190131;48332;24980;2;2
108045;-176825;47712;25812;8;2
102153;-167541;47344;26392;1;2
110983;-166378;47896;26465;8;2
118786;-191946;48384;24867;8;2
109557;-187178;47807;25165;2;2
110635;-181303;47874;25532;2;2
124385;-190324;48734;24968;1;2
101356;-174848;47294;25936;8;2
121869;-184803;48576;25313;4;2
106811;-164137;47635;26605;4;2
104294;-165684;47478;26508;8;2
123051;-176609;48650;25825;2;2
100124;-174381;47217;25965;4;2
121608;-164063;48560;26610;4;2
122525;-187889;48617;25120;2;2
120826;-176640;48511;25824;4;2
116896;-191612;48266;24888;8;2
107213;-185163;47660;25291;1;2
106152;-172167;47594;26103;1;2
116349;-166300;48231;26470;4;2
108218;-190500;47723;24957;2;2
101460;-185107;47301;25294;8;2
127276;-169500;48914;26270;2;2
124956;-182494;48769;25458;4;2
103654;-172022;47438;26112;8;2
125644;-166406;48812;26463;1;2
101815;-166196;47323;26476;8;2
127131;-180433;48905;25586;2;2
129308;-172131;49041;26105;4;2
129705;-177009;49066;25800;2;2
112517;-179220;47992;25662;8;2
119182;-187468;48408;25147;4;2
107005;-182656;47647;25448;4;2
111649;-171534;47938;26143;1;2
100110;-165666;47216;26509;4;2
127747;-177022;48944;25800;4;2
105004;-177827;47522;25749;1;2
120060;-164252;48463;26598;1;2
127682;-172177;48940;26102;2;2
116247;-170305;48225;26219;8;2
123516;-174086;48679;25983;1;2
100597;-169019;47247;26300;8;2
111033;-164882;47899;26558;2;2
123434;-170248;48674;26223;2;2
121368;-168086;48545;26358;4;2
99672;-179972;47189;25615;2;2
105176;-186213;47533;25225;1;2
109333;-175339;47793;25905;8;2
113523;-167031;48055;26424;2;2
119153;-174168;48407;25978;2;2
102713;-167680;47379;26384;8;2
126372;-169079;48858;26296;1;2
111013;-185309;47898;25282;1;2
100782;-168546;47258;26329;1;2
116189;-169719;48221;26256;8;2
117662;-174068;48313;25984;1;2
119962;-186941;48457;25180;4;2
130282;-174870;49102;25934;4;2
123984;-195522;48709;24643;4;2
106389;-177978;47609;25740;2;2
102000;-165392;47335;26527;2;2
118732;-188222;48380;25100;8;2
109102;-182471;47778;25459;2;2
116692;-180519;48253;25581;8;2
129804;-167237;49072;26411;8;2
126213;-168619;48848;26325;1;2
120060;-172765;48463;26066;2;2
118856;-172034;48388;26111;2;2
103605;-168704;47435;26320;4;2
118078;-172482;48339;26083;8;2
126561;-173698;48870;26007;8;2
112944;-184987;48019;25302;4;2
126364;-180928;48857;25556;4;2
104966;-186903;47520;25182;2;2
102643;-175259;47375;25910;1;2
130591;-168191;49121;26352;2;2
118032;-184385;48337;25339;4;2
116241;-165032;48225;26549;4;2
130905;-176350;49141;25842;4;2
110285;-191413;47852;24900;2;2
113091;-185966;48028;25241;8;2
124811;-188315;48760;25094;1;2
126542;-170441;48868;26211;4;2
115522;-190461;48180;24960;4;2
107777;-164060;47696;26610;1;2
114362;-180329;48107;25593;1;2
122889;-183773;48640;25378;4;2
99778;-173878;47196;25996;8;2
130717;-165839;49129;26499;1;2
114005;-178667;48085;25697;4;2
126944;-182651;48894;25448;2;2
127079;-167364;48902;26403;2;2
128627;-164272;48999;26597;1;2
101457;-181082;47301;25546;4;2
110590;-194301;47871;24720;4;2
111221;-195638;47911;24636;8;2
112005;-195160;47960;24666;4;2
109721;-166542;47817;26455;1;2
127284;-164085;48915;26608;2;2
119766;-175698;48445;25882;2;2
111581;-173322;47933;26031;8;2
120206;-189441;48472;25023;1;2
106701;-169066;47628;26297;2;2
117271;-192271;48289;24847;8;2
102770;-179722;47383;25631;4;2
117500;-190627;48303;24949;4;2
125611;-168345;48810;26342;8;2
125457;-185005;48801;25301;2;2
111405;-177758;47922;25754;2;2
113830;-178602;48074;25701;8;2
117561;-178581;48307;25702;2;2
105263;-166046;47538;26486;1;2
105986;-164679;47584;26571;8;2
119773;-176218;48445;25850;8;2
122281;-175562;48602;25891;1;2
110205;-177767;47847;25753;4;2
116794;-164533;48259;26580;4;2
122630;-192747;48624;24817;4;2
107416;-191603;47673;24888;4;2
113701;-175288;48066;25908;1;2
107605;-178656;47685;25698;2;2
120540;-167437;48493;26399;1;2
116290;-185550;48228;25267;2;2
121959;-169462;48582;26272;2;2
123770;-187246;48695;25161;2;2
111887;-175208;47952;25913;1;2
118044;-176250;48337;25848;1;2
105050;-184519;47525;25331;4;2
130130;-182787;49093;25439;1;2
100124;-168266;47217;26347;1;2
109772;-184557;47820;25329;8;2
125326;-172345;48792;26092;2;2
121903;-185899;48578;25245;4;2
102964;-180068;47395;25609;1;2
128480;-184226;48990;25349;1;2
115523;-177493;48180;25770;4;2
128020;-190286;48961;24971;1;2
124065;-169681;48714;26258;1;2
117207;-192585;48285;24827;4;2
114277;-180978;48102;25552;8;2
119520;-183009;48430;25425;4;2
121297;-173557;48541;26016;8;2
122979;-195202;48646;24663;8;2
122468;-183446;48614;25398;1;2
100089;-173170;47215;26040;1;2
99203;-164361;47160;26591;8;2
102088;-179643;47340;25636;4;2
117050;-191194;48275;24914;8;2
123672;-170397;48689;26214;1;2
116456;-176025;48238;25862;4;2
122430;-188588;48611;25077;8;2
122349;-173427;48606;26024;2;2
128557;-178320;48994;25719;8;2
104636;-182851;47499;25435;1;2
115577;-166805;48183;26438;2;2
111462;-193502;47926;24770;4;2
120843;-179087;48512;25671;2;2
127260;-165803;48913;26501;2;2
121449;-170398;48550;26214;4;2
115190;-165181;48159;26540;4;2
114039;-187013;48087;25175;4;2
118785;-164452;48384;26585;4;2
105379;-192619;47546;24825;1;2
121637;-172740;48562;26067;8;2
104826;-180495;47511;25583;1;2
109957;-195349;47832;24654;2;2
119408;-171702;48423;26132;4;2
110889;-164199;47890;26601;2;2
116253;-186430;48225;25212;2;2
117146;-183957;48281;25366;2;2
117521;-176935;48305;25805;8;2
129368;-173813;49045;26000;2;2
104488;-184750;47490;25317;2;2
118711;-192660;48379;24822;8;2
107364;-193906;47670;24744;8;2
100490;-164303;47240;26595;2;2
108478;-179410;47739;25650;4;2
115224;-188841;48161;25061;8;2
104534;-180374;47493;25590;4;2
108360;-179118;47732;25669;1;2
102039;-169594;47337;26264;4;2
118103;-163844;48341;26623;1;2
123995;-170684;48709;26196;4;2
128933;-185219;49018;25287;1;2
130154;-174645;49094;25948;2;2
103272;-166207;47414;26476;8;2
120593;-186846;48497;25186;1;2
121250;-184850;48538;25310;2;2
125837;-165894;48824;26495;8;2
115822;-184977;48198;25302;1;2
122126;-192008;48592;24863;4;2
126169;-191218;48845;24912;8;2
116650;-193528;48250;24768;8;2
122873;-166894;48639;26433;4;2
124213;-171591;48723;26139;2;2
99645;-166423;47187;26462;8;2
118004;-187897;48335;25120;2;2
112418;-171629;47986;26137;8;2
129181;-173289;49033;26033;8;2
118091;-187849;48340;25123;1;2
125437;-193433;48799;24774;1;2
121485;-189057;48552;25047;1;2
122737;-174928;48631;25931;1;2
110863;-180610;47888;25575;2;2
101666;-180600;47314;25576;8;2
108544;-185486;47744;25271;8;2
124609;-180214;48748;25600;4;2
109637;-194504;47812;24707;2;2
121324;-178394;48542;25714;4;2
113016;-176648;48023;25823;1;2
120159;-170832;48469;26187;2;2
125518;-178140;48804;25730;8;2
113717;-195237;48067;24661;4;2
122599;-168117;48622;26356;2;2
123088;-187361;48653;25153;8;2
115536;-168849;48181;26310;8;2
124458;-186983;48738;25177;4;2
113951;-182043;48081;25486;2;2
114738;-196003;48131;24613;2;2
120279;-185675;48477;25259;4;2
111380;-190789;47921;24939;1;2
123336;-193241;48668;24786;4;2
121331;-177646;48543;25761;2;2
130263;-169335;49101;26280;4;2
115597;-168734;48184;26318;4;2
102844;-180559;47387;25579;4;2
118961;-166194;48395;26476;8;2
119180;-165623;48408;26512;8;2
103678;-165905;47439;26494;1;2
109978;-190397;47833;24964;1;2
122692;-183245;48628;25411;1;2
115074;-165519;48152;26519;8;2
130218;-175974;49098;25865;8;2
110194;-167090;47847;26420;4;2
100782;-170684;47258;26196;8;2
117552;-178733;48307;25693;4;2
118804;-190701;48385;24945;4;2
116298;-187955;48228;25116;1;2
129569;-173486;49058;26021;2;2
109345;-189594;47794;25014;8;2
125035;-171185;48774;26164;8;2
121359;-187090;48544;25170;1;2
113332;-179457;48043;25647;1;2
120859;-173904;48513;25995;8;2
105937;-167749;47581;26379;1;2
106790;-169869;47634;26247;4;2
121955;-168035;48582;26361;1;2
111852;-171678;47950;26134;8;2
101527;-173057;47305;26047;8;2
118407;-178916;48360;25681;2;2
108740;-178449;47756;25710;8;2
110406;-189316;47860;25031;2;2
129168;-185683;49033;25258;1;2
103781;-173731;47446;26005;1;2
121783;-172773;48571;26065;1;2
122819;-169847;48636;26248;4;2
118259;-174627;48351;25949;2;2
107631;-190065;47686;24984;1;2
116973;-166664;48270;26447;1;2
126853;-169790;48888;26252;4;2
113268;-195399;48039;24651;2;2
123569;-193584;48683;24765;8;2
118444;-175864;48362;25872;2;2
125067;-188534;48776;25080;8;2
104034;-167105;47462;26419;4;2
108545;-190104;47744;24982;8;2
108154;-194938;47719;24680;8;2
127845;-186310;48950;25219;2;2
125496;-164113;48803;26606;4;2
123232;-190601;48662;24951;1;2
115406;-187992;48172;25114;1;2
99889;-174493;47203;25958;8;2
126390;-165508;48859;26519;2;2
116770;-172877;48258;26059;2;2
128824;-169999;49011;26239;1;2
107452;-186660;47675;25197;4;2
107245;-188247;47662;25098;2;2
127276;-180358;48914;25591;4;2
99770;-171736;47195;26130;1;2
128658;-168569;49001;26328;1;2
117505;-169566;48304;26266;4;2
107302;-196407;47666;24588;1;2
117527;-171642;48305;26136;8;2
122598;-169415;48622;26275;4;2
105106;-171389;47529;26152;1;2
120084;-166605;48465;26451;8;2
126127;-185432;48842;25274;4;2
105508;-176203;47554;25851;4;2
114531;-181178;48118;25540;4;2
108258;-166729;47726;26443;2;2
124885;-180474;48765;25584;2;2
113502;-173172;48053;26040;2;2
104627;-190202;47499;24976;8;2
108517;-182491;47742;25458;8;2
101955;-173901;47332;25995;8;2
124215;-166790;48723;26439;1;2
107641;-168547;47687;26329;2;2
111112;-164409;47904;26588;4;2
118522;-176722;48367;25818;4;2
109573;-196043;47808;24611;1;2
101721;-171827;47317;26124;8;2
102777;-166642;47383;26448;1;2
105594;-186062;47559;25235;4;2
118366;-191458;48357;24897;1;2
121313;-167512;48542;26394;1;2
121133;-196360;48530;24591;8;2
121674;-175628;48564;25887;2;2
100369;-180258;47233;25597;8;2
112248;-175346;47975;25904;4;2
106603;-188311;47622;25094;8;2
109794;-164090;47822;26608;1;2
105245;-188299;47537;25095;8;2
116556;-195551;48244;24642;4;2
108546;-194041;47744;24736;1;2
123767;-190487;48695;24958;1;2
103667;-172807;47439;26063;1;2
102546;-173433;47369;26024;1;2
122504;-167484;48616;26396;2;2
118530;-181074;48368;25546;1;2
100262;-172933;47226;26055;8;2
103839;-173057;47449;26047;4;2
124582;-194545;48746;24704;1;2
125519;-177864;48804;25747;1;2
113945;-179273;48081;25659;8;2
99503;-179625;47178;25637;1;2
129873;-186604;49077;25201;8;2
124380;-182834;48733;25436;4;2
106869;-193676;47639;24759;1;2
106060;-165790;47588;26502;8;2
112655;-191134;48000;24918;2;2
101964;-180475;47332;25584;4;2
117675;-167780;48314;26377;1;2
111272;-195902;47914;24620;1;2
111993;-184659;47959;25322;8;2
110837;-192197;47887;24851;1;2
125519;-165119;48804;26544;4;2
108038;-164430;47712;26587;8;2
124213;-183601;48723;25388;4;2
120091;-165471;48465;26522;2;2
128321;-174581;48980;25952;2;2
125415;-170317;48798;26219;4;2
123131;-164159;48655;26604;1;2
130783;-171776;49133;26128;4;2
111738;-176180;47943;25852;4;2
124154;-165792;48719;26502;2;2
117978;-190097;48333;24982;2;2
110366;-165253;47857;26535;4;2
128024;-168705;48961;26319;8;2
118371;-181785;48358;25502;8;2
125607;-179554;48810;25641;1;2
102304;-180540;47354;25580;4;2
99898;-183254;47203;25410;4;2
107958;-191155;47707;24916;4;2
106658;-164632;47626;26574;2;2
113838;-167267;48074;26409;2;2
107461;-191926;47676;24868;1;2
100620;-178595;47248;25701;4;2
124342;-176824;48731;25812;4;2
125156;-164863;48782;26560;1;2
115296;-164871;48166;26559;2;2
125747;-177026;48819;25799;2;2
116983;-172569;48271;26078;1;2
101316;-171113;47292;26169;4;2
105476;-171915;47552;26119;2;2
114074;-184586;48089;25327;4;2
101759;-173970;47319;25990;2;2
116162;-189425;48220;25024;8;2
125356;-192607;48794;24826;2;2
105250;-172952;47538;26054;4;2
105273;-182095;47539;25483;2;2
108837;-196580;47762;24577;2;2
107528;-178062;47680;25735;1;2
119038;-178492;48399;25708;4;2
116557;-186768;48244;25191;1;2
122686;-169041;48627;26298;1;2
110590;-186708;47871;25194;4;2
100676;-176800;47252;25814;4;2
117262;-184349;48288;25342;4;2
111610;-195039;47935;24674;2;2
110403;-186612;47860;25200;8;2
124151;-184800;48719;25314;1;2
101333;-176936;47293;25805;2;2
110688;-187603;47878;25138;2;2
112687;-187530;48002;25143;2;2
117081;-179449;48277;25648;2;2
129659;-169132;49063;26293;8;2
108111;-165991;47716;26489;1;2
130677;-174544;49127;25955;2;2
108804;-193055;47760;24798;1;2
111138;-182642;47906;25448;1;2
122600;-173919;48622;25994;1;2
117931;-177528;48330;25768;4;2
106754;-170455;47632;26210;4;2
107041;-170919;47650;26181;4;2
106748;-187912;47631;25119;8;2
116198;-181954;48222;25491;4;2
119082;-178538;48402;25705;2;2
130122;-176488;49092;25833;1;2
127683;-189752;48940;25004;8;2
100721;-174273;47255;25971;1;2
99936;-171123;47206;26168;2;2
123611;-183673;48685;25384;8;2
109760;-183742;47820;25380;4;2
117735;-184135;48318;25355;4;2
105988;-182619;47584;25450;2;2
130526;-175596;49117;25889;2;2
108467;-187088;47739;25171;8;2
99937;-174775;47206;25940;8;2
98749;-179172;47131;25665;8;2
118282;-187884;48352;25121;2;2
104899;-177550;47516;25767;2;2
111153;-194958;47907;24679;4;2
123786;-187859;48696;25122;2;2
125161;-187854;48782;25123;2;2
108529;-166594;47743;26451;1;2
106554;-188362;47619;25091;1;2
119900;-179501;48453;25645;4;2
113244;-195948;48037;24617;2;2
111865;-192177;47951;24852;2;2
129823;-178935;49073;25680;2;2
111112;-189318;47904;25031;4;2
118450;-179793;48363;25626;8;2
130937;-168821;49143;26312;8;2
99955;-169168;47207;26291;8;2
127629;-194204;48936;24726;8;2
114684;-185061;48127;25297;4;2
108577;-191652;47746;24885;8;2
124140;-184908;48718;25307;1;2
123410;-180155;48673;25604;2;2
105344;-176192;47544;25852;4;2
129248;-176679;49038;25821;4;2
121347;-176792;48544;25814;2;2
126078;-189795;48839;25001;4;2
126060;-181965;48838;25491;1;2
111067;-192016;47901;24863;1;2
109816;-178498;47823;25707;1;2
102153;-173278;47344;26034;4;2
114213;-184874;48098;25309;8;2
103650;-184480;47438;25334;1;2
99888;-176016;47203;25863;4;2
105333;-193590;47543;24764;1;2
120081;-176850;48465;25810;8;2
120208;-174935;48473;25930;8;2
105975;-188621;47583;25075;4;2
113217;-178675;48036;25696;4;2
104079;-163989;47464;26614;2;2
122778;-188617;48633;25075;1;2
110793;-171898;47884;26120;1;2
117295;-168370;48290;26340;8;2
115300;-167526;48166;26393;4;2
128145;-166755;48969;26441;2;2
109552;-184732;47807;25318;1;2
117996;-193108;48334;24794;2;2
121602;-188294;48560;25095;2;2
104843;-169740;47512;26255;2;2
113979;-194878;48083;24684;2;2
120357;-180127;48482;25606;8;2
123539;-188373;48681;25090;4;2
102786;-165663;47384;26510;8;2
117693;-176456;48315;25835;2;2
124754;-170542;48757;26205;8;2
105433;-167518;47549;26394;8;2
110315;-192634;47854;24824;2;2
103935;-169131;47455;26293;8;2
126059;-164890;48838;26558;2;2
108429;-182285;47736;25471;2;2
130786;-175022;49134;25925;4;2
121357;-178432;48544;25712;2;2
123176;-178646;48658;25698;8;2
100530;-166131;47243;26480;8;2
126381;-170952;48858;26179;1;2
111797;-175080;47947;25921;2;2
123352;-173149;48669;26042;1;2
100698;-178468;47253;25709;4;2
104727;-176644;47505;25823;8;2
109187;-186395;47784;25214;1;2
119937;-184025;48456;25362;8;2
126972;-176152;48895;25854;8;2
102787;-176868;47384;25809;4;2
119780;-180655;48446;25573;1;2
105312;-173407;47542;26026;8;2
99479;-167849;47177;26373;1;2
113961;-170283;48082;26221;4;2
128337;-169847;48981;26248;1;2
109647;-194230;47812;24724;4;2
111843;-192807;47950;24813;2;2
101701;-176387;47316;25839;1;2
111291;-189087;47915;25046;2;2
120855;-174433;48513;25961;8;2
110230;-176402;47849;25838;2;2
98570;-177793;47120;25751;8;2
107589;-194144;47684;24730;2;2
116867;-168132;48264;26355;1;2
114394;-194142;48109;24730;2;2
108075;-181100;47714;25545;4;2
122776;-173973;48633;25990;2;2
119257;-165417;48413;26525;8;2
108842;-194428;47762;24712;1;2
119424;-172564;48424;26078;4;2
108571;-167243;47745;26411;4;2
107439;-180211;47674;25600;8;2
112839;-173170;48012;26040;2;2
127790;-175132;48946;25918;1;2
126908;-169675;48891;26259;4;2
119624;-189976;48436;24990;8;2
122663;-178860;48626;25685;1;2
121149;-164804;48531;26563;2;2
126701;-176074;48878;25859;8;2
113076;-187171;48027;25165;4;2
117236;-173644;48287;26011;8;2
109043;-186554;47775;25204;4;2
119707;-173222;48441;26037;2;2
109278;-188293;47789;25095;4;2
111149;-194168;47906;24728;8;2
110748;-193857;47881;24747;8;2
126013;-180534;48835;25580;2;2
110593;-195729;47872;24630;8;2
118672;-169538;48377;26267;8;2
122872;-185023;48639;25300;2;2
104656;-183374;47501;25403;1;2
118447;-164066;48362;26609;4;2
106141;-191397;47593;24901;2;2
126407;-185762;48860;25253;1;2
100747;-172769;47256;26065;1;2
126692;-173945;48878;25992;8;2
100490;-183482;47240;25396;8;2
115182;-190972;48158;24928;4;2
104862;-173159;47513;26041;2;2
118383;-169591;48358;26264;8;2
113412;-172384;48048;26090;1;2
126671;-174770;48876;25940;2;2
107926;-189706;47705;25007;8;2
114276;-178825;48102;25687;4;2
108316;-178307;47729;25719;2;2
124014;-169553;48710;26266;2;2
114160;-178496;48095;25708;8;2
113826;-177382;48074;25777;4;2
122335;-166720;48605;26444;4;2
117072;-194218;48277;24725;2;2
124622;-191840;48748;24874;1;2
118005;-166940;48335;26430;4;2
99139;-173444;47156;26023;4;2
121646;-191618;48562;24887;2;2
108337;-168922;47731;26306;1;2
120975;-167764;48520;26378;1;2
113771;-172935;48070;26055;4;2
130006;-171935;49085;26118;8;2
114099;-190157;48091;24979;1;2
113543;-192701;48056;24820;8;2
115965;-195417;48207;24650;1;2
110411;-164128;47860;26606;2;2
127380;-174417;48921;25962;2;2
124819;-185757;48761;25254;4;2
102676;-171957;47377;26116;4;2
105409;-172014;47548;26113;2;2
115540;-180533;48181;25580;4;2
103147;-170165;47406;26228;4;2
108737;-177996;47756;25739;2;2
107744;-183119;47694;25419;8;2
129637;-175126;49062;25918;1;2
111860;-196347;47951;24592;8;2
112948;-194276;48019;24721;4;2
112860;-166165;48013;26478;4;2
107519;-176529;47679;25830;2;2
118416;-183066;48361;25422;1;2
125265;-165875;48789;26496;8;2
106116;-182253;47592;25473;1;2
127310;-190451;48916;24960;1;2
104423;-167970;47486;26365;8;2
124199;-185581;48722;25265;4;2
123128;-191937;48655;24867;8;2
102208;-173656;47348;26010;8;2
111430;-183886;47924;25371;4;2
109142;-171546;47781;26142;1;2
122823;-173572;48636;26015;2;2
126526;-169015;48867;26300;1;2
112862;-172600;48013;26076;2;2
106489;-179184;47615;25665;8;2
103622;-183320;47436;25406;2;2
116942;-172365;48268;26091;4;2
105632;-176106;47562;25857;4;2
105469;-182596;47551;25451;8;2
112991;-164525;48021;26581;2;2
106981;-194369;47646;24715;8;2
118041;-173963;48337;25991;8;2
102156;-182526;47344;25456;2;2
127175;-164560;48908;26579;4;2
125991;-183111;48834;25419;8;2
128238;-173697;48974;26007;4;2
107103;-179175;47653;25665;4;2
109159;-185181;47782;25290;8;2
123101;-192257;48653;24847;2;2
120499;-190948;48491;24929;4;2
118870;-174365;48389;25966;2;2
125996;-171391;48834;26152;4;2
127583;-185115;48933;25294;4;2
125037;-171003;48774;26176;2;2
108658;-179397;47751;25651;2;2
123595;-165346;48684;26529;2;2
101353;-177323;47294;25781;8;2
128852;-195983;49013;24615;8;2
118495;-170287;48365;26221;8;2
115349;-196574;48169;24578;8;2
127842;-166082;48950;26483;2;2
114367;-171034;48107;26174;1;2
117111;-180492;48279;25583;4;2
121507;-176236;48554;25849;1;2
107542;-189421;47681;25025;4;2
124307;-175269;48729;25909;8;2
108171;-180270;47720;25597;4;2
113662;-186557;48063;25204;1;2
112866;-192643;48014;24823;4;2
123990;-171047;48709;26173;4;2
104266;-173905;47476;25994;1;2
120971;-165915;48520;26494;2;2
104610;-171750;47498;26129;2;2
112209;-181700;47973;25507;1;2
114280;-194411;48102;24713;2;2
119423;-178518;48423;25706;2;2
127858;-164994;48951;26551;4;2
123224;-183324;48661;25406;4;2
125039;-169330;48774;26280;4;2
126637;-164106;48874;26607;1;2
108686;-179833;47752;25624;1;2
109051;-185217;47775;25287;8;2
128304;-166757;48979;26441;2;2
108034;-167429;47712;26399;4;2
113774;-183647;48070;25386;1;2
105794;-185880;47572;25246;8;2
108710;-186433;47754;25211;2;2
104646;-178766;47500;25691;2;2
119993;-194709;48459;24694;4;2
116356;-186980;48232;25177;1;2
108751;-189313;47756;25031;4;2
124383;-191859;48733;24872;8;2
116380;-196331;48233;24593;8;2
107679;-195623;47689;24637;2;2
100620;-183180;47248;25415;4;2
111272;-174928;47914;25931;8;2
113873;-182869;48077;25434;2;2
109950;-176737;47831;25817;2;2
102197;-182474;47347;25459;4;2
126479;-188186;48864;25102;1;2
107782;-181352;47696;25529;1;2
111218;-190453;47911;24960;4;2
118644;-164486;48375;26583;8;2
101938;-180371;47331;25590;4;2
122438;-189389;48612;25027;8;2
111773;-174435;47945;25961;2;2
110516;-172612;47867;26075;1;2
104459;-178557;47488;25704;8;2
114656;-176038;48126;25861;2;2
122699;-189699;48628;25007;2;2
109467;-177459;47801;25772;1;2
126313;-191862;48854;24872;8;2
107968;-164047;47708;26611;4;2
117999;-183799;48334;25376;8;2
99462;-168508;47176;26332;1;2
108752;-185362;47757;25278;1;2
103937;-166481;47456;26458;1;2
116200;-166788;48222;26439;1;2
110298;-174285;47853;25971;1;2
114079;-182553;48089;25454;2;2
124974;-167262;48770;26410;2;2
121623;-183770;48561;25378;2;2
100216;-167687;47223;26383;4;2
117434;-190135;48299;24980;4;2
129288;-167892;49040;26370;2;2
126003;-168744;48835;26317;2;2
105561;-174462;47557;25960;4;2
124714;-168805;48754;26313;4;2
104486;-186220;47490;25225;4;2
121585;-171971;48559;26115;2;2
107096;-194493;47653;24708;1;2
102639;-165678;47374;26509;4;2
114511;-188255;48116;25098;4;2
101245;-183653;47287;25385;1;2
103085;-177380;47402;25777;4;2
116707;-170585;48254;26202;1;2
120963;-173118;48520;26044;4;2
114312;-181625;48104;25512;2;2
127699;-183886;48941;25371;8;2
125123;-165684;48780;26508;8;2
109013;-167130;47773;26418;1;2
124452;-176879;48738;25809;1;2
107641;-187625;47687;25137;4;2
124455;-179587;48738;25639;1;2
116000;-193235;48210;24786;8;2
127134;-183852;48905;25373;1;2
125745;-185397;48819;25276;1;2
108293;-171028;47728;26174;4;2
129426;-177731;49049;25755;1;2
106635;-186411;47624;25213;8;2
125614;-170301;48810;26220;2;2
116137;-164538;48218;26580;2;2
103147;-164115;47406;26606;1;2
117639;-166177;48312;26477;8;2
127058;-194210;48901;24725;1;2
122017;-186172;48586;25228;2;2
108638;-167776;47749;26378;8;2
105241;-190107;47537;24982;2;2
113438;-167712;48049;26382;2;2
112535;-194884;47993;24683;2;2
110978;-189109;47896;25044;4;2
107853;-166068;47700;26484;1;2
114801;-176699;48135;25820;2;2
125899;-193719;48828;24756;4;2
105010;-163955;47523;26616;2;2
118012;-184991;48335;25302;8;2
107553;-192088;47682;24858;4;2
126253;-180310;48850;25594;1;2
98611;-174693;47123;25945;2;2
122713;-189398;48629;25026;2;2
107871;-177934;47701;25743;2;2
127581;-195938;48933;24617;8;2
110029;-164405;47836;26588;4;2
123645;-180044;48687;25611;8;2
127159;-189845;48907;24998;8;2
126494;-180666;48865;25572;4;2
105111;-175075;47529;25921;1;2
100596;-167132;47247;26418;8;2
123519;-182295;48679;25470;4;2
117563;-183693;48307;25383;4;2
101036;-181228;47274;25537;4;2
118458;-176973;48363;25803;1;2
111934;-186140;47955;25230;1;2
123300;-176320;48666;25844;1;2
126359;-174164;48857;25978;2;2
118662;-173415;48376;26025;4;2
102977;-167416;47396;26400;2;2
100876;-172435;47264;26086;8;2
127870;-168295;48951;26345;8;2
123950;-164637;48706;26574;1;2
103824;-182517;47449;25456;4;2
114780;-185245;48133;25286;4;2
111970;-194426;47958;24712;1;2
108284;-189838;47727;24999;8;2
122755;-174305;48632;25969;8;2
104914;-180181;47517;25602;4;2
112873;-168158;48014;26354;1;2
98550;-178121;47119;25731;2;2
124225;-175656;48724;25885;2;2
129445;-172535;49050;26080;4;2
125843;-195258;48825;24660;8;2
112121;-176195;47967;25851;2;2
110561;-164632;47870;26574;2;2
128773;-171221;49008;26162;4;2
127901;-190726;48953;24943;2;2
110857;-182430;47888;25462;2;2
116764;-173269;48257;26034;2;2
118605;-167411;48372;26400;4;2
111400;-194220;47922;24725;2;2
118116;-168342;48342;26342;4;2
119377;-176657;48421;25822;8;2
118699;-186663;48378;25197;2;2
114378;-190854;48108;24935;8;2
124830;-167194;48761;26414;4;2
112355;-178669;47982;25697;2;2
119365;-178928;48420;25681;8;2
118999;-188552;48397;25079;4;2
98854;-176621;47138;25825;2;2
109703;-184404;47816;25338;4;2
107523;-185197;47680;25289;1;2
107178;-183345;47658;25404;1;2
108802;-178559;47760;25704;4;2
127773;-187455;48945;25148;2;2
122272;-181098;48602;25545;1;2
100293;-165070;47228;26547;4;2
121634;-176857;48562;25810;1;2
130909;-164142;49141;26605;2;2
119392;-175812;48422;25875;1;2
125144;-190981;48781;24927;2;2
117822;-180309;48323;25594;2;2
112778;-180002;48008;25613;1;2
130229;-185048;49099;25298;8;2
111439;-195456;47924;24648;8;2
106487;-186149;47615;25229;1;2
113812;-174099;48073;25982;1;2
118722;-189889;48380;24995;8;2
119374;-176873;48420;25809;2;2
126122;-178002;48842;25738;1;2
123942;-171091;48706;26170;2;2
123914;-168878;48704;26309;1;2
121994;-190405;48584;24963;8;2
110794;-192656;47884;24823;8;2
121604;-174740;48560;25942;8;2
120197;-179363;48472;25653;2;2
101863;-170510;47326;26207;4;2
119289;-176433;48415;25836;2;2
105969;-188983;47583;25052;2;2
115186;-182080;48159;25484;1;2
129150;-178611;49031;25700;2;2
122040;-169781;48587;26252;1;2
124481;-170296;48740;26220;4;2
111041;-171351;47900;26154;2;2
129041;-163885;49025;26621;2;2
109949;-188945;47831;25054;8;2
127051;-183555;48900;25391;1;2
99154;-181504;47157;25520;2;2
114858;-189224;48138;25037;4;2
123065;-171346;48651;26154;8;2
102421;-164042;47361;26611;8;2
111635;-194734;47937;24693;1;2
113040;-185739;48025;25255;4;2
103987;-177551;47459;25767;2;2
129119;-164830;49029;26562;4;2
103510;-171149;47429;26167;4;2
102300;-183874;47353;25371;8;2
114526;-183251;48117;25410;4;2
124509;-183691;48741;25383;8;2
125534;-181550;48805;25517;1;2
110217;-184811;47848;25313;2;2
101053;-176389;47275;25839;1;2
107271;-174572;47664;25953;4;2
108123;-181117;47717;25544;2;2
103346;-167271;47419;26409;1;2
106564;-176438;47620;25836;4;2
129690;-186648;49065;25198;1;2
108093;-195788;47715;24627;8;2
100804;-168223;47260;26350;8;2
116621;-188767;48248;25066;8;2
111053;-172961;47900;26053;1;2
99657;-180986;47188;25552;2;2
116561;-166852;48245;26435;4;2
104825;-183720;47511;25381;2;2
107167;-183505;47657;25394;1;2
99650;-171842;47188;26123;4;2
110801;-173954;47885;25991;1;2
100000;-167714;47210;26381;2;2
102342;-163908;47356;26619;4;2
114556;-185079;48119;25296;1;2
118100;-167037;48341;26424;2;2
119675;-165091;48439;26545;2;2
120766;-187771;48507;25128;1;2
130866;-167262;49139;26410;1;2
120090;-176653;48465;25823;8;2
115947;-169364;48206;26278;8;2
103796;-170125;47447;26231;4;2
113307;-178281;48041;25721;2;2
120243;-177481;48475;25771;2;2
111350;-196494;47919;24583;1;2
121214;-181817;48535;25500;4;2
107246;-178551;47662;25704;4;2
100047;-180728;47212;25568;8;2
100790;-174104;47259;25982;2;2
100933;-185403;47268;25276;2;2
101102;-164190;47278;26602;2;2
108245;-175762;47725;25878;1;2
110454;-172622;47863;26075;4;2
127553;-179693;48932;25633;2;2
121411;-167244;48548;26411;8;2
115672;-170339;48189;26217;8;2
112260;-191217;47976;24912;1;2
122319;-183648;48604;25386;8;2
112866;-193944;48014;24742;2;2
99739;-168911;47193;26307;8;2
101560;-168421;47307;26337;2;2
107906;-186744;47704;25192;2;2
103805;-176087;47447;25858;4;2
108697;-183876;47753;25371;1;2
110341;-177327;47856;25781;1;2
123194;-188648;48659;25073;8;2
124439;-191505;48737;24894;2;2
101581;-177242;47308;25786;2;2
126193;-190581;48847;24952;2;2
103239;-171541;47412;26142;2;2
122947;-168128;48644;26356;4;2
129224;-165857;49036;26497;4;2
116669;-170651;48251;26198;4;2
112210;-175003;47973;25926;1;2
128860;-165496;49013;26520;2;2
117017;-186802;48273;25188;8;2
127945;-171025;48956;26174;2;2
112524;-164802;47992;26563;4;2
118938;-182130;48393;25480;2;2
107238;-178739;47662;25692;1;2
118459;-179867;48363;25622;1;2
124431;-183034;48736;25424;8;2
118730;-178516;48380;25706;8;2
129461;-165228;49051;26537;4;2
122581;-178021;48621;25737;2;2
124413;-172958;48735;26054;4;2
123206;-179208;48660;25663;1;2
110808;-183743;47885;25380;4;2
117272;-185458;48289;25272;2;2
121641;-165016;48562;26550;8;2
110915;-194410;47892;24713;2;2
119601;-173454;48435;26023;4;2
113609;-167321;48060;26406;2;2
113860;-174142;48076;25980;1;2
121969;-181365;48583;25528;1;2
120746;-166816;48506;26438;2;2
120691;-165126;48503;26543;2;2
112464;-173239;47989;26036;1;2
111593;-179928;47934;25618;2;2
124863;-195276;48763;24659;4;2
130267;-173977;49101;25990;4;2
121208;-179775;48535;25628;2;2
125450;-170628;48800;26199;8;2
123847;-165934;48700;26493;2;2
100147;-172207;47219;26101;8;2
129171;-175932;49033;25868;4;2
124027;-193302;48711;24782;8;2
109639;-193181;47812;24790;4;2
123895;-165761;48703;26503;2;2
98789;-177553;47134;25766;4;2
124864;-171634;48764;26136;2;2
109724;-167104;47817;26420;8;2
121646;-173274;48562;26034;1;2
117736;-185929;48318;25243;2;2
108643;-170538;47750;26205;4;2
100729;-173923;47255;25993;2;2
113875;-186953;48077;25179;8;2
120443;-169648;48487;26261;1;2
110166;-181380;47845;25527;4;2
125940;-192477;48831;24834;2;2
110438;-183401;47862;25401;2;2
125988;-188013;48834;25113;4;2
107777;-167683;47696;26383;1;2
106565;-189191;47620;25039;8;2
111220;-178461;47911;25710;2;2
113078;-191940;48027;24867;4;2
105498;-175666;47553;25884;4;2
102204;-182836;47347;25436;4;2
118451;-175439;48363;25899;1;2
110313;-174505;47854;25957;8;2
127526;-176905;48930;25807;4;2
129996;-167604;49084;26388;1;2
98547;-177923;47119;25743;1;2
104509;-189892;47491;24995;1;2
121318;-167356;48542;26404;8;2
129398;-168170;49047;26353;8;2
112460;-192580;47988;24827;4;2
106781;-195586;47633;24639;8;2
125291;-188257;48790;25097;2;2
99014;-178491;47148;25708;4;2
128917;-168697;49017;26320;4;2
105355;-192474;47544;24834;4;2
106028;-166033;47586;26486;4;2
126634;-191464;48874;24897;1;2
100448;-180476;47238;25584;4;2
110159;-166498;47844;26457;2;2
101302;-166434;47291;26461;1;2
126916;-164667;48892;26572;4;2
122535;-164755;48618;26566;2;2
119860;-179864;48451;25622;4;2
117980;-178509;48333;25707;2;2
117391;-185616;48296;25263;1;2
101427;-175497;47299;25895;1;2
101789;-167649;47321;26385;2;2
108128;-178722;47718;25693;8;2
128167;-176648;48970;25823;1;2
112062;-193223;47963;24787;1;2
110141;-183086;47843;25421;4;2
126497;-190651;48866;24948;1;2
101713;-177033;47317;25799;4;2
103266;-173631;47414;26012;4;2
123053;-178091;48650;25733;8;2
101210;-171111;47285;26169;1;2
105499;-176300;47553;25845;8;2
99736;-183751;47193;25379;1;2
114530;-166293;48118;26470;8;2
116111;-190467;48216;24959;4;2
99784;-171821;47196;26125;8;2
106176;-166352;47596;26467;8;2
105753;-179739;47569;25630;4;2
106918;-187871;47642;25122;2;2
110597;-195783;47872;24627;8;2
108124;-172331;47717;26093;1;2
126883;-191410;48890;24900;8;2
111897;-172827;47953;26062;8;2
100658;-174430;47251;25962;4;2
109757;-172488;47819;26083;2;2
107674;-170384;47689;26215;1;2
106389;-168076;47609;26359;2;2
101302;-183560;47291;25391;1;2
127314;-171947;48917;26117;4;2
127554;-188297;48932;25095;1;2
112646;-175539;48000;25892;8;2
113881;-165526;48077;26518;4;2
118004;-178991;48335;25677;2;2
119264;-171277;48414;26159;2;2
117003;-166420;48272;26462;8;2
125670;-168637;48814;26324;2;2
124909;-179752;48766;25629;4;2
126228;-192069;48849;24859;1;2
112671;-193379;48001;24777;8;2
116278;-165177;48227;26540;4;2
101972;-170464;47333;26210;4;2
104966;-181966;47520;25491;8;2
121126;-184736;48530;25318;8;2
123982;-172121;48708;26106;4;2
130121;-183770;49092;25378;4;2
102707;-175912;47379;25869;8;2
126940;-168290;48893;26345;2;2
112690;-192304;48003;24845;4;2
99839;-173573;47199;26015;2;2
103913;-175430;47454;25899;1;2
101158;-164193;47282;26601;2;2
107801;-173948;47697;25992;4;2
122818;-187914;48636;25119;4;2
128978;-185467;49021;25272;4;2
130425;-165284;49111;26533;4;2
122020;-181094;48586;25545;1;2
108782;-181946;47758;25492;4;2
115836;-178942;48199;25680;4;2
115289;-191689;48165;24883;2;2
123833;-194225;48699;24724;1;2
106355;-178347;47607;25717;2;2
101196;-174266;47284;25972;4;2
119770;-170258;48445;26222;1;2
124558;-169510;48744;26269;1;2
106223;-168108;47598;26357;4;2
125734;-192946;48818;24804;1;2
122506;-191439;48616;24899;1;2
129333;-178784;49043;25690;4;2
116249;-185546;48225;25267;4;2
124330;-175563;48730;25891;4;2
102898;-171415;47391;26150;1;2
120259;-188735;48476;25068;1;2
128065;-183138;48964;25417;8;2
104540;-185719;47493;25256;1;2
105893;-165162;47578;26541;1;2
129295;-177043;49040;25798;8;2
100975;-172589;47270;26077;8;2
123623;-188609;48686;25075;8;2
125335;-193924;48793;24743;4;2
106819;-193713;47636;24756;1;2
120987;-172751;48521;26067;4;2
102170;-164672;47345;26572;8;2
122250;-180771;48600;25565;8;2
108363;-170124;47732;26231;1;2
120573;-173187;48495;26039;2;2
129869;-192213;49076;24850;2;2
126665;-174187;48876;25977;2;2
103601;-180496;47435;25583;4;2
129740;-164642;49068;26573;4;2
128962;-169760;49020;26254;4;2
123407;-166217;48672;26475;4;2
110456;-188749;47863;25067;2;2
126681;-180965;48877;25553;8;2
110804;-178866;47885;25684;2;2
107032;-164256;47649;26598;4;2
106253;-193901;47600;24745;4;2
117562;-168738;48307;26317;2;2
105400;-164697;47547;26570;2;2
115286;-168429;48165;26337;1;2
118318;-179009;48354;25675;8;2
107260;-188909;47663;25057;4;2
126299;-188994;48853;25051;8;2
103895;-175420;47453;25900;8;2
123723;-191093;48692;24920;8;2
104481;-173796;47490;26001;4;2
124407;-185695;48735;25258;1;2
109340;-184392;47793;25339;2;2
114485;-165166;48115;26541;2;2
122342;-165067;48606;26547;4;2
118286;-170569;48352;26203;2;2
117193;-168283;48284;26346;4;2
110764;-184460;47882;25335;2;2
120525;-165040;48492;26549;4;2
124962;-183298;48770;25407;8;2
102114;-178044;47342;25736;8;2
99372;-173155;47170;26041;8;2
107930;-163931;47705;26618;8;2
115908;-166209;48204;26475;2;2
106461;-168631;47613;26324;2;2
105032;-174500;47524;25957;2;2
104638;-182230;47499;25474;4;2
107068;-167181;47651;26415;8;2
105707;-171830;47566;26124;1;2
107201;-178333;47660;25718;1;2
129488;-174039;49053;25986;2;2
127753;-178288;48944;25721;2;2
121623;-171821;48561;26125;8;2
107205;-191153;47660;24916;2;2
128895;-184179;49015;25352;2;2
127318;-168836;48917;26311;4;2
129904;-186537;49079;25205;8;2
104715;-174238;47504;25974;8;2
106362;-168611;47607;26325;8;2
121315;-191490;48542;24895;1;2
121192;-189159;48534;25041;4;2
127984;-190549;48959;24954;4;2
127612;-171224;48935;26162;2;2
100555;-179402;47244;25651;1;2
126853;-165941;48888;26492;2;2
130582;-172021;49121;26112;8;2
106766;-170028;47632;26237;8;2
109376;-191945;47796;24867;8;2
109962;-191510;47832;24894;4;2
120911;-174998;48516;25926;4;2
113056;-181156;48026;25541;8;2
108021;-177145;47711;25792;8;2
103187;-175992;47409;25864;8;2
101992;-166528;47334;26456;2;2
126883;-174067;48890;25984;4;2
123228;-164210;48661;26600;2;2
105367;-179905;47545;25619;1;2
101543;-166026;47306;26487;8;2
113301;-181152;48041;25542;2;2
130172;-165461;49095;26522;1;2
128682;-176860;49002;25810;2;2
120448;-176247;48488;25848;1;2
121038;-172365;48524;26091;8;2
108976;-171482;47771;26146;8;2
106308;-165175;47604;26540;2;2
126792;-170941;48884;26180;1;2
114049;-193956;48088;24741;4;2
105085;-187746;47527;25129;2;2
116798;-172579;48259;26077;1;2
123683;-182817;48690;25437;2;2
124692;-189257;48753;25035;1;2
128061;-170215;48963;26225;1;2
99468;-180040;47176;25611;1;2
129395;-181635;49047;25511;4;2
114552;-181678;48119;25509;2;2
127174;-177870;48908;25747;4;2
106715;-166513;47629;26456;1;2
101578;-165567;47308;26516;1;2
129191;-175209;49034;25913;2;2
117104;-182163;48279;25478;8;2
116711;-187144;48254;25167;2;2
130378;-177229;49108;25787;2;2
104723;-175056;47505;25923;8;2
127870;-171915;48951;26119;8;2
123157;-188352;48657;25092;1;2
125619;-179566;48811;25641;4;2
107331;-174496;47668;25958;4;2
117531;-178179;48305;25727;8;2
117388;-188880;48296;25059;8;2
126252;-170501;48850;26207;4;2
106193;-166370;47597;26465;2;2
122378;-178776;48608;25690;1;2
105823;-195480;47573;24646;1;2
109166;-164393;47782;26589;8;2
127653;-179945;48938;25617;4;2
108535;-170198;47743;26226;2;2
121550;-170785;48556;26189;1;2
129410;-165226;49048;26537;8;2
118697;-185258;48378;25285;8;2
100770;-166498;47258;26457;2;2
99805;-167768;47197;26378;4;2
110067;-172946;47839;26054;4;2
117436;-188112;48299;25107;1;2
106930;-190326;47643;24968;4;2
110893;-183949;47890;25367;8;2
127607;-186547;48935;25204;4;2
112035;-184291;47962;25345;1;2
126629;-193237;48874;24786;2;2
106904;-185815;47641;25250;2;2
111853;-178751;47950;25692;1;2
108546;-168150;47744;26354;4;2
120361;-185794;48482;25251;4;2
108575;-181478;47745;25521;1;2
115997;-186812;48209;25188;4;2
113961;-166140;48082;26480;4;2
100312;-171636;47229;26136;4;2
115337;-188464;48168;25085;1;2
125541;-194193;48806;24726;2;2
108635;-180957;47749;25554;2;2
126672;-185898;48877;25245;2;2
101884;-177984;47327;25740;2;2
110084;-180875;47840;25559;4;2
126326;-170786;48855;26189;4;2
107190;-187872;47659;25122;2;2
110195;-190288;47847;24971;1;2
119565;-171885;48432;26121;1;2
106061;-182612;47588;25450;2;2
112044;-174748;47962;25942;8;2
124572;-186661;48745;25197;2;2
128321;-190458;48980;24960;8;2
118121;-164622;48342;26575;2;2
123425;-179060;48674;25672;8;2
125927;-184055;48830;25360;8;2
104455;-181686;47488;25508;1;2
119799;-178110;48447;25732;2;2
120266;-164825;48476;26562;2;2
109313;-172493;47792;26083;4;2
110812;-182406;47885;25463;8;2
111745;-187036;47944;25174;4;2
123280;-188512;48665;25082;1;2
101236;-180419;47287;25587;4;2
126488;-190040;48865;24986;8;2
116814;-169718;48260;26256;1;2
125640;-188624;48812;25075;2;2
113554;-169076;48057;26296;2;2
115770;-180376;48195;25590;1;2
125522;-179687;48805;25633;1;2
128448;-172300;48988;26095;8;2
110840;-172578;47887;26077;2;2
124254;-167991;48725;26364;4;2
126704;-177211;48879;25788;2;2
129549;-174792;49056;25939;1;2
116642;-185432;48250;25274;2;2
121872;-170582;48577;26202;8;2
121132;-170010;48530;26238;1;2
124906;-168274;48766;26346;1;2
106975;-166202;47645;26476;8;2
113787;-164277;48071;26596;1;2
125256;-181824;48788;25500;1;2
119248;-190808;48413;24938;4;2
110478;-191923;47864;24868;2;2
126383;-167722;48858;26381;4;2
113612;-190961;48060;24928;1;2
125301;-195148;48791;24667;1;2
112242;-185062;47975;25297;2;2
102067;-171616;47339;26138;1;2
106870;-179316;47639;25656;1;2
119787;-169633;48446;26261;4;2
129753;-182142;49069;25480;4;2
99739;-180730;47193;25568;8;2
108412;-188813;47735;25063;8;2
119646;-165889;48437;26495;8;2
108273;-194713;47727;24694;2;2
107467;-166840;47676;26436;4;2
117697;-164010;48316;26613;4;2
105032;-170911;47524;26182;1;2
101072;-172889;47277;26058;2;2
121556;-167178;48557;26415;2;2
108676;-188749;47752;25067;1;2
120831;-175151;48511;25917;1;2
105293;-190436;47540;24961;4;2
106463;-183031;47613;25424;1;2
127864;-190840;48951;24936;8;2
122245;-167828;48600;26374;4;2
123802;-194951;48697;24679;8;2
106150;-178174;47594;25728;1;2
104779;-185101;47508;25295;1;2
105901;-168948;47578;26304;2;2
117637;-171026;48312;26174;1;2
115330;-196075;48168;24609;8;2
122799;-167135;48634;26418;1;2
118467;-176992;48364;25802;1;2
102005;-169228;47335;26287;1;2
118143;-185365;48343;25278;1;2
125424;-188398;48799;25089;4;2
122863;-179459;48638;25647;8;2
122524;-191348;48617;24904;4;2
128717;-173154;49004;26041;2;2
122351;-173168;48606;26041;2;2
118915;-172547;48392;26079;4;2
124744;-184456;48756;25335;4;2
117304;-168488;48291;26333;4;2
101472;-170658;47302;26197;4;2
124179;-168286;48721;26346;8;2
100371;-167479;47233;26396;2;2
115087;-191173;48152;24915;2;2
112840;-185560;48012;25266;1;2
107199;-186710;47659;25194;4;2
122445;-165300;48612;26532;4;2
109857;-192567;47826;24828;1;2
110234;-165672;47849;26509;2;2
129753;-176290;49069;25845;2;2
118608;-182386;48373;25464;8;2
118756;-180538;48382;25580;1;2
114912;-193556;48142;24766;1;2
102277;-168704;47352;26320;1;2
100479;-166816;47239;26438;1;2
110631;-194722;47874;24693;2;2
109634;-172857;47812;26060;2;2
126893;-185179;48890;25290;4;2
107837;-177828;47699;25749;8;2
112729;-188432;48005;25087;4;2
130369;-169996;49108;26239;1;2
125514;-182435;48804;25461;4;2
131042;-170284;49150;26221;8;2
104877;-177313;47514;25781;8;2
125450;-187720;48800;25131;1;2
100565;-171664;47245;26135;2;2
103048;-170127;47400;26231;8;2
106866;-189195;47639;25039;8;2
128617;-183574;48998;25390;2;2
106088;-173012;47590;26050;2;2
102926;-176391;47392;25839;8;2
102254;-179654;47350;25635;8;2
125500;-188714;48803;25069;4;2
105536;-184206;47556;25351;1;2
116974;-166845;48270;26436;4;2
117688;-177874;48315;25746;2;2
118469;-185504;48364;25270;2;2
103166;-175109;47407;25919;2;2
106402;-193000;47610;24801;1;2
99728;-173032;47193;26049;2;2
101958;-174640;47332;25949;4;2
118153;-182053;48344;25485;8;2
102354;-169239;47357;26286;4;2
104566;-185247;47495;25286;4;2
101807;-166135;47322;26480;4;2
130230;-172054;49099;26110;2;2
115218;-166361;48161;26466;2;2
99894;-168381;47203;26340;4;2
112549;-185358;47994;25279;2;2
100491;-165960;47240;26491;8;2
117863;-186319;48326;25219;4;2
123098;-181251;48653;25535;1;2
98742;-178403;47131;25713;8;2
104703;-190215;47503;24975;8;2
106828;-178110;47636;25732;8;2
124443;-184448;48737;25336;2;2
124283;-193917;48727;24744;8;2
107393;-173460;47672;26022;4;2
129189;-181116;49034;25544;2;2
131060;-176476;49151;25834;1;2
113502;-176651;48053;25823;2;2
124667;-183485;48751;25396;2;2
125006;-168644;48772;26323;4;2
112658;-185340;48001;25280;2;2
115720;-194063;48192;24735;2;2
116962;-170547;48270;26204;8;2
113612;-173507;48060;26019;4;2
105761;-183939;47570;25367;4;2
105411;-191496;47548;24895;8;2
126636;-189485;48874;25021;2;2
109987;-194775;47834;24690;8;2
121893;-188412;48578;25088;2;2
114385;-175652;48109;25885;1;2
124536;-166213;48743;26475;2;2
119772;-183899;48445;25370;1;2
126990;-183270;48896;25409;4;2
124415;-169601;48735;26263;1;2
111477;-171598;47927;26139;1;2
126966;-189683;48895;25008;1;2
105951;-167005;47581;26426;2;2
105818;-188719;47573;25069;2;2
106718;-190545;47629;24954;8;2
111437;-192017;47924;24862;4;2
127107;-190088;48904;24983;8;2
103101;-178978;47403;25677;4;2
126852;-191643;48888;24886;4;2
100614;-178044;47248;25736;4;2
106549;-189843;47619;24998;8;2
100772;-186047;47258;25236;2;2
122292;-168045;48603;26361;1;2
130141;-164812;49093;26563;2;2
111242;-192065;47912;24859;1;2
129616;-188643;49061;25073;8;2
99521;-178193;47180;25726;1;2
115767;-180829;48195;25562;8;2
117866;-167472;48326;26397;1;2
116530;-177238;48243;25786;4;2
127850;-179427;48950;25649;2;2
125943;-168067;48831;26359;4;2
99143;-178626;47156;25699;2;2
100975;-176487;47270;25833;2;2
112208;-179616;47973;25638;1;2
117911;-184350;48329;25342;1;2
107125;-164168;47655;26603;8;2
104536;-180200;47493;25601;4;2
108128;-185062;47718;25297;1;2
125181;-166401;48783;26463;8;2
114426;-190942;48111;24930;4;2
123279;-190651;48664;24948;4;2
130133;-174975;49093;25928;8;2
110352;-190191;47857;24977;2;2
111343;-185952;47918;25242;2;2
113920;-169470;48080;26272;2;2
106451;-166864;47613;26435;8;2
115557;-181540;48182;25517;8;2
98885;-174244;47140;25973;8;2
125022;-167366;48773;26403;8;2
115247;-180627;48162;25574;1;2
117326;-189810;48292;25000;8;2
111551;-186592;47931;25202;2;2
112479;-190222;47989;24975;1;2
126230;-178534;48849;25705;1;2
111545;-184967;47931;25303;2;2
118659;-180684;48376;25571;2;2
100566;-166028;47245;26487;8;2
109233;-191095;47787;24920;4;2
104150;-181408;47469;25526;2;2
129254;-164859;49038;26560;4;2
105620;-190038;47561;24986;1;2
130818;-173376;49136;26028;2;2
106357;-182073;47607;25484;8;2
115164;-183396;48157;25401;1;2
104404;-179971;47485;25615;2;2
125800;-183206;48822;25413;2;2
130818;-167073;49136;26421;2;2
109545;-182383;47806;25465;8;2
109639;-189051;47812;25048;1;2
111092;-181766;47903;25503;2;2
125387;-182011;48796;25488;2;2
124371;-187900;48733;25120;8;2
114083;-179950;48090;25617;8;2
101188;-184508;47284;25332;8;2
122754;-186678;48632;25196;8;2
103544;-181610;47431;25513;2;2
108482;-171247;47740;26161;2;2
124419;-175256;48736;25910;1;2
111563;-173015;47932;26050;2;2
98586;-178043;47121;25736;2;2
126484;-166605;48865;26451;4;2
103214;-173183;47410;26040;1;2
124320;-166727;48730;26443;2;2
109208;-191801;47785;24876;8;2
114391;-166464;48109;26460;8;2
124393;-165458;48734;26522;8;2
114390;-183562;48109;25391;8;2
125003;-188553;48772;25079;4;2
106016;-168574;47586;26328;2;2
109808;-195316;47823;24656;4;2
116737;-164881;48256;26558;1;2
121432;-191933;48549;24868;1;2
123837;-176944;48699;25805;4;2
122434;-193118;48612;24794;2;2
106198;-179745;47597;25629;1;2
110138;-183727;47843;25381;8;2
106135;-167634;47593;26386;4;2
111861;-178465;47951;25709;2;2
104061;-169589;47463;26264;1;2
109580;-185905;47808;25244;4;2
120960;-173638;48520;26011;2;2
102365;-169809;47357;26250;1;2
125310;-177996;48791;25739;2;2
109089;-191758;47778;24879;2;2
118326;-169645;48355;26261;4;2
108330;-189661;47730;25010;8;2
121759;-186764;48569;25191;8;2
116522;-188174;48242;25103;1;2
122802;-165631;48635;26512;2;2
107914;-179064;47704;25672;8;2
113531;-196582;48055;24577;1;2
127217;-175066;48911;25922;2;2
125683;-184824;48815;25312;1;2
99098;-182852;47153;25435;2;2
112367;-183752;47982;25379;4;2
129539;-170416;49056;26213;4;2
124920;-179376;48767;25653;4;2
126316;-171902;48854;26120;1;2
100356;-181259;47232;25535;2;2
124182;-165187;48721;26539;4;2
127210;-180988;48910;25552;1;2
128779;-184632;49008;25324;4;2
106315;-176193;47604;25851;1;2
121553;-171597;48557;26139;4;2
112819;-192476;48011;24834;1;2
129864;-190615;49076;24950;8;2
116761;-167192;48257;26414;8;2
115686;-169334;48190;26280;4;2
112805;-192472;48010;24834;2;2
128424;-185547;48986;25267;2;2
128590;-181363;48996;25528;2;2
121615;-184635;48560;25324;4;2
99524;-166128;47180;26481;1;2
114168;-177984;48095;25740;1;2
126025;-169660;48836;26260;8;2
106380;-168285;47608;26346;4;2
120470;-182854;48489;25435;1;2
126461;-183553;48863;25391;2;2
117861;-187105;48326;25169;4;2
101542;-174998;47306;25926;4;2
117064;-164629;48276;26574;8;2
122646;-174011;48625;25988;8;2
101294;-170614;47290;26200;1;2
108854;-178151;47763;25729;2;2
118308;-180425;48354;25587;4;2
110727;-190114;47880;24981;1;2
112660;-165271;48001;26534;8;2
120837;-193284;48512;24783;8;2
117578;-167799;48308;26376;8;2
105433;-167562;47549;26391;4;2
112331;-166402;47980;26463;8;2
129152;-167521;49032;26393;2;2
105858;-187742;47576;25130;1;2
103886;-169176;47452;26290;4;2
108855;-166186;47763;26477;1;2
110976;-193901;47896;24745;2;2
116075;-167102;48214;26420;1;2
124560;-186315;48745;25219;2;2
121657;-177410;48563;25775;1;2
125343;-181278;48793;25534;2;2
111724;-175185;47942;25914;8;2
112671;-164862;48001;26560;8;2
102297;-178216;47353;25725;4;2
109420;-193782;47798;24752;4;2
100649;-170665;47250;26197;2;2
106091;-176975;47590;25803;2;2
110763;-195656;47882;24635;2;2
116386;-167041;48234;26423;8;2
109223;-195242;47786;24661;2;2
116498;-177095;48241;25795;2;2
130441;-169095;49112;26295;2;2
112737;-165146;48006;26542;8;2
113207;-196131;48035;24605;4;2
104403;-169197;47485;26289;2;2
114632;-188510;48124;25082;1;2
113970;-178301;48083;25720;8;2
123077;-188316;48652;25094;2;2
131025;-173066;49149;26047;4;2
114641;-172962;48125;26053;1;2
105288;-177851;47540;25748;8;2
105857;-170347;47576;26217;4;2
123005;-164188;48647;26602;4;2
125030;-180791;48774;25564;2;2
128891;-168030;49015;26362;2;2
101218;-183281;47286;25408;8;2
109979;-192866;47833;24809;1;2
124958;-191264;48769;24910;8;2
105107;-177596;47529;25764;8;2
118360;-179194;48357;25664;8;2
105011;-173591;47523;26014;4;2
115265;-191429;48164;24899;4;2
122665;-188374;48626;25090;1;2
121843;-189045;48575;25048;8;2
118834;-178055;48387;25735;8;2
126961;-177539;48895;25767;1;2
129577;-166152;49058;26479;2;2
124720;-180151;48755;25604;4;2
123178;-171472;48658;26147;1;2
111515;-184695;47929;25320;2;2
127506;-169097;48929;26295;4;2
105370;-170470;47545;26209;2;2
106702;-172616;47628;26075;4;2
128762;-183846;49007;25373;2;2
115557;-169748;48182;26254;1;2
106821;-168030;47636;26362;8;2
109795;-183419;47822;25400;4;2
109540;-175934;47806;25868;2;2
118582;-170624;48371;26200;1;2
110679;-182703;47877;25445;2;2
111246;-192950;47912;24804;2;2
106415;-167283;47610;26408;8;2
98734;-175945;47130;25867;2;2
101289;-183169;47290;25415;8;2
118426;-190211;48361;24975;4;2
116288;-164961;48228;26553;1;2
104151;-168514;47469;26331;1;2
113019;-193568;48023;24766;2;2
126814;-166845;48885;26436;8;2
117100;-191135;48278;24918;4;2
114025;-167169;48086;26415;4;2
121196;-166610;48534;26450;1;2
99111;-177725;47154;25756;8;2
112293;-177747;47978;25754;8;2
110483;-178693;47865;25695;8;2
121426;-185542;48549;25267;4;2
102695;-174978;47378;25927;2;2
125903;-182209;48828;25475;2;2
126325;-172117;48855;26106;8;2
118479;-176355;48364;25841;1;2
127165;-173840;48907;25999;8;2
127170;-191272;48908;24909;2;2
122758;-170327;48632;26218;4;2
121563;-176434;48557;25836;4;2
124522;-189881;48742;24996;1;2
125536;-191775;48806;24878;4;2
116975;-168229;48270;26349;8;2
117227;-193335;48286;24780;1;2
117656;-167551;48313;26392;4;2
103455;-181388;47425;25527;4;2
126948;-182226;48894;25474;2;2
117933;-193395;48330;24776;1;2
123215;-191901;48660;24870;2;2
104191;-166899;47471;26432;8;2
122241;-182698;48600;25445;2;2
99591;-176160;47184;25854;4;2
110101;-191127;47841;24918;8;2
111198;-193963;47909;24741;1;2
107455;-170623;47675;26200;8;2
113200;-166129;48035;26480;8;2
124321;-187364;48730;25153;1;2
130882;-164197;49140;26601;8;2
114171;-188120;48095;25106;4;2
123724;-180852;48692;25560;1;2
103881;-169349;47452;26279;2;2
111880;-183854;47952;25373;8;2
105658;-187661;47563;25135;8;2
103567;-179880;47432;25621;8;2
129615;-169923;49060;26243;1;2
102352;-177840;47357;25749;8;2
126645;-177207;48875;25788;8;2
118759;-175995;48382;25864;2;2
105302;-170922;47541;26181;1;2
125340;-169858;48793;26247;8;2
106285;-165126;47602;26543;1;2
115551;-188184;48181;25102;4;2
108640;-189169;47750;25040;1;2
101491;-169051;47303;26298;8;2
111555;-183465;47932;25397;8;2
124396;-171040;48734;26174;1;2
117540;-185511;48306;25269;8;2
109783;-195666;47821;24634;4;2
125523;-171794;48805;26126;2;2
104974;-174314;47520;25969;4;2
107444;-182160;47675;25479;4;2
123076;-169680;48652;26259;1;2
129373;-178197;49045;25726;1;2
118139;-167218;48343;26412;4;2
103651;-178948;47438;25679;1;2
124933;-185403;48768;25276;4;2
105295;-189587;47540;25014;1;2
119178;-174088;48408;25983;2;2
122426;-177577;48611;25765;2;2
124986;-189551;48771;25017;4;2
119441;-165894;48425;26495;4;2
106010;-171561;47585;26141;8;2
119773;-189915;48445;24994;1;2
126962;-166811;48895;26438;8;2
110098;-196402;47841;24588;4;2
116592;-191085;48247;24921;4;2
125114;-185444;48779;25273;1;2
120814;-179149;48510;25667;8;2
118757;-166443;48382;26461;1;2
108182;-189277;47721;25034;1;2
128338;-168509;48981;26332;4;2
129416;-167997;49048;26364;2;2
123514;-183949;48679;25367;2;2
116562;-178463;48245;25710;4;2
112053;-193299;47963;24782;4;2
118895;-189158;48390;25041;1;2
128613;-177547;48998;25767;4;2
129945;-165277;49081;26534;2;2
122123;-168497;48592;26332;4;2
106470;-171534;47614;26143;8;2
120476;-177515;48489;25769;4;2
103630;-175292;47436;25908;1;2
126484;-180353;48865;25591;8;2
130502;-185853;49116;25248;8;2
129978;-182301;49083;25470;4;2
110568;-185031;47870;25299;2;2
122535;-180875;48618;25559;4;2
124677;-168126;48752;26356;1;2
116102;-185750;48216;25254;2;2
107156;-180254;47657;25598;8;2
117816;-166706;48323;26444;1;2
123556;-175252;48682;25910;1;2
110768;-184034;47883;25361;8;2
105433;-176309;47549;25844;2;2
124743;-170901;48756;26182;8;2
122859;-188904;48638;25057;2;2
114191;-166177;48096;26477;8;2
101969;-180888;47333;25558;2;2
119432;-183425;48424;25399;2;2
112224;-177238;47974;25786;2;2
114001;-175470;48085;25897;2;2
101402;-178615;47297;25700;1;2
118929;-181902;48393;25495;2;2
113209;-172179;48035;26102;4;2
114414;-167713;48110;26381;1;2
113527;-186475;48055;25209;4;2
113593;-195829;48059;24624;4;2
118627;-183830;48374;25374;8;2
121522;-165276;48555;26534;2;2
100576;-186054;47246;25235;2;2
104198;-175651;47472;25885;4;2
127457;-191309;48926;24907;1;2
112951;-183792;48019;25377;4;2
108862;-177615;47763;25763;2;2
108719;-183629;47754;25387;8;2
102341;-173305;47356;26032;4;2
126033;-194199;48837;24726;1;2
122575;-179357;48620;25654;1;2
109484;-192838;47802;24811;2;2
106174;-192609;47595;24825;8;2
122056;-181969;48588;25490;1;2
102075;-165880;47339;26496;1;2
121338;-186117;48543;25231;4;2
130069;-178765;49089;25691;8;2
105609;-171610;47560;26138;2;2
102280;-170548;47352;26204;1;2
112345;-182940;47981;25430;1;2
116470;-188342;48239;25092;8;2
123784;-175688;48696;25883;1;2
121458;-165780;48551;26502;1;2
109253;-164236;47788;26599;8;2
103794;-176695;47447;25820;8;2
113609;-182563;48060;25453;1;2
107025;-181960;47649;25491;2;2
123022;-191756;48648;24879;1;2
107407;-183032;47672;25424;8;2
128568;-166768;48995;26441;2;2
116529;-168682;48243;26321;1;2
109664;-173369;47814;26028;4;2
120092;-176502;48465;25832;8;2
105670;-169595;47564;26264;8;2
123750;-165457;48694;26522;8;2
100619;-164527;47248;26581;8;2
120977;-184540;48521;25330;1;2
104202;-166468;47472;26459;1;2
122427;-177046;48611;25798;4;2
107677;-188287;47689;25096;2;2
127455;-173577;48925;26015;8;2
101026;-172315;47274;26094;1;2
110659;-172739;47876;26067;2;2
127293;-169657;48915;26260;1;2
130820;-178720;49136;25694;8;2
110324;-189077;47855;25046;4;2
115501;-181616;48178;25513;4;2
126611;-173948;48873;25992;2;2
105392;-192167;47547;24853;8;2
113878;-192036;48077;24861;2;2
116709;-169102;48254;26295;4;2
122466;-164618;48614;26575;8;2
103832;-171521;47449;26143;4;2
108454;-179682;47738;25633;1;2
117772;-188110;48320;25107;1;2
105665;-181519;47564;25519;8;2
107841;-184338;47700;25342;2;2
100198;-174961;47222;25928;2;2
120046;-174451;48462;25960;8;2
123168;-182206;48658;25476;8;2
123744;-193256;48694;24785;1;2
111348;-187879;47919;25121;8;2
110028;-195977;47836;24615;8;2
111853;-165949;47950;26492;4;2
126923;-187830;48892;25124;2;2
125495;-182977;48803;25427;4;2
129186;-187591;49034;25139;2;2
116433;-187926;48237;25118;8;2
111277;-189041;47914;25048;2;2
104427;-186011;47486;25238;2;2
118914;-178552;48392;25704;1;2
117202;-190246;48285;24973;8;2
126269;-182834;48851;25436;2;2
121211;-170264;48535;26222;8;2
113728;-192807;48068;24813;1;2
101476;-169283;47302;26283;2;2
125340;-188246;48793;25098;8;2
116789;-168675;48259;26321;8;2
123725;-168616;48692;26325;8;2
129232;-174664;49037;25947;8;2
130117;-174743;49092;25942;2;2
118084;-180753;48340;25566;1;2
124380;-187948;48733;25117;1;2
125705;-191058;48816;24922;8;2
128691;-165724;49003;26506;2;2
121736;-192251;48568;24848;1;2
117541;-195598;48306;24639;8;2
122284;-166009;48602;26488;4;2
122821;-187705;48636;25132;4;2
109515;-191489;47804;24895;1;2
124415;-171044;48735;26173;8;2
129318;-176124;49042;25856;2;2
128967;-177085;49020;25796;8;2
109734;-184095;47818;25358;1;2
116413;-175175;48235;25915;2;2
109039;-189148;47774;25042;2;2
104567;-176938;47495;25805;4;2
105239;-182091;47537;25483;8;2
103959;-174381;47457;25965;2;2
102428;-179489;47361;25645;8;2
127418;-170461;48923;26210;4;2
127028;-189655;48899;25010;2;2
102423;-172329;47361;26093;4;2
112143;-194727;47968;24693;8;2
100204;-176351;47222;25842;4;2
112761;-164246;48007;26598;1;2
123361;-171214;48670;26163;2;2
119168;-191109;48408;24919;1;2
116201;-172017;48222;26112;8;2
120086;-174560;48465;25954;4;2
107380;-170570;47671;26203;4;2
104143;-185441;47468;25273;8;2
119260;-169223;48413;26287;4;2
109823;-175566;47823;25891;1;2
100989;-174402;47271;25963;2;2
109866;-195477;47826;24646;4;2
123978;-194503;48708;24707;4;2
112711;-192119;48004;24856;1;2
123966;-193586;48707;24764;1;2
120976;-181822;48521;25500;8;2
124805;-178773;48760;25690;4;2
119994;-189145;48459;25042;8;2
124565;-187121;48745;25168;4;2
112276;-173855;47977;25998;1;2
107411;-170450;47673;26210;1;2
106404;-169203;47610;26288;4;2
105652;-194210;47563;24725;2;2
122141;-183487;48593;25396;8;2
112166;-177685;47970;25758;8;2
104146;-185132;47469;25293;8;2
105449;-183129;47550;25418;1;2
118433;-183855;48362;25373;4;2
113767;-196425;48070;24587;8;2
130976;-164622;49146;26575;2;2
122959;-171124;48644;26168;8;2
120304;-175822;48479;25875;8;2
127304;-174883;48916;25933;1;2
110519;-179989;47867;25614;2;2
106914;-189708;47642;25007;2;2
117392;-193516;48297;24769;8;2
110539;-177073;47868;25796;8;2
112348;-191502;47981;24895;1;2
116884;-169205;48265;26288;2;2
109944;-188871;47831;25059;2;2
111103;-177906;47903;25744;4;2
113775;-188842;48070;25061;4;2
118196;-175198;48347;25914;4;2
126288;-167002;48853;26426;8;2
120443;-177203;48487;25788;2;2
125074;-185383;48777;25277;8;2
128065;-180516;48964;25581;1;2
111392;-182423;47922;25462;8;2
127460;-190817;48926;24937;1;2
120336;-173520;48481;26019;4;2
114499;-170170;48116;26228;4;2
111392;-166155;47922;26479;1;2
121168;-181699;48533;25507;1;2
114560;-173997;48120;25989;1;2
118855;-187800;48388;25126;1;2
113040;-185253;48025;25285;4;2
110187;-165251;47846;26535;8;2
121831;-164572;48574;26578;8;2
118029;-186052;48336;25235;8;2
102485;-181232;47365;25537;4;2
103418;-180578;47423;25577;8;2
101647;-176349;47312;25842;2;2
104016;-183981;47461;25365;4;2
127122;-190098;48905;24982;2;2
105441;-177029;47550;25799;2;2
119011;-170165;48398;26228;2;2
123905;-187094;48704;25170;1;2
122906;-181970;48641;25490;2;2
126325;-193033;48855;24799;1;2
107832;-183252;47699;25410;1;2
126858;-167545;48888;26392;8;2
113849;-182025;48075;25487;2;2
100709;-171687;47254;26133;8;2
114621;-186250;48123;25223;1;2
122866;-189517;48639;25019;2;2
130010;-177524;49085;25768;2;2
122797;-179102;48634;25670;2;2
130029;-190685;49086;24946;1;2
124240;-164266;48725;26597;2;2
116104;-176916;48216;25806;1;2
119748;-181365;48444;25528;1;2
112767;-182773;48007;25440;4;2
112552;-177118;47994;25794;2;2
127081;-175566;48902;25891;2;2
110736;-184232;47881;25349;1;2
112669;-183277;48001;25409;8;2
124527;-189903;48742;24995;8;2
105366;-174977;47545;25927;1;2
114412;-183311;48110;25407;2;2
113382;-185711;48046;25257;4;2
113299;-173843;48041;25998;2;2
126988;-170179;48896;26227;4;2
122457;-179687;48613;25633;4;2
101780;-165663;47321;26510;4;2
119570;-183940;48433;25367;8;2
122470;-179082;48614;25671;4;2
107246;-193885;47662;24746;2;2
115926;-190923;48205;24931;4;2
127039;-188203;48899;25101;1;2
103767;-172819;47445;26062;1;2
118184;-191683;48346;24883;4;2
119661;-174329;48438;25968;2;2
113773;-165142;48070;26542;4;2
124325;-167208;48730;26413;8;2
120605;-183874;48497;25371;2;2
126152;-173161;48844;26041;1;2
102839;-179967;47387;25616;2;2
104946;-190136;47519;24980;8;2
123604;-187880;48685;25121;1;2
122254;-182697;48600;25445;8;2
127171;-168281;48908;26346;4;2
123421;-190752;48673;24942;1;2
109676;-186482;47814;25208;8;2
111385;-180626;47921;25574;2;2
130803;-179235;49135;25661;8;2
115548;-180564;48181;25578;8;2
121060;-172961;48526;26053;2;2
105337;-188890;47543;25058;4;2
117869;-171197;48326;26164;2;2
127731;-172080;48943;26109;1;2
123280;-165123;48665;26543;2;2
122245;-189265;48600;25034;1;2
125139;-174334;48781;25968;4;2
127911;-177507;48954;25769;1;2
101517;-179068;47304;25672;1;2
103568;-181143;47433;25542;8;2
130765;-176197;49132;25851;2;2
124102;-183755;48716;25379;4;2
117861;-186261;48326;25222;1;2
103278;-165839;47414;26499;4;2
127763;-164474;48945;26584;8;2
106434;-186311;47612;25219;2;2
106017;-195277;47586;24659;2;2
121520;-181595;48555;25514;4;2
99972;-175450;47208;25898;4;2
104309;-176076;47479;25859;2;2
98974;-179042;47145;25673;2;2
103229;-174157;47411;25979;1;2
120733;-169961;48505;26241;4;2
123621;-176111;48686;25857;8;2
99178;-175439;47158;25899;1;2
127993;-170663;48959;26197;2;2
106894;-169793;47640;26251;8;2
113625;-182942;48061;25430;4;2
130222;-167710;49098;26382;2;2
114354;-164917;48107;26556;4;2
126761;-188464;48882;25085;1;2
128398;-165081;48984;26546;1;2
113247;-180546;48037;25579;2;2
129068;-168580;49026;26327;2;2
103744;-172768;47444;26066;1;2
107270;-192273;47664;24846;1;2
115461;-184036;48176;25361;8;2
113241;-192825;48037;24812;8;2
126290;-183246;48853;25411;1;2
124079;-188677;48714;25071;2;2
120262;-165021;48476;26550;8;2
130715;-169539;49129;26267;2;2
99352;-172118;47169;26106;8;2
113392;-192954;48047;24804;2;2
100153;-182761;47219;25441;4;2
122545;-168515;48619;26331;8;2
120357;-171572;48482;26140;1;2
121655;-188210;48563;25100;4;2
103899;-178346;47453;25717;4;2
106875;-168908;47639;26307;2;2
121445;-172248;48550;26098;8;2
118033;-176914;48337;25806;8;2
130929;-169677;49143;26259;2;2
109393;-187659;47797;25135;2;2
106178;-165158;47596;26541;4;2
100114;-168658;47217;26322;2;2
119700;-176507;48441;25832;4;2
110025;-190182;47836;24977;2;2
99671;-163896;47189;26620;1;2
100341;-173151;47231;26042;2;2
114606;-182113;48122;25481;4;2
123508;-168108;48679;26357;2;2
113180;-186390;48033;25214;2;2
107232;-170965;47662;26178;1;2
110061;-183491;47838;25395;1;2
122438;-194069;48612;24734;8;2
129862;-177230;49076;25787;1;2
112615;-190477;47998;24959;8;2
103211;-173974;47410;25990;4;2
107385;-178132;47671;25730;1;2
109927;-192404;47830;24838;1;2
100537;-173484;47243;26021;2;2
106230;-164893;47599;26558;8;2
101741;-185727;47318;25256;1;2
102847;-168611;47387;26325;1;2
120698;-166616;48503;26450;1;2
118445;-171968;48362;26116;4;2
123034;-167969;48649;26365;8;2
128462;-165949;48988;26492;4;2
117430;-165998;48299;26489;1;2
106557;-188193;47619;25101;2;2
117102;-183272;48278;25409;8;2
110222;-193360;47848;24779;2;2
99247;-173932;47162;25993;2;2
106929;-176748;47643;25817;1;2
130070;-176684;49089;25821;1;2
125206;-185574;48785;25265;1;2
112733;-179172;48005;25665;1;2
106703;-181037;47628;25549;1;2
127463;-191521;48926;24893;4;2
110950;-186282;47894;25221;4;2
126665;-169199;48876;26289;4;2
107330;-170834;47668;26186;1;2
100035;-184078;47212;25359;1;2
126337;-188289;48856;25095;4;2
129467;-168756;49051;26316;1;2
116491;-194184;48240;24727;1;2
121930;-178310;48580;25719;1;2
102713;-164978;47379;26552;8;2
116329;-192709;48230;24819;2;2
115121;-191407;48155;24901;1;2
115212;-165521;48160;26518;8;2
130034;-169902;49087;26245;8;2
105874;-164243;47577;26598;4;2
120750;-177642;48506;25761;4;2
116611;-173052;48248;26048;1;2
108299;-190632;47728;24949;2;2
128558;-172335;48994;26093;8;2
116823;-171797;48261;26126;2;2
114106;-178951;48091;25679;1;2
130236;-176945;49099;25804;2;2
124471;-180201;48739;25601;2;2
124993;-167952;48772;26367;4;2
107825;-184252;47699;25348;4;2
103092;-177053;47403;25798;2;2
120167;-184441;48470;25336;4;2
114121;-169132;48092;26293;2;2
116777;-185454;48258;25273;8;2
130017;-183473;49086;25396;1;2
116999;-181458;48272;25522;2;2
124612;-166167;48748;26478;4;2
119749;-177086;48444;25796;2;2
129037;-184057;49024;25360;8;2
100366;-184674;47232;25321;2;2
108160;-166723;47720;26443;1;2
130704;-187667;49129;25134;2;2
99005;-176886;47147;25808;2;2
125171;-182493;48783;25458;4;2
126837;-165693;48887;26508;8;2
112780;-179065;48008;25672;2;2
121764;-168713;48570;26319;8;2
120730;-167292;48505;26408;2;2
122898;-179133;48641;25668;8;2
111785;-176630;47946;25824;8;2
109046;-183454;47775;25398;2;2
117805;-181651;48322;25510;4;2
110698;-194567;47878;24703;8;2
106138;-178783;47593;25690;4;2
128129;-172963;48968;26053;2;2
123331;-168101;48668;26357;2;2
115202;-165588;48160;26514;2;2
122675;-188287;48627;25096;2;2
105571;-175986;47558;25864;2;2
109952;-164070;47832;26609;1;2
125283;-183781;48790;25377;2;2
120927;-187619;48517;25137;2;2
130609;-170104;49123;26232;1;2
130520;-175859;49117;25872;1;2
129365;-174933;49045;25930;4;2
116838;-186136;48262;25230;1;2
110208;-193834;47848;24749;8;2
104482;-170023;47490;26237;1;2
128842;-174921;49012;25931;1;2
119217;-174715;48411;25944;2;2
114566;-190321;48120;24968;2;2
128587;-178786;48996;25689;8;2
122035;-177366;48587;25778;2;2
111090;-171973;47903;26115;2;2
114664;-189957;48126;24991;4;2
112342;-163953;47981;26616;2;2
117555;-190619;48307;24950;8;2
117277;-177457;48289;25772;2;2
106820;-192899;47636;24807;1;2
105814;-171593;47573;26139;1;2
123819;-182875;48698;25434;8;2
100157;-168649;47219;26323;2;2
113560;-182593;48057;25451;8;2
99866;-184858;47201;25310;4;2
121773;-167621;48570;26387;4;2
116013;-191195;48210;24914;2;2
126811;-164715;48885;26569;4;2
100166;-180569;47220;25578;1;2
124389;-187228;48734;25162;1;2
107492;-195799;47678;24626;1;2
129368;-166208;49045;26476;8;2
117097;-174760;48278;25941;1;2
111336;-192874;47918;24809;4;2
110732;-178034;47880;25736;1;2
125207;-185759;48785;25254;8;2
106265;-189201;47601;25038;8;2
108461;-181409;47738;25525;8;2
111533;-164086;47930;26608;4;2
113760;-166250;48070;26473;8;2
117131;-174207;48280;25976;1;2
120623;-172770;48498;26065;4;2
105876;-180722;47577;25568;8;2
110330;-191645;47855;24886;2;2
110575;-194050;47870;24735;4;2
122168;-182018;48595;25487;1;2
117244;-190531;48287;24955;1;2
101550;-180285;47306;25596;4;2
110002;-191557;47835;24891;1;2
123365;-178046;48670;25736;2;2
117439;-195521;48299;24643;4;2
111534;-166241;47930;26473;4;2
128518;-185647;48992;25261;4;2
130609;-176744;49123;25817;8;2
108322;-176721;47730;25818;2;2
115325;-181579;48167;25515;1;2
105055;-191306;47525;24907;8;2
125605;-185613;48810;25263;4;2
107153;-178274;47657;25721;2;2
121413;-178863;48548;25685;8;2
107643;-192344;47687;24842;1;2
104649;-176999;47500;25801;2;2
127070;-183305;48901;25407;4;2
123624;-185705;48686;25257;1;2
124240;-169915;48725;26244;8;2
112958;-186047;48019;25236;4;2
102090;-170909;47340;26182;2;2
110816;-189843;47886;24998;4;2
130267;-169159;49101;26291;8;2
117418;-165853;48298;26498;1;2
103350;-166040;47419;26486;2;2
107149;-163900;47656;26620;8;2
130290;-185910;49103;25244;2;2
117037;-174678;48274;25946;2;2
102519;-178022;47367;25737;1;2
127276;-170535;48914;26205;8;2
128872;-174983;49014;25927;4;2
109147;-188004;47781;25113;8;2
120151;-180672;48469;25572;1;2
100768;-167102;47258;26420;8;2
102185;-177064;47346;25797;2;2
108983;-166702;47771;26445;1;2
124754;-193848;48757;24748;1;2
113512;-181151;48054;25542;4;2
114852;-184632;48138;25324;1;2
109669;-188246;47814;25098;1;2
111813;-171468;47948;26147;1;2
121682;-167942;48565;26367;8;2
109247;-174978;47787;25927;4;2
99477;-175950;47177;25867;1;2
119300;-170666;48416;26197;4;2
103476;-184644;47427;25323;4;2
127715;-169062;48942;26297;2;2
105132;-188670;47530;25072;2;2
116665;-176827;48251;25812;1;2
109283;-187732;47790;25130;1;2
107452;-179022;47675;25675;1;2
100642;-165110;47250;26544;2;2
104748;-169922;47506;26243;8;2
110976;-180361;47896;25591;1;2
120485;-169098;48490;26295;1;2
124980;-169874;48771;26246;8;2
115799;-171523;48197;26143;2;2
130483;-185496;49115;25270;4;2
130353;-168852;49107;26310;4;2
105546;-166997;47556;26426;8;2
129770;-178653;49070;25698;4;2
115411;-187778;48173;25127;2;2
109537;-193196;47806;24789;2;2
101809;-173312;47323;26032;1;2
116968;-193237;48270;24786;4;2
128223;-173467;48973;26022;2;2
116876;-196219;48264;24600;8;2
106921;-186135;47642;25230;2;2
118901;-174144;48391;25980;8;2
127209;-184599;48910;25326;4;2
129358;-174257;49044;25972;2;2
105463;-164835;47551;26561;4;2
126271;-192204;48851;24851;4;2
127770;-163977;48945;26615;8;2
118111;-184028;48341;25362;1;2
101169;-179372;47283;25653;2;2
122419;-177604;48611;25763;1;2
122924;-168823;48642;26312;2;2
119671;-181053;48439;25548;8;2
124919;-172248;48767;26098;4;2
99560;-183737;47182;25380;4;2
122749;-193119;48631;24794;8;2
114582;-182956;48121;25429;1;2
127934;-169567;48955;26266;8;2
125945;-189222;48831;25037;8;2
112897;-175432;48016;25899;2;2
119187;-173099;48409;26045;4;2
105736;-164710;47568;26569;2;2
117675;-191228;48314;24912;1;2
115967;-165681;48207;26508;2;2
121515;-179935;48554;25618;2;2
109480;-166647;47802;26448;4;2
115682;-179688;48190;25633;8;2
116703;-167708;48253;26382;2;2
117226;-188831;48286;25062;4;2
126875;-165733;48889;26505;2;2
107180;-167688;47658;26383;1;2
128096;-195971;48966;24615;2;2
121231;-170664;48536;26197;1;2
101627;-171498;47311;26145;8;2
128916;-175536;49017;25893;1;2
123985;-189913;48709;24994;1;2
113773;-166890;48070;26433;1;2
107569;-167656;47683;26385;2;2
119994;-194276;48459;24721;4;2
112992;-176278;48022;25846;2;2
121525;-179899;48555;25620;1;2
110299;-193312;47853;24782;2;2
121294;-171894;48540;26120;1;2
107784;-171378;47696;26152;4;2
105858;-194402;47576;24713;1;2
105040;-187323;47525;25156;1;2
127379;-182744;48921;25442;4;2
124000;-182648;48710;25448;1;2
118013;-186635;48335;25199;8;2
113965;-183434;48082;25399;4;2
104802;-176169;47510;25853;2;2
129551;-189649;49056;25010;1;2
123622;-176914;48686;25806;2;2
105074;-187942;47527;25117;1;2
110468;-164367;47864;26591;8;2
118651;-190172;48375;24978;8;2
120783;-178371;48508;25715;2;2
122624;-171038;48624;26174;2;2
105596;-190343;47559;24967;4;2
100374;-166118;47233;26481;1;2
103984;-173084;47459;26046;4;2
127882;-183301;48952;25407;2;2
110009;-184663;47835;25322;4;2
102266;-182859;47351;25435;2;2
101069;-172960;47276;26054;8;2
108331;-177332;47730;25780;4;2
108789;-175094;47759;25920;2;2
100161;-166975;47220;26428;1;2
127106;-187374;48904;25153;4;2
126748;-169347;48881;26279;1;2
117721;-191432;48317;24899;1;2
112477;-184802;47989;25313;4;2
122731;-169754;48630;26254;4;2
119218;-175987;48411;25864;8;2
103632;-184547;47437;25329;1;2
116829;-169761;48261;26253;4;2
110392;-186131;47859;25230;4;2
125388;-185553;48796;25266;2;2
116547;-191224;48244;24912;2;2
124438;-165800;48737;26501;8;2
117330;-174411;48293;25963;8;2
109171;-188004;47783;25113;1;2
121280;-180473;48540;25584;2;2
131055;-166700;49150;26445;1;2
111479;-186115;47927;25231;2;2
110891;-177226;47890;25787;8;2
126560;-173930;48870;25993;1;2
112619;-164197;47998;26601;2;2
110228;-171679;47849;26134;1;2
114120;-178661;48092;25697;8;2
114249;-178948;48100;25679;2;2
111466;-191668;47926;24884;1;2
108431;-171548;47736;26142;8;2
112058;-195736;47963;24630;8;2
125607;-178946;48810;25679;8;2
109408;-196027;47798;24612;1;2
106226;-165679;47599;26509;8;2
120497;-176643;48491;25823;1;2
105326;-174119;47542;25981;4;2
104759;-181112;47507;25544;4;2
116357;-189647;48232;25011;8;2
108090;-168377;47715;26340;2;2
110890;-176188;47890;25852;1;2
100171;-166901;47220;26432;4;2
99852;-179715;47200;25631;1;2
128956;-175972;49019;25865;1;2
114709;-194401;48129;24713;8;2
118641;-179431;48375;25649;1;2
111580;-195157;47933;24666;1;2
115591;-176213;48184;25850;1;2
113277;-165935;48039;26493;1;2
102302;-173087;47353;26046;8;2
125164;-192289;48782;24845;1;2
125970;-178597;48833;25701;2;2
101697;-177416;47316;25775;4;2
128430;-170582;48986;26202;2;2
108334;-196439;47730;24586;2;2
109339;-178375;47793;25715;1;2
110412;-164093;47860;26608;4;2
125893;-192338;48828;24842;8;2
109467;-184492;47801;25333;1;2
116241;-165486;48225;26521;2;2
105122;-166277;47530;26471;8;2
117250;-174595;48288;25951;4;2
119318;-190996;48417;24926;1;2
99087;-177031;47152;25799;8;2
105511;-188021;47554;25112;8;2
107496;-183222;47678;25412;4;2
120361;-187082;48482;25171;8;2
108774;-176552;47758;25829;8;2
127451;-170927;48925;26181;2;2
127372;-165232;48920;26537;1;2
118992;-174875;48397;25934;4;2
101820;-171068;47323;26172;4;2
124667;-180118;48751;25606;8;2
120461;-175777;48488;25877;1;2
122905;-164629;48641;26574;2;2
130466;-166718;49114;26444;8;2
127861;-167162;48951;26416;2;2
107887;-170461;47702;26210;2;2
115237;-180402;48162;25588;4;2
116911;-184713;48266;25319;1;2
109945;-195915;47831;24619;8;2
116229;-168125;48224;26356;2;2
113277;-173136;48039;26043;1;2
99935;-184334;47205;25343;2;2
129226;-174987;49036;25927;4;2
114145;-181459;48094;25522;1;2
123708;-172317;48691;26094;2;2
125879;-188650;48827;25073;2;2
110445;-180982;47862;25552;8;2
116116;-194751;48217;24692;2;2
128389;-177302;48984;25782;8;2
126565;-185843;48870;25248;4;2
114902;-174425;48141;25962;2;2
127154;-177397;48907;25776;4;2
123361;-168641;48670;26323;8;2
100036;-169963;47212;26241;1;2
114954;-170995;48144;26176;4;2
116757;-186949;48257;25179;4;2
124961;-172475;48770;26084;1;2
103418;-178397;47423;25714;1;2
100797;-184712;47259;25319;4;2
122746;-171924;48631;26118;4;2
116524;-181850;48242;25498;1;2
109305;-175257;47791;25910;1;2
119868;-174975;48451;25928;2;2
99109;-172559;47154;26079;2;2
124957;-191240;48769;24911;8;2
122940;-174921;48643;25931;8;2
113535;-172460;48055;26085;1;2
130061;-178574;49088;25703;4;2
110413;-183654;47860;25385;8;2
127260;-167116;48913;26419;1;2
116011;-187463;48210;25147;8;2
100922;-184919;47267;25306;2;2
115948;-185350;48206;25279;2;2
103079;-176017;47402;25862;8;2
119925;-167347;48455;26404;1;2
127904;-183329;48954;25405;2;2
117425;-184811;48299;25313;4;2
104564;-170031;47495;26237;2;2
126164;-164901;48845;26557;1;2
123831;-164049;48699;26610;4;2
121990;-178324;48584;25718;4;2
112768;-188461;48008;25085;4;2
110371;-164691;47858;26570;2;2
100754;-183814;47257;25375;4;2
101275;-167538;47289;26392;4;2
124918;-189628;48767;25012;8;2
127222;-172968;48911;26053;8;2
122817;-184633;48636;25324;8;2
128356;-169463;48982;26272;2;2
115114;-191296;48154;24908;1;2
120837;-195323;48512;24656;1;2
128898;-175113;49016;25919;2;2
115602;-188853;48185;25060;1;2
119007;-180774;48397;25565;4;2
99538;-169276;47181;26284;2;2
105041;-194417;47525;24712;4;2
118396;-175562;48359;25891;1;2
118009;-177585;48335;25764;8;2
121636;-171321;48562;26156;2;2
99907;-177125;47204;25793;2;2
113503;-166810;48053;26438;8;2
116591;-165130;48246;26543;2;2
117963;-181480;48332;25521;1;2
123592;-166539;48684;26455;1;2
107581;-168844;47683;26311;1;2
110833;-171679;47887;26134;8;2
114678;-187903;48127;25120;1;2
102587;-169801;47371;26251;8;2
107225;-180124;47661;25606;1;2
110549;-186242;47869;25223;8;2
121703;-178184;48566;25727;1;2
124427;-189135;48736;25043;4;2
124081;-164316;48715;26594;4;2
107533;-177328;47680;25781;8;2
98969;-177977;47145;25740;2;2
102941;-172585;47393;26077;2;2
118615;-190120;48373;24981;4;2
104521;-176404;47492;25838;1;2
127783;-165909;48946;26494;4;2
100912;-173543;47267;26017;2;2
102241;-169203;47350;26288;2;2
113335;-171301;48043;26157;8;2
101209;-184451;47285;25335;4;2
122347;-167612;48606;26388;8;2
109362;-195197;47795;24664;2;2
119379;-173314;48421;26031;4;2
112988;-192136;48021;24855;2;2
119479;-166259;48427;26472;8;2
109663;-175144;47813;25917;1;2
102681;-171895;47377;26120;2;2
123514;-164526;48679;26581;4;2
125523;-184029;48805;25362;2;2
104890;-184785;47515;25314;8;2
112995;-191149;48022;24917;4;2
118768;-184301;48383;25345;8;2
122511;-183081;48616;25421;1;2
107284;-170594;47665;26201;2;2
109639;-183139;47812;25417;8;2
101310;-178462;47291;25710;4;2
122110;-175479;48591;25896;2;2
109091;-177754;47778;25754;8;2
105459;-166139;47551;26480;2;2
113702;-186435;48066;25211;8;2
118365;-181644;48357;25511;1;2
124992;-190879;48772;24934;1;2
128379;-171430;48983;26149;4;2
112255;-188205;47975;25101;2;2
110338;-194010;47856;24738;1;2
120065;-165619;48464;26512;2;2
107068;-182523;47651;25456;2;2
111127;-166030;47905;26487;2;2
110220;-194855;47848;24685;8;2
110099;-195138;47841;24667;1;2
129798;-166734;49072;26443;8;2
120846;-170981;48512;26177;8;2
126776;-167691;48883;26383;8;2
105287;-176550;47540;25829;2;2
121398;-172909;48547;26057;4;2
111876;-171399;47952;26151;4;2
106854;-196435;47638;24586;4;2
125118;-192280;48779;24846;2;2
100942;-185372;47268;25278;4;2
125634;-185773;48812;25253;2;2
120026;-170804;48461;26188;2;2
99550;-171278;47181;26159;2;2
102875;-167494;47389;26395;8;2
100589;-183408;47246;25401;4;2
119103;-164882;48403;26558;1;2
116230;-195475;48224;24646;1;2
120251;-176174;48475;25853;1;2
107553;-170882;47682;26183;4;2
104341;-169063;47481;26297;8;2
106788;-166327;47634;26468;4;2
99757;-168431;47194;26337;2;2
103345;-172033;47419;26111;2;2
118754;-180989;48382;25552;2;2
123464;-175802;48676;25876;2;2
111478;-180467;47927;25584;4;2
116650;-167036;48250;26424;4;2
119069;-170352;48401;26217;8;2
115335;-188276;48168;25096;2;2
117543;-183856;48306;25373;2;2
109775;-192933;47820;24805;1;2
100630;-179397;47249;25651;4;2
118512;-171058;48367;26172;1;2
105418;-173354;47548;26029;4;2
100603;-180747;47247;25567;8;2
130619;-172781;49123;26065;1;2
115870;-181927;48201;25493;2;2
113905;-185598;48079;25264;4;2
123325;-181101;48667;25545;1;2
115788;-164212;48196;26600;2;2
118590;-177394;48371;25776;8;2
103905;-175653;47454;25885;8;2
103881;-170947;47452;26179;1;2
104407;-172204;47485;26101;4;2
120711;-189619;48504;25012;1;2
108609;-193697;47748;24757;4;2
120895;-185113;48515;25294;8;2
112010;-172440;47960;26086;4;2
127023;-191690;48898;24883;8;2
118957;-166020;48394;26487;8;2
106252;-164126;47600;26606;2;2
104055;-173288;47463;26033;4;2
99085;-172629;47152;26074;4;2
127769;-192803;48945;24813;4;2
104060;-165974;47463;26490;1;2
121561;-171943;48557;26117;1;2
130788;-172787;49134;26064;1;2
117631;-173978;48311;25990;1;2
118953;-186327;48394;25218;4;2
106635;-176288;47624;25846;1;2
124722;-194116;48755;24731;1;2
100594;-179614;47247;25638;2;2
103724;-169968;47442;26241;4;2
120069;-167386;48464;26402;8;2
109950;-194411;47831;24713;1;2
124601;-180085;48747;25608;4;2
99242;-176728;47162;25818;2;2
126008;-182740;48835;25442;4;2
114827;-195556;48136;24641;8;2
111583;-177840;47933;25749;4;2
114249;-187454;48100;25148;1;2
110651;-174890;47875;25933;1;2
104585;-190465;47496;24959;1;2
107760;-187860;47695;25122;8;2
111460;-186581;47926;25202;2;2
122360;-176799;48607;25814;4;2
107707;-179686;47691;25633;8;2
125680;-190092;48815;24983;2;2
103126;-176264;47405;25847;2;2
127410;-166438;48923;26461;4;2
127168;-173408;48908;26026;4;2
117811;-187104;48323;25170;2;2
119079;-165749;48402;26504;1;2
121838;-166048;48574;26486;8;2
127728;-171414;48943;26150;1;2
115496;-169100;48178;26295;1;2
110286;-178922;47852;25681;2;2
108756;-185745;47757;25254;2;2
103938;-184588;47456;25327;8;2
109928;-181920;47830;25494;8;2
107640;-171348;47687;26154;1;2
101876;-184781;47327;25315;4;2
105439;-187091;47549;25170;8;2
120613;-191689;48498;24883;2;2
119980;-181535;48458;25518;1;2
111164;-181228;47907;25537;8;2
118521;-169879;48367;26246;4;2
118132;-176732;48343;25818;2;2
124480;-182079;48740;25484;8;2
129827;-175887;49074;25871;8;2
125953;-186208;48832;25226;4;2
103522;-172985;47430;26052;8;2
126820;-182744;48886;25442;4;2
125289;-178675;48790;25696;8;2
111775;-174229;47945;25974;8;2
122791;-186654;48634;25198;4;2
108386;-178334;47734;25718;4;2
117932;-179428;48330;25649;1;2
122260;-188368;48601;25091;2;2
102615;-180161;47373;25603;1;2
126869;-166840;48889;26436;1;2
126706;-179252;48879;25660;8;2
115590;-193116;48184;24794;1;2
117116;-188100;48279;25107;2;2
117011;-164107;48273;26607;8;2
119480;-176425;48427;25837;4;2
122520;-182649;48617;25448;1;2
105078;-170072;47527;26234;1;2
105221;-180624;47536;25575;2;2
130936;-172810;49143;26063;2;2
128240;-173166;48975;26041;4;2
104367;-171343;47482;26155;4;2
113295;-176233;48040;25849;8;2
114149;-180017;48094;25612;8;2
114313;-181133;48104;25543;8;2
117467;-174373;48301;25965;8;2
120190;-175521;48471;25893;8;2
124815;-169080;48760;26296;2;2
114685;-193744;48127;24755;1;2
129926;-190615;49080;24950;4;2
122975;-185257;48645;25285;4;2
111131;-183720;47905;25381;2;2
127486;-182520;48927;25456;4;2
125635;-182868;48812;25434;1;2
108211;-171460;47723;26147;2;2
114967;-191593;48145;24889;4;2
116300;-194877;48228;24684;1;2
114207;-189495;48097;25020;2;2
121343;-185893;48543;25245;4;2
122673;-193294;48627;24783;1;2
118649;-175433;48375;25899;2;2
108584;-186950;47746;25179;2;2
126297;-191629;48853;24887;8;2
101124;-182376;47280;25465;8;2
123762;-171318;48695;26156;8;2
130326;-185378;49105;25277;1;2
109050;-180099;47775;25607;8;2
105498;-195502;47553;24645;1;2
123654;-184600;48688;25326;8;2
129034;-173770;49024;26003;1;2
112174;-176422;47970;25837;4;2
113423;-178155;48048;25729;1;2
123842;-187985;48700;25114;8;2
102700;-166704;47378;26445;2;2
130940;-187439;49143;25149;1;2
124244;-189374;48725;25028;4;2
105147;-187487;47531;25146;4;2
117053;-185491;48275;25270;2;2
109745;-195522;47819;24643;4;2
122606;-194192;48622;24727;4;2
109180;-172426;47783;26087;1;2
111528;-172305;47930;26094;4;2
118079;-178639;48339;25699;4;2
129177;-172958;49033;26054;4;2
107127;-191393;47655;24901;8;2
127636;-183969;48937;25365;4;2
130714;-173872;49129;25997;2;2
108403;-179092;47735;25670;8;2
120151;-174951;48469;25929;1;2
99154;-182811;47157;25438;2;2
110070;-181386;47839;25527;4;2
120008;-179927;48460;25618;1;2
111678;-184186;47939;25352;1;2
125364;-170913;48795;26181;8;2
101928;-177686;47330;25758;2;2
112584;-185252;47996;25285;8;2
125198;-181552;48784;25517;4;2
118133;-185855;48343;25248;1;2
117261;-165361;48288;26528;1;2
128011;-180439;48960;25586;8;2
121727;-176767;48567;25816;8;2
129447;-167464;49050;26397;4;2
129089;-185313;49028;25281;1;2
128546;-169144;48994;26292;2;2
118094;-190452;48340;24960;4;2
126943;-190265;48893;24972;1;2
123705;-167820;48691;26375;1;2
109165;-176918;47782;25806;1;2
126552;-174275;48869;25971;2;2
99283;-164949;47165;26554;2;2
121219;-168914;48536;26306;1;2
124132;-167925;48718;26368;8;2
106671;-194935;47626;24680;4;2
123738;-172200;48693;26101;2;2
110465;-190198;47864;24976;8;2
113606;-176813;48060;25813;4;2
111460;-182249;47926;25473;2;2
130368;-168544;49108;26330;1;2
127136;-173146;48906;26042;8;2
116934;-177109;48268;25794;2;2
108827;-178854;47761;25685;1;2
117624;-178243;48311;25723;2;2
113141;-163975;48031;26615;4;2
117426;-187155;48299;25166;1;2
123270;-181195;48664;25539;1;2
109866;-188946;47826;25054;1;2
130415;-171889;49110;26120;1;2
110273;-194310;47852;24719;2;2
126311;-173097;48854;26045;8;2
113746;-168493;48069;26333;1;2
106784;-176744;47634;25817;8;2
107722;-194156;47692;24729;8;2
119810;-172472;48448;26084;8;2
103339;-172579;47418;26077;4;2
114526;-190495;48117;24958;8;2
126268;-183137;48851;25417;2;2
127694;-169025;48940;26299;1;2
107766;-167197;47695;26414;2;2
108604;-185858;47747;25247;1;2
101512;-175532;47304;25893;1;2
106689;-170838;47628;26186;1;2
101846;-164619;47325;26575;2;2
121973;-164661;48583;26572;8;2
100223;-169595;47223;26264;4;2
114979;-188361;48146;25091;1;2
110946;-165639;47894;26511;2;2
121710;-185403;48566;25276;2;2
120793;-164040;48509;26611;8;2
99655;-175020;47188;25925;8;2
118712;-176502;48379;25832;8;2
99646;-183530;47187;25393;1;2
119044;-174297;48400;25970;1;2
114350;-165338;48106;26530;8;2
113152;-179432;48032;25649;4;2
119713;-174899;48442;25932;4;2
105742;-169860;47568;26247;4;2
108071;-168081;47714;26358;8;2
113850;-182927;48075;25431;8;2
129404;-174695;49047;25945;2;2
102632;-179878;47374;25621;1;2
99460;-182249;47176;25473;4;2
109243;-195316;47787;24656;1;2
128538;-175593;48993;25889;4;2
108852;-190163;47763;24978;1;2
113931;-190128;48080;24981;1;2
118210;-181968;48348;25491;8;2
129636;-194001;49062;24738;2;2
114370;-181104;48108;25545;1;2
125999;-195938;48834;24617;4;2
111755;-179344;47944;25655;2;2
115759;-180403;48194;25588;4;2
115190;-170457;48159;26210;1;2
130185;-187272;49096;25159;4;2
113296;-196144;48041;24605;8;2
101518;-175611;47304;25888;2;2
109437;-190798;47799;24939;1;2
100547;-181096;47244;25545;2;2
105207;-193621;47535;24762;8;2
121113;-189022;48529;25050;8;2
122399;-174871;48609;25934;2;2
105690;-193261;47565;24785;8;2
106996;-171172;47647;26165;1;2
126258;-189019;48851;25050;8;2
114941;-171098;48143;26170;1;2
106698;-176103;47628;25857;2;2
115043;-186734;48150;25193;1;2
112265;-187701;47976;25132;1;2
106112;-177788;47592;25752;8;2
118872;-182203;48389;25476;8;2
106642;-182231;47625;25474;8;2
111131;-184253;47905;25348;8;2
104593;-170953;47497;26179;1;2
99357;-183865;47169;25372;2;2
128397;-180673;48984;25571;1;2
115114;-192136;48154;24855;8;2
124886;-167343;48765;26405;2;2
116527;-166758;48242;26441;8;2
125092;-168608;48778;26326;1;2
105499;-183861;47553;25372;8;2
130944;-167875;49144;26371;2;2
124665;-191329;48751;24905;8;2
119016;-187156;48398;25166;8;2
125233;-189705;48787;25007;2;2
119571;-188139;48433;25105;8;2
100345;-168339;47231;26342;1;2
122306;-164946;48604;26554;1;2
117189;-174109;48284;25982;2;2
123722;-186185;48692;25227;8;2
102231;-168620;47349;26325;4;2
114951;-195643;48144;24636;4;2
125499;-179155;48803;25666;4;2
127006;-171100;48897;26170;2;2
124365;-186301;48732;25220;2;2
117505;-173798;48304;26001;2;2
122495;-176969;48615;25803;4;2
125545;-179055;48806;25673;1;2
129540;-171306;49056;26157;4;2
123504;-184652;48679;25323;4;2
127600;-175660;48935;25885;4;2
120443;-165664;48487;26510;1;2
126265;-169284;48851;26283;1;2
125886;-186525;48827;25206;2;2
110056;-192784;47838;24815;4;2
111680;-171579;47940;26140;4;2
115601;-186118;48185;25231;2;2
125714;-164854;48817;26560;2;2
112522;-181739;47992;25505;8;2
123620;-188982;48686;25052;2;2
109517;-186803;47804;25188;2;2
107716;-186408;47692;25213;4;2
123459;-171452;48676;26148;2;2
112185;-195999;47971;24614;8;2
105195;-168923;47534;26306;4;2
110351;-173065;47856;26047;2;2
119536;-179890;48431;25620;8;2
123568;-179577;48683;25640;1;2
123919;-188310;48704;25094;4;2
99246;-173795;47162;26001;8;2
114257;-185300;48101;25282;2;2
102983;-164515;47396;26581;1;2
112667;-164987;48001;26552;2;2
110533;-182111;47868;25482;2;2
101708;-167095;47316;26420;4;2
130393;-165011;49109;26550;1;2
108744;-171570;47756;26140;8;2
109113;-182106;47779;25482;8;2
99478;-181089;47177;25545;8;2
110748;-191161;47881;24916;4;2
116556;-171756;48244;26129;2;2
108800;-181197;47760;25539;8;2
121727;-166015;48567;26488;8;2
115150;-167336;48156;26405;2;2
104036;-181023;47462;25550;4;2
122890;-175925;48640;25868;8;2
111596;-180118;47934;25606;4;2
105604;-170265;47560;26222;8;2
125831;-181762;48824;25503;1;2
118880;-181784;48390;25502;1;2
109728;-187522;47818;25143;1;2
120500;-167576;48491;26390;4;2
112197;-165462;47972;26522;2;2
122627;-170621;48624;26200;1;2
102480;-184917;47365;25306;2;2
123691;-170971;48690;26178;2;2
109518;-182058;47804;25485;1;2
115242;-185732;48162;25255;2;2
115767;-178944;48195;25680;2;2
114720;-191680;48130;24884;1;2
121260;-176584;48538;25827;8;2
128722;-164895;49005;26558;2;2
114088;-165953;48090;26491;2;2
119469;-178057;48426;25735;4;2
117471;-169844;48301;26248;2;2
110021;-196203;47836;24601;4;2
126688;-191466;48878;24897;8;2
121863;-186499;48576;25207;1;2
125888;-182177;48828;25477;8;2
113492;-177844;48053;25748;8;2
119327;-175203;48417;25913;1;2
108024;-175514;47711;25894;1;2
127542;-188743;48931;25067;8;2
107138;-196156;47656;24604;8;2
126957;-187888;48894;25121;4;2
114659;-193161;48126;24791;4;2
123423;-179119;48673;25669;8;2
105200;-192348;47535;24842;4;2
107938;-187646;47706;25136;1;2
118468;-174567;48364;25953;1;2
125999;-182670;48834;25447;1;2
117763;-180681;48320;25571;8;2
107840;-179366;47700;25653;4;2
121627;-196096;48561;24608;2;2
101974;-169619;47333;26262;4;2
121252;-169801;48538;26251;2;2
111856;-195281;47951;24658;4;2
127275;-175358;48914;25904;2;2
122931;-188053;48643;25110;1;2
117064;-172664;48276;26072;1;2
106283;-182269;47602;25472;2;2
117572;-175309;48308;25907;1;2
100241;-170099;47225;26232;2;2
127757;-170454;48944;26210;2;2
122023;-173481;48586;26021;2;2
123942;-187254;48706;25160;1;2
125494;-164707;48803;26569;8;2
100439;-164878;47237;26559;8;2
123457;-192138;48676;24855;1;2
111175;-190891;47908;24933;4;2
121304;-165929;48541;26493;8;2
120651;-170036;48500;26236;2;2
119503;-176501;48428;25832;1;2
128195;-164889;48972;26558;4;2
104355;-165835;47482;26499;4;2
128658;-169206;49001;26288;4;2
114930;-195052;48143;24673;4;2
104923;-167455;47517;26398;1;2
105372;-187092;47545;25170;8;2
112281;-188820;47977;25062;8;2
115255;-169198;48163;26289;2;2
121266;-179531;48539;25643;1;2
129271;-189303;49039;25032;4;2
118986;-190360;48396;24966;2;2
117122;-173861;48280;25997;1;2
121924;-192306;48580;24844;8;2
110973;-172505;47895;26082;4;2
118021;-168049;48336;26360;1;2
111502;-166168;47928;26478;8;2
118471;-164381;48364;26590;4;2
130603;-167842;49122;26373;2;2
111218;-174896;47911;25933;4;2
107285;-168583;47665;26327;1;2
112117;-183634;47967;25386;1;2
112403;-175137;47985;25917;4;2
112114;-194330;47967;24718;8;2
104641;-177829;47500;25749;4;2
108680;-180382;47752;25590;4;2
103619;-183932;47436;25368;4;2
123698;-164247;48691;26598;2;2
110427;-172985;47861;26052;8;2
119013;-177451;48398;25773;2;2
124787;-186573;48759;25203;2;2
99647;-179363;47187;25653;1;2
122823;-167350;48636;26404;4;2
102377;-179878;47358;25621;8;2
125713;-183814;48817;25375;8;2
99741;-167286;47193;26408;8;2
109150;-171770;47781;26128;4;2
103749;-172067;47444;26109;4;2
112461;-165216;47988;26538;1;2
125951;-184932;48831;25305;4;2
123353;-170497;48669;26207;2;2
100166;-183314;47220;25406;2;2
103073;-179281;47402;25658;1;2
103966;-177734;47457;25755;8;2
119898;-180326;48453;25593;4;2
127029;-168512;48899;26332;2;2
127629;-168457;48936;26335;4;2
124082;-185225;48715;25287;1;2
111499;-193406;47928;24776;4;2
119064;-191359;48401;24904;8;2
117428;-168056;48299;26360;4;2
101233;-185512;47287;25269;1;2
106463;-192573;47613;24828;1;2
110371;-182821;47858;25437;2;2
116841;-187778;48262;25127;1;2
113938;-167474;48081;26396;8;2
110293;-173560;47853;26016;4;2
123575;-168284;48683;26346;4;2
130717;-169865;49129;26247;8;2
101915;-183979;47329;25365;4;2
107209;-166567;47660;26453;1;2
118796;-169517;48384;26269;4;2
101799;-167861;47322;26372;4;2
126807;-172321;48885;26093;4;2
116471;-180352;48239;25592;8;2
127130;-169043;48905;26298;4;2
100390;-182339;47234;25467;1;2
118444;-182892;48362;25433;2;2
101799;-172749;47322;26067;4;2
128612;-167614;48998;26388;2;2
110648;-194829;47875;24687;8;2
127417;-168825;48923;26312;1;2
100655;-174496;47250;25958;2;2
120770;-182729;48508;25443;2;2
119536;-177292;48431;25783;8;2
125736;-192209;48818;24850;1;2
125578;-195172;48808;24665;4;2
122342;-166132;48606;26480;4;2
125406;-192400;48797;24839;2;2
124799;-166580;48759;26452;8;2
111383;-186295;47921;25220;4;2
103873;-175108;47452;25919;1;2
118778;-184479;48383;25334;8;2
113221;-184103;48036;25357;4;2
127345;-180267;48919;25597;8;2
106368;-169424;47608;26275;1;2
100269;-178175;47226;25728;8;2
119488;-176487;48428;25833;2;2
107089;-192955;47653;24804;8;2
127961;-164083;48957;26608;1;2
117557;-184036;48307;25361;4;2
126279;-180727;48852;25568;4;2
117964;-169038;48332;26299;8;2
127581;-164568;48933;26578;8;2
120744;-175272;48506;25909;8;2
110942;-172043;47893;26111;1;2
110936;-171363;47893;26153;8;2
127493;-164762;48928;26566;4;2
126840;-171563;48887;26141;4;2
116863;-172869;48263;26059;1;2
117608;-165387;48310;26527;4;2
130383;-165227;49108;26537;2;2
118216;-166126;48348;26481;4;2
107888;-193558;47703;24766;4;2
102677;-177958;47377;25741;1;2
122451;-167562;48613;26391;8;2
117385;-164505;48296;26582;2;2
107881;-180902;47702;25557;4;2
115801;-195157;48197;24666;2;2
113772;-180468;48070;25584;2;2
101032;-183417;47274;25400;4;2
112152;-165404;47969;26526;1;2
104460;-173210;47488;26038;4;2
128696;-184607;49003;25326;2;2
130008;-166480;49085;26459;8;2
103837;-178735;47449;25693;1;2
123346;-190666;48669;24947;2;2
127401;-168674;48922;26321;8;2
113134;-168562;48030;26328;1;2
125052;-183569;48775;25390;1;2
121056;-172768;48526;26066;8;2
117874;-171059;48327;26172;8;2
101135;-165090;47280;26545;8;2
114480;-196477;48115;24584;2;2
114196;-165272;48097;26534;2;2
109503;-187342;47803;25155;1;2
99537;-167228;47181;26412;8;2
130008;-164517;49085;26581;1;2
98823;-176015;47136;25863;4;2
118362;-178183;48357;25727;1;2
119354;-181370;48419;25528;8;2
105990;-167023;47584;26425;8;2
100963;-165124;47270;26543;1;2
118996;-179497;48397;25645;1;2
129850;-164876;49075;26559;8;2
109572;-186834;47808;25186;1;2
123765;-167933;48695;26368;2;2
126847;-187661;48887;25135;1;2
109784;-193515;47821;24769;4;2
117740;-164181;48318;26602;8;2
101643;-171532;47312;26143;1;2
110000;-185379;47835;25277;2;2
118249;-173581;48350;26015;4;2
105262;-187246;47538;25161;2;2
126093;-174357;48840;25966;4;2
128649;-183946;49000;25367;8;2
123981;-167961;48708;26366;1;2
124028;-175017;48711;25925;8;2
130160;-170059;49095;26235;2;2
120335;-175855;48480;25873;4;2
107968;-194031;47708;24737;4;2
108971;-190096;47770;24983;4;2
121965;-168993;48582;26301;1;2
121919;-168353;48579;26341;1;2
108231;-187217;47724;25162;1;2
129970;-170645;49083;26198;1;2
118245;-177562;48350;25766;4;2
119656;-179651;48438;25635;8;2
112820;-181650;48011;25510;4;2
115703;-163856;48191;26623;4;2
107610;-181853;47685;25498;2;2
116520;-174990;48242;25927;1;2
129373;-187016;49045;25175;2;2
100790;-166828;47259;26437;1;2
102040;-181327;47337;25531;8;2
103914;-179879;47454;25621;1;2
105326;-163861;47542;26622;2;2
129157;-171874;49032;26121;4;2
104708;-169906;47504;26244;2;2
125181;-172592;48783;26077;1;2
130445;-169881;49112;26246;1;2
117113;-188769;48279;25065;1;2
130638;-165419;49124;26525;8;2
111777;-186651;47946;25198;8;2
122924;-187143;48642;25167;4;2
107820;-194093;47698;24733;4;2
104400;-174040;47485;25986;8;2
124927;-164103;48767;26607;2;2
111959;-175778;47957;25877;8;2
113009;-175792;48023;25877;1;2
130067;-185534;49089;25268;8;2
123596;-189296;48684;25033;8;2
104309;-185391;47479;25277;4;2
115749;-167297;48194;26407;8;2
100291;-178977;47228;25677;1;2
128843;-166202;49012;26476;1;2
108239;-180029;47724;25612;1;2
106651;-195320;47625;24656;2;2
122153;-174972;48594;25928;4;2
118860;-173937;48388;25992;8;2
100241;-185372;47225;25278;1;2
104172;-180591;47470;25577;2;2
124434;-196547;48737;24579;8;2
105993;-183310;47584;25407;4;2
120167;-189765;48470;25003;4;2
107956;-164684;47707;26571;1;2
111822;-181211;47948;25538;2;2
103068;-173836;47401;25999;8;2
105507;-191138;47554;24917;4;2
118916;-164212;48392;26600;1;2
107345;-183517;47669;25394;8;2
100655;-172721;47250;26068;8;2
106244;-186702;47600;25195;4;2
106121;-184799;47592;25314;8;2
104014;-173905;47460;25994;2;2
106224;-189803;47599;25001;2;2
115537;-167749;48181;26379;4;2
115610;-164692;48185;26570;4;2
129080;-177160;49027;25791;2;2
103165;-177909;47407;25744;2;2
104653;-180904;47500;25557;1;2
104868;-166799;47514;26439;8;2
124601;-176090;48747;25858;8;2
101059;-173192;47276;26039;4;2
127094;-182336;48903;25468;1;2
100832;-184866;47262;25309;8;2
124195;-193815;48722;24750;4;2
110741;-187945;47881;25117;8;2
106187;-179322;47596;25656;4;2
113762;-164136;48070;26605;1;2
122343;-185718;48606;25256;2;2
114327;-190511;48105;24957;4;2
105970;-192167;47583;24853;8;2
118738;-191405;48381;24901;1;2
107640;-187687;47687;25133;1;2
111128;-174536;47905;25955;2;2
105110;-172858;47529;26060;2;2
108115;-168572;47717;26328;2;2
118757;-181945;48382;25492;8;2
122912;-184938;48642;25305;2;2
103562;-180980;47432;25552;8;2
123995;-170302;48709;26220;2;2
104991;-185347;47521;25279;8;2
125501;-165640;48803;26511;8;2
99597;-175008;47184;25926;8;2
103304;-165370;47416;26528;8;2
105451;-181438;47550;25524;8;2
102567;-168028;47370;26362;4;2
123885;-189375;48702;25028;1;2
120818;-172041;48511;26111;1;2
110506;-183677;47866;25384;4;2
123790;-168857;48696;26310;8;2
113336;-195565;48043;24641;2;2
115611;-179584;48185;25640;2;2
122312;-194889;48604;24683;2;2
124125;-184629;48717;25324;1;2
105928;-179412;47580;25650;1;2
126569;-182404;48870;25463;1;2
105271;-189082;47539;25046;8;2
126385;-182430;48859;25462;4;2
110015;-191218;47835;24912;8;2
120528;-180920;48493;25556;2;2
105263;-164164;47538;26603;1;2
127097;-178179;48903;25727;1;2
122572;-193046;48620;24798;8;2
119564;-183850;48432;25373;2;2
113562;-188230;48057;25099;8;2
102235;-173996;47349;25989;8;2
105457;-185245;47551;25286;2;2
101588;-175027;47309;25924;1;2
105214;-185058;47535;25297;1;2
115271;-185531;48164;25268;1;2
114066;-188421;48089;25087;1;2
115037;-182332;48149;25468;1;2
109740;-195308;47818;24657;1;2
120850;-175395;48513;25901;2;2
111743;-191085;47943;24921;1;2
122415;-168369;48610;26340;4;2
108656;-166463;47751;26460;1;2
113352;-191041;48044;24923;4;2
114195;-165370;48097;26528;4;2
105594;-180793;47559;25564;8;2
99429;-183173;47174;25415;8;2
111299;-179558;47916;25641;4;2
110030;-171909;47836;26119;8;2
121628;-194581;48561;24702;8;2
122203;-186172;48597;25228;2;2
101340;-176475;47293;25834;1;2
110775;-180586;47883;25577;2;2
110989;-184254;47896;25348;8;2
126872;-177903;48889;25745;8;2
109626;-171546;47811;26142;4;2
104588;-182501;47496;25457;1;2
112220;-177427;47973;25774;1;2
113635;-164487;48062;26583;8;2
102424;-178969;47361;25678;2;2
116475;-193890;48239;24745;8;2
107116;-190042;47654;24986;1;2
129440;-178032;49050;25737;1;2
119169;-174936;48408;25930;4;2
107502;-167893;47678;26370;1;2
129323;-167870;49042;26372;2;2
110458;-166879;47863;26434;8;2
110416;-171883;47861;26121;2;2
129904;-168647;49079;26323;1;2
125130;-165152;48780;26542;2;2
112469;-186709;47989;25194;1;2
104750;-181171;47506;25540;1;2
128533;-176758;48993;25816;4;2
117715;-178754;48317;25691;8;2
107339;-196382;47668;24590;8;2
120332;-185498;48480;25270;1;2
105481;-191652;47552;24885;4;2
101608;-165075;47310;26546;2;2
118398;-177429;48359;25774;8;2
104729;-177803;47505;25751;4;2
99485;-176845;47177;25811;4;2
102937;-174818;47393;25937;8;2
114698;-172504;48128;26082;8;2
111750;-171666;47944;26134;1;2
104165;-172928;47470;26056;8;2
113450;-172678;48050;26071;2;2
110848;-173047;47888;26048;4;2
103915;-176514;47454;25831;8;2
114549;-165784;48119;26502;8;2
111914;-192057;47954;24860;8;2
103342;-168404;47418;26338;4;2
129336;-166459;49043;26460;8;2
120264;-173424;48476;26025;2;2
128284;-169421;48977;26275;8;2
107492;-171834;47678;26124;4;2
115869;-168336;48201;26343;1;2
126331;-190890;48855;24933;4;2
119928;-183595;48455;25389;2;2
104301;-185498;47478;25270;4;2
113065;-173650;48026;26010;4;2
130107;-187659;49091;25135;4;2
111258;-183888;47913;25371;2;2
109772;-182811;47820;25438;1;2
127450;-170961;48925;26178;8;2
104220;-180149;47473;25604;1;2
120985;-171304;48521;26157;1;2
127438;-190757;48924;24941;2;2
116435;-189807;48237;25001;8;2
104193;-184907;47472;25307;8;2
109737;-196235;47818;24599;1;2
122922;-173009;48642;26050;2;2
109418;-177379;47798;25777;1;2
108050;-180445;47713;25586;4;2
99346;-174035;47169;25986;2;2
106148;-179795;47594;25626;8;2
113960;-166623;48082;26450;1;2
121836;-181765;48574;25503;4;2
124416;-183518;48736;25394;4;2
98695;-177856;47128;25748;8;2
127422;-169102;48923;26295;8;2
106357;-165040;47607;26549;2;2
112888;-183424;48015;25400;1;2
122465;-182791;48614;25439;8;2
124984;-169524;48771;26268;2;2
117526;-187965;48305;25116;8;2
101404;-182198;47297;25476;1;2
125203;-178415;48785;25713;2;2
122327;-175421;48605;25900;1;2
122192;-186854;48597;25185;1;2
130017;-168479;49086;26334;1;2
127194;-184675;48909;25321;4;2
106518;-194626;47617;24699;2;2
127837;-173470;48949;26022;1;2
125373;-167629;48795;26387;8;2
105332;-173436;47543;26024;4;2
117067;-174393;48276;25964;2;2
130904;-187352;49141;25154;4;2
110607;-184330;47872;25343;1;2
110165;-182353;47845;25466;8;2
103380;-178166;47421;25728;8;2
101861;-165305;47326;26532;4;2
110510;-163846;47866;26623;4;2
113321;-175473;48042;25896;2;2
119178;-181135;48408;25543;1;2
110697;-171728;47878;26131;4;2
101716;-173346;47317;26029;1;2
123678;-179443;48689;25648;8;2
123170;-192277;48658;24846;1;2
128206;-176609;48972;25825;8;2
121459;-169953;48551;26241;1;2
108554;-169325;47744;26281;4;2
114839;-183188;48137;25414;2;2
120229;-174702;48474;25945;8;2
118791;-187292;48384;25158;1;2
117754;-188187;48319;25102;8;2
119349;-169911;48419;26244;8;2
127389;-168046;48921;26361;1;2
106633;-181092;47624;25545;4;2
109323;-185579;47792;25265;2;2
115046;-193761;48150;24753;2;2
130056;-170271;49088;26222;1;2
118568;-183149;48370;25417;8;2
123178;-169419;48658;26275;1;2
98459;-178355;47113;25716;1;2
106497;-190252;47616;24973;1;2
128197;-179881;48972;25621;1;2
105789;-184864;47571;25310;4;2
102133;-179426;47343;25649;1;2
124520;-180593;48742;25576;2;2
101053;-173170;47275;26040;2;2
117974;-170444;48333;26211;2;2
106080;-183080;47590;25421;8;2
121559;-171859;48557;26122;1;2
131053;-167142;49150;26417;4;2
112533;-191763;47993;24878;1;2
115745;-184004;48194;25363;8;2
119865;-183356;48451;25404;8;2
123156;-196436;48657;24586;4;2
102673;-170608;47377;26201;2;2
117689;-184742;48315;25317;8;2
104849;-179299;47513;25657;4;2
125269;-190027;48789;24987;4;2
119533;-180219;48430;25600;8;2
107220;-178192;47661;25727;2;2
113718;-166643;48067;26448;1;2
122428;-185908;48611;25244;8;2
107636;-193771;47687;24753;8;2
122904;-180352;48641;25592;8;2
124828;-180902;48761;25557;1;2
101340;-165249;47293;26535;4;2
107364;-186912;47670;25182;2;2
123731;-172362;48693;26091;8;2
107561;-183369;47682;25403;4;2
110819;-172236;47886;26099;8;2
107363;-193846;47670;24748;1;2
127632;-180586;48937;25577;4;2
103569;-178822;47433;25687;4;2
114220;-194477;48098;24709;8;2
126939;-168002;48893;26363;1;2
99317;-182354;47167;25466;1;2
125709;-191184;48816;24915;8;2
105440;-190782;47550;24940;2;2
109425;-195252;47799;24660;4;2
117324;-186220;48292;25225;4;2
117704;-179183;48316;25665;1;2
115465;-192290;48176;24845;1;2
125213;-189025;48785;25049;2;2
107135;-169444;47655;26273;8;2
105359;-189019;47544;25050;4;2
123757;-192412;48694;24838;4;2
115034;-175840;48149;25874;8;2
120776;-182152;48508;25479;4;2
117023;-189652;48273;25010;2;2
119550;-183304;48431;25407;1;2
113140;-164500;48031;26582;2;2
126073;-190228;48839;24974;8;2
122984;-165694;48646;26508;8;2
130627;-174423;49124;25962;4;2
100995;-167651;47272;26385;1;2
106468;-172485;47614;26083;8;2
116684;-168704;48252;26320;2;2
113074;-181911;48027;25494;1;2
128147;-166934;48969;26430;2;2
106436;-171176;47612;26165;1;2
126786;-175737;48884;25880;2;2
114886;-180797;48140;25564;2;2
103216;-166290;47411;26470;4;2
106681;-182437;47627;25461;2;2
126096;-191221;48841;24912;2;2
108686;-182096;47752;25483;2;2
108724;-187626;47755;25137;8;2
109484;-178610;47802;25700;4;2
105537;-170723;47556;26193;1;2
117026;-173086;48274;26046;4;2
105568;-183139;47558;25417;4;2
106005;-193733;47585;24755;2;2
103305;-181035;47416;25549;4;2
104620;-185454;47498;25273;2;2
107002;-172077;47647;26109;1;2
115816;-190785;48198;24939;4;2
106184;-189974;47596;24990;4;2
107876;-170995;47702;26176;8;2
105332;-173687;47543;26008;2;2
125917;-183948;48829;25367;1;2
101649;-167356;47313;26404;1;2
104823;-165285;47511;26533;8;2
130315;-166656;49104;26448;2;2
114533;-179396;48118;25651;4;2
103426;-171381;47424;26152;2;2
128129;-165989;48968;26489;8;2
127508;-182652;48929;25448;8;2
116158;-189248;48219;25036;8;2
126896;-186963;48891;25178;8;2
121086;-189686;48527;25008;1;2
128550;-168933;48994;26305;4;2
128303;-177513;48978;25769;8;2
118190;-165249;48346;26535;4;2
110078;-182687;47839;25446;4;2
111483;-191429;47927;24899;4;2
103446;-182739;47425;25442;8;2
121152;-166749;48532;26442;8;2
116816;-196076;48261;24609;2;2
101774;-165477;47320;26521;2;2
123486;-173985;48677;25989;2;2
129653;-176301;49063;25845;4;2
104758;-184880;47507;25309;8;2
106082;-192185;47590;24852;2;2
124832;-170397;48762;26214;2;2
122137;-189463;48593;25022;4;2
106671;-184174;47626;25353;1;2
103245;-164949;47412;26554;8;2
118097;-185608;48341;25263;2;2
107408;-173330;47673;26030;1;2
111094;-191339;47903;24905;1;2
117780;-184231;48321;25349;8;2
113032;-164870;48024;26559;1;2
117493;-166996;48303;26426;4;2
108774;-181020;47758;25550;2;2
102901;-167468;47391;26397;8;2
109827;-191714;47824;24881;8;2
125200;-190689;48785;24945;8;2
124910;-192081;48766;24858;8;2
104212;-174112;47473;25982;8;2
127458;-183125;48926;25418;1;2
104335;-170874;47480;26184;4;2
105421;-184190;47548;25352;1;2
128528;-166258;48993;26472;4;2
127257;-191630;48913;24887;2;2
111967;-175689;47957;25883;4;2
106006;-189828;47585;24999;2;2
116421;-164889;48236;26558;4;2
119240;-169136;48412;26293;8;2
127845;-170483;48950;26208;8;2
122426;-170837;48611;26186;2;2
115715;-194526;48192;24706;4;2
101989;-179694;47334;25633;1;2
128733;-168711;49005;26319;1;2
123219;-176446;48661;25836;1;2
101844;-170692;47325;26195;8;2
101106;-184240;47279;25349;2;2
103479;-176464;47427;25835;1;2
117419;-164888;48298;26558;2;2
117211;-188698;48285;25070;8;2
103242;-179623;47412;25637;8;2
129877;-176529;49077;25830;2;2
127009;-178092;48898;25733;2;2
120678;-168027;48502;26362;2;2
103464;-181900;47426;25495;1;2
100990;-172151;47271;26104;8;2
128672;-170696;49002;26195;4;2
112167;-176624;47970;25825;4;2
118026;-187999;48336;25114;8;2
102255;-163965;47350;26616;4;2
121377;-175150;48546;25917;2;2
103025;-174799;47399;25939;4;2
126775;-169486;48883;26271;4;2
108283;-168653;47727;26323;4;2
102183;-165142;47346;26542;8;2
114080;-179613;48090;25638;2;2
111936;-190038;47956;24986;8;2
120687;-179526;48502;25643;1;2
100927;-176318;47267;25844;8;2
117533;-185473;48305;25271;4;2
128640;-186083;49000;25233;2;2
113063;-165072;48026;26547;1;2
119081;-191235;48402;24911;4;2
125635;-164809;48812;26563;4;2
121532;-196445;48555;24586;4;2
114112;-165315;48092;26531;1;2
102999;-170845;47397;26186;8;2
112836;-190763;48012;24941;4;2
114509;-170460;48116;26210;8;2
100888;-166080;47265;26484;2;2
126637;-176264;48874;25847;8;2
124114;-182421;48717;25462;8;2
108229;-190057;47724;24985;1;2
111117;-165303;47904;26532;2;2
121737;-165834;48568;26499;1;2
118779;-164199;48383;26601;4;2
106709;-186281;47629;25221;1;2
106762;-182066;47632;25484;1;2
127581;-167047;48933;26423;2;2
121467;-171428;48551;26149;1;2
103960;-168039;47457;26361;8;2
108659;-164551;47751;26579;1;2
126044;-186584;48837;25202;2;2
126867;-177195;48889;25789;4;2
127223;-166616;48911;26450;4;2
116723;-188451;48255;25085;4;2
117109;-194515;48279;24706;1;2
107326;-187624;47667;25137;4;2
122754;-181525;48632;25518;1;2
118931;-167603;48393;26388;1;2
115569;-191345;48183;24904;2;2
114496;-183971;48116;25365;4;2
105440;-176449;47550;25835;8;2
112928;-175770;48018;25878;2;2
130475;-179912;49114;25619;2;2
100159;-174802;47219;25938;8;2
124591;-180960;48746;25554;4;2
105042;-169096;47525;26295;4;2
105968;-189578;47583;25015;2;2
124795;-187206;48759;25163;2;2
129997;-184334;49084;25343;8;2
127399;-180273;48922;25596;8;2
118764;-181539;48382;25517;1;2
127365;-174171;48920;25978;1;2
121529;-194772;48555;24690;4;2
124162;-168219;48720;26350;8;2
129885;-169109;49077;26294;8;2
127710;-176816;48941;25813;2;2
127801;-169233;48947;26286;2;2
130538;-167309;49118;26407;8;2
114822;-182817;48136;25437;8;2
115374;-173673;48170;26009;2;2
99327;-180423;47167;25587;2;2
118271;-176837;48351;25811;2;2
123299;-175742;48666;25880;4;2
111061;-190794;47901;24939;4;2
102133;-173883;47343;25996;1;2
127181;-165139;48908;26542;2;2
126467;-174574;48864;25953;1;2
113881;-165363;48077;26528;1;2
109297;-174904;47791;25932;8;2
111150;-185309;47906;25282;8;2
112089;-164758;47965;26566;8;2
111642;-178058;47937;25735;2;2
99449;-180250;47175;25598;4;2
112462;-178793;47988;25689;1;2
110620;-165958;47873;26491;1;2
98995;-176590;47147;25827;2;2
129034;-165522;49024;26518;2;2
115365;-179180;48170;25665;2;2
122968;-186009;48645;25238;4;2
129752;-166441;49069;26461;4;2
129581;-178283;49058;25721;8;2
126424;-186125;48861;25231;4;2
102715;-179700;47379;25632;8;2
125320;-190718;48792;24944;8;2
106195;-169614;47597;26263;8;2
103544;-171189;47431;26164;8;2
111912;-163930;47954;26618;8;2
113009;-167068;48023;26422;1;2
100902;-164671;47266;26572;2;2
106369;-194308;47608;24719;8;2
118461;-172635;48363;26074;4;2
120815;-177684;48510;25758;8;2
111555;-185484;47932;25271;4;2
98987;-177321;47146;25781;8;2
128644;-179766;49000;25628;4;2
106000;-168023;47585;26362;1;2
120958;-171122;48519;26168;1;2
120861;-182043;48513;25486;8;2
114670;-193371;48126;24778;4;2
99243;-182179;47162;25477;2;2
120457;-167532;48488;26393;1;2
113475;-175695;48052;25883;1;2
118446;-184538;48362;25330;4;2
127706;-170093;48941;26233;2;2
117534;-164941;48305;26555;1;2
119534;-179774;48430;25628;2;2
111387;-191302;47921;24907;1;2
126791;-174321;48884;25968;4;2
130073;-177278;49089;25784;4;2
128396;-180410;48984;25588;8;2
123072;-180867;48652;25559;1;2
105182;-189343;47533;25030;8;2
119008;-174541;48398;25955;2;2
106719;-186125;47629;25231;4;2
121745;-167305;48569;26407;4;2
119968;-169810;48458;26250;8;2
123347;-169236;48669;26286;8;2
110301;-194876;47853;24684;1;2
131038;-166380;49149;26465;4;2
126722;-185196;48880;25289;8;2
123267;-179315;48664;25656;1;2
125399;-182336;48797;25468;1;2
118073;-174233;48339;25974;1;2
103633;-174973;47437;25928;2;2
115405;-189307;48172;25032;2;2
126540;-165969;48868;26490;2;2
124124;-195492;48717;24645;8;2
118545;-163918;48369;26619;8;2
128993;-170879;49022;26184;1;2
114179;-194241;48096;24723;4;2
112116;-193942;47967;24742;1;2
110603;-182067;47872;25484;8;2
109172;-183758;47783;25379;8;2
130584;-172369;49121;26090;2;2
100743;-178732;47256;25693;4;2
125465;-191075;48801;24921;8;2
109686;-183751;47815;25379;8;2
99575;-183281;47183;25408;8;2
121095;-177319;48528;25781;4;2
118904;-170392;48391;26214;1;2
130341;-174432;49106;25962;2;2
100885;-164595;47265;26576;8;2
107466;-169917;47676;26244;1;2
99405;-177933;47172;25743;8;2
107824;-171165;47699;26166;1;2
99661;-174580;47188;25952;8;2
103708;-172124;47441;26106;8;2
130124;-175916;49092;25869;8;2
107562;-165766;47682;26503;4;2
126345;-188638;48856;25074;4;2
129358;-187237;49044;25161;4;2
126107;-196484;48841;24583;4;2
115055;-186731;48150;25193;8;2
104559;-166400;47494;26464;8;2
128386;-183571;48984;25390;2;2
124545;-175748;48744;25879;4;2
115123;-191774;48155;24878;2;2
130217;-186779;49098;25190;4;2
112288;-175926;47978;25868;4;2
109961;-177876;47832;25746;8;2
112660;-164159;48001;26604;2;2
117656;-173376;48313;26028;2;2
125020;-181940;48773;25492;8;2
112807;-176509;48010;25832;2;2
104735;-187985;47505;25114;2;2
125828;-194175;48824;24728;4;2
116824;-172948;48261;26054;4;2
125011;-192565;48773;24828;8;2
101621;-173712;47311;26007;1;2
118995;-180720;48397;25569;2;2
109388;-192566;47796;24828;4;2
101930;-180245;47330;25598;4;2
107674;-192562;47689;24828;8;2
111754;-189265;47944;25034;1;2
108205;-190885;47722;24933;2;2
101960;-172450;47332;26085;8;2
105509;-191381;47554;24902;8;2
117720;-174515;48317;25956;2;2
121993;-187642;48584;25136;4;2
113139;-193415;48031;24775;1;2
113525;-184006;48055;25363;2;2
124683;-180824;48752;25562;4;2
127977;-165217;48958;26537;1;2
105018;-193800;47523;24751;4;2
105230;-191086;47536;24921;2;2
113244;-181723;48037;25506;4;2
109398;-181740;47797;25505;8;2
124164;-170097;48720;26232;8;2
122394;-176336;48609;25843;2;2
101261;-172364;47288;26091;4;2
104495;-169259;47490;26285;2;2
99869;-181126;47201;25543;4;2
117695;-178745;48315;25692;2;2
115049;-189092;48150;25045;2;2
120647;-170172;48500;26228;4;2
122962;-164853;48645;26560;2;2
104543;-182882;47493;25433;1;2
125095;-166356;48778;26466;1;2
118512;-178922;48367;25681;2;2
111817;-193361;47948;24778;4;2
128115;-173621;48967;26012;8;2
126903;-178457;48891;25710;8;2
99496;-182376;47178;25465;4;2
120805;-177702;48510;25757;4;2
103486;-168056;47427;26360;1;2
111255;-185828;47913;25249;1;2
114412;-181273;48110;25534;4;2
126182;-167458;48846;26397;2;2
121128;-167898;48530;26370;2;2
125565;-186353;48807;25216;4;2
104643;-185767;47500;25253;1;2
120077;-187055;48464;25173;8;2
102106;-177814;47341;25750;1;2
110029;-175911;47836;25869;2;2
126339;-191446;48856;24898;4;2
116032;-187851;48212;25123;8;2
126324;-171749;48855;26129;4;2
120911;-175487;48516;25896;1;2
124583;-171355;48746;26154;4;2
106138;-164630;47593;26574;8;2
128921;-173371;49017;26028;8;2
104861;-178127;47513;25731;2;2
111170;-184969;47908;25303;1;2
121885;-185772;48577;25253;8;2
116881;-175168;48265;25916;1;2
129253;-175006;49038;25926;1;2
120506;-171890;48491;26120;8;2
115538;-184104;48181;25357;2;2
112885;-191848;48015;24873;2;2
119409;-183698;48423;25382;4;2
125738;-193825;48818;24749;8;2
105658;-169548;47563;26267;4;2
119292;-185282;48415;25283;4;2
105208;-166931;47535;26430;4;2
100458;-164970;47238;26553;2;2
124780;-168228;48758;26349;2;2
130339;-179165;49106;25666;4;2
128246;-181469;48975;25522;4;2
127467;-187168;48926;25166;8;2
123568;-184368;48683;25341;8;2
110753;-188414;47882;25088;8;2
105089;-190451;47528;24960;1;2
124051;-184516;48713;25331;8;2
126200;-164781;48847;26565;4;2
100379;-169499;47233;26270;4;2
119704;-180396;48441;25589;8;2
104641;-182215;47500;25475;8;2
117690;-187293;48315;25158;1;2
100355;-176237;47232;25849;8;2
102475;-173647;47364;26011;1;2
112088;-185284;47965;25283;4;2
128857;-167039;49013;26424;4;2
104618;-173887;47498;25996;1;2
108777;-174840;47758;25936;8;2
117353;-193602;48294;24763;4;2
101953;-180420;47332;25587;2;2
125074;-177894;48777;25745;1;2
108219;-169846;47723;26248;1;2
120505;-169442;48491;26273;8;2
116695;-190154;48253;24979;4;2
126753;-189719;48882;25006;2;2
106007;-171352;47585;26154;2;2
118165;-174151;48345;25979;2;2
112534;-182321;47993;25468;2;2
114590;-170842;48121;26186;1;2
113155;-171605;48032;26138;2;2
120879;-179969;48514;25615;1;2
106013;-182921;47585;25431;8;2
109197;-164726;47784;26568;8;2
100001;-176901;47210;25807;4;2
111856;-188396;47951;25089;8;2
102963;-164873;47395;26559;4;2
101552;-168006;47307;26363;8;2
126908;-180224;48891;25600;4;2
122514;-170479;48617;26209;1;2
114200;-174964;48097;25928;4;2
118653;-177652;48375;25760;1;2
105868;-173318;47576;26031;1;2
117056;-167307;48276;26407;4;2
114692;-171857;48128;26122;1;2
126093;-169195;48840;26289;8;2
114454;-180793;48113;25564;4;2
117821;-178512;48323;25707;2;2
103601;-181183;47435;25540;1;2
108848;-186649;47763;25198;8;2
123555;-184999;48682;25301;2;2
105474;-173009;47552;26050;8;2
123923;-189214;48705;25038;4;2
127136;-167384;48906;26402;8;2
107679;-188481;47689;25083;2;2
117537;-188505;48306;25082;2;2
125222;-170809;48786;26188;1;2
109105;-183881;47779;25371;8;2
125136;-187195;48781;25164;8;2
122498;-166381;48616;26465;8;2
113352;-172549;48044;26079;2;2
126353;-186559;48857;25204;2;2
128057;-168152;48963;26354;1;2
112445;-185118;47987;25294;2;2
101607;-183988;47310;25364;1;2
123187;-167611;48659;26388;8;2
103240;-167245;47412;26411;8;2
108363;-166487;47732;26458;1;2
127443;-175202;48925;25913;1;2
122378;-188626;48608;25074;2;2
113560;-192543;48057;24830;8;2
130878;-177834;49139;25749;8;2
109951;-186401;47831;25213;8;2
102034;-165223;47337;26537;1;2
113635;-168289;48062;26345;2;2
110333;-181022;47855;25550;2;2
126111;-169941;48841;26242;8;2
104665;-178825;47501;25687;8;2
126663;-183504;48876;25395;1;2
113957;-185341;48082;25280;1;2
109297;-191568;47791;24891;2;2
101483;-183984;47302;25365;2;2
125073;-184728;48777;25318;4;2
109274;-196224;47789;24600;4;2
113118;-196509;48029;24582;4;2
126157;-177864;48844;25747;1;2
130147;-169793;49094;26251;1;2
126823;-169316;48886;26281;8;2
117902;-189607;48328;25013;2;2
103511;-173548;47429;26017;2;2
111913;-187247;47954;25161;4;2
107786;-186761;47696;25191;4;2
127772;-183971;48945;25365;1;2
125745;-170422;48819;26212;2;2
114245;-187713;48100;25131;4;2
104448;-172990;47488;26052;2;2
126299;-164688;48853;26571;4;2
112399;-188089;47984;25108;4;2
111326;-182901;47917;25432;1;2
99777;-183115;47196;25419;2;2
111502;-194379;47928;24715;8;2
116164;-167966;48220;26366;8;2
121252;-185723;48538;25256;1;2
105056;-194291;47526;24720;8;2
121869;-189322;48576;25031;4;2
113801;-182808;48072;25438;2;2
120673;-174757;48502;25941;1;2
122561;-174218;48620;25975;8;2
104811;-184693;47510;25320;2;2
118246;-179780;48350;25627;2;2
128181;-182874;48971;25434;8;2
105807;-194575;47572;24703;8;2
129802;-174870;49072;25934;2;2
125335;-187080;48793;25171;1;2
112293;-195485;47978;24646;4;2
105792;-185764;47572;25253;1;2
105032;-181143;47524;25542;2;2
119238;-171700;48412;26132;4;2
100705;-167074;47254;26421;4;2
111745;-185246;47944;25286;8;2
106760;-171648;47632;26136;8;2
108150;-168047;47719;26361;4;2
105591;-181329;47559;25530;2;2
125649;-188901;48813;25057;4;2
104702;-181632;47503;25512;8;2
103292;-173553;47415;26016;8;2
114644;-169953;48125;26241;4;2
107203;-183490;47660;25395;2;2
129008;-173200;49023;26039;8;2
113290;-188944;48040;25055;4;2
126623;-174026;48873;25987;2;2
115177;-195356;48158;24654;8;2
111313;-183152;47917;25417;2;2
112502;-188022;47991;25112;2;2
111097;-174327;47903;25968;8;2
118124;-180635;48342;25574;4;2
107065;-186280;47651;25221;1;2
123755;-165003;48694;26551;1;2
123545;-193501;48681;24770;2;2
117671;-190241;48314;24973;8;2
114796;-175662;48134;25885;4;2
118194;-178277;48347;25721;8;2
117238;-172373;48287;26090;2;2
124958;-182601;48769;25451;4;2
114667;-182979;48126;25427;2;2
102345;-178636;47356;25699;4;2
105399;-190069;47547;24984;8;2
122240;-178544;48600;25705;2;2
122861;-191637;48638;24886;4;2
99153;-164977;47157;26552;8;2
125719;-195259;48817;24660;1;2
102812;-177868;47385;25747;1;2
124768;-188387;48758;25089;2;2
99443;-176692;47175;25820;2;2
121702;-165579;48566;26515;8;2
125723;-183295;48817;25408;8;2
101131;-184773;47280;25315;8;2
121719;-170204;48567;26226;4;2
121147;-175667;48531;25884;8;2
115564;-165083;48182;26546;8;2
99826;-184554;47199;25329;2;2
124465;-193894;48739;24745;8;2
124507;-193883;48741;24746;8;2
123165;-179251;48657;25660;1;2
124847;-167755;48762;26379;2;2
105208;-166321;47535;26468;2;2
129669;-192055;49064;24860;2;2
127353;-171058;48919;26172;4;2
104872;-177548;47514;25767;4;2
123971;-167406;48708;26401;4;2
107383;-182727;47671;25443;1;2
128365;-165380;48982;26527;4;2
117005;-170707;48272;26194;4;2
116413;-172616;48235;26075;8;2
129834;-166936;49074;26430;1;2
118481;-191317;48365;24906;1;2
129032;-168810;49024;26313;1;2
108046;-189915;47712;24994;4;2
118637;-173774;48374;26003;2;2
108840;-193509;47762;24769;4;2
99556;-184390;47182;25339;1;2
120062;-169055;48463;26298;4;2
127684;-172721;48940;26068;1;2
99986;-176817;47209;25812;2;2
128750;-166061;49006;26485;4;2
118062;-182688;48338;25446;2;2
104851;-175998;47513;25864;1;2
98988;-176021;47146;25862;2;2
103769;-183505;47445;25394;2;2
124773;-185025;48758;25299;4;2
126826;-182706;48886;25444;8;2
114779;-170710;48133;26194;8;2
112743;-185586;48006;25264;1;2
121494;-184465;48553;25334;2;2
123925;-178629;48705;25699;1;2
100572;-180068;47245;25609;4;2
105582;-170054;47558;26235;4;2
117696;-171141;48316;26167;8;2
120075;-171200;48464;26164;8;2
123353;-166392;48669;26464;8;2
121185;-165425;48534;26524;2;2
125632;-191082;48812;24921;8;2
110209;-164321;47848;26593;4;2
111783;-182091;47946;25483;8;2
115391;-168130;48171;26355;1;2
101585;-185040;47309;25299;8;2
113654;-178341;48063;25717;2;2
126116;-171506;48842;26144;1;2
114040;-167763;48087;26378;2;2
124610;-182394;48748;25464;8;2
123235;-184176;48662;25353;2;2
112385;-172609;47984;26075;1;2
122742;-181933;48631;25493;2;2
126221;-192620;48848;24825;1;2
115326;-169630;48167;26262;8;2
105208;-176729;47535;25818;2;2
110120;-186804;47842;25188;8;2
127481;-165392;48927;26527;8;2
115344;-184979;48169;25302;2;2
127909;-196070;48954;24609;8;2
114081;-178606;48090;25701;8;2
107793;-164256;47697;26598;1;2
123089;-188106;48653;25107;8;2
125613;-189337;48810;25030;2;2
105665;-186864;47564;25185;4;2
124635;-166554;48749;26454;2;2
127868;-183149;48951;25417;4;2
100592;-181376;47247;25528;1;2
124031;-195587;48711;24639;1;2
126865;-184570;48889;25328;1;2
126849;-174329;48888;25968;8;2
123350;-173061;48669;26047;8;2
119279;-177720;48414;25756;2;2
111249;-193661;47913;24760;1;2
101956;-164242;47332;26598;4;2
117515;-181636;48304;25511;4;2
128090;-195732;48965;24630;8;2
117868;-174852;48326;25935;4;2
124869;-165685;48764;26508;2;2
111732;-178514;47943;25706;4;2
120302;-167743;48478;26380;4;2
117069;-180403;48276;25588;1;2
121732;-168620;48568;26325;2;2
123607;-180204;48685;25601;8;2
109562;-187377;47807;25152;1;2
124436;-195053;48737;24673;4;2
115621;-171480;48186;26146;4;2
123904;-172432;48704;26087;8;2
126266;-169552;48851;26267;8;2
126997;-177603;48897;25763;8;2
114108;-178069;48091;25734;1;2
109830;-194002;47824;24738;8;2
117507;-185397;48304;25276;4;2
123531;-189530;48680;25018;2;2
110582;-165860;47871;26497;2;2
124462;-166822;48738;26437;8;2
103286;-183693;47415;25383;4;2
117366;-164487;48295;26583;1;2
100668;-177193;47251;25789;4;2
107952;-164734;47707;26568;1;2
124197;-178778;48722;25690;2;2
122397;-183116;48609;25419;8;2
105172;-192034;47533;24861;4;2
120375;-166779;48483;26440;2;2
107364;-182070;47670;25484;1;2
119799;-175204;48447;25913;4;2
129665;-176276;49064;25846;8;2
100559;-180299;47244;25595;2;2
128143;-175745;48968;25879;8;2
115919;-168549;48204;26329;8;2
106924;-180625;47642;25574;4;2
106152;-166853;47594;26435;1;2
101542;-185320;47306;25281;8;2
105730;-163934;47568;26618;1;2
126372;-165327;48858;26531;1;2
112925;-167310;48017;26407;4;2
101800;-175326;47322;25906;8;2
123544;-193260;48681;24785;4;2
127010;-178450;48898;25710;2;2
106866;-189610;47639;25013;1;2
105255;-180143;47538;25605;1;2
102720;-177881;47380;25746;8;2
105610;-176786;47560;25814;2;2
108132;-180359;47718;25591;1;2
130294;-176452;49103;25835;8;2
124042;-186546;48712;25204;4;2
108997;-193007;47772;24801;8;2
127290;-190525;48915;24956;1;2
127114;-178893;48904;25683;1;2
124319;-183118;48729;25419;2;2
117409;-192445;48298;24836;4;2
103170;-184756;47408;25316;8;2
127632;-174031;48937;25987;1;2
118603;-184059;48372;25360;4;2
114796;-180468;48134;25584;1;2
101271;-179207;47289;25663;1;2
104626;-187762;47499;25128;1;2
106333;-185216;47605;25288;4;2
128607;-172003;48997;26113;8;2
109813;-189741;47823;25005;8;2
113346;-178086;48044;25733;4;2
130556;-187606;49119;25138;8;2
128110;-168846;48966;26311;8;2
111834;-195031;47949;24674;2;2
121353;-179830;48544;25624;8;2
125745;-165657;48819;26510;2;2
122029;-185188;48586;25289;4;2
121133;-196118;48530;24606;4;2
113774;-166870;48070;26434;4;2
101778;-179373;47321;25653;1;2
118719;-164349;48379;26592;8;2
120478;-173624;48489;26012;2;2
114181;-189427;48096;25024;4;2
106152;-180548;47594;25579;4;2
100040;-163895;47212;26620;2;2
125778;-187020;48821;25175;1;2
107251;-191234;47663;24911;8;2
127053;-181966;48900;25491;1;2
114954;-171117;48144;26169;4;2
109937;-178068;47831;25734;4;2
106566;-179895;47620;25620;1;2
122155;-173807;48594;26001;2;2
115153;-167556;48157;26391;2;2
100184;-175821;47221;25875;2;2
103924;-169943;47455;26242;2;2
103786;-182761;47446;25441;8;2
124567;-169665;48745;26259;4;2
106084;-174407;47590;25963;1;2
119184;-175751;48409;25879;2;2
120453;-170743;48488;26192;2;2
117522;-194025;48305;24737;2;2
127195;-189994;48909;24989;1;2
105887;-187007;47577;25176;1;2
125888;-171152;48828;26167;2;2
114134;-185749;48093;25254;1;2
102028;-166808;47336;26438;1;2
112578;-183378;47996;25402;1;2
121712;-174191;48567;25977;8;2
112600;-183570;47997;25390;1;2
126714;-189380;48879;25027;4;2
115694;-170009;48190;26238;8;2
111508;-185550;47929;25267;8;2
127209;-177190;48910;25789;1;2
127308;-185910;48916;25244;1;2
101139;-175721;47281;25881;4;2
128322;-173397;48980;26026;2;2
118077;-167652;48339;26385;4;2
106627;-188023;47624;25112;4;2
108502;-169871;47741;26247;8;2
104411;-178584;47485;25702;2;2
118265;-191260;48351;24910;2;2
99960;-174041;47207;25986;8;2
98843;-177673;47137;25759;1;2
122060;-166547;48588;26454;8;2
127856;-168783;48951;26315;8;2
109951;-186858;47831;25185;4;2
120529;-171307;48493;26157;8;2
130814;-174924;49135;25931;2;2
113852;-178691;48075;25695;1;2
126108;-171190;48841;26164;2;2
111077;-165844;47902;26498;8;2
104661;-190746;47501;24942;8;2
104866;-186551;47514;25204;4;2
105258;-174309;47538;25969;8;2
119769;-180019;48445;25612;1;2
105317;-193796;47542;24751;2;2
107568;-190471;47683;24959;4;2
125128;-182700;48780;25445;4;2
101270;-175079;47289;25921;1;2
108275;-165887;47727;26496;1;2
130373;-193764;49108;24753;4;2
108712;-193763;47754;24753;2;2
129150;-173016;49031;26050;8;2
109958;-179430;47832;25649;8;2
102841;-167891;47387;26370;1;2
115347;-191067;48169;24922;4;2
128541;-167021;48993;26425;2;2
118147;-190302;48344;24970;4;2
105528;-176288;47555;25846;8;2
126349;-167423;48856;26400;4;2
115817;-177212;48198;25788;8;2
108335;-165306;47730;26532;2;2
117183;-184109;48283;25357;2;2
124398;-195730;48734;24630;4;2
119250;-166390;48413;26464;2;2
127495;-170946;48928;26179;8;2
115880;-187682;48202;25133;2;2
110117;-172392;47842;26089;1;2
105915;-190727;47579;24943;2;2
125948;-164266;48831;26597;1;2
121554;-176886;48557;25808;2;2
123342;-183179;48668;25415;2;2
111886;-177792;47952;25752;2;2
119850;-172456;48450;26085;4;2
106492;-185634;47615;25261;1;2
106922;-176926;47642;25806;1;2
129924;-167364;49080;26403;4;2
114942;-191896;48143;24870;1;2
104595;-182812;47497;25438;2;2
114210;-186199;48098;25226;8;2
125323;-165370;48792;26528;4;2
112308;-194439;47979;24711;2;2
130248;-165280;49100;26534;4;2
101771;-168005;47320;26363;1;2
120274;-173861;48477;25997;4;2
120875;-169284;48514;26283;1;2
113421;-173085;48048;26046;2;2
110263;-193605;47851;24763;1;2
109891;-192311;47828;24844;4;2
111462;-184549;47926;25329;8;2
104857;-189621;47513;25012;8;2
110308;-185843;47854;25248;8;2
113402;-186849;48047;25185;4;2
128816;-166586;49011;26452;8;2
127582;-174494;48933;25958;2;2
109524;-183865;47805;25372;2;2
113837;-194368;48074;24716;8;2
126013;-195595;48835;24639;8;2
105065;-165042;47526;26548;1;2
117475;-185835;48302;25249;8;2
105507;-169226;47554;26287;8;2
114406;-185120;48110;25294;1;2
104119;-173924;47467;25993;1;2
110752;-180241;47882;25598;1;2
128336;-178087;48981;25733;4;2
119959;-172395;48457;26089;4;2
115451;-189392;48175;25027;1;2
122273;-188364;48602;25091;1;2
110459;-182440;47863;25461;1;2
108925;-181811;47767;25500;4;2
114621;-186497;48123;25207;8;2
129188;-190588;49034;24952;1;2
119460;-173549;48426;26017;2;2
104134;-167742;47468;26380;8;2
101950;-173950;47331;25992;1;2
129934;-172433;49080;26086;4;2
102602;-174587;47372;25952;2;2
118987;-166142;48396;26480;2;2
126168;-178353;48845;25716;2;2
114502;-191545;48116;24892;1;2
112580;-190223;47996;24975;1;2
110027;-185388;47836;25277;8;2
127827;-182518;48949;25456;2;2
102540;-180762;47368;25566;8;2
119789;-179009;48446;25675;8;2
109427;-189572;47799;25015;8;2
106726;-163853;47630;26623;8;2
119769;-170914;48445;26181;2;2
120473;-186213;48489;25225;2;2
103103;-183360;47403;25404;8;2
109658;-175790;47813;25877;8;2
116460;-171598;48238;26139;4;2
113083;-183058;48027;25422;8;2
124844;-194385;48762;24714;2;2
115097;-194757;48153;24691;4;2
113402;-188199;48047;25101;1;2
120682;-176481;48502;25833;1;2
121884;-171879;48577;26121;8;2
105802;-188256;47572;25098;2;2
109552;-178664;47807;25697;4;2
107906;-168014;47704;26363;1;2
107474;-186258;47677;25222;4;2
116784;-187322;48259;25156;2;2
123901;-186673;48703;25196;1;2
102816;-184365;47386;25341;1;2
128750;-173014;49006;26050;4;2
127032;-176775;48899;25815;2;2
122776;-177858;48633;25747;1;2
120899;-172776;48516;26065;2;2
125696;-179457;48816;25647;2;2
119255;-164304;48413;26595;8;2
115257;-164999;48163;26551;8;2
102028;-170608;47336;26201;2;2
109924;-192459;47830;24835;8;2
100971;-185979;47270;25240;2;2
111315;-165867;47917;26497;4;2
114544;-179401;48119;25651;2;2
120996;-180597;48522;25576;2;2
99337;-181329;47168;25530;1;2
118340;-176753;48356;25816;4;2
110742;-183581;47881;25390;1;2
125591;-184495;48809;25333;8;2
99475;-180706;47177;25569;2;2
109024;-181906;47774;25494;8;2
129890;-175945;49078;25867;2;2
114779;-196492;48133;24583;1;2
123799;-176933;48697;25805;8;2
113389;-177414;48046;25775;8;2
105879;-189389;47577;25027;8;2
119036;-175642;48399;25886;2;2
118794;-165640;48384;26511;2;2
107679;-180061;47689;25610;1;2
115875;-189746;48202;25004;2;2
110629;-166174;47874;26478;4;2
129499;-172989;49053;26052;2;2
120127;-179851;48467;25623;2;2
123849;-169245;48700;26286;8;2
120414;-169468;48485;26272;2;2
110044;-174444;47837;25961;1;2
127794;-187175;48947;25165;2;2
108660;-186283;47751;25221;8;2
123026;-184933;48649;25305;2;2
105035;-189464;47524;25022;4;2
110890;-187117;47890;25169;4;2
121040;-189455;48525;25023;1;2
119449;-178990;48425;25677;2;2
128722;-175269;49005;25909;8;2
104378;-166999;47483;26426;1;2
118106;-177582;48341;25765;1;2
101443;-184580;47300;25327;1;2
102431;-184128;47361;25356;2;2
110528;-186106;47868;25232;8;2
122446;-183499;48612;25395;1;2
124138;-170894;48718;26183;8;2
106929;-180906;47643;25557;2;2
118732;-176887;48380;25808;8;2
125293;-175384;48790;25902;2;2
122885;-182939;48640;25430;1;2
122310;-170451;48604;26210;4;2
104659;-182570;47501;25453;4;2
108949;-190657;47769;24947;1;2
109156;-180460;47782;25585;4;2
100499;-166912;47241;26432;4;2
107137;-192117;47656;24856;2;2
123839;-189339;48699;25030;8;2
105415;-186964;47548;25178;2;2
118063;-178657;48338;25697;2;2
119912;-172544;48454;26080;1;2
117797;-174642;48322;25948;4;2
111740;-178988;47943;25677;2;2
117196;-170074;48284;26234;8;2
126170;-177277;48845;25784;8;2
128990;-181270;49021;25534;2;2
121203;-168171;48535;26353;1;2
110609;-177619;47873;25762;1;2
107654;-190603;47688;24951;4;2
106475;-187143;47614;25167;1;2
107835;-181985;47699;25489;8;2
125815;-191428;48823;24899;8;2
108608;-196210;47748;24600;2;2
117562;-169121;48307;26293;4;2
128740;-181514;49006;25519;8;2
109134;-196096;47780;24608;8;2
100260;-185887;47226;25246;8;2
107295;-168147;47665;26354;8;2
117023;-183754;48273;25379;1;2
100751;-171287;47256;26158;8;2
123813;-164855;48698;26560;4;2
111324;-190725;47917;24943;8;2
122930;-167586;48643;26389;1;2
100999;-165651;47272;26510;8;2
107364;-169056;47670;26298;2;2
126617;-182028;48873;25487;8;2
123729;-166505;48693;26457;4;2
124703;-165868;48753;26497;2;2
105812;-195328;47573;24656;4;2
110601;-192603;47872;24826;2;2
106177;-181341;47596;25530;2;2
101621;-167553;47311;26391;4;2
126368;-178370;48858;25715;4;2
124760;-170914;48757;26181;2;2
127654;-167157;48938;26416;2;2
125895;-185739;48828;25255;2;2
126237;-186365;48849;25216;1;2
100142;-176780;47218;25815;4;2
109576;-192198;47808;24851;1;2
99358;-183630;47169;25387;4;2
123036;-175432;48649;25899;4;2
117366;-167757;48295;26379;4;2
108114;-186372;47717;25215;2;2
111344;-195771;47919;24628;4;2
116013;-164653;48210;26573;1;2
124548;-171695;48744;26133;2;2
108203;-188966;47722;25053;8;2
118720;-170602;48380;26201;4;2
107378;-181828;47671;25499;8;2
117618;-191700;48311;24882;1;2
115194;-182496;48159;25458;1;2
106382;-185391;47608;25277;8;2
120126;-190796;48467;24939;4;2
118891;-166407;48390;26463;4;2
102217;-169642;47348;26261;2;2
108289;-194042;47728;24736;4;2
126652;-170836;48875;26186;4;2
112040;-186142;47962;25230;4;2
105128;-173651;47530;26010;8;2
108540;-191836;47743;24874;1;2
118656;-175307;48376;25907;1;2
121419;-169791;48548;26252;2;2
115459;-188335;48176;25093;1;2
114232;-166356;48099;26466;2;2
99140;-172742;47156;26067;1;2
126756;-170843;48882;26186;1;2
130365;-164680;49107;26571;1;2
105361;-169768;47545;26253;2;2
123891;-179866;48703;25622;4;2
100212;-185475;47223;25271;4;2
108487;-176045;47740;25861;8;2
129429;-186420;49049;25212;2;2
119019;-169189;48398;26289;2;2
112890;-168156;48015;26354;4;2
106382;-180026;47608;25612;8;2
121795;-172719;48572;26069;2;2
114978;-165728;48146;26506;4;2
106894;-165481;47640;26521;4;2
100942;-173656;47268;26010;8;2
112483;-163859;47990;26622;8;2
113473;-194619;48052;24700;1;2
129376;-178309;49046;25719;2;2
109614;-187709;47810;25132;1;2
111318;-165592;47917;26514;8;2
112862;-183509;48013;25394;8;2
99161;-173923;47157;25993;4;2
118927;-175157;48392;25916;8;2
106223;-177245;47598;25786;1;2
123420;-163873;48673;26621;2;2
121431;-176505;48549;25832;2;2
123864;-166723;48701;26443;4;2
111866;-189243;47951;25036;1;2
105867;-174544;47576;25955;8;2
129872;-178420;49077;25712;8;2
112378;-182406;47983;25463;2;2
110351;-164603;47856;26576;4;2
104428;-166006;47486;26488;1;2
104332;-179961;47480;25616;1;2
105833;-187692;47574;25133;2;2
102573;-178697;47370;25695;4;2
121733;-174338;48568;25967;8;2
108284;-191051;47727;24923;4;2
116694;-193160;48253;24791;8;2
100939;-170663;47268;26197;4;2
118586;-180734;48371;25568;4;2
115989;-194182;48209;24727;2;2
108516;-195146;47742;24667;2;2
109646;-172033;47812;26111;4;2
117661;-191421;48313;24900;4;2
101328;-179940;47293;25617;2;2
126174;-190950;48845;24929;4;2
103823;-165321;47448;26531;4;2
118610;-188275;48373;25096;2;2
117634;-187820;48312;25125;4;2
119163;-188953;48407;25054;8;2
120832;-174998;48512;25926;1;2
105514;-191914;47554;24869;2;2
116338;-189235;48231;25036;2;2
109468;-186535;47801;25205;8;2
108836;-186638;47762;25199;1;2
117833;-184290;48324;25345;1;2
106473;-195335;47614;24655;2;2
112794;-165095;48009;26545;2;2
122634;-166184;48624;26477;8;2
103871;-170387;47451;26214;8;2
108396;-179191;47734;25664;4;2
100797;-172109;47259;26107;2;2
117693;-174426;48315;25962;4;2
117355;-186472;48294;25209;2;2
111338;-186088;47918;25233;8;2
113085;-195113;48027;24669;1;2
106711;-171387;47629;26152;2;2
102595;-166110;47372;26482;2;2
99057;-174063;47151;25985;4;2
112271;-175512;47976;25894;8;2
108866;-179575;47764;25640;1;2
100780;-185550;47258;25267;2;2
104701;-183587;47503;25389;1;2
122680;-181638;48627;25511;8;2
126802;-186632;48885;25199;8;2
110702;-175651;47878;25885;4;2
99438;-180804;47174;25563;4;2
106485;-180798;47615;25564;2;2
98970;-176853;47145;25810;1;2
116742;-173704;48256;26007;1;2
127681;-187559;48940;25141;2;2
107364;-196541;47670;24580;2;2
110328;-187378;47855;25152;1;2
113524;-166237;48055;26474;1;2
115978;-166201;48208;26476;2;2
108260;-165906;47726;26494;8;2
118325;-190082;48355;24983;1;2
101981;-166236;47333;26474;1;2
128895;-174775;49015;25940;1;2
125151;-188120;48781;25106;8;2
130314;-185999;49104;25239;8;2
111359;-174770;47919;25940;1;2
129966;-173187;49082;26039;1;2
108678;-186026;47752;25237;2;2
101357;-166074;47294;26484;1;2
111010;-175419;47898;25900;2;2
106267;-170590;47601;26202;8;2
104791;-190855;47509;24935;8;2
105203;-164762;47535;26566;4;2
116072;-166506;48214;26457;2;2
129956;-173388;49082;26027;8;2
124835;-184482;48762;25333;1;2
105408;-177664;47548;25760;2;2
103202;-176023;47410;25862;2;2
114985;-171606;48146;26138;4;2
117361;-163966;48295;26616;8;2
120539;-183415;48493;25400;4;2
121547;-183164;48556;25416;1;2
110626;-193656;47874;24760;8;2
118143;-177140;48343;25792;4;2
104603;-180508;47497;25582;8;2
123413;-186014;48673;25238;1;2
119675;-173219;48439;26037;4;2
118575;-179422;48370;25650;4;2
126071;-184426;48839;25337;2;2
106557;-176707;47619;25819;8;2
123125;-184686;48655;25321;4;2
112829;-194633;48011;24699;4;2
102833;-164185;47387;26602;8;2
108906;-164325;47766;26593;2;2
106104;-182279;47591;25471;8;2
111448;-186557;47925;25204;4;2
104567;-178700;47495;25695;1;2
114298;-183508;48103;25394;2;2
126514;-185558;48867;25266;2;2
120683;-190967;48502;24928;1;2
104949;-172010;47519;26113;4;2
122566;-168219;48620;26350;4;2
104610;-169577;47498;26265;1;2
127876;-180898;48952;25557;4;2
123463;-183656;48676;25385;2;2
123087;-172420;48652;26087;2;2
110093;-172505;47840;26082;2;2
123541;-170471;48681;26209;8;2
108912;-191786;47767;24877;1;2
109489;-164743;47803;26567;4;2
119194;-167645;48409;26386;4;2
126382;-165262;48858;26535;4;2
115897;-188312;48203;25094;8;2
115651;-193795;48188;24751;2;2
106868;-190252;47639;24973;4;2
109929;-179013;47830;25675;4;2
100183;-178146;47221;25729;8;2
102051;-169013;47338;26300;4;2
113937;-169364;48081;26278;8;2
108131;-181901;47718;25495;1;2
102455;-173589;47363;26014;4;2
130739;-174463;49131;25960;4;2
119823;-178730;48448;25693;8;2
110688;-191756;47878;24879;2;2
109740;-189417;47818;25025;8;2
99699;-182603;47191;25451;1;2
123271;-194678;48664;24696;1;2
114588;-186251;48121;25223;8;2
127316;-183669;48917;25384;4;2
121413;-163888;48548;26621;2;2
104531;-164549;47493;26579;2;2
122799;-183852;48634;25373;8;2
128757;-183711;49007;25382;4;2
126879;-169521;48889;26268;1;2
130347;-184691;49106;25320;2;2
117884;-170088;48327;26233;4;2
100117;-183978;47217;25365;1;2
98703;-164073;47128;26609;1;2
107817;-194220;47698;24725;8;2
114787;-172708;48134;26069;4;2
128156;-165422;48969;26525;1;2
121962;-174145;48582;25979;4;2
130984;-176390;49146;25839;4;2
101168;-180260;47283;25597;2;2
111297;-181473;47916;25521;2;2
107004;-190662;47647;24947;8;2
100238;-184737;47224;25317;4;2
115355;-189912;48169;24994;8;2
102871;-164261;47389;26597;8;2
104359;-169749;47482;26254;2;2
128965;-168425;49020;26337;8;2
127166;-171003;48907;26176;4;2
99486;-176386;47177;25839;2;2
110735;-175853;47880;25873;2;2
120602;-169557;48497;26266;1;2
128275;-167371;48977;26403;8;2
109046;-188853;47775;25060;8;2
105188;-170068;47534;26234;8;2
107747;-190197;47694;24976;4;2
109136;-183218;47781;25412;8;2
112165;-184935;47970;25305;4;2
117064;-167359;48276;26404;8;2
104698;-173793;47503;26001;4;2
104794;-188612;47509;25075;2;2
107067;-168527;47651;26331;1;2
117536;-185943;48306;25242;8;2
122007;-179359;48585;25654;8;2
119658;-173518;48438;26019;8;2
120731;-183090;48505;25420;4;2
115252;-192262;48163;24847;4;2
101144;-176846;47281;25811;8;2
124764;-185299;48757;25282;4;2
118643;-171798;48375;26126;8;2
124900;-185504;48766;25270;4;2
100802;-185484;47260;25271;1;2
116197;-194912;48222;24682;1;2
118568;-173616;48370;26013;1;2
110133;-195181;47843;24665;8;2
120932;-179477;48518;25646;8;2
122574;-166073;48620;26484;4;2
115990;-189685;48209;25008;1;2
120521;-171668;48492;26134;1;2
120074;-170074;48464;26234;2;2
110419;-181154;47861;25541;2;2
127094;-187192;48903;25164;8;2
111650;-174519;47938;25956;8;2
115313;-167809;48167;26375;2;2
100062;-176671;47213;25822;8;2
106884;-171724;47640;26131;2;2
115356;-179296;48169;25658;4;2
129598;-176270;49059;25847;1;2
121205;-189219;48535;25037;2;2
117614;-178456;48310;25710;4;2
110151;-175169;47844;25915;1;2
101992;-169930;47334;26243;2;2
104234;-174755;47474;25941;4;2
109766;-184742;47820;25317;2;2
99883;-173460;47202;26022;1;2
127997;-176026;48959;25862;8;2
109432;-181658;47799;25510;8;2
99523;-172749;47180;26067;1;2
110443;-184669;47862;25322;4;2
108560;-195972;47745;24615;1;2
111756;-195404;47944;24651;1;2
108498;-180249;47741;25598;2;2
128782;-174635;49008;25949;8;2
105993;-174834;47584;25936;4;2
121885;-190098;48577;24982;4;2
125253;-191791;48788;24877;1;2
115165;-177659;48157;25760;8;2
114487;-163981;48115;26615;1;2
110794;-186407;47884;25213;2;2
123173;-188933;48658;25055;1;2
119354;-166265;48419;26472;4;2
112749;-171654;48006;26135;4;2
123371;-178791;48670;25689;8;2
122952;-170335;48644;26218;1;2
125853;-179266;48825;25659;4;2
128301;-176456;48978;25835;8;2
125375;-183969;48795;25365;4;2
112079;-184120;47964;25356;8;2
121946;-185271;48581;25284;4;2
104556;-172450;47494;26085;4;2
110038;-187143;47837;25167;2;2
118799;-192343;48384;24842;2;2
108335;-180531;47730;25580;8;2
111862;-191697;47951;24882;4;2
118401;-190079;48360;24984;2;2
120930;-176139;48518;25855;1;2
102433;-171540;47362;26142;4;2
101460;-175352;47301;25904;4;2
105689;-176250;47565;25848;8;2
105065;-186201;47526;25226;4;2
114114;-170653;48092;26198;2;2
116380;-164296;48233;26595;4;2
104671;-184226;47501;25349;1;2
117952;-191011;48332;24925;2;2
117437;-165953;48299;26491;2;2
122771;-184962;48633;25303;1;2
101388;-180308;47296;25594;2;2
126807;-165701;48885;26507;8;2
115864;-166684;48201;26446;8;2
127638;-177979;48937;25740;8;2
125735;-165207;48818;26538;4;2
112459;-175973;47988;25865;1;2
129187;-170449;49034;26210;2;2
112087;-175993;47965;25864;4;2
125082;-166013;48777;26488;4;2
120400;-173011;48485;26050;2;2
102271;-182088;47351;25483;8;2
122600;-172510;48622;26082;4;2
100175;-176627;47220;25824;8;2
102211;-179601;47348;25638;8;2
117173;-167985;48283;26364;4;2
108731;-184224;47755;25350;4;2
129294;-176629;49040;25824;1;2
122089;-188434;48590;25086;1;2
120831;-173455;48511;26023;2;2
102377;-168109;47358;26357;1;2
117790;-192024;48321;24862;1;2
125579;-190927;48808;24931;8;2
106654;-180302;47625;25595;2;2
126405;-166035;48860;26486;4;2
114324;-196445;48105;24586;1;2
128360;-165235;48982;26536;2;2
113173;-172146;48033;26104;4;2
110373;-172811;47858;26063;8;2
102719;-164587;47379;26577;1;2
115264;-193709;48164;24757;8;2
106447;-168688;47612;26321;1;2
124850;-182082;48763;25483;1;2
113345;-181214;48044;25538;8;2
105062;-170461;47526;26210;2;2
128642;-173873;49000;25996;8;2
120497;-169681;48491;26258;4;2
122758;-180204;48632;25601;2;2
102321;-165493;47355;26520;1;2
124179;-168301;48721;26345;1;2
127408;-171178;48923;26165;2;2
118889;-191329;48390;24905;1;2
111066;-180547;47901;25579;2;2
130774;-187627;49133;25137;4;2
115634;-180716;48187;25569;1;2
123827;-168481;48699;26333;2;2
108937;-186119;47768;25231;4;2
118578;-184172;48371;25353;2;2
106206;-187580;47597;25140;4;2
127857;-168956;48951;26304;8;2
129348;-170762;49044;26191;2;2
102196;-176785;47347;25814;2;2
117225;-171062;48286;26172;4;2
123986;-185270;48709;25284;1;2
104982;-179418;47521;25650;8;2
110729;-190989;47880;24927;2;2
128842;-185813;49012;25250;8;2
116043;-170457;48212;26210;1;2
116838;-165919;48262;26494;8;2
108559;-186296;47744;25220;2;2
111063;-174650;47901;25948;2;2
109500;-177569;47803;25765;8;2
101709;-165286;47316;26533;4;2
102403;-169996;47360;26239;2;2
121568;-172823;48558;26062;2;2
116077;-193998;48214;24739;1;2
105201;-188913;47535;25056;4;2
129085;-175092;49027;25920;8;2
105886;-176083;47577;25858;1;2
128639;-175505;48999;25894;1;2
113574;-164032;48058;26612;4;2
114711;-167513;48129;26394;4;2
117310;-170169;48291;26228;1;2
115014;-186345;48148;25217;2;2
106422;-180439;47611;25586;4;2
102622;-165793;47373;26501;1;2
128013;-165920;48960;26494;2;2
110870;-195897;47889;24620;4;2
120331;-191056;48480;24923;2;2
103237;-165223;47412;26537;8;2
104283;-166932;47477;26430;2;2
105127;-186265;47530;25222;2;2
116139;-176412;48218;25838;2;2
122451;-173361;48613;26028;4;2
105789;-188495;47571;25083;4;2
118628;-178961;48374;25678;8;2
114963;-180557;48145;25579;4;2
126548;-165546;48869;26517;8;2
114564;-166291;48120;26470;2;2
110310;-191805;47854;24876;4;2
124193;-168786;48722;26314;8;2
116377;-168807;48233;26313;2;2
104180;-172554;47471;26079;1;2
111428;-191078;47924;24921;4;2
107501;-186069;47678;25234;2;2
126524;-164923;48867;26556;8;2
105486;-167483;47552;26396;8;2
110057;-175934;47838;25868;4;2
109953;-183183;47832;25415;4;2
103228;-173331;47411;26030;1;2
115094;-183734;48153;25380;2;2
117784;-164610;48321;26575;8;2
111999;-178981;47959;25677;8;2
106040;-168535;47587;26330;2;2
110134;-174671;47843;25947;2;2
99364;-178865;47170;25684;4;2
127904;-174545;48954;25954;4;2
124659;-182327;48751;25468;2;2
105629;-193414;47561;24775;1;2
99582;-175036;47183;25924;4;2
100391;-167489;47234;26395;1;2
115328;-193914;48168;24744;2;2
117716;-184346;48317;25342;1;2
118119;-165487;48342;26521;4;2
114965;-168174;48145;26353;4;2
100665;-182136;47251;25480;8;2
105093;-164117;47528;26606;4;2
114254;-165351;48100;26529;8;2
101297;-165565;47291;26516;2;2
114521;-188370;48117;25090;8;2
125723;-182676;48817;25446;2;2
102486;-164596;47365;26576;2;2
129268;-180133;49039;25605;2;2
123538;-167371;48681;26403;4;2
126125;-190860;48842;24935;2;2
129090;-174680;49028;25946;1;2
116285;-176006;48227;25863;4;2
120478;-177315;48489;25781;8;2
124748;-186016;48756;25238;4;2
126972;-187537;48895;25142;2;2
125849;-168617;48825;26325;4;2
102540;-171653;47368;26135;1;2
103887;-167490;47452;26395;1;2
109652;-177989;47813;25739;8;2
101631;-172558;47311;26079;4;2
120991;-165634;48521;26511;1;2
114474;-183161;48114;25416;1;2
123259;-188141;48663;25105;8;2
118485;-191536;48365;24893;1;2
120297;-175638;48478;25886;1;2
119842;-181119;48450;25544;4;2
117650;-176321;48313;25843;4;2
124070;-184662;48714;25322;8;2
103214;-165440;47410;26524;4;2
107145;-164071;47656;26609;1;2
109665;-187361;47814;25153;8;2
114601;-180819;48122;25562;4;2
117409;-190429;48298;24962;4;2
116593;-185455;48247;25273;2;2
101603;-174780;47310;25940;8;2
123451;-165505;48675;26519;2;2
105304;-181025;47541;25549;2;2
123260;-182992;48663;25427;8;2
114563;-189236;48120;25036;8;2
103405;-165174;47422;26540;2;2
113788;-181676;48071;25509;4;2
109596;-191391;47809;24902;1;2
115447;-168832;48175;26312;1;2
118884;-172622;48390;26075;8;2
127607;-167177;48935;26415;1;2
126032;-167130;48837;26418;4;2
102409;-177693;47360;25758;2;2
106305;-181295;47604;25533;8;2
130538;-172454;49118;26085;1;2
101743;-181155;47318;25541;4;2
117660;-191201;48313;24913;8;2
106829;-194280;47636;24721;8;2
102127;-171770;47342;26128;2;2
107957;-179829;47707;25624;4;2
118278;-183311;48352;25407;1;2
126636;-191778;48874;24877;8;2
117113;-167554;48279;26391;1;2
121972;-172246;48583;26098;8;2
116262;-171085;48226;26171;4;2
127685;-187246;48940;25161;4;2
102758;-168130;47382;26355;8;2
104643;-174712;47500;25944;8;2
123666;-189395;48689;25026;2;2
102294;-179600;47353;25639;1;2
124906;-165769;48766;26503;2;2
129664;-193455;49064;24773;4;2
109510;-176623;47804;25825;8;2
126509;-168462;48866;26335;4;2
122133;-168787;48593;26314;2;2
118815;-179617;48385;25637;2;2
101500;-174125;47303;25981;8;2
115350;-171176;48169;26165;1;2
130492;-187235;49115;25161;4;2
107359;-183239;47669;25411;4;2
109422;-164835;47798;26561;8;2
104883;-184076;47515;25359;1;2
117184;-187359;48284;25154;8;2
108202;-187697;47722;25132;2;2
115559;-185853;48182;25248;1;2
104653;-189873;47500;24996;8;2
116807;-190814;48260;24938;8;2
123898;-167913;48703;26369;1;2
114286;-183681;48102;25383;4;2
129096;-177828;49028;25749;1;2
114047;-183787;48087;25377;4;2
117927;-191309;48330;24907;2;2
114771;-195552;48133;24642;2;2
123593;-173435;48684;26024;4;2
121881;-182877;48577;25434;4;2
125987;-186985;48834;25177;2;2
107312;-178215;47667;25725;1;2
123817;-179596;48698;25639;4;2
113991;-195998;48084;24614;1;2
108138;-187818;47718;25125;2;2
106950;-195062;47644;24672;4;2
126143;-168321;48843;26343;8;2
108736;-190292;47756;24970;1;2
103928;-184210;47455;25350;4;2
107850;-179234;47700;25661;8;2
120187;-184635;48471;25324;8;2
111493;-195579;47928;24640;2;2
123366;-183016;48670;25425;2;2
129027;-181316;49024;25531;8;2
110467;-178202;47864;25726;2;2
125454;-192409;48800;24838;4;2
100164;-168623;47220;26325;8;2
118638;-177786;48374;25752;1;2
113570;-184740;48058;25317;2;2
110561;-164977;47870;26552;4;2
116983;-178239;48271;25724;4;2
127553;-178179;48932;25727;2;2
128692;-176170;49003;25853;2;2
121476;-164478;48552;26584;8;2
120291;-176151;48478;25854;1;2
123727;-189448;48692;25023;8;2
122021;-184070;48586;25359;4;2
112895;-166396;48015;26464;1;2
113326;-194284;48042;24721;8;2
122050;-174281;48588;25971;8;2
113065;-171582;48026;26140;4;2
99632;-166638;47187;26449;1;2
116297;-168507;48228;26332;4;2
99323;-182775;47167;25440;1;2
118513;-169067;48367;26297;2;2
101675;-166792;47314;26439;2;2
104884;-174305;47515;25969;1;2
126061;-164997;48838;26551;1;2
125795;-182529;48822;25455;4;2
117743;-169830;48318;26249;1;2
125962;-186195;48832;25226;4;2
115616;-165627;48186;26512;8;2
101919;-184247;47329;25348;1;2
106433;-192798;47612;24814;4;2
99752;-176234;47194;25849;1;2
112101;-187292;47966;25158;1;2
112451;-186336;47988;25218;4;2
117947;-184511;48331;25332;1;2
125657;-177852;48813;25748;1;2
122974;-164574;48645;26578;8;2
125224;-186681;48786;25196;4;2
121773;-188865;48570;25059;2;2
106313;-169946;47604;26242;1;2
105251;-171955;47538;26116;2;2
102028;-179741;47336;25630;2;2
123451;-169943;48675;26242;1;2
107786;-179155;47696;25666;8;2
117182;-167345;48283;26404;4;2
114270;-177081;48101;25796;4;2
112599;-177121;47997;25793;1;2
108624;-177205;47749;25788;1;2
126529;-183383;48868;25402;8;2
101216;-177189;47286;25789;1;2
130612;-169681;49123;26258;8;2
110489;-185370;47865;25278;8;2
107620;-189151;47686;25042;8;2
121380;-182285;48546;25471;8;2
113266;-182727;48039;25443;8;2
119796;-174275;48447;25971;8;2
117340;-173512;48293;26019;8;2
106591;-165391;47621;26527;4;2
106634;-189737;47624;25005;1;2
103433;-172937;47424;26055;4;2
130127;-167623;49092;26387;8;2
112365;-190887;47982;24933;8;2
106748;-191342;47631;24905;8;2
100240;-180714;47225;25569;1;2
128624;-173681;48999;26008;8;2
123401;-173059;48672;26047;4;2
99850;-184012;47200;25363;8;2
112901;-168286;48016;26346;4;2
99673;-169279;47189;26284;2;2
127040;-169038;48900;26299;4;2
109745;-193952;47819;24742;8;2
115760;-196124;48195;24606;8;2
128030;-178955;48961;25679;8;2
104996;-178384;47522;25715;1;2
119393;-175264;48422;25910;4;2
116926;-171078;48267;26171;4;2
110491;-193337;47865;24780;8;2
111329;-181709;47918;25507;4;2
108530;-167404;47743;26401;8;2
105552;-186090;47557;25233;2;2
116369;-185635;48233;25261;2;2
104875;-171232;47514;26162;2;2
100661;-172867;47251;26059;4;2
104344;-171611;47481;26138;4;2
128340;-180685;48981;25571;1;2
126683;-193238;48877;24786;1;2
117612;-164527;48310;26581;2;2
119210;-184027;48410;25362;4;2
112073;-183489;47964;25395;4;2
124872;-180147;48764;25604;1;2
111804;-171642;47947;26136;4;2
110214;-175072;47848;25922;4;2
104470;-169675;47489;26259;8;2
123344;-187413;48669;25150;1;2
104634;-183019;47499;25425;2;2
117247;-191820;48287;24875;4;2
112604;-178671;47997;25697;8;2
116116;-169586;48217;26264;1;2
105437;-167517;47549;26394;1;2
110092;-182275;47840;25471;4;2
115045;-185407;48150;25276;1;2
118450;-181279;48363;25534;2;2
124400;-166410;48735;26463;1;2
112931;-167077;48018;26421;1;2
106287;-174438;47602;25961;2;2
126934;-179318;48893;25656;1;2
119650;-174177;48438;25977;2;2
127289;-190021;48915;24987;4;2
122520;-189587;48617;25014;4;2
114208;-184378;48098;25340;2;2
119028;-167037;48399;26424;2;2
121686;-167525;48565;26393;4;2
112326;-190013;47980;24988;8;2
121629;-171164;48561;26166;8;2
107446;-188819;47675;25062;1;2
118882;-165651;48390;26510;1;2
110141;-179816;47843;25625;2;2
123837;-164979;48699;26552;8;2
128768;-172995;49008;26051;4;2
130001;-169909;49085;26244;1;2
117728;-168857;48318;26310;2;2
119126;-183570;48405;25390;8;2
123322;-176963;48667;25803;8;2
109740;-183878;47818;25371;2;2
128711;-195269;49004;24659;1;2
112396;-172186;47984;26102;4;2
105540;-191077;47556;24921;2;2
125975;-179562;48833;25641;4;2
106511;-170202;47616;26226;1;2
100156;-180117;47219;25606;1;2
117970;-179635;48333;25636;1;2
115525;-167072;48180;26422;1;2
102423;-172275;47361;26096;4;2
121443;-178406;48550;25713;2;2
113652;-178799;48063;25689;8;2
115867;-171512;48201;26144;1;2
114640;-188233;48125;25099;8;2
109100;-193162;47778;24791;2;2
109663;-167408;47813;26401;1;2
121360;-189738;48545;25005;4;2
121914;-166863;48579;26435;1;2
111908;-174259;47954;25972;1;2
112982;-186895;48021;25183;1;2
130474;-177052;49114;25798;1;2
123711;-178351;48691;25717;8;2
112156;-175802;47969;25876;1;2
125615;-186293;48810;25220;2;2
130821;-166107;49136;26482;1;2
112926;-167221;48017;26412;2;2
107718;-193793;47692;24751;8;2
104582;-170673;47496;26196;2;2
128395;-164848;48984;26561;4;2
105532;-191092;47555;24920;1;2
117189;-168446;48284;26336;2;2
115933;-178194;48205;25726;2;2
130055;-178116;49088;25731;1;2
119083;-179467;48402;25647;4;2
111767;-187777;47945;25127;1;2
122689;-187644;48628;25136;8;2
115126;-189099;48155;25045;2;2
113390;-191115;48046;24919;4;2
102590;-171803;47371;26126;2;2
101705;-164113;47316;26606;1;2
127486;-175349;48927;25904;8;2
106985;-193688;47646;24758;1;2
109316;-177312;47792;25782;2;2
99801;-169594;47197;26264;8;2
118045;-186809;48337;25188;1;2
110500;-195458;47866;24647;1;2
123972;-164530;48708;26580;4;2
107900;-169669;47703;26259;4;2
106970;-181793;47645;25501;1;2
127323;-182956;48917;25429;8;2
105399;-169982;47547;26240;2;2
113809;-185435;48073;25274;2;2
121876;-191787;48577;24877;2;2
109751;-172424;47819;26087;4;2
125580;-189068;48808;25047;2;2
122951;-182317;48644;25469;1;2
123862;-178922;48701;25681;1;2
121046;-168591;48525;26327;1;2
113818;-165499;48073;26520;1;2
108483;-181043;47740;25548;1;2
104298;-173164;47478;26041;2;2
128175;-172632;48970;26074;8;2
129115;-174039;49029;25986;8;2
113179;-193112;48033;24794;4;2
110849;-171639;47888;26136;4;2
129979;-171758;49083;26129;4;2
125292;-193058;48790;24797;2;2
114002;-177956;48085;25741;8;2
117825;-181369;48324;25528;8;2
103959;-169435;47457;26274;8;2
124421;-189835;48736;24999;8;2
127527;-178521;48930;25706;2;2
114902;-189464;48141;25022;4;2
121079;-178838;48527;25686;8;2
114180;-177593;48096;25764;4;2
110649;-183764;47875;25378;4;2
104523;-164361;47492;26591;2;2
101493;-166440;47303;26461;4;2
118353;-178879;48357;25684;2;2
116846;-172045;48262;26111;8;2
110978;-189804;47896;25001;8;2
108597;-192512;47747;24832;4;2
98717;-178980;47129;25677;2;2
101921;-174277;47330;25971;4;2
106782;-180904;47633;25557;4;2
106885;-168843;47640;26311;4;2
114778;-180735;48133;25568;2;2
101870;-169001;47326;26301;2;2
120959;-174116;48519;25981;8;2
118610;-185209;48373;25288;1;2
112819;-179581;48011;25640;2;2
115740;-166298;48193;26470;1;2
107721;-185306;47692;25282;4;2
104559;-174890;47494;25933;2;2
124612;-182213;48748;25475;1;2
107500;-184202;47678;25351;1;2
123948;-191386;48706;24902;4;2
122403;-178388;48610;25714;4;2
124055;-189711;48713;25007;4;2
103992;-178334;47459;25718;4;2
124203;-188231;48722;25099;8;2
109280;-184695;47790;25320;4;2
105154;-185405;47532;25276;1;2
104438;-169499;47487;26270;8;2
118273;-170813;48352;26188;1;2
111279;-196028;47914;24612;1;2
122846;-167307;48637;26407;8;2
131021;-187678;49148;25134;4;2
115426;-194015;48174;24738;8;2
124638;-185107;48749;25294;1;2
126496;-166429;48866;26462;4;2
125598;-190227;48809;24974;8;2
110088;-196479;47840;24584;4;2
99751;-167657;47194;26385;8;2
102569;-168793;47370;26314;8;2
130093;-177973;49090;25740;2;2
104910;-164535;47516;26580;8;2
103397;-176305;47422;25844;4;2
108651;-177087;47750;25796;1;2
113878;-175058;48077;25922;2;2
99258;-180188;47163;25602;2;2
106505;-180053;47616;25610;1;2
104805;-175318;47510;25906;1;2
120776;-182477;48508;25459;2;2
110535;-176135;47868;25855;4;2
123212;-180946;48660;25554;2;2
117186;-165870;48284;26497;8;2
105576;-183369;47558;25403;1;2
102401;-181216;47360;25538;1;2
126785;-193261;48884;24785;8;2
114227;-176584;48099;25827;1;2
129045;-174781;49025;25940;1;2
114395;-191029;48109;24924;1;2
125502;-171960;48803;26116;8;2
104222;-170761;47473;26191;1;2
107181;-185561;47658;25266;4;2
127434;-169446;48924;26273;2;2
118733;-167625;48380;26387;2;2
125602;-192019;48810;24862;4;2
111901;-194405;47953;24713;2;2
127895;-175626;48953;25887;2;2
105522;-184952;47555;25304;4;2
120341;-184783;48481;25315;1;2
121778;-169904;48571;26245;2;2
120401;-176932;48485;25805;8;2
124186;-171526;48721;26143;4;2
109487;-172808;47802;26063;8;2
100061;-183293;47213;25408;1;2
111284;-190438;47915;24961;1;2
125656;-185460;48813;25272;8;2
123981;-164859;48708;26560;1;2
126761;-172836;48882;26061;1;2
126932;-188916;48893;25056;4;2
123464;-182596;48676;25451;1;2
100073;-182184;47214;25477;2;2
112329;-194367;47980;24716;4;2
130345;-185329;49106;25280;4;2
118602;-173230;48372;26037;2;2
100209;-180373;47223;25590;4;2
123115;-191622;48654;24887;2;2
119630;-167515;48436;26394;8;2
115846;-170568;48200;26203;4;2
126105;-167565;48841;26391;1;2
99285;-172418;47165;26087;2;2
106349;-164374;47606;26590;2;2
114034;-190726;48087;24943;1;2
120378;-174771;48483;25940;2;2
113675;-172629;48064;26074;8;2
100542;-165675;47243;26509;8;2
126150;-178494;48844;25708;1;2
109736;-182556;47818;25454;1;2
118824;-182437;48386;25461;1;2
122711;-177532;48629;25768;2;2
103072;-174406;47402;25963;1;2
113744;-173117;48069;26044;8;2
123284;-166153;48665;26479;4;2
113186;-168250;48034;26348;2;2
116825;-167013;48261;26425;4;2
112018;-180522;47961;25581;8;2
114032;-176619;48087;25825;2;2
100372;-180591;47233;25577;8;2
110993;-165843;47897;26498;4;2
128009;-184010;48960;25363;4;2
119670;-167523;48439;26393;2;2
130121;-177199;49092;25789;4;2
122089;-188865;48590;25059;4;2
106698;-193797;47628;24751;1;2
115933;-187574;48205;25140;1;2
123011;-185945;48648;25242;1;2
100734;-171235;47255;26161;1;2
102814;-170703;47385;26195;2;2
126739;-169833;48881;26249;8;2
101597;-181291;47309;25533;2;2
103845;-181948;47450;25492;4;2
124109;-185148;48716;25292;2;2
125899;-193444;48828;24773;4;2
124009;-172062;48710;26110;2;2
124965;-177812;48770;25750;2;2
113250;-184412;48038;25338;2;2
117931;-185274;48330;25284;2;2
106388;-186077;47609;25234;8;2
124595;-194548;48747;24704;2;2
105438;-191797;47549;24876;1;2
114696;-170874;48128;26184;1;2
124470;-179915;48739;25619;2;2
121226;-172013;48536;26113;2;2
123129;-186798;48655;25189;2;2
104916;-174711;47517;25944;2;2
128819;-178167;49011;25728;2;2
102066;-175216;47339;25913;4;2
124876;-190609;48764;24950;8;2
122006;-177870;48585;25747;8;2
100441;-167070;47237;26422;4;2
130875;-169954;49139;26241;4;2
127707;-186519;48941;25206;4;2
126111;-183381;48841;25402;8;2
115584;-169872;48184;26247;1;2
120395;-172092;48484;26108;1;2
120668;-182318;48501;25469;1;2
117103;-165558;48278;26516;2;2
106208;-167946;47598;26367;4;2
112632;-187545;47999;25142;8;2
123861;-185511;48701;25269;2;2
100169;-176819;47220;25812;8;2
107429;-190798;47674;24939;8;2
113501;-177285;48053;25783;8;2
108159;-180177;47719;25602;8;2
105192;-181396;47534;25526;8;2
115177;-164495;48158;26583;1;2
124077;-194094;48714;24733;8;2
129817;-174989;49073;25927;2;2
104821;-173974;47511;25990;8;2
114259;-180171;48101;25603;1;2
125925;-182784;48830;25440;2;2
110868;-165950;47889;26492;2;2
116501;-194127;48241;24731;2;2
129024;-170000;49024;26239;4;2
129412;-173526;49048;26018;8;2
127851;-174620;48950;25950;2;2
113215;-194599;48035;24701;1;2
103070;-171473;47401;26146;8;2
123481;-179882;48677;25621;4;2
106320;-179377;47605;25652;2;2
105574;-164385;47558;26589;4;2
130396;-169731;49109;26255;2;2
101007;-183454;47272;25398;8;2
99079;-172409;47152;26088;2;2
128420;-164525;48986;26581;2;2
102011;-179595;47335;25639;2;2
130410;-185465;49110;25272;8;2
124041;-187658;48712;25135;8;2
107023;-183983;47648;25365;1;2
126631;-188182;48874;25102;2;2
108682;-194003;47752;24738;4;2
125631;-189176;48811;25040;2;2
105950;-185228;47581;25287;1;2
128892;-170792;49015;26189;2;2
116715;-175012;48254;25925;2;2
114732;-184899;48130;25307;8;2
119957;-167041;48457;26423;1;2
101715;-166751;47317;26442;4;2
118134;-185903;48343;25245;2;2
130404;-168470;49110;26334;8;2
100589;-171187;47246;26164;8;2
114919;-172098;48142;26107;4;2
123947;-193571;48706;24765;8;2
129846;-168855;49075;26310;2;2
105045;-168839;47525;26311;2;2
115594;-185634;48184;25261;8;2
105407;-177399;47547;25776;1;2
101651;-168477;47313;26334;8;2
102127;-169535;47342;26268;4;2
100123;-181386;47217;25527;4;2
116034;-191478;48212;24896;8;2
104521;-165065;47492;26547;8;2
108770;-164229;47758;26599;8;2
122217;-186685;48598;25196;1;2
130411;-175193;49110;25914;8;2
102329;-175017;47355;25925;8;2
112774;-172982;48008;26052;1;2
111947;-180263;47956;25597;4;2
107977;-191991;47708;24864;1;2
128726;-175178;49005;25915;1;2
110163;-171521;47845;26143;1;2
111096;-177952;47903;25742;4;2
117776;-167451;48321;26398;2;2
108496;-192831;47741;24812;1;2
119252;-171151;48413;26167;2;2
129552;-168584;49057;26327;1;2
115111;-187930;48154;25118;1;2
108381;-196443;47733;24586;2;2
115701;-179351;48191;25654;4;2
117482;-187269;48302;25159;8;2
130469;-171390;49114;26152;1;2
123409;-190431;48673;24962;2;2
104280;-165388;47477;26527;1;2
104749;-168040;47506;26361;4;2
118532;-172616;48368;26075;1;2
104061;-165464;47463;26522;8;2
115287;-185919;48165;25244;1;2
102195;-179157;47347;25666;4;2
120228;-171195;48474;26164;1;2
119344;-191325;48419;24906;2;2
116612;-190011;48248;24988;4;2
115041;-193607;48150;24763;4;2
125278;-164095;48789;26608;4;2
112909;-191711;48016;24882;8;2
109572;-187315;47808;25156;2;2
124602;-163957;48747;26616;1;2
114943;-185600;48143;25264;2;2
99775;-169802;47195;26251;1;2
129676;-167818;49064;26375;8;2
127233;-169039;48912;26299;1;2
105855;-182955;47575;25429;4;2
123597;-167030;48684;26424;2;2
107269;-194830;47664;24687;1;2
116917;-187861;48267;25122;4;2
112761;-188605;48007;25076;2;2
116980;-170868;48271;26184;4;2
114245;-193486;48100;24771;1;2
116132;-172611;48218;26075;2;2
109021;-181715;47773;25506;2;2
103672;-174601;47439;25951;4;2
110078;-192325;47839;24843;1;2
118584;-183694;48371;25383;8;2
114090;-173897;48090;25995;4;2
101425;-171004;47299;26176;4;2
121516;-170578;48554;26202;1;2
127190;-174352;48909;25967;2;2
129487;-166933;49052;26430;1;2
113599;-186794;48059;25189;2;2
120344;-170608;48481;26201;4;2
125038;-191691;48774;24883;4;2
105312;-177110;47542;25794;1;2
115656;-170361;48188;26216;1;2
123431;-178258;48674;25722;4;2
130180;-185743;49096;25255;4;2
119618;-182534;48436;25455;1;2
110304;-177502;47854;25770;2;2
107073;-185260;47652;25285;8;2
128685;-165293;49002;26533;1;2
123121;-184108;48655;25357;8;2
110459;-189439;47863;25024;1;2
99729;-164920;47193;26556;2;2
130531;-166812;49118;26438;8;2
121420;-174949;48548;25929;2;2
118560;-172350;48370;26092;4;2
104557;-171790;47494;26127;1;2
109462;-191177;47801;24915;4;2
111609;-193612;47935;24763;4;2
113653;-196589;48063;24577;2;2
107976;-195564;47708;24641;2;2
129252;-173521;49038;26018;1;2
128566;-180003;48995;25613;1;2
109322;-193687;47792;24758;2;2
103456;-166984;47426;26427;4;2
105618;-188162;47561;25103;4;2
101284;-175560;47290;25891;1;2
124642;-167742;48750;26380;2;2
123456;-164181;48676;26602;8;2
114197;-187797;48097;25126;1;2
126565;-180356;48870;25591;1;2
105718;-180416;47567;25588;2;2
113831;-183061;48074;25422;4;2
103535;-170064;47430;26235;8;2
120101;-189156;48466;25041;2;2
104033;-169310;47462;26282;4;2
109376;-192212;47796;24850;4;2
112846;-191730;48012;24880;1;2
112509;-178193;47991;25726;2;2
100511;-178400;47241;25714;2;2
118930;-179182;48393;25665;1;2
100628;-179188;47249;25664;1;2
104956;-181905;47519;25494;8;2
107806;-185691;47697;25258;8;2
114070;-178879;48089;25684;8;2
112845;-194236;48012;24724;2;2
113153;-192698;48032;24820;4;2
118728;-184029;48380;25362;2;2
127702;-180438;48941;25586;4;2
102244;-178404;47350;25713;2;2
126067;-186858;48839;25185;4;2
109628;-179920;47811;25619;1;2
106715;-168422;47629;26337;4;2
103911;-169940;47454;26242;4;2
121577;-193916;48558;24744;2;2
102018;-181018;47336;25550;4;2
128475;-171450;48989;26148;4;2
110503;-166982;47866;26427;4;2
123342;-165960;48668;26491;2;2
113309;-168850;48041;26310;4;2
103545;-166841;47431;26436;4;2
106346;-182350;47606;25467;4;2
101492;-170613;47303;26200;4;2
104026;-169281;47461;26283;8;2
119428;-173026;48424;26049;4;2
122988;-170661;48646;26197;1;2
105003;-171730;47522;26130;1;2
111217;-193752;47911;24754;1;2
116951;-168042;48269;26361;1;2
116132;-193275;48218;24784;4;2
112653;-171694;48000;26133;2;2
108627;-170937;47749;26180;8;2
112950;-180649;48019;25573;4;2
125470;-190533;48801;24955;2;2
110594;-180761;47872;25566;2;2
114384;-194820;48109;24687;2;2
100750;-184472;47256;25334;2;2
123495;-169054;48678;26298;1;2
126320;-190219;48855;24975;8;2
106382;-189561;47608;25016;4;2
104364;-176817;47482;25812;8;2
110434;-196028;47862;24612;2;2
101177;-167139;47283;26417;8;2
103018;-168443;47398;26336;8;2
108349;-170446;47731;26211;1;2
120161;-171320;48470;26156;8;2
123158;-190535;48657;24955;4;2
112201;-189298;47972;25032;2;2
120310;-182510;48479;25457;4;2
109912;-181960;47829;25491;1;2
121546;-182590;48556;25452;1;2
100581;-177440;47246;25774;1;2
99552;-172759;47182;26066;1;2
99845;-179249;47200;25660;4;2
113837;-174894;48074;25933;1;2
127241;-174382;48912;25965;8;2
119913;-171131;48454;26168;8;2
99244;-175979;47162;25865;8;2
111639;-176650;47937;25823;4;2
116306;-186889;48229;25183;8;2
128228;-190418;48974;24962;4;2
126006;-172479;48835;26084;4;2
123686;-194900;48690;24682;8;2
113961;-176819;48082;25812;8;2
130203;-175285;49097;25908;4;2
106562;-171064;47620;26172;2;2
115433;-166611;48174;26450;1;2
109096;-188595;47778;25076;4;2
105475;-187985;47552;25114;8;2
122211;-175754;48598;25879;2;2
106450;-180554;47613;25579;4;2
128305;-173248;48979;26036;8;2
112651;-192688;48000;24821;2;2
127395;-182106;48922;25482;8;2
109897;-164217;47828;26600;1;2
127352;-185982;48919;25240;8;2
116766;-184395;48257;25339;2;2
120000;-166525;48460;26456;4;2
104228;-183964;47474;25366;4;2
109212;-165940;47785;26492;1;2
127822;-180005;48948;25613;1;2
119777;-164391;48446;26589;4;2
106826;-193847;47636;24748;8;2
103542;-177355;47431;25779;4;2
117767;-169609;48320;26263;2;2
107293;-186807;47665;25188;4;2
125765;-178466;48820;25709;1;2
112555;-187369;47994;25153;1;2
101106;-167520;47279;26394;8;2
112077;-176458;47964;25835;1;2
100154;-169615;47219;26263;2;2
111077;-181079;47902;25546;1;2
115136;-190625;48156;24949;4;2
110725;-166435;47880;26461;1;2
102988;-178465;47396;25709;4;2
102025;-169872;47336;26247;8;2
117121;-172366;48280;26091;1;2
115150;-169623;48156;26262;8;2
125277;-180241;48789;25598;1;2
99583;-180350;47183;25592;1;2
127391;-179819;48921;25625;4;2
122186;-167005;48596;26426;8;2
120940;-172027;48518;26112;2;2
128103;-173258;48966;26035;8;2
100855;-167031;47263;26424;4;2
120161;-181230;48470;25537;8;2
114950;-183044;48144;25423;2;2
106957;-186115;47644;25231;4;2
119375;-169160;48420;26291;2;2
111683;-172321;47940;26093;1;2
112627;-175630;47999;25887;1;2
111711;-184037;47941;25361;8;2
107045;-187585;47650;25139;8;2
126966;-191257;48895;24910;1;2
115273;-181901;48164;25495;1;2
131011;-175444;49148;25898;8;2
122458;-167243;48613;26411;2;2
105624;-172404;47561;26088;2;2
103132;-170609;47405;26200;4;2
104573;-164957;47495;26554;4;2
117780;-173080;48321;26046;4;2
120247;-180875;48475;25559;4;2
128408;-185138;48985;25292;8;2
117534;-190473;48305;24959;4;2
107128;-165999;47655;26489;8;2
112009;-193938;47960;24742;4;2
123035;-183884;48649;25371;4;2
100283;-167554;47227;26391;8;2
115990;-177002;48209;25801;2;2
105480;-183910;47552;25369;8;2
120301;-185453;48478;25273;4;2
127450;-173353;48925;26029;8;2
104644;-164094;47500;26608;2;2
109396;-196040;47797;24611;1;2
125613;-193690;48810;24758;1;2
123088;-166013;48653;26488;4;2
120638;-181087;48499;25546;4;2
120894;-195293;48515;24658;1;2
100877;-174845;47264;25936;8;2
120573;-167220;48495;26412;4;2
126684;-164802;48877;26563;8;2
116968;-171909;48270;26119;1;2
105236;-188240;47537;25099;4;2
123518;-170849;48679;26185;4;2
125012;-191903;48773;24870;8;2
111423;-193239;47923;24786;4;2
130516;-180879;49117;25559;4;2
100444;-170576;47237;26203;2;2
108309;-170628;47729;26199;1;2
111894;-178327;47953;25718;4;2
99674;-167146;47189;26417;8;2
100517;-171777;47242;26127;8;2
122642;-189841;48625;24998;1;2
109237;-195342;47787;24655;8;2
114187;-171837;48096;26124;8;2
111282;-172584;47915;26077;1;2
110236;-195083;47849;24671;4;2
100862;-179172;47263;25665;1;2
120697;-174041;48503;25986;2;2
106720;-180954;47630;25554;2;2
117394;-169523;48297;26268;2;2
124620;-189675;48748;25009;8;2
105408;-181313;47548;25531;8;2
110964;-164717;47895;26569;2;2
121714;-179019;48567;25675;4;2
103633;-166050;47437;26485;2;2
113560;-179626;48057;25637;4;2
122622;-167856;48623;26373;8;2
123767;-180541;48695;25580;1;2
103353;-176801;47419;25813;1;2
104031;-184595;47461;25326;4;2
129085;-164986;49027;26552;4;2
112159;-177721;47969;25756;8;2
127651;-164154;48938;26604;8;2
129968;-165343;49083;26530;4;2
106687;-181198;47627;25539;1;2
124218;-167939;48723;26367;1;2
122035;-164165;48587;26603;2;2
102647;-167059;47375;26422;1;2
129730;-171306;49068;26157;4;2
111598;-181045;47934;25548;2;2
117290;-178040;48290;25736;2;2
109741;-181507;47818;25519;2;2
99701;-168824;47191;26312;2;2
108178;-165774;47721;26503;8;2
127995;-168887;48959;26308;8;2
111079;-184531;47902;25330;2;2
117575;-173921;48308;25993;4;2
114547;-184879;48119;25309;8;2
108789;-190751;47759;24942;1;2
102898;-173208;47391;26038;8;2
112589;-183341;47996;25405;1;2
119447;-164288;48425;26596;1;2
105677;-186597;47564;25201;1;2
123534;-171792;48680;26127;1;2
113389;-195240;48046;24661;8;2
121525;-194044;48555;24736;8;2
120494;-166131;48490;26480;1;2
104085;-183256;47465;25410;2;2
106204;-177065;47597;25797;8;2
113988;-194390;48084;24714;8;2
118749;-174265;48381;25972;1;2
106556;-166383;47619;26465;4;2
130409;-193171;49110;24790;1;2
116625;-193948;48249;24742;4;2
111731;-179294;47943;25658;2;2
113496;-187995;48053;25114;4;2
109434;-181319;47799;25531;8;2
129337;-166528;49043;26456;1;2
130402;-192986;49110;24802;2;2
124996;-168103;48772;26357;8;2
126133;-180387;48843;25589;4;2
127756;-180853;48944;25560;2;2
110806;-185593;47885;25264;8;2
112172;-183165;47970;25416;8;2
101124;-178605;47280;25701;4;2
118382;-170301;48358;26220;8;2
119804;-164188;48447;26602;1;2
105117;-173099;47529;26045;1;2
99811;-178496;47198;25708;2;2
105127;-186013;47530;25238;1;2
107162;-165624;47657;26512;1;2
131033;-167056;49149;26423;1;2
124597;-182234;48747;25474;2;2
112715;-167334;48004;26405;8;2
116869;-177176;48264;25790;2;2
109403;-180250;47797;25598;2;2
126582;-174082;48871;25983;4;2
107233;-172439;47662;26086;1;2
122113;-177240;48592;25786;4;2
121387;-184997;48546;25301;8;2
104105;-178009;47466;25738;8;2
125963;-165687;48832;26508;4;2
106332;-171220;47605;26162;2;2
109893;-171718;47828;26131;4;2
124910;-192368;48766;24841;4;2
106630;-190696;47624;24945;1;2
113259;-171939;48038;26117;2;2
121852;-181700;48575;25507;4;2
128535;-169776;48993;26253;1;2
116481;-167810;48240;26375;1;2
109839;-171630;47824;26137;1;2
109548;-175073;47806;25921;2;2
107257;-183959;47663;25366;8;2
99780;-174852;47196;25935;2;2
118697;-178639;48378;25699;8;2
126573;-191315;48870;24906;4;2
107050;-185646;47650;25261;8;2
100912;-182676;47267;25446;2;2
122439;-170015;48612;26238;4;2
105316;-182060;47542;25485;2;2
115286;-165515;48165;26519;1;2
101432;-167409;47299;26400;8;2
110992;-183811;47897;25375;4;2
109942;-192571;47831;24828;1;2
113016;-193479;48023;24771;8;2
130266;-184482;49101;25333;4;2
107803;-177362;47697;25778;1;2
104520;-169796;47492;26251;8;2
105386;-171299;47546;26157;1;2
110925;-178968;47892;25678;2;2
116906;-164069;48266;26609;2;2
98664;-177433;47126;25774;1;2
109224;-183743;47786;25380;1;2
109689;-189736;47815;25005;2;2
107145;-182874;47656;25434;8;2
113263;-192482;48038;24833;2;2
120334;-168055;48480;26360;4;2
111485;-181124;47927;25543;4;2
130205;-176194;49097;25851;4;2
116283;-189813;48227;25000;8;2
128952;-171100;49019;26170;2;2
123504;-189537;48679;25017;2;2
119630;-180079;48436;25609;4;2
101519;-177131;47304;25793;4;2
111818;-194035;47948;24736;8;2
116158;-189624;48219;25012;2;2
130103;-176301;49091;25845;1;2
130368;-175266;49108;25909;2;2
107554;-191646;47682;24886;1;2
126400;-185822;48860;25250;4;2
104310;-185126;47479;25293;4;2
120906;-182467;48516;25459;2;2
125547;-170014;48806;26238;2;2
109924;-187427;47830;25149;1;2
109489;-186560;47803;25204;2;2
111760;-190683;47945;24946;4;2
113836;-194301;48074;24720;8;2
129982;-186643;49083;25198;8;2
113324;-194862;48042;24685;2;2
107363;-193645;47670;24761;1;2
129202;-173998;49035;25989;8;2
121947;-177284;48581;25783;1;2
128490;-169284;48990;26283;8;2
116858;-169785;48263;26252;2;2
106999;-165282;47647;26533;2;2
118360;-168708;48357;26319;2;2
124888;-168030;48765;26362;2;2
110837;-164908;47887;26557;4;2
110089;-191607;47840;24888;2;2
111433;-196353;47924;24591;4;2
116494;-190640;48240;24949;4;2
126351;-172517;48856;26081;2;2
113272;-171736;48039;26130;1;2
112991;-171682;48021;26133;8;2
108614;-182955;47748;25429;4;2
104618;-177417;47498;25775;2;2
119597;-164524;48434;26581;1;2
111957;-184126;47957;25356;8;2
113010;-185206;48023;25288;1;2
109332;-184132;47793;25355;2;2
112677;-167475;48002;26396;4;2
101671;-182238;47314;25474;4;2
103839;-182378;47449;25465;2;2
128345;-176210;48981;25850;4;2
114241;-166380;48100;26465;4;2
104677;-187152;47502;25167;8;2
103795;-164968;47447;26553;2;2
102999;-171325;47397;26156;2;2
107013;-176497;47648;25832;8;2
123484;-173011;48677;26050;1;2
99557;-178097;47182;25732;2;2
104429;-169498;47486;26270;4;2
125645;-177804;48812;25751;4;2
129962;-169329;49082;26280;4;2
102161;-181099;47345;25545;2;2
121857;-186747;48576;25192;8;2
106117;-168250;47592;26348;4;2
110586;-191239;47871;24911;1;2
109108;-195681;47779;24633;2;2
101760;-175377;47320;25902;8;2
127476;-190194;48927;24976;8;2
101485;-167072;47302;26422;4;2
125242;-168029;48787;26362;2;2
102442;-180740;47362;25567;2;2
124383;-175456;48733;25898;2;2
111285;-190565;47915;24953;8;2
122859;-166467;48638;26459;2;2
109417;-175253;47798;25910;8;2
124364;-169448;48732;26273;1;2
122384;-174172;48609;25978;2;2
110005;-167065;47835;26422;8;2
127239;-165307;48912;26532;1;2
107589;-179918;47684;25619;2;2
124687;-183827;48752;25374;4;2
111863;-184576;47951;25328;4;2
101697;-173291;47316;26033;4;2
126894;-191409;48890;24900;1;2
119134;-183173;48405;25415;2;2
103837;-167102;47449;26420;8;2
101435;-178216;47299;25725;8;2
116582;-168847;48246;26311;1;2
103248;-171861;47413;26122;1;2
126677;-191837;48877;24874;2;2
107365;-178476;47670;25709;1;2
111261;-187958;47913;25116;8;2
130900;-163968;49141;26616;2;2
108147;-165795;47719;26501;8;2
101874;-183841;47327;25373;2;2
129993;-168022;49084;26362;4;2
127098;-193540;48903;24767;1;2
121861;-167487;48576;26396;8;2
110238;-176035;47849;25861;8;2
113900;-166529;48078;26455;1;2
100050;-181704;47213;25507;2;2
121466;-179093;48551;25670;4;2
110545;-174058;47869;25985;2;2
115199;-171792;48159;26127;2;2
124792;-172393;48759;26089;1;2
104996;-170976;47522;26178;8;2
108585;-172162;47746;26103;2;2
109959;-176445;47832;25836;2;2
128922;-168226;49017;26349;1;2
106419;-172352;47611;26092;4;2
121847;-175941;48575;25867;8;2
130314;-166072;49104;26484;2;2
120422;-170063;48486;26235;4;2
106927;-188104;47642;25107;8;2
104286;-166802;47477;26438;8;2
112316;-182304;47979;25470;1;2
106840;-188000;47637;25114;1;2
100931;-178209;47268;25725;4;2
122860;-191617;48638;24887;2;2
130401;-175667;49110;25884;2;2
101194;-169631;47284;26262;8;2
116795;-194069;48259;24734;8;2
117683;-179093;48315;25670;4;2
124556;-184490;48744;25333;1;2
117904;-177348;48329;25779;4;2
124626;-184437;48749;25336;4;2
117351;-169632;48294;26262;2;2
118566;-176953;48370;25804;4;2
103474;-182234;47427;25474;8;2
126999;-188106;48897;25107;2;2
116887;-190492;48265;24958;2;2
99580;-178074;47183;25734;1;2
108948;-176920;47769;25806;4;2
109850;-166213;47825;26475;8;2
112319;-191894;47979;24870;1;2
103786;-171322;47446;26156;4;2
117530;-189718;48305;25006;1;2
118428;-188860;48361;25060;8;2
104008;-168894;47460;26308;4;2
125467;-187130;48801;25168;8;2
126644;-187075;48875;25171;1;2
121817;-171539;48573;26142;2;2
108049;-188133;47713;25105;1;2
113666;-193174;48064;24790;2;2
112260;-175421;47976;25900;1;2
117334;-181733;48293;25505;1;2
103978;-171800;47458;26126;1;2
100204;-183936;47222;25368;4;2
105937;-184924;47581;25306;2;2
104912;-172994;47517;26051;4;2
108310;-180694;47729;25570;4;2
122089;-190203;48590;24976;1;2
123121;-168200;48655;26351;8;2
126439;-171897;48862;26120;8;2
105466;-164284;47551;26596;2;2
105373;-171069;47545;26172;2;2
119589;-174877;48434;25934;2;2
111106;-166270;47904;26472;1;2
116544;-190662;48244;24947;8;2
110326;-167061;47855;26422;2;2
125879;-186957;48827;25179;2;2
102980;-173407;47396;26026;4;2
106181;-185996;47596;25239;8;2
125243;-183061;48787;25422;4;2
125664;-191212;48814;24913;1;2
109349;-192736;47794;24818;2;2
114522;-193793;48117;24751;1;2
111182;-173057;47908;26047;8;2
117876;-184636;48327;25324;2;2
115635;-193330;48187;24780;8;2
105845;-194622;47575;24700;2;2
107188;-176570;47659;25828;1;2
128773;-171389;49008;26152;8;2
105994;-178888;47584;25683;8;2
114184;-189713;48096;25006;8;2
108066;-187641;47714;25136;2;2
102327;-178668;47355;25697;4;2
129886;-176528;49077;25831;2;2
114886;-189373;48140;25028;2;2
106318;-188022;47604;25112;8;2
109279;-167337;47789;26405;8;2
125446;-166782;48800;26440;1;2
116262;-190222;48226;24975;1;2
101388;-171534;47296;26143;2;2
118139;-177325;48343;25781;8;2
122356;-187243;48607;25161;4;2
128418;-178060;48986;25735;1;2
112136;-180393;47968;25589;2;2
111330;-194489;47918;24708;1;2
120063;-165343;48463;26530;4;2
103834;-172489;47449;26083;2;2
107855;-187341;47700;25155;4;2
108651;-179503;47750;25645;4;2
105047;-189792;47525;25002;8;2
98460;-178578;47113;25702;8;2
114618;-193973;48123;24740;1;2
108585;-178457;47746;25710;1;2
119642;-165981;48437;26490;1;2
127591;-164839;48934;26561;1;2
113977;-179491;48083;25645;8;2
120954;-173985;48519;25989;8;2
121262;-178271;48538;25722;2;2
124836;-187775;48762;25128;8;2
107434;-188346;47674;25092;1;2
113351;-186927;48044;25181;8;2
99063;-174349;47151;25967;4;2
99507;-179078;47179;25671;8;2
115372;-191678;48170;24884;8;2
106565;-181904;47620;25495;4;2
130365;-167713;49107;26381;8;2
125001;-175441;48772;25898;4;2
100430;-178024;47236;25737;2;2
131045;-173178;49150;26040;2;2
118438;-166981;48362;26427;8;2
115041;-196536;48150;24580;2;2
112872;-171683;48014;26133;1;2
124041;-187754;48712;25129;8;2
113680;-180864;48065;25560;1;2
117767;-179541;48320;25642;8;2
128268;-183515;48976;25394;8;2
124434;-188717;48737;25069;4;2
121610;-172348;48560;26092;4;2
111068;-176453;47901;25835;1;2
109076;-191616;47777;24888;2;2
110460;-193812;47863;24750;1;2
124425;-166812;48736;26438;8;2
125141;-171847;48781;26123;4;2
101683;-184937;47315;25305;2;2
103896;-172001;47453;26113;4;2
103969;-180315;47458;25594;1;2
115975;-188102;48208;25107;1;2
114803;-185418;48135;25275;4;2
126902;-167349;48891;26404;2;2
119240;-189242;48412;25036;8;2
124776;-189385;48758;25027;8;2
123828;-175771;48699;25878;4;2
107180;-184169;47658;25353;2;2
125668;-183433;48814;25399;1;2
113211;-172704;48035;26070;4;2
109798;-186632;47822;25199;2;2
113456;-181163;48051;25541;8;2
104843;-167645;47512;26386;4;2
101517;-165541;47304;26517;2;2
106495;-189160;47615;25041;1;2
112265;-175505;47976;25894;4;2
108515;-192645;47742;24823;1;2
130154;-172997;49094;26051;8;2
112687;-164839;48002;26561;8;2
105887;-186414;47577;25213;2;2
119071;-178688;48401;25696;8;2
112223;-165385;47973;26527;1;2
119361;-174601;48420;25951;2;2
115704;-189667;48191;25009;4;2
109199;-182338;47784;25467;4;2
128347;-173567;48981;26016;4;2
103803;-171497;47447;26145;8;2
116985;-168125;48271;26356;1;2
118972;-189209;48395;25038;4;2
120599;-187761;48497;25128;8;2
126943;-174400;48893;25964;1;2
130262;-168504;49101;26332;2;2
126314;-164710;48854;26569;2;2
111841;-182507;47950;25457;2;2
110200;-193672;47847;24759;1;2
113905;-187989;48079;25114;8;2
107517;-164483;47679;26583;2;2
130923;-165845;49142;26498;4;2
111587;-189246;47934;25036;1;2
112090;-195565;47965;24641;4;2
108493;-181298;47740;25532;2;2
111696;-172368;47941;26091;4;2
121277;-186411;48539;25213;1;2
100054;-166671;47213;26447;4;2
129297;-164336;49041;26593;2;2
110498;-194944;47866;24680;2;2
111821;-163854;47948;26623;4;2
117471;-178075;48301;25734;4;2
129858;-171195;49076;26164;1;2
108976;-178070;47771;25734;8;2
114516;-175829;48117;25874;2;2
123269;-172362;48664;26091;1;2
113848;-177781;48075;25752;1;2
128408;-173670;48985;26009;2;2
112994;-167236;48022;26411;8;2
102647;-175729;47375;25880;1;2
121994;-183306;48584;25407;1;2
112421;-174515;47986;25956;2;2
111691;-189387;47940;25027;8;2
114991;-184178;48146;25352;4;2
127448;-167409;48925;26400;4;2
113341;-178082;48043;25733;2;2
109695;-178592;47815;25702;8;2
107134;-170213;47655;26225;4;2
126875;-173354;48889;26029;4;2
119285;-176791;48415;25814;1;2
102383;-175205;47358;25913;4;2
113847;-164681;48075;26571;4;2
117221;-189154;48286;25041;4;2
116386;-164195;48234;26601;2;2
126410;-180691;48860;25570;2;2
111077;-188150;47902;25104;2;2
100446;-166164;47237;26478;1;2
122943;-169925;48643;26243;8;2
126472;-170963;48864;26178;4;2
127179;-178875;48908;25684;2;2
122016;-191232;48586;24912;2;2
101327;-178046;47292;25736;1;2
125514;-165686;48804;26508;2;2
117369;-187629;48295;25137;1;2
113254;-179890;48038;25620;4;2
121207;-196183;48535;24602;1;2
105848;-167410;47575;26400;4;2
118553;-192366;48369;24841;1;2
113560;-190044;48057;24986;2;2
111981;-185821;47958;25250;8;2
129189;-187228;49034;25162;8;2
130439;-176062;49112;25860;2;2
128690;-185538;49003;25267;8;2
129804;-164599;49072;26576;8;2
112777;-187149;48008;25167;1;2
117261;-172891;48288;26058;4;2
113791;-168196;48071;26351;2;2
124171;-184147;48720;25354;8;2
120080;-173609;48465;26013;1;2
105832;-187929;47574;25118;8;2
103676;-183819;47439;25375;8;2
113165;-178024;48032;25737;1;2
125619;-188857;48811;25060;8;2
129648;-170911;49063;26182;8;2
105381;-182250;47546;25473;1;2
113562;-164836;48057;26561;2;2
117364;-167945;48295;26367;1;2
115710;-188152;48191;25104;4;2
106236;-167493;47599;26395;1;2
124612;-187668;48748;25134;1;2
110882;-175087;47890;25921;8;2
99841;-177447;47200;25773;4;2
127818;-175225;48948;25912;8;2
104175;-178272;47470;25722;4;2
105531;-166047;47555;26486;2;2
122512;-187765;48617;25128;4;2
107131;-182332;47655;25468;1;2
126257;-189044;48851;25048;4;2
111036;-174401;47899;25963;4;2
101201;-171958;47285;26116;2;2
102816;-184017;47386;25362;2;2
101243;-180484;47287;25583;1;2
111196;-163849;47909;26623;2;2
108683;-191612;47752;24888;1;2
122919;-185974;48642;25240;4;2
124224;-190277;48724;24971;2;2
130190;-169170;49096;26290;4;2
98759;-178247;47132;25723;8;2
110078;-185214;47839;25288;2;2
123780;-194919;48696;24681;2;2
124529;-185776;48743;25253;2;2
121904;-187702;48579;25132;1;2
126037;-163915;48837;26619;4;2
107953;-168220;47707;26350;8;2
110070;-186254;47839;25223;1;2
105687;-181261;47565;25535;4;2
100849;-184936;47263;25305;2;2
109928;-185066;47830;25297;1;2
123881;-189019;48702;25050;1;2
125472;-194403;48802;24713;2;2
113213;-181874;48035;25496;2;2
124506;-170031;48741;26237;1;2
105724;-181748;47567;25504;8;2
129311;-169684;49041;26258;4;2
110246;-188186;47850;25102;4;2
127815;-180132;48948;25605;2;2
105996;-184340;47584;25342;1;2
112167;-189027;47970;25049;2;2
114455;-164656;48113;26573;4;2
109693;-176045;47815;25861;1;2
117448;-167703;48300;26382;1;2
127201;-172823;48910;26062;2;2
118097;-177657;48341;25760;1;2
108007;-164029;47710;26612;4;2
114983;-193607;48146;24763;1;2
122222;-168552;48598;26329;4;2
130361;-166936;49107;26430;4;2
122773;-195530;48633;24643;1;2
111544;-176672;47931;25822;2;2
117831;-181549;48324;25517;2;2
110902;-186659;47891;25197;8;2
113944;-183754;48081;25379;2;2
104576;-183500;47496;25395;2;2
113276;-163884;48039;26621;1;2
112029;-190369;47961;24965;1;2
115148;-181125;48156;25543;1;2
124314;-179901;48729;25620;4;2
115060;-171084;48151;26171;4;2
118260;-179903;48351;25620;1;2
114506;-190534;48116;24955;8;2
99629;-180926;47186;25556;8;2
127839;-180854;48949;25560;1;2
125254;-194469;48788;24709;8;2
109981;-176506;47833;25832;4;2
100180;-184659;47221;25322;8;2
120453;-167877;48488;26371;1;2
113999;-195622;48084;24637;1;2
127810;-175143;48948;25917;1;2
112616;-185379;47998;25277;2;2
116988;-188294;48271;25095;8;2
122537;-185180;48618;25290;1;2
122170;-169834;48595;26249;1;2
111142;-182460;47906;25460;1;2
101755;-181370;47319;25528;1;2
109476;-164172;47802;26603;1;2
108840;-181003;47762;25551;8;2
114731;-189802;48130;25001;4;2
112214;-181171;47973;25540;8;2
114296;-167868;48103;26372;4;2
107774;-168063;47695;26360;1;2
123248;-189016;48663;25050;4;2
107770;-193594;47695;24764;4;2
100425;-165810;47236;26500;2;2
130508;-171942;49116;26117;8;2
113074;-172598;48027;26076;1;2
104109;-182575;47466;25453;2;2
115480;-180465;48177;25584;1;2
110629;-188286;47874;25096;2;2
109343;-163967;47793;26616;2;2
122952;-176882;48644;25808;8;2
124429;-189428;48736;25024;2;2
110639;-183815;47874;25375;4;2
102238;-165427;47349;26524;1;2
122065;-192040;48589;24861;8;2
106549;-165641;47619;26511;8;2
99411;-182715;47173;25444;2;2
104482;-174809;47490;25938;8;2
102793;-176965;47384;25803;8;2
124141;-179259;48718;25660;1;2
122428;-181935;48611;25493;8;2
125510;-170767;48804;26191;8;2
118654;-192235;48375;24849;2;2
116702;-170890;48253;26183;1;2
105312;-174350;47542;25967;4;2
104687;-177783;47502;25752;4;2
102871;-177894;47389;25745;1;2
101850;-183764;47325;25378;4;2
118606;-184080;48372;25359;4;2
118969;-166405;48395;26463;2;2
106646;-184140;47625;25355;8;2
128028;-168769;48961;26315;1;2
105103;-184557;47528;25329;1;2
125133;-179687;48780;25633;1;2
101422;-177887;47298;25746;4;2
123269;-182712;48664;25444;1;2
108624;-190499;47749;24957;8;2
105376;-176323;47546;25843;1;2
117172;-166089;48283;26483;4;2
116518;-172845;48242;26061;4;2
105504;-167396;47554;26401;2;2
117352;-182078;48294;25484;4;2
112974;-193178;48020;24790;1;2
108109;-194434;47716;24711;8;2
113658;-178316;48063;25719;1;2
113066;-165221;48026;26537;4;2
100592;-168541;47247;26330;2;2
113384;-176189;48046;25852;2;2
123161;-167134;48657;26418;1;2
117952;-182822;48332;25437;8;2
122976;-182624;48646;25450;2;2
120061;-178146;48463;25729;1;2
100567;-177793;47245;25751;8;2
105295;-180200;47540;25601;4;2
119372;-176580;48420;25827;2;2
100761;-177320;47257;25781;1;2
123770;-167070;48695;26422;1;2
108498;-168930;47741;26305;4;2
127550;-167690;48931;26383;2;2
124910;-189744;48766;25005;4;2
117184;-186104;48284;25232;8;2
110796;-182575;47884;25453;1;2
102304;-182027;47354;25487;4;2
104083;-180002;47465;25613;8;2
100936;-165905;47268;26494;8;2
107503;-180400;47678;25589;2;2
117450;-170835;48300;26186;2;2
120010;-180057;48460;25610;8;2
104995;-172961;47522;26053;2;2
107689;-183501;47690;25395;4;2
100705;-172921;47254;26056;8;2
110038;-195435;47837;24649;1;2
118009;-167394;48335;26401;8;2
117921;-172651;48330;26073;4;2
128703;-183476;49003;25396;8;2
129551;-188630;49056;25074;8;2
109133;-185177;47780;25290;2;2
124406;-167092;48735;26420;1;2
113077;-195972;48027;24615;4;2
125787;-177125;48821;25793;8;2
127445;-164910;48925;26557;1;2
117662;-175162;48313;25916;1;2
124996;-182828;48772;25437;1;2
112947;-195182;48019;24665;2;2
112953;-182160;48019;25479;8;2
112647;-195599;48000;24639;2;2
109895;-183412;47828;25400;4;2
123416;-186776;48673;25190;2;2
101983;-178301;47333;25720;8;2
115508;-183872;48179;25372;8;2
114905;-183522;48141;25393;2;2
111856;-186770;47951;25190;1;2
124094;-172397;48715;26089;2;2
113112;-173720;48029;26006;8;2
99744;-177489;47194;25770;1;2
111210;-185174;47910;25290;1;2
118683;-175712;48377;25882;8;2
125843;-164748;48825;26567;4;2
111853;-183606;47950;25388;4;2
105986;-183972;47584;25365;2;2
102918;-175152;47392;25917;4;2
101305;-172068;47291;26109;2;2
118916;-187867;48392;25122;1;2
127428;-166581;48924;26452;1;2
104066;-169819;47464;26250;2;2
112720;-173505;48005;26019;1;2
121329;-178825;48543;25687;8;2
125129;-170680;48780;26196;4;2
125872;-185282;48827;25283;1;2
115666;-190524;48189;24956;4;2
106744;-186217;47631;25225;4;2
113892;-176641;48078;25823;8;2
109190;-172539;47784;26080;8;2
111750;-190461;47944;24960;4;2
113075;-166467;48027;26459;1;2
111474;-195806;47927;24626;1;2
100988;-179301;47271;25657;8;2
121278;-174957;48539;25929;1;2
123481;-178623;48677;25700;2;2
114895;-168704;48140;26320;2;2
104971;-190774;47520;24940;1;2
101900;-182520;47328;25456;8;2
106853;-191212;47638;24913;1;2
114433;-181112;48112;25544;8;2
119864;-176690;48451;25820;2;2
104829;-187332;47511;25155;8;2
127696;-192883;48941;24808;4;2
125487;-187428;48802;25149;2;2
125754;-192827;48819;24812;2;2
121783;-167855;48571;26373;4;2
128048;-178233;48963;25724;1;2
117289;-170131;48290;26230;1;2
117541;-187345;48306;25154;2;2
109112;-189164;47779;25041;1;2
117225;-177702;48286;25757;2;2
113966;-166390;48082;26464;8;2
125036;-180893;48774;25558;2;2
109946;-175779;47831;25877;8;2
130436;-175101;49112;25920;4;2
109200;-192720;47785;24819;4;2
106801;-186722;47635;25193;8;2
107421;-167462;47673;26397;2;2
118905;-190017;48391;24987;4;2
122071;-179879;48589;25621;2;2
110584;-182155;47871;25479;2;2
108795;-174742;47759;25942;1;2
101779;-185423;47321;25275;8;2
116981;-167071;48271;26422;2;2
118047;-184198;48337;25351;2;2
120183;-186960;48471;25179;4;2
102631;-166759;47374;26441;2;2
123522;-166703;48680;26445;1;2
118383;-193269;48358;24784;4;2
122124;-186740;48592;25192;4;2
118319;-187754;48354;25129;1;2
102451;-166555;47363;26454;2;2
118378;-181616;48358;25513;8;2
117230;-169354;48286;26279;1;2
109795;-183110;47822;25419;1;2
115402;-187662;48172;25135;8;2
103248;-180441;47413;25586;8;2
115192;-170336;48159;26218;8;2
130967;-170609;49145;26200;4;2
122395;-170203;48609;26226;8;2
115515;-194104;48179;24732;2;2
117953;-164643;48332;26573;4;2
100390;-164771;47234;26565;1;2
129733;-168330;49068;26343;8;2
123884;-175858;48702;25872;2;2
112128;-194448;47968;24711;8;2
130336;-165968;49106;26491;2;2
116499;-192078;48241;24859;2;2
107821;-182993;47698;25426;1;2
121105;-165266;48529;26534;4;2
112491;-174350;47990;25967;1;2
113192;-191287;48034;24908;8;2
123696;-185814;48691;25250;1;2
107240;-169606;47662;26263;1;2
105524;-171043;47555;26173;4;2
116883;-191757;48265;24879;4;2
108070;-189810;47714;25000;8;2
121766;-171274;48570;26159;8;2
128038;-170489;48962;26208;2;2
121650;-190950;48563;24929;2;2
110763;-181086;47882;25546;8;2
106009;-181607;47585;25513;4;2
124543;-182647;48743;25448;2;2
120338;-165569;48481;26515;4;2
106826;-172191;47636;26102;1;2
110154;-195281;47844;24658;4;2
120862;-171507;48513;26144;2;2
117598;-172011;48309;26113;8;2
114102;-170052;48091;26235;2;2
110043;-177629;47837;25762;1;2
103735;-174934;47443;25930;8;2
107844;-191512;47700;24894;2;2
127998;-173692;48959;26008;2;2
117846;-180359;48325;25591;4;2
102075;-170748;47339;26192;1;2
109468;-180834;47801;25561;8;2
106574;-186270;47620;25222;8;2
109426;-193574;47799;24765;2;2
106393;-195533;47609;24643;2;2
107239;-192386;47662;24839;1;2
109688;-182595;47815;25451;4;2
114565;-163920;48120;26619;1;2
106722;-167823;47630;26375;2;2
112814;-187387;48010;25152;2;2
128020;-178874;48961;25684;1;2
112954;-196389;48019;24589;1;2
102580;-179549;47371;25642;1;2
110120;-174403;47842;25963;4;2
116425;-164614;48236;26575;4;2
128763;-166213;49007;26475;8;2
128359;-165004;48982;26551;1;2
106922;-172247;47642;26098;1;2
121805;-175828;48572;25874;1;2
108402;-178080;47735;25734;8;2
106149;-171394;47594;26151;4;2
121597;-196079;48559;24609;8;2
130181;-178735;49096;25693;4;2
104873;-172934;47514;26055;4;2
104131;-166624;47468;26450;8;2
128420;-165480;48986;26521;8;2
104713;-165214;47504;26538;8;2
114092;-178510;48090;25707;2;2
107397;-194875;47672;24684;8;2
126958;-173654;48894;26010;8;2
123505;-166183;48679;26477;8;2
105869;-178441;47576;25711;2;2
111860;-172634;47951;26074;4;2
99560;-183020;47182;25425;4;2
111460;-165158;47926;26541;1;2
123638;-169580;48687;26265;2;2
115585;-169800;48184;26251;1;2
116920;-187915;48267;25119;1;2
116496;-186476;48241;25209;8;2
123015;-182829;48648;25437;4;2
130722;-184789;49130;25314;2;2
113899;-187571;48078;25140;8;2
99629;-167623;47186;26387;1;2
107772;-187881;47695;25121;2;2
111080;-187297;47902;25157;2;2
105144;-186888;47531;25183;4;2
126823;-190424;48886;24962;8;2
104852;-167092;47513;26420;8;2
130036;-172995;49087;26051;8;2
108230;-184769;47724;25315;8;2
116547;-180728;48244;25568;2;2
122657;-176248;48626;25848;8;2
122614;-193151;48623;24792;2;2
104745;-189072;47506;25047;8;2
106336;-192293;47606;24845;2;2
122033;-192439;48587;24836;8;2
130998;-165842;49147;26498;4;2
110739;-176120;47881;25856;8;2
107170;-179704;47658;25632;2;2
122881;-172717;48640;26069;1;2
108114;-188355;47717;25091;2;2
104132;-164738;47468;26567;4;2
119453;-176651;48425;25823;1;2
130419;-171968;49111;26116;4;2
116114;-186000;48217;25239;8;2
127484;-166110;48927;26482;4;2
98965;-175821;47145;25875;1;2
115947;-169960;48206;26241;2;2
112836;-192640;48012;24824;8;2
129747;-165474;49069;26521;2;2
106684;-178179;47627;25727;8;2
103681;-170356;47440;26216;1;2
105011;-171159;47523;26166;1;2
116420;-170469;48236;26209;4;2
119439;-169789;48424;26252;8;2
125568;-192711;48808;24819;1;2
110143;-191007;47843;24926;4;2
108818;-187405;47761;25151;2;2
113954;-181934;48082;25493;4;2
114931;-195150;48143;24667;4;2
108442;-192616;47737;24825;4;2
127110;-178200;48904;25726;2;2
113593;-185421;48059;25275;2;2
112751;-180409;48006;25588;2;2
126135;-191224;48843;24912;1;2
120686;-170660;48502;26197;8;2
111976;-176262;47958;25847;4;2
125447;-185149;48800;25292;1;2
108931;-167411;47768;26400;2;2
110701;-190758;47878;24941;4;2
116689;-177125;48253;25793;8;2
100534;-180951;47243;25554;8;2
101142;-185775;47281;25253;2;2
127986;-177731;48959;25755;1;2
99666;-184128;47189;25356;4;2
105096;-190054;47528;24985;1;2
104170;-172189;47470;26102;2;2
112803;-184465;48010;25334;2;2
107450;-173551;47675;26017;1;2
120876;-191130;48514;24918;4;2
125324;-182242;48792;25473;2;2
103981;-175839;47458;25874;1;2
112306;-189994;47979;24989;1;2
115812;-165060;48198;26547;4;2
117242;-170472;48287;26209;1;2
100623;-172925;47248;26056;2;2
118226;-180171;48349;25603;1;2
110822;-176355;47886;25841;2;2
120631;-196135;48499;24605;2;2
123357;-164925;48669;26556;1;2
122228;-170540;48599;26205;4;2
127466;-191204;48926;24913;1;2
121480;-194737;48552;24692;8;2
122271;-165721;48601;26506;4;2
116807;-170447;48260;26211;1;2
113489;-165121;48053;26543;8;2
128979;-167095;49021;26420;2;2
124741;-184633;48756;25324;4;2
99722;-176093;47192;25858;4;2
129249;-176017;49038;25862;8;2
110540;-192168;47868;24853;1;2
118190;-180511;48346;25582;2;2
111460;-182154;47926;25479;1;2
126988;-180696;48896;25570;2;2
116775;-194275;48258;24721;4;2
119316;-177058;48417;25797;8;2
110029;-188292;47836;25095;1;2
106977;-196481;47646;24583;2;2
100027;-174797;47211;25939;1;2
110380;-172180;47858;26102;2;2
116948;-189424;48269;25025;1;2
105172;-173838;47533;25999;1;2
126684;-181971;48877;25490;8;2
125430;-166520;48799;26456;8;2
123108;-165669;48654;26509;2;2
102852;-177684;47388;25758;2;2
125962;-168094;48832;26358;4;2