124074;-181720;48714;25506;1;11
112281;-167178;47977;26415;4;11
110776;-168931;47883;26305;4;11
118680;-168166;48377;26353;2;11
108757;-167556;47757;26391;4;11
106867;-172517;47639;26081;2;11
109145;-169669;47781;26259;4;11
123271;-182385;48664;25464;1;11
113249;-170896;48038;26183;1;11
113901;-169204;48078;26288;8;11
124361;-173371;48732;26028;1;11
113045;-170474;48025;26209;2;11
107769;-176727;47695;25818;1;11
115586;-182361;48184;25466;1;11
110176;-170003;47846;26238;1;11
109010;-168262;47773;26347;8;11
119213;-168149;48410;26354;8;11
106707;-173419;47629;26025;4;11
115716;-183575;48192;25390;1;11
112304;-167915;47979;26369;2;11
107677;-172924;47689;26056;4;11
111097;-169087;47903;26296;8;11
106825;-175864;47636;25872;2;11
123183;-193908;48658;24744;4;11
116196;-178401;48222;25713;2;11
112479;-168143;47989;26355;8;11
110939;-169330;47893;26280;8;11
109825;-170063;47824;26235;2;11
125112;-173053;48779;26048;2;11
110417;-168246;47861;26348;2;11
113365;-170684;48045;26196;1;11
123557;-182049;48682;25485;2;11
111339;-168008;47918;26363;8;11
110005;-171135;47835;26168;1;11
111414;-169650;47923;26260;2;11
117851;-182447;48325;25461;8;11
114405;-178869;48110;25684;2;11
114601;-179330;48122;25655;8;11
106276;-175305;47602;25907;8;11
110695;-167570;47878;26390;8;11
112127;-166557;47967;26454;1;11
110417;-169489;47861;26270;8;11
113682;-169784;48065;26252;4;11
107095;-172632;47653;26074;1;11
107933;-165344;47705;26530;2;11
125327;-173172;48792;26040;4;11
109566;-169036;47807;26299;4;11
111636;-170003;47937;26238;1;11
110154;-168876;47844;26309;4;11
120813;-193557;48510;24766;1;11
109620;-168084;47811;26358;2;11
111388;-167534;47921;26393;2;11
119287;-182140;48415;25480;4;11
112264;-167614;47976;26388;1;11
124745;-173432;48756;26024;8;11
113755;-169787;48069;26252;1;11
107082;-173903;47652;25995;8;11
126195;-172667;48847;26072;2;11
110920;-170980;47892;26177;1;11
105902;-174409;47578;25963;4;11
116048;-178840;48213;25686;1;11
110970;-170039;47895;26236;4;11
109501;-165012;47803;26550;1;11
107578;-176470;47683;25834;8;11
125867;-172532;48826;26080;4;11
111905;-169155;47954;26291;1;11
116071;-178659;48214;25697;1;11
111479;-169076;47927;26296;2;11
109254;-170053;47788;26235;4;11
111581;-168151;47933;26354;4;11
116201;-183378;48222;25402;1;11
106336;-176789;47606;25814;4;11
113456;-171086;48051;26171;1;11
120306;-168598;48479;26326;4;11
109778;-168860;47821;26310;2;11
111220;-170390;47911;26214;8;11
105633;-173555;47562;26016;1;11
107949;-165167;47706;26541;2;11
111801;-167416;47947;26400;8;11
112169;-170758;47970;26191;4;11
109306;-170392;47791;26214;4;11
111906;-167926;47954;26368;4;11
124000;-174165;48710;25978;2;11
107593;-176399;47684;25839;2;11
106746;-173065;47631;26047;1;11
119523;-168488;48430;26333;1;11
111946;-170826;47956;26187;1;11
108458;-165621;47738;26512;8;11
116228;-177386;48224;25777;2;11
121062;-188354;48526;25091;4;11
125604;-172971;48810;26053;1;11
111517;-171128;47929;26168;1;11
110093;-169321;47840;26281;4;11
109785;-168981;47821;26302;8;11
106316;-173768;47604;26003;8;11
119952;-181846;48457;25498;1;11
109204;-169244;47785;26286;8;11
120754;-188125;48507;25106;8;11
108052;-165345;47713;26529;2;11
121372;-188302;48545;25095;1;11
110566;-170528;47870;26206;2;11
106170;-175180;47595;25915;1;11
113827;-169667;48074;26259;8;11
115548;-185195;48181;25289;8;11
107835;-176516;47699;25831;2;11
111974;-166637;47958;26449;8;11
110064;-168011;47839;26363;8;11
109307;-168657;47791;26322;2;11
128917;-194871;49017;24684;8;11
111875;-167084;47952;26421;2;11
106575;-175370;47620;25903;2;11
116848;-178644;48263;25698;1;11
111751;-166513;47944;26456;2;11
110247;-167474;47850;26396;8;11
108822;-165053;47761;26548;4;11
116969;-179400;48270;25651;2;11
107377;-172810;47671;26063;1;11
123485;-181822;48677;25500;2;11
113748;-169319;48069;26281;4;11
109992;-169533;47834;26268;8;11
112461;-168394;47988;26339;1;11
120576;-188603;48496;25076;2;11
119302;-168243;48416;26348;4;11
108603;-174113;47747;25981;8;11
112506;-175482;47991;25896;1;11
109952;-171025;47832;26174;8;11
106923;-173539;47642;26017;1;11
109429;-168640;47799;26324;8;11
111650;-167811;47938;26375;4;11
109010;-168826;47773;26312;8;11
110628;-168658;47874;26322;1;11
108800;-170267;47760;26222;2;11
117065;-180911;48276;25557;8;11
107576;-165432;47683;26524;2;11
114654;-178341;48125;25717;2;11
113115;-169400;48029;26276;4;11
108985;-168393;47771;26339;1;11
125291;-172581;48790;26077;4;11
115741;-182052;48193;25485;2;11
123487;-181742;48677;25505;2;11
108318;-165567;47729;26516;2;11
117373;-183721;48295;25381;1;11
113190;-169802;48034;26251;4;11
108709;-168820;47754;26312;1;11
111044;-169976;47900;26240;4;11
117166;-183292;48282;25408;2;11
113545;-169593;48056;26264;2;11
110853;-170310;47888;26219;4;11
115993;-181265;48209;25534;8;11
109945;-167762;47831;26378;1;11
109160;-165414;47782;26525;1;11
108667;-176029;47751;25862;2;11
118122;-171699;48342;26132;4;11
110918;-168002;47892;26363;1;11
111806;-168090;47947;26358;4;11
112700;-170097;48003;26232;4;11
109057;-168350;47776;26342;8;11
108883;-167677;47765;26384;4;11
119461;-168611;48426;26325;4;11
120762;-193584;48507;24765;4;11
109214;-175735;47785;25880;1;11
108715;-167700;47754;26382;4;11
108443;-173617;47737;26012;1;11
112620;-175247;47998;25911;1;11
110811;-169154;47885;26291;2;11
110763;-170721;47882;26193;8;11
111001;-167400;47897;26401;4;11
111468;-168624;47926;26325;4;11
115873;-183736;48202;25380;8;11
109526;-174767;47805;25941;4;11
124012;-174249;48710;25973;2;11
115480;-183441;48177;25398;1;11
116632;-184138;48249;25355;4;11
119766;-181857;48445;25497;2;11
111847;-167269;47950;26409;1;11
108230;-176217;47724;25850;2;11
109222;-168448;47786;26336;2;11
112202;-170688;47972;26196;2;11
113475;-171207;48052;26163;2;11
109874;-169616;47827;26263;4;11
128981;-194851;49021;24685;8;11
111545;-167425;47931;26399;4;11
110219;-169609;47848;26263;8;11
109581;-165604;47808;26513;8;11
117418;-183036;48298;25424;2;11
117391;-181613;48296;25513;2;11
113456;-169116;48051;26294;8;11
110519;-170497;47867;26207;4;11
110590;-167148;47871;26417;1;11
114392;-178773;48109;25690;8;11
112226;-167614;47974;26388;8;11
111869;-171053;47951;26173;4;11
110423;-170057;47861;26235;2;11
111646;-168675;47937;26321;2;11
108828;-175598;47761;25889;2;11
105918;-176661;47579;25822;1;11
117280;-183759;48290;25379;8;11
112235;-170401;47974;26213;2;11
110852;-167863;47888;26372;8;11
119255;-182130;48413;25480;2;11
109640;-169421;47812;26275;2;11
121055;-188450;48525;25085;4;11
111450;-170787;47925;26189;2;11
112842;-169115;48012;26294;4;11
118900;-168586;48391;26327;1;11
110150;-171080;47844;26171;4;11
110363;-165063;47857;26547;8;11
129840;-190808;49075;24938;1;11
112299;-167569;47978;26390;1;11
120870;-168246;48514;26348;8;11
108927;-168131;47767;26355;2;11
116748;-183890;48256;25370;8;11
123057;-175129;48651;25918;2;11
110167;-168167;47845;26353;4;11
125133;-172717;48780;26069;2;11
114576;-178870;48121;25684;1;11
113233;-169544;48037;26267;2;11
111707;-168955;47941;26304;1;11
126099;-172551;48841;26079;2;11
111609;-167006;47935;26426;2;11
112455;-167788;47988;26377;1;11
109638;-169673;47812;26259;8;11
123842;-181572;48700;25515;4;11
129933;-176882;49080;25808;1;11
116899;-195395;48266;24651;8;11
117157;-183040;48282;25424;4;11
112067;-170134;47964;26230;2;11
111917;-167635;47954;26386;2;11
107971;-176297;47708;25845;2;11
107914;-165235;47704;26536;8;11
115175;-176814;48158;25813;2;11
112060;-167106;47963;26419;1;11
118575;-168118;48370;26356;4;11
109986;-170600;47834;26201;1;11
112133;-167384;47968;26402;8;11
107570;-176578;47683;25827;2;11
111256;-166286;47913;26471;2;11
112264;-170708;47976;26194;2;11
116227;-184177;48224;25352;8;11
107416;-176123;47673;25856;2;11
109870;-174512;47826;25957;1;11
116467;-180076;48239;25609;1;11
115423;-176686;48173;25821;2;11
116067;-183882;48214;25371;2;11
110269;-170779;47851;26190;2;11
111873;-167836;47952;26374;2;11
109818;-169209;47823;26288;2;11
107556;-176293;47682;25845;1;11
115679;-182595;48189;25451;4;11
111882;-167735;47952;26380;2;11
110538;-168296;47868;26345;2;11
108967;-165656;47770;26510;8;11
106110;-173358;47591;26029;8;11
106285;-174187;47602;25977;8;11
111546;-167275;47931;26409;2;11
107167;-173923;47657;25993;4;11
106813;-172462;47635;26085;4;11
109733;-170771;47818;26190;8;11
111889;-168646;47953;26323;2;11
119378;-168405;48421;26338;8;11
110010;-169530;47835;26268;4;11
110842;-170367;47887;26216;1;11
110775;-167016;47883;26425;4;11
111546;-167292;47931;26408;4;11
110361;-171039;47857;26174;8;11
108365;-176216;47732;25850;8;11
111658;-167136;47938;26418;1;11
108254;-164865;47725;26559;1;11
112292;-169798;47978;26251;4;11
106206;-175161;47597;25916;1;11
116085;-180313;48215;25594;1;11
114544;-178661;48119;25697;2;11
115155;-179401;48157;25651;1;11
112256;-170388;47976;26214;2;11
114513;-177419;48117;25775;1;11
114572;-178427;48120;25712;2;11
123518;-166748;48679;26442;1;11
109695;-169775;47815;26253;1;11
116545;-180043;48244;25611;2;11
116272;-184293;48227;25345;1;11
113173;-170464;48033;26210;1;11
107257;-176138;47663;25855;4;11
125817;-173187;48823;26039;8;11
121522;-168523;48555;26331;2;11
112225;-170865;47974;26184;4;11
110530;-170232;47868;26224;2;11
113527;-169726;48055;26256;8;11
112250;-169268;47975;26284;1;11
112256;-168232;47976;26349;2;11
106690;-176994;47628;25801;2;11
112441;-170338;47987;26217;1;11
112719;-170417;48004;26212;2;11
120909;-168370;48516;26340;4;11
115403;-177394;48172;25776;8;11
109557;-169084;47807;26296;4;11
109907;-167557;47829;26391;2;11
109362;-168100;47795;26357;1;11
107667;-172563;47689;26078;4;11
106004;-174069;47585;25984;8;11
108928;-169333;47768;26280;4;11
108066;-165037;47714;26549;2;11
109087;-169201;47777;26288;8;11
123980;-173613;48708;26013;1;11
107822;-176788;47698;25814;4;11
123523;-181435;48680;25524;4;11
130503;-193075;49116;24796;2;11
116132;-185118;48218;25294;8;11
116635;-194119;48249;24731;8;11
110546;-169756;47869;26254;8;11
111239;-169018;47912;26300;2;11
115746;-183186;48194;25414;2;11
107134;-176310;47655;25844;8;11
112364;-169919;47982;26244;4;11
109064;-171116;47776;26169;1;11
106763;-176916;47632;25806;8;11
124606;-173555;48747;26016;2;11
108776;-169405;47758;26276;4;11
111152;-166575;47907;26453;4;11
114992;-179912;48147;25619;8;11
109980;-170819;47833;26187;2;11
109907;-164920;47829;26556;8;11
111430;-170043;47924;26236;4;11
125359;-173647;48794;26011;1;11
110983;-167914;47896;26369;2;11
106243;-176871;47600;25809;8;11
108197;-174297;47722;25970;2;11
109731;-177033;47818;25799;1;11
105624;-173779;47561;26002;2;11
123865;-181806;48701;25501;4;11
110053;-168763;47838;26316;1;11
111588;-169307;47934;26282;8;11
108977;-168651;47771;26323;8;11
109445;-176913;47800;25806;4;11
109920;-168921;47830;26306;4;11
115325;-182826;48167;25437;4;11
116890;-183663;48265;25385;2;11
108740;-165682;47756;26508;1;11
116655;-183637;48250;25386;8;11
121497;-168208;48553;26351;4;11
111710;-166638;47941;26449;2;11
117259;-181337;48288;25530;8;11
111641;-170739;47937;26192;4;11
108763;-165173;47757;26540;1;11
106378;-175538;47608;25892;1;11
116910;-180196;48266;25601;8;11
112182;-170431;47971;26212;4;11
111661;-166960;47938;26429;4;11
124409;-174051;48735;25985;4;11
109846;-169662;47825;26260;2;11
111169;-170985;47908;26177;1;11
110896;-169754;47891;26254;2;11
123938;-181481;48706;25521;8;11
108834;-173883;47762;25996;4;11
110066;-165741;47839;26505;1;11
114487;-178478;48115;25709;8;11
119388;-168012;48421;26363;8;11
107784;-176908;47696;25807;4;11
107823;-173974;47698;25990;1;11
109016;-167580;47773;26390;4;11
109221;-175582;47786;25890;8;11
113061;-170049;48026;26235;8;11
109445;-168911;47800;26307;2;11
110173;-170415;47845;26213;1;11
120473;-168613;48489;26325;2;11
108375;-176281;47733;25846;8;11
124162;-174001;48720;25988;1;11
113756;-171077;48069;26171;4;11
113277;-169201;48039;26288;2;11
113234;-169931;48037;26243;1;11
110892;-167042;47890;26423;4;11
111851;-169051;47950;26298;1;11
109630;-174551;47811;25954;1;11
111903;-168985;47953;26302;1;11
108856;-168925;47763;26306;1;11
109480;-165179;47802;26540;8;11
113190;-169611;48034;26263;8;11
127777;-195526;48946;24643;1;11
115829;-183378;48199;25402;8;11
118406;-168226;48360;26349;8;11
111427;-169419;47924;26275;2;11
111490;-171133;47928;26168;2;11
112249;-167922;47975;26368;1;11
116910;-183797;48266;25376;8;11
111539;-168690;47931;26320;4;11
109210;-168487;47785;26333;4;11
106738;-173150;47631;26042;8;11
129281;-181063;49040;25547;8;11
115848;-177503;48200;25770;8;11
124247;-173475;48725;26021;2;11
110411;-167685;47860;26383;4;11
112209;-167501;47973;26395;8;11
119508;-168098;48429;26357;8;11
116167;-177812;48220;25750;4;11
109198;-165443;47784;26523;2;11
108779;-176010;47758;25863;8;11
120500;-168587;48491;26327;1;11
107240;-176433;47662;25836;4;11
117846;-182194;48325;25476;1;11
110936;-169979;47893;26240;2;11
110963;-170989;47895;26177;8;11
111574;-167505;47933;26394;1;11
112611;-169957;47998;26241;8;11
106008;-173403;47585;26026;4;11
106272;-174060;47602;25985;1;11
111082;-168287;47902;26346;4;11
112145;-168184;47969;26352;4;11
112206;-167457;47972;26397;4;11
108728;-168696;47755;26320;4;11
123870;-174290;48701;25970;4;11
109780;-168623;47821;26325;1;11
120029;-168400;48461;26339;2;11
106041;-172756;47587;26066;2;11
112101;-166847;47966;26436;2;11
112139;-169492;47968;26270;4;11
108951;-175342;47769;25905;8;11
120054;-181256;48463;25535;4;11
111667;-170538;47939;26205;4;11
107107;-172667;47654;26072;8;11
114530;-178628;48118;25699;4;11
111157;-167830;47907;26374;8;11
117209;-166304;48285;26470;8;11
125010;-173257;48773;26035;2;11
109890;-165689;47828;26508;8;11
109185;-168355;47784;26341;1;11
121630;-168560;48561;26329;4;11
114711;-179265;48129;25659;1;11
125780;-173162;48821;26041;2;11
109557;-174604;47807;25951;1;11
111131;-168723;47905;26318;4;11
107293;-176009;47665;25863;1;11
107684;-176299;47690;25845;1;11
121449;-188647;48550;25073;8;11
117111;-179587;48279;25639;4;11
110551;-168797;47869;26314;2;11
109207;-168570;47785;26328;8;11
110280;-167618;47852;26387;4;11
111953;-166427;47957;26462;8;11
111199;-170806;47909;26188;1;11
109216;-175821;47786;25875;1;11
112371;-167806;47983;26376;2;11
116596;-184110;48247;25357;1;11
107657;-172900;47688;26057;1;11
124698;-174204;48753;25976;1;11
116964;-183795;48270;25376;2;11
115818;-181318;48198;25531;2;11
110281;-167919;47852;26369;4;11
107963;-174093;47707;25983;8;11
119937;-168704;48456;26320;1;11
123293;-193990;48665;24739;8;11
112240;-167690;47975;26383;4;11
114943;-175905;48143;25869;1;11
121386;-188653;48546;25073;8;11
111831;-168329;47949;26343;1;11
107968;-172647;47708;26073;2;11
119250;-168136;48413;26355;2;11
110443;-169794;47862;26251;1;11
109021;-176598;47773;25826;4;11
108894;-165083;47765;26546;8;11
111056;-166855;47901;26435;2;11
110378;-169475;47858;26271;1;11
117072;-181070;48277;25547;2;11
108331;-164998;47730;26551;8;11
108165;-165052;47720;26548;1;11
107821;-172691;47698;26070;2;11
115262;-179901;48163;25620;2;11
108704;-174190;47754;25977;2;11
114895;-179535;48140;25643;4;11
121040;-168372;48525;26340;4;11
106484;-174904;47615;25932;4;11
110726;-168231;47880;26349;4;11
115924;-177978;48205;25740;8;11
124074;-181511;48714;25519;2;11
109617;-165147;47811;26542;4;11
105995;-173799;47584;26001;1;11
111205;-167906;47910;26369;2;11
109612;-165181;47810;26540;8;11
113715;-169153;48067;26291;2;11
110781;-167977;47883;26365;1;11
111597;-170688;47934;26196;2;11
118411;-171283;48360;26158;2;11
121354;-188318;48544;25094;4;11
125624;-173304;48811;26032;1;11
111080;-169791;47902;26252;2;11
106230;-172933;47599;26055;8;11
125869;-173080;48826;26046;8;11
109239;-169113;47787;26294;8;11
111559;-171050;47932;26173;2;11
120416;-182086;48486;25483;2;11
115821;-183888;48198;25371;1;11
114645;-178587;48125;25702;1;11
112200;-170619;47972;26200;2;11
108469;-174168;47739;25978;2;11
111224;-169839;47911;26249;4;11
111495;-170051;47928;26235;4;11
108636;-164904;47749;26557;2;11
106264;-174703;47601;25945;1;11
108078;-176533;47714;25830;1;11
121331;-168213;48543;26350;2;11
110966;-169414;47895;26275;2;11
117044;-182092;48275;25483;8;11
105785;-172729;47571;26068;2;11
109540;-165146;47806;26542;2;11
110125;-169917;47842;26244;2;11
114710;-179303;48129;25657;1;11
115212;-184171;48160;25353;2;11
110896;-169787;47891;26252;4;11
109690;-170033;47815;26236;2;11
109414;-168290;47798;26345;4;11
111596;-167462;47934;26397;4;11
125027;-173236;48774;26036;8;11
120983;-188928;48521;25056;1;11
117056;-179918;48276;25619;2;11
125630;-172371;48811;26090;1;11
114319;-178561;48104;25703;4;11
109004;-165113;47772;26544;2;11
110348;-170084;47856;26233;4;11
123796;-181594;48697;25514;8;11
109036;-167973;47774;26365;2;11
107232;-176386;47662;25839;1;11
113616;-170562;48061;26203;8;11
114977;-180026;48146;25612;4;11
108779;-169175;47758;26290;1;11
117399;-178839;48297;25686;4;11
111586;-167171;47934;26415;8;11
110722;-167967;47880;26366;1;11
117447;-182945;48300;25429;8;11
116337;-180226;48231;25599;2;11
111186;-168316;47909;26344;8;11
124067;-173531;48714;26018;1;11
110941;-168507;47893;26332;4;11
111082;-167176;47902;26415;1;11
116093;-178681;48215;25696;8;11
108903;-167834;47766;26374;2;11
125256;-172769;48788;26065;2;11
110412;-168039;47860;26361;8;11
111755;-168372;47944;26340;1;11
116127;-183708;48217;25382;8;11
113400;-171194;48047;26164;1;11
110906;-168085;47891;26358;1;11
115803;-183095;48197;25420;1;11
110815;-170329;47885;26218;2;11
108671;-165659;47751;26510;2;11
112746;-170315;48006;26219;1;11
109913;-167579;47829;26390;4;11
109966;-168850;47832;26310;1;11
112296;-169776;47978;26253;2;11
119679;-168559;48439;26329;1;11
111716;-166855;47942;26435;4;11
111464;-168885;47926;26308;8;11
111408;-166556;47923;26454;8;11
116080;-181077;48215;25546;1;11
117141;-181794;48281;25501;4;11
107832;-172281;47699;26096;8;11
109395;-167950;47797;26367;1;11
112123;-167368;47967;26403;8;11
111059;-170968;47901;26178;2;11
109821;-170139;47823;26230;2;11
124007;-181258;48710;25535;8;11
110362;-168796;47857;26314;1;11
110736;-171105;47881;26169;1;11
114708;-179626;48129;25637;4;11
111120;-170715;47905;26194;4;11
123865;-181482;48701;25521;1;11
119586;-182095;48434;25483;1;11
109133;-169624;47780;26262;1;11
106142;-172883;47593;26058;1;11
123797;-174434;48697;25961;1;11
117803;-182334;48322;25468;4;11
120635;-168198;48499;26351;4;11
112245;-167703;47975;26382;4;11
107018;-176360;47648;25841;1;11
114860;-176835;48138;25811;2;11
109668;-165133;47814;26543;2;11
125041;-173868;48775;25997;1;11
116328;-177918;48230;25744;8;11
116780;-166044;48258;26486;8;11
110672;-167417;47877;26400;1;11
117502;-180619;48303;25575;8;11
109069;-167766;47776;26378;4;11
112394;-168131;47984;26355;4;11
121180;-168247;48533;26348;4;11
108933;-175708;47768;25882;2;11
109979;-169724;47833;26256;1;11
111066;-166703;47901;26445;8;11
113041;-170774;48025;26190;4;11
116061;-178940;48213;25680;1;11
108829;-168742;47761;26317;4;11
115675;-181023;48189;25550;8;11
114870;-179350;48139;25654;8;11
115599;-177350;48184;25779;8;11
108547;-174455;47744;25960;2;11
123791;-181787;48696;25502;1;11
109140;-171021;47781;26175;1;11
109437;-167815;47799;26375;8;11
118867;-168187;48389;26352;8;11
119184;-182022;48409;25487;2;11
119230;-182050;48411;25485;2;11
106956;-173481;47644;26021;4;11
113899;-170854;48078;26185;1;11
116572;-184262;48245;25347;8;11
110620;-170352;47873;26217;4;11
107534;-176703;47680;25820;1;11
108460;-171499;47738;26145;2;11
123305;-175237;48666;25911;8;11
119518;-167036;48429;26424;4;11
106529;-175089;47618;25920;1;11
120767;-168402;48507;26338;1;11
109977;-170052;47833;26235;4;11
108969;-165238;47770;26536;1;11
110429;-167442;47861;26398;2;11
110877;-167715;47889;26381;1;11
109010;-176691;47773;25820;4;11
115714;-177652;48192;25760;2;11
109950;-169854;47831;26248;2;11
107446;-176259;47675;25847;8;11
108793;-167653;47759;26385;8;11
127490;-185797;48928;25251;1;11
111815;-170719;47948;26194;4;11
117166;-181138;48282;25542;1;11
110793;-169581;47884;26265;2;11
123259;-193082;48663;24796;8;11
119059;-168604;48401;26326;1;11
115109;-180015;48154;25613;1;11
108774;-170235;47758;26224;2;11
111125;-166721;47905;26443;4;11
113560;-171095;48057;26170;8;11
113811;-169506;48073;26269;1;11
115919;-177929;48204;25743;1;11
111253;-167359;47913;26404;4;11
108043;-172546;47712;26079;1;11
117257;-181283;48288;25533;4;11
123612;-174378;48685;25965;2;11
110010;-170667;47835;26197;2;11
109923;-167872;47830;26372;8;11
111423;-169768;47923;26253;8;11
111292;-167127;47915;26418;4;11
109505;-170526;47804;26206;2;11
123400;-174389;48672;25964;4;11
108951;-165087;47769;26546;8;11
112576;-169970;47996;26240;4;11
119279;-182235;48414;25474;2;11
108103;-174015;47716;25988;2;11
109159;-170022;47782;26237;4;11
113839;-169332;48074;26280;4;11
125477;-173411;48802;26025;1;11
115932;-181147;48205;25542;8;11
110710;-168994;47879;26301;2;11
113162;-170857;48032;26185;1;11
111859;-170274;47951;26221;4;11
109763;-169919;47820;26244;8;11
109544;-169974;47806;26240;8;11
116129;-178714;48218;25694;2;11
109313;-176981;47792;25802;8;11
110428;-170442;47861;26211;8;11
112106;-170900;47966;26182;4;11
123738;-174244;48693;25973;4;11
109048;-170133;47775;26230;2;11
123648;-181363;48688;25528;4;11
112644;-170835;48000;26186;4;11
114741;-178613;48131;25700;2;11
106954;-176511;47644;25832;8;11
109015;-165751;47773;26504;8;11
111297;-167287;47916;26408;1;11
112411;-170310;47985;26219;8;11
115485;-182151;48177;25479;2;11
111171;-167722;47908;26381;4;11
114797;-179308;48134;25657;8;11
110883;-170317;47890;26219;1;11
123510;-181562;48679;25516;2;11
113622;-170272;48061;26222;4;11
120294;-182172;48478;25478;4;11
121365;-188566;48545;25078;1;11
112402;-168950;47985;26304;4;11
111153;-167517;47907;26394;1;11
109459;-165687;47801;26508;8;11
116611;-194395;48248;24714;8;11
120080;-181800;48465;25501;2;11
109989;-170292;47834;26220;2;11
115893;-178642;48203;25698;8;11
116862;-183893;48263;25370;8;11
115944;-178831;48206;25687;1;11
112038;-167880;47962;26371;1;11
123888;-174755;48703;25941;2;11
116577;-175315;48246;25906;4;11
115786;-182955;48196;25429;8;11
110974;-167436;47895;26399;4;11
123223;-193427;48661;24774;1;11
116703;-183978;48253;25365;2;11
106779;-176013;47633;25863;4;11
113179;-169451;48033;26273;4;11
106493;-172976;47615;26053;2;11
109835;-174484;47824;25958;8;11
117742;-182490;48318;25458;2;11
116641;-184005;48250;25363;8;11
110200;-167694;47847;26383;4;11
114597;-177664;48122;25760;8;11
115897;-183550;48203;25392;2;11
110219;-168598;47848;26326;2;11
106279;-174260;47602;25972;8;11
109520;-168092;47805;26358;1;11
111506;-167225;47929;26412;1;11
110567;-168440;47870;26336;1;11
116866;-183580;48264;25390;2;11
109374;-168317;47795;26344;1;11
116364;-177651;48232;25760;8;11
116256;-181121;48226;25543;1;11
109069;-167476;47776;26396;1;11
108924;-164989;47767;26552;4;11
109846;-167971;47825;26365;1;11
115370;-176815;48170;25813;2;11
117292;-178621;48290;25700;4;11
117382;-182883;48296;25433;2;11
123828;-181635;48699;25511;4;11
109533;-168143;47805;26355;1;11
109062;-168817;47776;26312;4;11
117129;-181980;48280;25490;2;11
123499;-181254;48678;25535;2;11
123526;-174851;48680;25935;8;11
106450;-176871;47613;25809;8;11
120173;-181965;48470;25491;2;11
112941;-170479;48018;26209;4;11
113649;-170823;48063;26187;2;11
115074;-176812;48152;25813;4;11
111652;-167470;47938;26397;4;11
108939;-165433;47768;26524;4;11
115282;-182098;48165;25482;8;11
108436;-176543;47737;25830;2;11
108490;-173746;47740;26004;2;11
125123;-173540;48780;26017;8;11
108702;-170171;47753;26228;1;11
105581;-174891;47558;25933;2;11
124644;-174032;48750;25987;4;11
109678;-168897;47814;26307;1;11
111976;-168639;47958;26324;8;11
119359;-167904;48419;26370;1;11
109714;-165044;47817;26548;1;11
110596;-169231;47872;26287;4;11
117005;-179474;48272;25646;1;11
110551;-168692;47869;26320;2;11
110103;-165110;47841;26544;8;11
109435;-168872;47799;26309;8;11
110146;-168774;47844;26315;1;11
112085;-167599;47965;26389;1;11
109199;-169833;47784;26249;8;11
109065;-175850;47776;25873;4;11
109866;-171106;47826;26169;1;11
105905;-174046;47579;25986;1;11
115903;-171776;48203;26128;4;11
113484;-169806;48052;26251;4;11
111387;-168067;47921;26359;8;11
112761;-171007;48007;26176;8;11
113427;-170194;48049;26226;8;11
111797;-169917;47947;26244;4;11
109809;-169957;47823;26241;8;11
116978;-166136;48271;26480;8;11
108418;-176201;47736;25851;1;11
109495;-174645;47803;25948;4;11
112263;-169539;47976;26267;1;11
124037;-173931;48712;25993;1;11
111707;-167156;47941;26416;1;11
108557;-176496;47744;25833;4;11
115817;-177327;48198;25781;4;11
115665;-183300;48189;25407;8;11
109640;-174629;47812;25949;1;11
109162;-170002;47782;26238;4;11
115958;-181533;48207;25518;4;11
123924;-174283;48705;25971;1;11
110415;-168381;47860;26340;4;11
111061;-168132;47901;26355;4;11
111752;-167579;47944;26390;2;11
111172;-167157;47908;26416;2;11
110962;-167346;47895;26404;1;11
108049;-172777;47713;26065;2;11
116275;-179944;48227;25617;8;11
109514;-169505;47804;26269;8;11
108862;-170854;47763;26185;2;11
124598;-173904;48747;25995;1;11
114361;-178480;48107;25709;1;11
112484;-167854;47990;26373;4;11
112441;-170463;47987;26210;2;11
114701;-177721;48128;25756;1;11
112010;-169863;47960;26247;1;11
113607;-169606;48060;26263;8;11
112828;-170556;48011;26204;4;11
109557;-168065;47807;26359;8;11
106889;-174011;47640;25988;4;11
109361;-168516;47795;26331;1;11
109394;-171017;47797;26175;4;11
117771;-182288;48320;25471;2;11
123369;-175204;48670;25913;4;11
112628;-169207;47999;26288;2;11
112641;-169667;48000;26259;2;11
108676;-170778;47752;26190;1;11
109731;-169434;47818;26274;1;11
108831;-165734;47761;26505;4;11
109844;-169871;47825;26247;1;11
108008;-172431;47710;26087;2;11
118786;-168305;48384;26344;2;11
115857;-183880;48201;25371;1;11
123884;-182392;48702;25464;8;11
115628;-182274;48186;25471;4;11
110666;-168170;47876;26353;1;11
120776;-188220;48508;25100;8;11
107798;-172296;47697;26095;1;11
107190;-172715;47659;26069;2;11
128857;-194860;49013;24685;8;11
108116;-165663;47717;26510;8;11
109140;-176580;47781;25827;2;11
112275;-167018;47977;26425;1;11
109334;-176897;47793;25807;1;11
113271;-170553;48039;26204;1;11
111982;-170703;47958;26195;2;11
123490;-166427;48678;26462;2;11
125057;-173804;48776;26001;8;11
111776;-170669;47946;26197;2;11
110743;-167926;47881;26368;2;11
110485;-170363;47865;26216;8;11
117010;-183053;48273;25423;4;11
111426;-170767;47924;26191;4;11
111338;-166406;47918;26463;1;11
119866;-181915;48451;25494;2;11
113524;-170226;48055;26224;8;11
109291;-168272;47790;26347;8;11
121542;-168538;48556;26330;4;11
108678;-165430;47752;26524;1;11
109311;-167596;47791;26389;4;11
109386;-174742;47796;25942;8;11
119267;-168139;48414;26355;1;11
108687;-167721;47752;26381;4;11
125276;-173538;48789;26017;4;11
110444;-170343;47862;26217;4;11
126498;-172595;48866;26076;1;11
108874;-165021;47764;26550;8;11
109136;-165074;47781;26546;8;11
109534;-168944;47805;26305;2;11
111912;-167880;47954;26371;1;11
112657;-170883;48001;26183;2;11
112071;-168394;47964;26339;2;11
106337;-174922;47606;25931;2;11
112160;-171122;47970;26168;8;11
109785;-169532;47821;26268;8;11
114233;-178465;48099;25709;8;11
108948;-165166;47769;26541;1;11
108192;-176233;47722;25849;4;11
115953;-177899;48207;25745;1;11
115393;-182700;48172;25445;4;11
107129;-172844;47655;26061;2;11
110673;-169524;47877;26268;2;11
111143;-170301;47906;26220;4;11
111140;-167414;47906;26400;4;11
106112;-173966;47592;25991;1;11
105864;-173968;47576;25991;2;11
123156;-193732;48657;24755;8;11
110898;-168097;47891;26357;1;11
111460;-167945;47926;26367;1;11
112043;-169800;47962;26251;2;11
109908;-165215;47829;26538;4;11
116959;-179206;48269;25663;2;11
119883;-168418;48452;26337;4;11
121650;-168220;48563;26350;2;11
111247;-167460;47912;26397;4;11
123738;-166808;48693;26438;8;11
125184;-173024;48784;26050;4;11
111258;-169175;47913;26290;8;11
109581;-169917;47808;26244;2;11
113359;-169885;48044;26246;2;11
107849;-176666;47700;25822;8;11
109660;-165444;47813;26523;4;11
115552;-185090;48182;25295;2;11
110834;-167914;47887;26369;1;11
112114;-167473;47967;26396;1;11
111393;-166370;47922;26465;8;11
118902;-168586;48391;26327;4;11
106762;-175687;47632;25883;8;11
117259;-180445;48288;25586;8;11
123626;-174832;48686;25937;4;11
125039;-172997;48774;26051;4;11
115044;-179979;48150;25615;1;11
115894;-181718;48203;25506;2;11
109481;-165424;47802;26525;2;11
115741;-177375;48193;25778;4;11
116382;-177428;48233;25774;8;11
111804;-168987;47947;26302;4;11
112029;-167152;47961;26417;1;11
114604;-179328;48122;25656;4;11
108521;-165170;47742;26540;2;11
125398;-173545;48797;26017;2;11
111553;-168576;47932;26328;2;11
119836;-168402;48449;26338;1;11
106304;-172674;47604;26071;4;11
109739;-168857;47818;26310;8;11
110863;-168131;47888;26355;1;11
109107;-165391;47779;26527;1;11
116413;-177247;48235;25786;2;11
108772;-168077;47758;26359;4;11
111657;-168213;47938;26350;8;11
110943;-168337;47893;26342;1;11
112764;-169471;48007;26272;2;11
111725;-170344;47942;26217;8;11
111450;-166948;47925;26429;8;11
111288;-168890;47915;26308;8;11
117095;-183928;48278;25368;8;11
106672;-175493;47627;25895;2;11
125699;-173205;48816;26038;2;11
112280;-167987;47977;26364;8;11
117101;-180149;48278;25604;8;11
109743;-176853;47818;25810;8;11
106812;-173128;47635;26043;2;11
111684;-168310;47940;26344;4;11
124012;-174418;48710;25962;2;11
114586;-178091;48121;25733;8;11
109064;-176603;47776;25826;1;11
112244;-168537;47975;26330;2;11
123686;-181610;48690;25513;8;11
108711;-165133;47754;26543;4;11
111260;-168102;47913;26357;8;11
116420;-178673;48236;25696;4;11
110506;-167598;47866;26389;4;11
110537;-167929;47868;26368;1;11
120992;-168561;48522;26328;1;11
116273;-180003;48227;25613;4;11
106924;-173526;47642;26018;8;11
123825;-174429;48699;25962;1;11
115713;-183329;48192;25405;2;11
117416;-180097;48298;25607;8;11
116850;-183677;48263;25384;1;11
106282;-175049;47602;25923;4;11
115967;-177861;48207;25747;4;11
124217;-174303;48723;25970;8;11
112887;-170365;48015;26216;2;11
125209;-173646;48785;26011;8;11
112255;-167832;47975;26374;2;11
112051;-166951;47963;26429;1;11
110504;-167202;47866;26413;4;11
123974;-174161;48708;25978;4;11
107583;-172569;47683;26078;4;11
112353;-169421;47982;26275;4;11
111502;-167825;47928;26374;4;11
108026;-173866;47711;25997;1;11
108785;-169392;47759;26277;1;11
117235;-182575;48287;25453;8;11
113511;-171250;48054;26160;1;11
106843;-175776;47637;25878;8;11
111228;-168101;47911;26357;8;11
110772;-167259;47883;26410;8;11
107289;-172974;47665;26053;8;11
106297;-176643;47603;25823;2;11
116837;-184284;48262;25346;2;11
124313;-174295;48729;25970;8;11
123668;-174351;48689;25967;1;11
115329;-177359;48168;25779;8;11
118588;-168475;48371;26334;2;11
108914;-168811;47767;26313;4;11
117175;-179924;48283;25618;8;11
116924;-183928;48267;25368;1;11
108757;-169156;47757;26291;4;11
109375;-167650;47795;26385;2;11
109204;-170234;47785;26224;8;11
110025;-169307;47836;26282;1;11
123425;-174674;48674;25946;8;11
115923;-178616;48205;25700;8;11
110903;-170826;47891;26187;4;11
117105;-166299;48279;26470;1;11
116959;-178978;48269;25677;2;11
117104;-178972;48279;25678;2;11
123488;-166683;48678;26446;1;11
112420;-169653;47986;26260;1;11
106549;-175676;47619;25884;8;11
112190;-170279;47971;26221;1;11
121101;-168280;48528;26346;8;11
123204;-193368;48660;24778;8;11
118590;-168628;48371;26324;4;11
110927;-170943;47892;26180;4;11
116979;-166354;48271;26466;8;11
120773;-188376;48508;25090;1;11
114902;-180159;48141;25604;4;11
117353;-181413;48294;25525;4;11
111651;-169895;47938;26245;4;11
108410;-165192;47735;26539;4;11
109351;-169058;47794;26297;1;11
111627;-168667;47936;26322;1;11
110800;-169557;47885;26266;1;11
125369;-173563;48795;26016;8;11
112606;-169585;47997;26264;8;11
110860;-169110;47888;26294;2;11
124104;-181348;48716;25529;1;11
115676;-181040;48189;25549;1;11
106002;-176796;47585;25814;8;11
108156;-176734;47719;25818;1;11
109763;-165399;47820;26526;4;11
119333;-166969;48418;26428;1;11
110196;-170999;47847;26176;4;11
108396;-173796;47734;26001;4;11
123692;-181583;48690;25515;2;11
109600;-167739;47810;26380;4;11
110222;-170767;47848;26191;1;11
125926;-172359;48830;26091;8;11
114458;-178078;48113;25734;8;11
120620;-168306;48498;26344;8;11
113372;-169872;48045;26247;8;11
107349;-176004;47669;25863;4;11
105870;-173542;47576;26017;1;11
106306;-172575;47604;26078;4;11
123463;-181724;48676;25506;4;11
108284;-165103;47727;26545;2;11
109078;-175486;47777;25896;1;11
116909;-183468;48266;25397;4;11
107084;-173952;47652;25992;4;11
109837;-169146;47824;26292;4;11
109751;-170016;47819;26238;2;11
106552;-173209;47619;26038;4;11
108761;-170666;47757;26197;8;11
114610;-177272;48123;25784;2;11
110461;-169251;47863;26285;2;11
114639;-177768;48124;25753;4;11
111920;-167868;47955;26372;4;11
111700;-166206;47941;26476;2;11
108836;-171022;47762;26175;4;11
129686;-191022;49065;24925;8;11
111210;-167741;47910;26380;8;11
110679;-168723;47877;26318;8;11
119048;-168334;48400;26343;2;11
118882;-168112;48390;26357;8;11
125565;-173438;48807;26024;4;11
108626;-165417;47749;26525;4;11
111975;-169743;47958;26255;8;11
108579;-174225;47746;25974;1;11
113621;-170421;48061;26212;4;11
110351;-168442;47856;26336;8;11
109446;-170885;47800;26183;8;11
110977;-170617;47896;26200;8;11
121022;-188833;48523;25061;4;11
106447;-173100;47612;26045;8;11
109599;-176899;47809;25807;2;11
113324;-170095;48042;26233;8;11
120500;-168460;48491;26335;4;11
106082;-176821;47590;25812;2;11
105649;-174908;47563;25932;2;11
116649;-194135;48250;24730;1;11
106621;-175499;47623;25895;1;11
111882;-168897;47952;26307;8;11
113908;-170206;48079;26226;2;11
105961;-173732;47582;26005;4;11
111797;-168473;47947;26334;8;11
117241;-179176;48287;25665;8;11
116846;-166345;48262;26467;8;11
108863;-170872;47763;26184;2;11
113424;-169190;48049;26289;1;11
125245;-172914;48787;26056;8;11
113842;-170548;48075;26204;2;11
125833;-172961;48824;26053;4;11
111891;-167502;47953;26395;2;11
116090;-180922;48215;25556;4;11
108293;-176348;47728;25842;4;11
109838;-169878;47824;26246;2;11
129468;-194171;49051;24728;8;11
108400;-165159;47735;26541;8;11
111570;-170808;47933;26188;4;11
112379;-170233;47983;26224;4;11
120063;-168538;48463;26330;1;11
111571;-166792;47933;26439;2;11
123362;-175244;48670;25911;2;11
106292;-176665;47603;25822;1;11
109400;-176533;47797;25830;2;11
110480;-167523;47865;26393;2;11
108160;-174441;47720;25961;1;11
112133;-167667;47968;26384;1;11
109973;-169288;47833;26283;1;11
110427;-167467;47861;26397;2;11
111359;-167363;47919;26403;2;11
115736;-177375;48193;25778;2;11
110986;-167630;47896;26387;8;11
111178;-168459;47908;26335;8;11
123993;-174190;48709;25977;4;11
115014;-177529;48148;25768;4;11
108618;-165200;47748;26539;2;11
111629;-168203;47936;26351;8;11
125912;-172870;48829;26059;1;11
116956;-179235;48269;25661;8;11
117860;-182682;48326;25446;1;11
116860;-166332;48263;26468;8;11
114360;-178116;48107;25731;2;11
108898;-167966;47766;26366;1;11
113542;-169982;48056;26240;1;11
111745;-166922;47944;26431;8;11
106021;-174936;47586;25930;8;11
109342;-169225;47793;26287;1;11
117260;-180237;48288;25599;8;11
105887;-176711;47577;25819;1;11
120641;-168544;48500;26330;2;11
117653;-182155;48313;25479;2;11
108323;-174409;47730;25963;2;11
111882;-166574;47952;26453;1;11
111220;-169167;47911;26291;1;11
111169;-168038;47908;26361;2;11
106276;-174668;47602;25947;4;11
110071;-169016;47839;26300;2;11
107555;-177129;47682;25793;4;11
113785;-169321;48071;26281;8;11
117340;-181275;48293;25534;2;11
111771;-166889;47945;26433;1;11
108958;-176195;47769;25851;2;11
117347;-180064;48294;25610;2;11
112248;-170822;47975;26187;2;11
112649;-169522;48000;26268;1;11
105904;-173525;47579;26018;1;11
106976;-177271;47646;25784;4;11
124019;-173891;48711;25995;1;11
109109;-165199;47779;26539;4;11
120839;-168326;48512;26343;4;11
123136;-193117;48656;24794;8;11
107077;-172693;47652;26070;2;11
110267;-168914;47851;26306;4;11
123933;-174307;48705;25969;4;11
126081;-173054;48840;26048;2;11
124043;-181458;48712;25522;4;11
112772;-169969;48008;26240;8;11
124143;-181162;48718;25541;8;11
117128;-182853;48280;25435;2;11
116285;-178366;48227;25716;1;11
113310;-169984;48041;26240;1;11
109379;-165695;47796;26508;4;11
123818;-181191;48698;25539;1;11
112103;-168130;47966;26355;4;11
114761;-179037;48132;25674;4;11
115637;-182655;48187;25448;2;11
114837;-177164;48137;25791;4;11
110138;-168674;47843;26321;8;11
125339;-172506;48793;26082;4;11
112702;-170836;48003;26186;4;11
109500;-167473;47803;26396;8;11
112532;-170214;47993;26225;1;11
109802;-164922;47822;26556;1;11
121653;-192955;48563;24804;1;11
112772;-171122;48008;26168;8;11
110868;-170357;47889;26216;2;11
112750;-171017;48006;26175;8;11
109665;-174405;47814;25963;2;11
123224;-175008;48661;25926;8;11
107838;-177128;47699;25793;8;11
109940;-171037;47831;26174;4;11
109218;-169424;47786;26275;8;11
108866;-165186;47764;26539;4;11
118787;-168208;48384;26351;8;11
109309;-171014;47791;26175;1;11
117155;-181402;48282;25526;1;11
111169;-171008;47908;26176;2;11
109337;-169907;47793;26244;2;11
113709;-169918;48066;26244;2;11
114653;-177180;48125;25790;2;11
111368;-167497;47920;26395;4;11
114856;-176859;48138;25810;8;11
110367;-165034;47857;26549;1;11
118302;-171510;48353;26144;8;11
123236;-193285;48662;24783;2;11
109928;-168556;47830;26329;1;11
125712;-172639;48817;26074;2;11
116479;-177369;48239;25778;2;11
114777;-177687;48133;25758;1;11
119276;-168064;48414;26360;2;11
117380;-182978;48296;25427;2;11
108823;-176604;47761;25826;1;11
106654;-173090;47625;26045;1;11
109315;-164942;47792;26555;8;11
107859;-176900;47701;25807;8;11
108520;-171517;47742;26144;2;11
109045;-168577;47775;26327;1;11
115507;-183796;48179;25376;4;11
114252;-178543;48100;25705;4;11
109529;-168225;47805;26349;8;11
110171;-169342;47845;26280;1;11
112982;-171015;48021;26175;8;11
109529;-170010;47805;26238;2;11
119707;-181845;48441;25498;1;11
116251;-178221;48225;25725;8;11
111250;-168322;47913;26343;1;11
108594;-164887;47747;26558;4;11
111326;-169417;47917;26275;4;11
116331;-178690;48230;25695;2;11
117060;-183085;48276;25421;2;11
123425;-174737;48674;25942;4;11
119883;-181290;48452;25533;1;11
124338;-174134;48731;25980;8;11
113136;-169387;48031;26277;4;11
107566;-172549;47682;26079;8;11
109280;-175402;47790;25901;1;11
109532;-169860;47805;26247;4;11
108009;-176137;47710;25855;8;11
123866;-174555;48701;25954;2;11
106168;-175049;47595;25923;2;11
111044;-168815;47900;26313;4;11
113457;-171221;48051;26162;8;11
115268;-179941;48164;25617;8;11
110959;-167132;47894;26418;1;11
123824;-181362;48699;25528;4;11
111783;-167381;47946;26402;2;11
115601;-183101;48185;25420;1;11
117240;-179555;48287;25641;1;11
125578;-173241;48808;26036;2;11
123156;-175069;48657;25922;2;11
109465;-165131;47801;26543;2;11
108060;-172631;47713;26074;4;11
110159;-169373;47844;26278;2;11
114845;-175973;48137;25865;4;11
109529;-170663;47805;26197;4;11
115275;-184158;48164;25354;8;11
123283;-182281;48665;25471;4;11
109554;-165161;47807;26541;1;11
116896;-179043;48266;25673;4;11
117475;-180609;48302;25575;2;11
112259;-170493;47976;26208;4;11
115610;-183373;48185;25403;4;11
116168;-180213;48220;25600;4;11
115295;-182153;48165;25479;1;11
115474;-182114;48177;25481;1;11
109470;-169194;47801;26289;4;11
108987;-175507;47771;25894;2;11
109164;-167433;47782;26399;2;11
111040;-166417;47900;26462;8;11
106825;-173099;47636;26045;2;11
125797;-172634;48822;26074;8;11
107442;-165298;47675;26532;8;11
106492;-173770;47615;26003;8;11
129327;-181032;49042;25549;2;11
106916;-172697;47642;26070;1;11
108920;-169462;47767;26272;4;11
116219;-181357;48223;25529;2;11
117083;-180263;48277;25597;8;11
109893;-170696;47828;26195;4;11
111663;-167780;47938;26377;1;11
109049;-169858;47775;26247;4;11
111519;-168322;47929;26343;1;11
119173;-166823;48408;26437;4;11
107693;-176615;47690;25825;1;11
117129;-182031;48280;25487;1;11
110198;-169681;47847;26258;1;11
112672;-169699;48002;26257;2;11
115559;-177650;48182;25760;8;11
123542;-181235;48681;25536;2;11
120719;-188129;48504;25105;1;11
115445;-183039;48175;25424;8;11
115854;-181220;48200;25537;8;11
116059;-178423;48213;25712;1;11
113135;-170798;48030;26189;1;11
113401;-169493;48047;26270;1;11
108681;-168097;47752;26357;4;11
116013;-177799;48210;25751;8;11
112423;-170365;47986;26216;2;11
108522;-174542;47742;25955;4;11
111446;-168210;47925;26350;4;11
110419;-169718;47861;26256;4;11
107100;-176287;47653;25846;4;11
110295;-168375;47853;26340;2;11
113203;-170778;48035;26190;1;11
111245;-167480;47912;26396;2;11
107922;-173981;47705;25990;2;11
110773;-170384;47883;26215;4;11
107853;-176635;47700;25824;8;11
113517;-170911;48054;26182;2;11
111873;-169607;47952;26263;4;11
106963;-173552;47645;26017;8;11
116177;-180323;48221;25593;2;11
123184;-192768;48659;24816;8;11
115912;-178387;48204;25714;4;11
111508;-169813;47929;26250;4;11
108245;-173739;47725;26005;2;11
106017;-173952;47586;25992;1;11
105892;-172689;47578;26070;1;11
115685;-183685;48190;25383;1;11
109707;-165426;47816;26524;2;11
120364;-187497;48482;25145;2;11
111058;-170688;47901;26196;4;11
116533;-184204;48243;25351;2;11
119653;-181971;48438;25490;2;11
107830;-177197;47699;25789;4;11
107993;-164933;47709;26555;4;11
109030;-170248;47774;26223;8;11
115057;-179654;48151;25635;1;11
119820;-168517;48448;26331;8;11
109213;-169469;47785;26272;4;11
114538;-178320;48118;25719;1;11
109015;-175256;47773;25910;2;11
107795;-176415;47697;25838;2;11
109025;-169421;47774;26275;8;11
112911;-170667;48016;26197;2;11
124000;-173880;48710;25996;8;11
117105;-180740;48279;25567;1;11
124210;-173772;48723;26003;8;11
111126;-170339;47905;26217;8;11
109204;-164946;47785;26554;1;11
116209;-181664;48223;25510;2;11
109446;-170276;47800;26221;8;11
113190;-171036;48034;26174;1;11
115750;-182037;48194;25486;4;11
109970;-170952;47833;26179;8;11
111210;-167222;47910;26412;1;11
117301;-180689;48291;25570;1;11
116775;-178695;48258;25695;4;11
125754;-172192;48819;26102;2;11
111908;-167809;47954;26375;8;11
125507;-173451;48804;26023;4;11
109889;-169435;47828;26274;1;11
113591;-170231;48059;26224;8;11
123145;-175239;48656;25911;2;11
112319;-168776;47979;26315;1;11
110562;-171061;47870;26172;1;11
120305;-187347;48479;25154;8;11
107781;-172851;47696;26060;4;11
124550;-173877;48744;25996;8;11
111943;-166517;47956;26456;8;11
107090;-172915;47653;26056;2;11
111175;-166583;47908;26452;4;11
123931;-181912;48705;25494;4;11
125194;-172816;48784;26063;1;11
114185;-178538;48096;25705;2;11
112276;-166995;47977;26426;8;11
110023;-170936;47836;26180;1;11
114775;-179895;48133;25620;2;11
109238;-170433;47787;26211;2;11
107534;-176832;47680;25812;2;11
109370;-167430;47795;26399;2;11
116740;-178759;48256;25691;4;11
109396;-168046;47797;26361;8;11
108739;-173894;47756;25995;2;11
111559;-167670;47932;26384;2;11
106049;-176617;47588;25825;2;11
124214;-173853;48723;25998;8;11
111104;-170620;47904;26200;8;11
106655;-175427;47625;25899;8;11
106965;-176383;47645;25840;4;11
118623;-168457;48373;26335;4;11
106363;-172940;47607;26055;4;11
112262;-168747;47976;26317;2;11
110480;-168117;47865;26356;8;11
111310;-169277;47916;26284;1;11
109165;-168958;47782;26304;1;11
106298;-172803;47603;26063;2;11
110430;-167618;47861;26387;8;11
110073;-170707;47839;26194;8;11
118349;-171394;48356;26151;4;11
108445;-176763;47737;25816;4;11
124475;-173288;48739;26033;2;11
108696;-170979;47753;26177;4;11
123428;-181418;48674;25525;2;11
112436;-170048;47987;26236;1;11
124955;-173671;48769;26009;1;11
110147;-167898;47844;26370;2;11
109837;-174555;47824;25954;2;11
112228;-170023;47974;26237;1;11
106726;-173336;47630;26030;4;11
110772;-170451;47883;26210;4;11
124493;-174013;48740;25988;1;11
116186;-178476;48221;25709;1;11
116283;-178742;48227;25692;1;11
109164;-175584;47782;25890;8;11
110089;-169596;47840;26264;4;11
109950;-164961;47831;26553;8;11
115891;-178016;48203;25738;4;11
124773;-173067;48758;26047;2;11
117366;-181294;48295;25533;8;11
105767;-172772;47570;26065;4;11
120604;-193484;48497;24771;8;11
110811;-168904;47885;26307;8;11
106122;-175188;47592;25914;8;11
106558;-173724;47619;26006;4;11
109523;-170159;47805;26229;4;11
106991;-177397;47646;25776;4;11
111256;-170146;47913;26229;4;11
108791;-170692;47759;26195;2;11
110327;-167953;47855;26366;1;11
112997;-171135;48022;26168;1;11
119587;-168594;48434;26326;4;11
108490;-173955;47740;25991;1;11
109505;-167806;47804;26376;8;11
116004;-183351;48210;25404;2;11
108900;-168216;47766;26350;8;11
119204;-182110;48410;25482;8;11
111122;-169340;47905;26280;8;11
109792;-169225;47822;26287;4;11
111943;-170678;47956;26196;8;11
111389;-170550;47921;26204;1;11
105958;-174008;47582;25988;8;11
111542;-166832;47931;26437;8;11
113827;-169973;48074;26240;2;11
110549;-167612;47869;26388;2;11
111631;-168837;47936;26311;8;11
111555;-169224;47932;26287;4;11
114510;-177444;48116;25773;8;11
121046;-188546;48525;25079;8;11
111020;-167777;47898;26377;4;11
110540;-171036;47868;26174;4;11
119178;-166927;48408;26431;2;11
112090;-170743;47965;26192;2;11
110892;-170218;47890;26225;2;11
110418;-168129;47861;26355;4;11
123697;-174115;48691;25981;2;11
117095;-181226;48278;25537;8;11
110870;-169817;47889;26250;4;11
113309;-169367;48041;26278;8;11
109407;-175764;47797;25878;4;11
120092;-181804;48465;25501;8;11
109186;-175688;47784;25883;1;11
109284;-170568;47790;26203;8;11
113240;-170630;48037;26199;4;11
111189;-166336;47909;26468;2;11
106128;-176760;47593;25816;2;11
125456;-173099;48801;26045;2;11
123641;-174705;48687;25944;2;11
114790;-177206;48134;25788;1;11
109794;-168845;47822;26311;2;11
108900;-176100;47766;25857;4;11
112759;-170222;48007;26225;2;11
106411;-173514;47610;26019;8;11
124845;-173762;48762;26003;2;11
110377;-168943;47858;26305;8;11
111897;-166649;47953;26448;4;11
120319;-168672;48479;26322;4;11
108463;-176687;47738;25821;8;11
112469;-167196;47989;26414;2;11
111607;-170267;47935;26222;2;11
109410;-174724;47798;25943;2;11
125010;-173272;48773;26034;1;11
106183;-175196;47596;25914;2;11
121042;-188459;48525;25085;4;11
105911;-173915;47579;25994;4;11
119335;-168652;48418;26323;1;11
109283;-169048;47790;26298;8;11
106282;-173757;47602;26004;4;11
112516;-169277;47992;26284;8;11
115858;-178867;48201;25684;4;11
117778;-182583;48321;25452;8;11
110501;-170819;47866;26187;1;11
109744;-165554;47819;26516;1;11
124839;-173925;48762;25993;4;11
126290;-172820;48853;26062;8;11
109632;-169082;47812;26296;4;11
109427;-169014;47799;26300;8;11
114378;-178775;48108;25690;2;11
119121;-168570;48405;26328;8;11
116347;-181357;48231;25529;8;11
117358;-181399;48294;25526;1;11
108063;-174007;47713;25988;1;11
107556;-165437;47682;26524;4;11
108896;-173873;47766;25996;8;11
118285;-171378;48352;26152;8;11
107539;-172188;47681;26102;2;11
112171;-170082;47970;26233;1;11
119537;-167001;48431;26426;1;11
112638;-171066;47999;26172;8;11
121165;-188228;48532;25099;1;11
121082;-188632;48527;25074;4;11
109062;-170546;47776;26204;8;11
110497;-170436;47866;26211;8;11
112429;-170815;47986;26188;2;11
108879;-167561;47764;26391;1;11
110888;-170114;47890;26231;4;11
110133;-168915;47843;26306;1;11
109366;-170918;47795;26181;8;11
108763;-170365;47757;26216;4;11
111998;-170113;47959;26231;2;11
123319;-182338;48667;25467;8;11
105690;-175263;47565;25910;2;11
128833;-194842;49012;24686;1;11
117338;-180338;48293;25592;1;11
108349;-171406;47731;26151;1;11
119802;-168623;48447;26325;4;11
115348;-177371;48169;25778;8;11
109707;-168458;47816;26335;4;11
115033;-176699;48149;25820;4;11
111639;-169024;47937;26300;1;11
112328;-168839;47980;26311;2;11
123194;-174526;48659;25956;4;11
112792;-170393;48009;26214;4;11
126384;-172635;48859;26074;1;11
110964;-170771;47895;26190;1;11
106473;-173459;47614;26022;2;11
112024;-168857;47961;26310;8;11
120292;-168488;48478;26333;1;11
125376;-172463;48796;26085;4;11
107428;-165144;47674;26542;1;11
124976;-172958;48771;26054;2;11
112452;-175432;47988;25899;1;11
109808;-174599;47823;25951;2;11
116089;-180908;48215;25557;4;11
109983;-169387;47833;26277;8;11
117389;-181137;48296;25542;4;11
111995;-168778;47959;26315;2;11
111384;-170743;47921;26192;4;11
125118;-172709;48779;26069;2;11
115811;-180872;48198;25559;2;11
123205;-193092;48660;24795;4;11
111947;-171029;47956;26174;4;11
116599;-184168;48247;25353;2;11
109612;-167482;47810;26396;1;11
110157;-170552;47844;26204;4;11
107752;-171948;47694;26117;1;11
109415;-167572;47798;26390;1;11
111419;-169415;47923;26275;1;11
108720;-169257;47755;26285;8;11
106583;-175354;47621;25904;2;11
109832;-170894;47824;26183;8;11
119530;-181922;48430;25493;1;11
123993;-173630;48709;26012;8;11
123690;-174760;48690;25941;4;11
109669;-170183;47814;26227;4;11
109676;-175661;47814;25885;4;11
112014;-170357;47960;26216;4;11
112847;-170878;48012;26184;2;11
109723;-168141;47817;26355;8;11
115941;-180983;48206;25552;8;11
111982;-167301;47958;26407;2;11
123376;-174637;48671;25949;2;11
115595;-183124;48184;25418;2;11
109019;-171014;47773;26175;1;11
108766;-167651;47757;26385;4;11
117495;-179037;48303;25674;8;11
110003;-170466;47835;26209;1;11
114882;-177400;48140;25776;8;11
115918;-183849;48204;25373;2;11
117487;-181008;48302;25551;1;11
113689;-170626;48065;26199;2;11
115544;-177668;48181;25759;8;11
106707;-176992;47629;25802;1;11
121323;-168540;48542;26330;1;11
109521;-167919;47805;26369;8;11
111417;-167156;47923;26416;4;11
109542;-169720;47806;26256;1;11
112319;-170084;47979;26233;8;11
116835;-178690;48262;25695;8;11
108360;-171581;47732;26140;1;11
120600;-168390;48497;26339;1;11
111788;-169388;47946;26277;2;11
106573;-173504;47620;26020;2;11
114552;-174372;48119;25965;4;11
110870;-170720;47889;26194;4;11
117260;-181481;48288;25521;1;11
110338;-165207;47856;26538;8;11
110465;-170080;47864;26234;8;11
125780;-173249;48821;26035;1;11
109864;-165162;47826;26541;8;11
116252;-184172;48225;25353;4;11
123699;-182025;48691;25487;2;11
114620;-179269;48123;25659;8;11
117642;-182741;48312;25442;8;11
117200;-180666;48285;25572;2;11
109612;-174361;47810;25966;4;11
109028;-176244;47774;25848;1;11
120909;-168395;48516;26339;1;11
109340;-164875;47793;26559;4;11
106477;-175239;47614;25911;1;11
112018;-168695;47961;26320;8;11
106329;-172644;47605;26073;8;11
113466;-169210;48051;26288;1;11
111734;-166359;47943;26466;1;11
112897;-170814;48016;26188;8;11
111991;-170482;47959;26208;4;11
106304;-176542;47604;25830;2;11
108380;-164991;47733;26552;4;11
111133;-166827;47905;26437;2;11
123691;-181297;48690;25532;2;11
116338;-178404;48231;25713;8;11
121182;-188424;48533;25087;1;11
124584;-173291;48746;26033;2;11
106494;-175874;47615;25871;1;11
113740;-169249;48068;26285;2;11
106716;-175121;47629;25918;2;11
106829;-176963;47636;25803;8;11
114907;-177197;48141;25789;2;11
107837;-177191;47699;25789;1;11
111929;-170381;47955;26215;8;11
113864;-169228;48076;26287;2;11
110139;-169392;47843;26277;2;11
115966;-180241;48207;25598;4;11
105529;-173744;47555;26005;8;11
112463;-168422;47988;26337;8;11
107230;-176399;47661;25839;4;11
123488;-181681;48678;25508;2;11
107752;-165255;47694;26535;2;11
123720;-174264;48692;25972;4;11
110065;-169071;47839;26297;8;11
111117;-167829;47904;26374;2;11
109517;-170917;47804;26181;1;11
123971;-182142;48708;25480;1;11
106756;-173112;47632;26044;2;11
110246;-169617;47850;26262;4;11
105910;-175326;47579;25906;2;11
109684;-174692;47815;25945;1;11
109779;-170082;47821;26233;4;11
123685;-174678;48690;25946;1;11
116995;-179846;48272;25623;1;11
125325;-173091;48792;26045;4;11
120474;-188756;48489;25066;1;11
117335;-178952;48293;25679;2;11
109984;-169876;47834;26246;1;11
125147;-173449;48781;26023;2;11
106292;-175338;47603;25905;4;11
109262;-168873;47788;26309;4;11
123579;-181395;48683;25526;4;11
124212;-173528;48723;26018;2;11
111718;-169793;47942;26251;4;11
115054;-179741;48150;25630;2;11
112124;-167064;47967;26422;4;11
117251;-180398;48288;25589;2;11
110565;-167812;47870;26375;2;11
109720;-169514;47817;26269;1;11
110961;-168622;47895;26325;8;11
115892;-177404;48203;25776;8;11
124221;-174326;48723;25968;8;11
108932;-176689;47768;25820;4;11
107299;-172873;47666;26059;4;11
109800;-164909;47822;26557;2;11
111280;-167339;47915;26405;2;11
110841;-167941;47887;26367;4;11
110224;-164918;47849;26556;8;11
106298;-173160;47603;26041;8;11
108341;-174507;47731;25957;8;11
117235;-182740;48287;25442;2;11
108772;-169851;47758;26248;8;11
124700;-173678;48753;26009;2;11
112448;-169074;47988;26296;4;11
109677;-170549;47814;26204;4;11
108684;-167723;47752;26381;8;11
109579;-168457;47808;26335;4;11
115401;-182063;48172;25485;8;11
112215;-170042;47973;26236;2;11
110516;-171067;47867;26172;8;11
111157;-166508;47907;26457;8;11
109901;-165530;47828;26518;1;11
116593;-184378;48247;25340;2;11
117419;-181805;48298;25501;1;11
110919;-170212;47892;26225;1;11
114570;-180133;48120;25605;1;11
113178;-170396;48033;26214;1;11
110924;-168143;47892;26355;4;11
110776;-170993;47883;26176;2;11
109010;-168643;47773;26323;4;11
110073;-165698;47839;26507;1;11
111389;-169167;47921;26291;2;11
119507;-168272;48429;26347;4;11
129687;-190785;49065;24939;2;11
115561;-182340;48182;25467;8;11
111573;-169658;47933;26260;1;11
109487;-170226;47802;26224;4;11
106680;-175821;47627;25875;2;11
108209;-165582;47723;26515;2;11
113620;-171162;48061;26166;1;11
126527;-172571;48867;26078;2;11
110872;-167962;47889;26366;8;11
114851;-177554;48138;25766;2;11
108213;-165086;47723;26546;1;11
123533;-181729;48680;25505;2;11
118774;-168665;48383;26322;8;11
106190;-176813;47596;25813;4;11
115376;-182619;48171;25450;8;11
121118;-188562;48529;25078;2;11
116156;-181374;48219;25528;8;11
110910;-166858;47891;26435;8;11
124058;-182316;48713;25469;1;11
117102;-180778;48278;25565;1;11
110355;-169864;47857;26247;1;11
110098;-168621;47841;26325;1;11
113029;-169129;48024;26293;8;11
117482;-178876;48302;25684;8;11
119318;-167715;48417;26381;8;11
112393;-167989;47984;26364;4;11
123622;-175014;48686;25925;4;11
124849;-178083;48763;25733;2;11
115474;-183426;48177;25399;4;11
119312;-168688;48417;26321;1;11
115157;-176867;48157;25809;8;11
109129;-170868;47780;26184;8;11
115367;-184135;48170;25355;4;11
111321;-166522;47917;26456;8;11
109829;-167909;47824;26369;8;11
116348;-177403;48231;25776;4;11
114547;-178050;48119;25735;8;11
115488;-177722;48178;25756;1;11
112106;-168571;47966;26328;4;11
111751;-168470;47944;26334;1;11
106420;-175786;47611;25877;8;11
117474;-181203;48302;25538;4;11
111041;-170517;47900;26206;4;11
123196;-175386;48659;25902;8;11
112315;-167415;47979;26400;2;11
113363;-170727;48045;26193;1;11
117343;-179201;48293;25663;4;11
106681;-175515;47627;25894;8;11
111154;-168665;47907;26322;2;11
112929;-170359;48018;26216;1;11
116353;-184378;48232;25340;8;11
106569;-175533;47620;25893;2;11
116149;-177372;48219;25778;8;11
117642;-182589;48312;25452;2;11
109409;-169989;47798;26239;1;11
120901;-168554;48516;26329;8;11
120623;-168402;48498;26338;2;11
111755;-166510;47944;26457;2;11
106603;-173292;47622;26033;8;11
111254;-166675;47913;26446;1;11
114587;-180029;48121;25612;2;11
115888;-177979;48203;25740;8;11
113775;-170906;48070;26182;8;11
115136;-180179;48156;25602;1;11
114591;-179009;48121;25675;4;11
114821;-177660;48136;25760;8;11
116117;-180329;48217;25593;2;11
109051;-168381;47775;26340;8;11
112135;-167172;47968;26415;2;11
106182;-172948;47596;26054;2;11
111416;-170740;47923;26192;8;11
106149;-176557;47594;25829;8;11
111200;-166974;47910;26428;2;11
107821;-177242;47698;25786;4;11
117103;-181174;48278;25540;8;11
115568;-183430;48183;25399;8;11
115513;-177377;48179;25777;8;11
111826;-168270;47949;26347;1;11
119933;-181244;48455;25536;1;11
119426;-168175;48424;26353;2;11
106449;-173738;47613;26005;8;11
112431;-169402;47986;26276;2;11
106516;-175971;47617;25865;4;11
109136;-168471;47781;26334;8;11
117139;-180860;48281;25560;8;11
109099;-176873;47778;25809;2;11
120741;-188363;48506;25091;2;11
109313;-165660;47792;26510;4;11
109632;-176947;47812;25804;2;11
110043;-170866;47837;26184;2;11
124814;-173633;48760;26011;1;11
115347;-182327;48169;25468;2;11
125492;-172776;48803;26065;2;11
111569;-166826;47933;26437;1;11
108500;-176217;47741;25850;8;11
123737;-181618;48693;25512;8;11
115958;-177980;48207;25740;1;11
119176;-168102;48408;26357;1;11
109443;-174690;47800;25945;4;11
106325;-172964;47605;26053;1;11
123243;-174620;48662;25950;4;11
111445;-169933;47925;26243;4;11
109897;-165167;47828;26541;8;11
111808;-167974;47948;26365;1;11
111857;-171005;47951;26176;2;11
107061;-165212;47651;26538;2;11
113523;-170709;48055;26194;4;11
119554;-181795;48432;25501;2;11
113127;-169686;48030;26258;8;11
107766;-172607;47695;26076;4;11
108825;-173914;47761;25994;8;11
108628;-174227;47749;25974;8;11
111720;-168421;47942;26337;8;11
110009;-167626;47835;26387;2;11
109047;-168379;47775;26340;8;11
124159;-181375;48719;25528;8;11
109258;-176745;47788;25817;8;11
115029;-180025;48149;25612;4;11
115108;-179351;48154;25654;2;11
108959;-169960;47769;26241;4;11
119850;-168517;48450;26331;4;11
108559;-173886;47744;25996;4;11
111552;-166912;47932;26432;4;11
111026;-169372;47899;26278;1;11
107874;-165530;47702;26518;1;11
116181;-178252;48221;25723;1;11
113288;-169636;48040;26261;4;11
112002;-170130;47960;26230;8;11
112883;-169641;48015;26261;8;11
120400;-168513;48485;26331;8;11
108769;-165756;47758;26504;2;11
113621;-170742;48061;26192;1;11
112947;-169592;48019;26264;4;11
110998;-168197;47897;26351;4;11
112439;-169724;47987;26256;8;11
119029;-168378;48399;26340;1;11
117034;-182036;48274;25486;8;11
106183;-175013;47596;25925;4;11
113807;-170648;48072;26198;4;11
115764;-177292;48195;25783;4;11
106424;-173598;47611;26014;2;11
113428;-169761;48049;26253;2;11
112371;-167569;47983;26390;4;11
108786;-168198;47759;26351;2;11
110593;-170009;47872;26238;8;11
123483;-181287;48677;25533;8;11
113628;-169897;48061;26245;2;11
123552;-181934;48682;25493;8;11
125324;-173516;48792;26019;1;11
117116;-179627;48279;25637;2;11
106550;-177116;47619;25794;2;11
116090;-184907;48215;25307;2;11
115812;-181195;48198;25539;2;11
115715;-183382;48192;25402;1;11
111783;-168471;47946;26334;1;11
107604;-176263;47685;25847;2;11
111746;-169517;47944;26269;8;11
124616;-173830;48748;25999;1;11
111748;-169364;47944;26278;4;11
115684;-177365;48190;25778;2;11
108471;-174586;47739;25952;2;11
111796;-168264;47947;26347;4;11
111291;-168313;47915;26344;2;11
123351;-174895;48669;25933;1;11
110794;-168387;47884;26339;2;11
111913;-168511;47954;26332;4;11
111378;-169364;47921;26278;1;11
118416;-171371;48361;26153;1;11
111551;-167105;47931;26419;4;11
109789;-167446;47821;26398;8;11
113545;-170461;48056;26210;2;11
106122;-176753;47592;25816;8;11
116279;-178814;48227;25688;4;11
110256;-171092;47851;26170;4;11
123973;-173712;48708;26007;1;11
111945;-169001;47956;26301;4;11
123487;-181587;48677;25514;2;11
113714;-170017;48067;26237;4;11
112443;-167835;47987;26374;2;11
123188;-174803;48659;25938;8;11
108630;-165555;47749;26516;8;11
114792;-180203;48134;25601;1;11
113270;-169827;48039;26249;2;11
110230;-169430;47849;26274;8;11
111300;-170613;47916;26200;8;11
109542;-170889;47806;26183;2;11
117160;-180384;48282;25590;1;11
105935;-174455;47580;25960;1;11
121402;-188491;48547;25083;2;11
124634;-173278;48749;26034;2;11
111356;-168720;47919;26319;4;11
109625;-170206;47811;26226;1;11
124099;-181584;48716;25515;8;11
110001;-169572;47835;26265;1;11
114648;-177499;48125;25770;4;11
125627;-173101;48811;26045;4;11
110011;-169119;47835;26294;1;11
115664;-177304;48189;25782;1;11
113912;-169543;48079;26267;1;11
112004;-167258;47960;26410;1;11
112714;-169701;48004;26257;1;11
111316;-167368;47917;26403;2;11
116893;-166025;48265;26487;4;11
106340;-175025;47606;25924;4;11
112358;-168917;47982;26306;8;11
109831;-169727;47824;26256;8;11
109489;-167425;47803;26399;2;11
125636;-172771;48812;26065;4;11
108608;-165191;47748;26539;2;11
121137;-168255;48531;26348;2;11
106944;-174018;47644;25987;2;11
121094;-168428;48528;26337;2;11
112128;-167094;47968;26420;8;11
110836;-169718;47887;26256;2;11
112156;-167124;47969;26418;8;11
117164;-179196;48282;25664;4;11
109251;-169217;47788;26287;4;11
112526;-175278;47992;25909;1;11
109660;-167754;47813;26379;1;11
111194;-168514;47909;26331;1;11
117297;-179846;48291;25623;1;11
107415;-165368;47673;26528;2;11
110125;-170723;47842;26193;1;11
109158;-167443;47782;26398;4;11
116482;-184080;48240;25359;1;11
109377;-165484;47796;26521;2;11
111004;-170970;47897;26178;8;11
111908;-166972;47954;26428;2;11
108101;-174167;47716;25978;4;11
107131;-174016;47655;25988;2;11
112638;-170038;47999;26236;8;11
109469;-165480;47801;26521;1;11
116977;-180221;48271;25600;2;11
116479;-180182;48239;25602;2;11
108111;-174228;47716;25974;8;11
115423;-183017;48173;25425;2;11
111639;-171136;47937;26168;8;11
112900;-169538;48016;26267;2;11
112278;-168480;47977;26334;8;11
116662;-194347;48251;24717;1;11
110292;-168236;47853;26349;8;11
112102;-170249;47966;26223;2;11
110791;-168501;47884;26332;4;11
124126;-181454;48717;25523;8;11
106502;-173104;47616;26045;8;11
112515;-169186;47992;26289;8;11
113580;-170284;48058;26221;4;11
111871;-166517;47951;26456;1;11
117185;-179952;48284;25617;1;11
116354;-177153;48232;25791;1;11
123482;-182121;48677;25481;4;11
107823;-172447;47698;26086;1;11
111236;-167846;47912;26373;4;11
125619;-172348;48811;26092;8;11
123661;-181322;48688;25531;4;11
113278;-170495;48039;26208;1;11
110364;-167472;47857;26397;4;11
110668;-167067;47876;26422;2;11
116143;-183748;48218;25379;1;11
109575;-168932;47808;26305;8;11
123455;-174394;48675;25964;8;11
110086;-169502;47840;26270;8;11
112239;-167796;47974;26376;4;11
115977;-181261;48208;25535;2;11
108317;-176416;47729;25838;2;11
109589;-170489;47809;26208;2;11
116081;-177620;48215;25762;8;11
109686;-167469;47815;26397;8;11
120479;-168615;48489;26325;8;11
111751;-167232;47944;26412;1;11
118355;-171559;48357;26141;2;11
115186;-179278;48159;25659;4;11
112231;-167017;47974;26425;1;11
125846;-172366;48825;26091;1;11
110929;-169150;47893;26292;8;11
112268;-170082;47976;26233;4;11
111470;-170399;47926;26214;1;11
115935;-184930;48205;25305;2;11
110678;-169315;47877;26281;4;11
112742;-170981;48006;26177;2;11
112001;-169931;47960;26243;2;11
110137;-164915;47843;26556;4;11
109348;-167457;47794;26397;8;11
107661;-165094;47688;26545;2;11
113210;-169922;48035;26243;8;11
109801;-174571;47822;25953;8;11
117729;-182389;48318;25464;4;11
121196;-188233;48534;25099;1;11
117632;-182333;48312;25468;8;11
108747;-165651;47756;26510;4;11
105990;-176888;47584;25808;1;11
109635;-169702;47812;26257;8;11
111660;-170992;47938;26177;4;11
124848;-173540;48763;26017;8;11
106484;-175717;47615;25881;2;11
115028;-176798;48149;25814;4;11
110823;-169580;47886;26265;8;11
117199;-180828;48284;25562;4;11
116040;-183307;48212;25407;8;11
114506;-177412;48116;25775;2;11
106271;-174859;47601;25935;2;11
106500;-175480;47616;25896;8;11
106520;-173157;47617;26041;2;11
109827;-168111;47824;26357;4;11
117419;-182864;48298;25435;2;11
121705;-168205;48566;26351;2;11
124480;-174086;48740;25983;4;11
108387;-174440;47734;25961;1;11
106414;-172762;47610;26066;8;11
114889;-177467;48140;25772;4;11
109679;-165111;47814;26544;8;11
117429;-181725;48299;25506;1;11
125568;-173079;48808;26046;1;11
111094;-169225;47903;26287;8;11
106686;-177158;47627;25791;1;11
112378;-169476;47983;26271;1;11
113479;-170805;48052;26188;8;11
114685;-177328;48127;25781;4;11
111129;-167952;47905;26367;2;11
113533;-171203;48055;26163;4;11
111208;-169132;47910;26293;2;11
119875;-182068;48452;25484;8;11
119371;-168303;48420;26345;1;11
108122;-172648;47717;26073;2;11
107703;-165003;47691;26551;1;11
109947;-165632;47831;26512;8;11
108917;-175427;47767;25899;1;11
109643;-168710;47812;26319;8;11
107875;-164998;47702;26551;4;11
108901;-165509;47766;26519;1;11
124479;-174205;48739;25976;2;11
115661;-182630;48188;25449;1;11
114605;-178868;48122;25684;2;11
112328;-168624;47980;26325;2;11
117679;-182247;48314;25473;4;11
109075;-168946;47777;26304;1;11
124301;-174017;48728;25987;8;11
117363;-179417;48295;25650;8;11
113910;-169731;48079;26255;1;11
109330;-167670;47793;26384;4;11
111129;-169896;47905;26245;1;11
119189;-181989;48409;25489;1;11
112491;-169869;47990;26247;8;11
114920;-177667;48142;25759;1;11
112362;-169224;47982;26287;8;11
107461;-165187;47676;26539;1;11
112039;-168420;47962;26337;8;11
118649;-168632;48375;26324;1;11
124398;-173407;48734;26026;8;11
107968;-165167;47708;26541;8;11
113290;-169552;48040;26267;8;11
117357;-179939;48294;25617;8;11
110378;-168876;47858;26309;8;11
113631;-171047;48061;26173;4;11
113871;-170383;48076;26215;8;11
123855;-174028;48700;25987;1;11
112343;-169751;47981;26254;1;11
111232;-167356;47912;26404;8;11
107920;-164883;47705;26558;1;11
124270;-174291;48726;25970;4;11
121280;-168247;48540;26348;2;11
116313;-184256;48229;25348;4;11
107067;-174002;47651;25988;2;11
110736;-167686;47881;26383;1;11
107526;-177067;47680;25797;1;11
108268;-171544;47726;26142;2;11
105982;-174340;47583;25967;4;11
123944;-181463;48706;25522;4;11
123447;-175104;48675;25920;1;11
119282;-181926;48415;25493;2;11
112046;-169517;47962;26269;1;11
107879;-172479;47702;26084;4;11
110236;-167612;47849;26388;4;11
119676;-168214;48439;26350;2;11
119480;-167801;48427;26376;4;11
123336;-166718;48668;26444;4;11
109605;-170991;47810;26177;2;11
109748;-169037;47819;26299;8;11
116118;-178747;48217;25692;8;11
110848;-170643;47888;26198;4;11
117353;-181810;48294;25500;4;11
106312;-175622;47604;25887;2;11
110822;-169925;47886;26243;2;11
126238;-172678;48849;26071;4;11
108867;-168622;47764;26325;4;11
115377;-179742;48171;25630;2;11
110821;-169569;47886;26265;2;11
116890;-179315;48265;25656;8;11
117034;-184000;48274;25364;2;11
111388;-169785;47921;26252;4;11
109091;-170029;47778;26237;8;11
120767;-188168;48507;25103;2;11
115726;-181658;48192;25510;4;11
116436;-179981;48237;25615;2;11
116420;-177472;48236;25772;8;11
113167;-169471;48032;26272;2;11
118315;-173796;48354;26001;1;11
115588;-181037;48184;25549;1;11
114842;-177631;48137;25762;2;11
110197;-168166;47847;26353;4;11
117884;-182549;48327;25454;4;11
110142;-167937;47843;26367;4;11
105558;-172650;47557;26073;8;11
121164;-188593;48532;25076;4;11
111054;-170949;47900;26179;8;11
111229;-167634;47911;26386;4;11
125480;-172573;48802;26078;4;11
108949;-176556;47769;25829;4;11
116700;-183649;48253;25385;2;11
117414;-180249;48298;25598;8;11
129826;-190807;49074;24938;4;11
117036;-183488;48274;25396;1;11
106744;-175415;47631;25900;4;11
125813;-173277;48823;26034;4;11
119756;-181914;48444;25494;8;11
106272;-176550;47602;25829;8;11
111732;-168245;47943;26348;2;11
110619;-167766;47873;26378;1;11
123521;-182197;48680;25476;8;11
116292;-184142;48228;25355;1;11
110934;-170711;47893;26194;1;11
115948;-178775;48206;25690;2;11
108662;-174183;47751;25977;2;11
110573;-169153;47870;26291;1;11
108772;-176410;47758;25838;1;11
111245;-171122;47912;26168;4;11
110671;-169472;47876;26272;1;11
124552;-173747;48744;26004;1;11
107877;-176490;47702;25833;4;11
109290;-169284;47790;26283;4;11
125897;-172898;48828;26057;4;11
110092;-165161;47840;26541;8;11
116772;-166359;48258;26466;1;11
119114;-168496;48404;26333;1;11
124668;-173406;48751;26026;8;11
123374;-174652;48670;25948;2;11
112107;-169678;47966;26259;8;11
110537;-170792;47868;26189;8;11
110447;-165163;47862;26541;1;11
125790;-172350;48821;26092;2;11
121224;-168328;48536;26343;4;11
115245;-182879;48162;25434;8;11
110259;-169342;47851;26280;8;11
108769;-165561;47758;26516;8;11
109957;-169444;47832;26273;4;11
115768;-181359;48195;25529;8;11
113244;-169101;48037;26295;1;11
109592;-168632;47809;26324;2;11
112018;-170757;47961;26191;1;11
117166;-180013;48282;25613;2;11
109939;-170853;47831;26185;4;11
121395;-188371;48547;25090;1;11
120255;-168512;48475;26332;1;11
116927;-181007;48267;25551;2;11
115920;-177601;48205;25763;4;11
107437;-176063;47674;25860;1;11
115578;-183683;48183;25383;4;11
125927;-172762;48830;26066;1;11
117501;-181843;48303;25498;1;11
124020;-174246;48711;25973;8;11
110958;-167594;47894;26389;2;11
124614;-173101;48748;26045;4;11
111268;-170585;47914;26202;4;11
110045;-167801;47837;26376;8;11
108617;-173975;47748;25990;8;11
117442;-182336;48300;25468;1;11
115994;-178531;48209;25705;1;11
109445;-165505;47800;26519;8;11
124819;-178052;48761;25735;1;11
111911;-169662;47954;26260;4;11
109373;-174732;47795;25943;4;11
125276;-172725;48789;26068;8;11
110682;-167487;47877;26396;2;11
111255;-167204;47913;26413;8;11
123549;-174720;48681;25944;2;11
120650;-168286;48500;26346;2;11
114588;-177768;48121;25753;1;11
112309;-170515;47979;26206;8;11
114881;-179458;48140;25647;8;11
105780;-172629;47571;26074;2;11
119877;-181370;48452;25528;1;11
107295;-176172;47665;25853;8;11
110169;-168461;47845;26335;2;11
108813;-169268;47760;26284;2;11
109653;-169788;47813;26252;8;11
116742;-184111;48256;25357;8;11
124095;-181352;48715;25529;2;11
117077;-179163;48277;25666;1;11
121134;-168193;48530;26351;8;11
114696;-179874;48128;25621;2;11
109959;-169232;47832;26287;2;11
116274;-180228;48227;25599;4;11
108601;-165460;47747;26522;8;11
106003;-176679;47585;25821;4;11
109399;-169436;47797;26274;4;11
124090;-181469;48715;25522;8;11
109370;-176794;47795;25814;4;11
108055;-176658;47713;25822;4;11
109876;-168053;47827;26360;4;11
109650;-169638;47813;26261;4;11
108113;-172432;47717;26087;8;11
105814;-175290;47573;25908;8;11
107042;-173984;47650;25990;2;11
116696;-184175;48253;25353;2;11
123394;-181196;48672;25539;8;11
107210;-172604;47660;26076;1;11
117330;-179973;48293;25615;4;11
107813;-172050;47698;26110;1;11
111869;-171084;47951;26171;1;11
107939;-165606;47706;26513;2;11
124040;-181407;48712;25526;8;11
106713;-173356;47629;26029;1;11
119381;-166940;48421;26430;4;11
108667;-174203;47751;25976;2;11
116793;-178567;48259;25703;4;11
119309;-168465;48416;26334;2;11
113126;-169410;48030;26275;4;11
117248;-183115;48288;25419;1;11
111991;-169087;47959;26296;4;11
119531;-168138;48430;26355;2;11
120273;-168587;48477;26327;1;11
108678;-167990;47752;26364;4;11
112191;-168992;47971;26302;8;11
108841;-170089;47762;26233;8;11
123724;-182242;48692;25473;2;11
111564;-168990;47932;26302;1;11
119107;-168695;48404;26320;4;11
109102;-167514;47778;26394;1;11
106112;-173943;47592;25992;1;11
116635;-183961;48249;25366;8;11
116996;-179600;48272;25639;1;11
112490;-170123;47990;26231;1;11
114608;-179422;48123;25650;2;11
112893;-170437;48015;26211;2;11
124644;-174032;48750;25987;2;11
112187;-168701;47971;26320;1;11
113360;-170649;48045;26198;8;11
117099;-183871;48278;25372;2;11
111188;-167595;47909;26389;4;11
109150;-165608;47781;26513;8;11
112360;-168350;47982;26342;4;11
123383;-193928;48671;24743;4;11
123223;-174840;48661;25936;2;11
115215;-179855;48160;25623;4;11
110737;-170637;47881;26199;1;11
111223;-168387;47911;26339;1;11
109870;-165164;47826;26541;4;11
111365;-170690;47920;26195;4;11
110010;-170845;47835;26186;8;11
111275;-168395;47914;26339;2;11
110549;-170420;47869;26212;8;11
116110;-180233;48216;25599;8;11
112259;-168094;47976;26358;4;11
110241;-170318;47850;26219;1;11
111090;-169873;47903;26246;2;11
116407;-180121;48235;25606;2;11
116965;-179414;48270;25650;1;11
111911;-169902;47954;26245;1;11
112449;-171023;47988;26175;8;11
108855;-169875;47763;26246;4;11
121468;-188436;48551;25086;2;11
124037;-173870;48712;25997;2;11
119825;-168408;48449;26338;1;11
109729;-174452;47818;25960;8;11
108964;-170475;47770;26209;4;11
115996;-180284;48209;25596;8;11
115574;-185214;48183;25288;8;11
127503;-185527;48928;25268;4;11
116159;-177728;48219;25756;2;11
114767;-177403;48132;25776;2;11
111478;-169038;47927;26299;2;11
115722;-183247;48192;25411;4;11
105999;-173434;47584;26024;1;11
109336;-174593;47793;25951;4;11
109414;-176593;47798;25826;8;11
109132;-170002;47780;26238;8;11
109383;-168970;47796;26303;8;11
115789;-181745;48196;25504;8;11
111722;-169891;47942;26245;4;11
119923;-168456;48455;26335;4;11
109633;-165475;47812;26521;2;11
126311;-172674;48854;26071;1;11
109396;-170043;47797;26236;4;11
125780;-172381;48821;26090;1;11
108049;-176189;47713;25852;2;11
105818;-173567;47573;26016;8;11
115404;-182124;48172;25481;1;11
111310;-168744;47916;26317;4;11
109483;-168729;47802;26318;1;11
106300;-173491;47603;26020;4;11
111040;-169879;47900;26246;1;11
110131;-169964;47843;26241;8;11
123649;-181891;48688;25495;4;11
125582;-172576;48808;26078;1;11
119126;-167471;48405;26397;1;11
112210;-171049;47973;26173;8;11
105690;-173605;47565;26013;1;11
108391;-176596;47734;25826;8;11
111384;-167303;47921;26407;2;11
108496;-173953;47741;25991;8;11
111756;-168698;47944;26320;8;11
111543;-167957;47931;26366;8;11
121385;-188607;48546;25076;4;11
109326;-167618;47792;26387;8;11
110119;-164964;47842;26553;1;11
119306;-168250;48416;26348;2;11
109499;-170752;47803;26192;1;11
108266;-165076;47726;26546;2;11
115907;-183630;48204;25387;1;11
112724;-169737;48005;26255;1;11
112292;-171081;47978;26171;4;11
113967;-170533;48082;26205;8;11
120938;-188908;48518;25057;4;11
113558;-170016;48057;26238;1;11
123699;-166768;48691;26441;8;11
112484;-167561;47990;26391;8;11
108697;-170949;47753;26179;1;11
108861;-169916;47763;26244;4;11
109692;-168779;47815;26315;8;11
111429;-170010;47924;26238;4;11
106312;-174032;47604;25987;1;11
106311;-173372;47604;26028;1;11
120468;-168639;48489;26324;1;11
107557;-176695;47682;25820;8;11
109606;-167564;47810;26391;8;11
109662;-169426;47813;26274;4;11
116394;-178499;48234;25707;1;11
106217;-176524;47598;25831;8;11
121622;-192956;48561;24804;2;11
110873;-170478;47889;26209;2;11
111406;-167504;47922;26395;2;11
112234;-170871;47974;26184;8;11
123775;-181728;48695;25506;2;11
111936;-169831;47956;26249;4;11
117302;-179153;48291;25666;4;11
115589;-182532;48184;25455;2;11
111117;-170167;47904;26228;4;11
123413;-174927;48673;25931;1;11
112249;-168720;47975;26319;2;11
105947;-173793;47581;26001;2;11
123255;-193993;48663;24739;2;11
108756;-169727;47757;26256;4;11
110604;-168743;47872;26317;8;11
115940;-183041;48206;25423;1;11
109205;-170381;47785;26215;1;11
123824;-181372;48699;25528;1;11
112534;-170720;47993;26194;4;11
113155;-169766;48032;26253;8;11
110574;-169877;47870;26246;8;11
128859;-194733;49013;24693;1;11
124734;-173256;48755;26035;4;11
111814;-170155;47948;26229;1;11
108759;-169365;47757;26278;2;11
116436;-180049;48237;25610;4;11
123636;-174360;48687;25966;4;11
116312;-179968;48229;25616;4;11
125558;-173181;48807;26040;8;11
109974;-168796;47833;26314;8;11
110656;-169401;47876;26276;1;11
109031;-168429;47774;26337;2;11
108987;-167483;47771;26396;2;11
109062;-170756;47776;26191;1;11
107950;-165011;47706;26550;1;11
109633;-168596;47812;26326;1;11
115745;-183724;48194;25381;8;11
125376;-173534;48796;26018;4;11
124250;-174307;48725;25969;1;11
114987;-180066;48146;25609;4;11
110154;-168602;47844;26326;4;11
114702;-179667;48128;25634;2;11
113219;-170724;48036;26193;8;11
115339;-182602;48168;25451;4;11
109310;-168405;47791;26338;8;11
106159;-173948;47594;25992;8;11
112658;-171113;48001;26169;4;11
111603;-166496;47935;26458;2;11
115883;-183217;48202;25412;8;11
119551;-182190;48431;25477;2;11
111703;-167208;47941;26413;2;11
116287;-181228;48227;25537;8;11
117331;-179385;48293;25652;2;11
110467;-169185;47864;26289;1;11
113726;-169509;48067;26269;1;11
120970;-188428;48520;25087;1;11
108953;-176321;47769;25843;4;11
109781;-169805;47821;26251;4;11
109301;-170442;47791;26211;1;11
112666;-171122;48001;26168;2;11
113472;-171131;48052;26168;1;11
123598;-175079;48684;25921;1;11
114730;-179460;48130;25647;1;11
110421;-170052;47861;26235;8;11
112178;-170296;47971;26220;2;11
108945;-165458;47769;26522;1;11
109155;-175465;47782;25897;1;11
111314;-166779;47917;26440;1;11
112908;-171051;48016;26173;1;11
113257;-169955;48038;26241;1;11
109801;-167454;47822;26398;1;11
109876;-170682;47827;26196;1;11
106934;-176196;47643;25851;4;11
110623;-170668;47873;26197;4;11
111589;-167208;47934;26413;4;11
107141;-176506;47656;25832;8;11
111136;-166973;47906;26428;1;11
113370;-171161;48045;26166;1;11
119185;-182080;48409;25484;4;11
108681;-176342;47752;25842;2;11
110939;-169285;47893;26283;8;11
112787;-169462;48009;26272;8;11
110934;-166805;47893;26438;8;11
107928;-165007;47705;26551;1;11
119239;-181877;48412;25496;4;11
106382;-175998;47608;25864;8;11
109748;-165655;47819;26510;2;11
119184;-168029;48409;26362;4;11
111263;-168065;47913;26359;8;11
108114;-165181;47717;26540;8;11
112579;-169580;47996;26265;1;11
108891;-170817;47765;26187;2;11
112433;-168102;47987;26357;8;11
118922;-166856;48392;26435;4;11
125094;-173046;48778;26048;8;11
108070;-172449;47714;26085;4;11
110909;-169005;47891;26301;8;11
120213;-181946;48473;25492;8;11
111199;-166275;47909;26471;2;11
108781;-168329;47758;26343;2;11
112540;-169749;47993;26254;8;11
125121;-173094;48780;26045;4;11
109089;-170621;47778;26200;1;11
107068;-165183;47651;26540;4;11
106280;-172828;47602;26062;8;11
111663;-168844;47938;26311;4;11
110611;-168100;47873;26357;8;11
109400;-169371;47797;26278;2;11
118725;-168829;48380;26312;8;11
110851;-169715;47888;26256;8;11
110206;-171129;47847;26168;8;11
117206;-179652;48285;25635;8;11
115566;-179836;48182;25624;4;11
124672;-173284;48752;26033;8;11
124131;-173610;48718;26013;4;11
111606;-166566;47935;26453;1;11
110087;-169368;47840;26278;2;11
111994;-167066;47959;26422;8;11
111397;-166783;47922;26440;2;11
110195;-164967;47847;26553;2;11
108948;-175526;47769;25893;2;11
119132;-166933;48405;26430;1;11
109194;-168679;47784;26321;4;11
110665;-167526;47876;26393;4;11
106540;-172721;47618;26068;8;11
116047;-177598;48212;25764;8;11
108994;-170739;47772;26192;1;11
112218;-169670;47973;26259;1;11
114629;-177918;48124;25744;1;11
111620;-168998;47936;26301;8;11
117173;-180249;48283;25598;1;11
109235;-170281;47787;26221;8;11
114854;-179833;48138;25624;4;11
108024;-165102;47711;26545;8;11
109139;-175259;47781;25910;8;11
119383;-168285;48421;26346;4;11
109383;-168340;47796;26342;4;11
116041;-181131;48212;25543;8;11
119838;-168329;48449;26343;1;11
111972;-167086;47958;26421;1;11
112848;-170637;48013;26199;2;11
108854;-167864;47763;26372;2;11
108241;-176349;47725;25842;2;11
123987;-182019;48709;25487;8;11
106379;-174973;47608;25928;8;11
108720;-168418;47755;26337;8;11
116757;-178796;48257;25689;4;11
120810;-188094;48510;25108;2;11
114907;-175962;48141;25866;4;11
115175;-180040;48158;25611;4;11
110917;-170065;47892;26234;4;11
109510;-168517;47804;26331;8;11
118659;-168499;48376;26332;4;11
109191;-168775;47784;26315;8;11
106803;-172482;47635;26083;4;11
108204;-165246;47722;26536;2;11
115893;-181054;48203;25548;8;11
108650;-176049;47750;25860;2;11
112178;-169920;47971;26244;1;11
109896;-170605;47828;26201;1;11
108821;-165038;47761;26549;2;11
109873;-170587;47827;26202;2;11
109855;-170417;47825;26212;2;11
110769;-168984;47883;26302;4;11
111113;-169051;47904;26298;1;11
108720;-169785;47755;26252;2;11
114669;-177755;48126;25754;2;11
112965;-170984;48020;26177;2;11
117024;-178954;48274;25679;4;11
116608;-183480;48248;25396;4;11
107899;-172571;47703;26078;8;11
107835;-172901;47699;26057;4;11
109737;-165201;47818;26538;8;11
110140;-169414;47843;26275;2;11
109525;-169508;47805;26269;1;11
116960;-179574;48270;25640;2;11
116214;-177687;48223;25758;2;11
118658;-168468;48376;26334;1;11
124736;-173995;48756;25989;8;11
109367;-170462;47795;26210;8;11
115418;-184433;48173;25336;4;11
111568;-166497;47933;26457;1;11
111613;-168760;47935;26316;1;11
115955;-177606;48207;25763;8;11
106312;-176114;47604;25856;2;11
110416;-170123;47861;26231;1;11
121388;-188671;48546;25072;4;11
109335;-170219;47793;26225;2;11
114853;-177343;48138;25780;2;11
110826;-168187;47886;26352;8;11
124974;-173945;48770;25992;1;11
130056;-176809;49088;25813;1;11
124938;-173722;48768;26006;1;11
106532;-174971;47618;25928;4;11
119655;-168538;48438;26330;8;11
110048;-165000;47838;26551;8;11
116391;-179849;48234;25623;4;11
110824;-169787;47886;26252;4;11
125655;-172329;48813;26093;2;11
109256;-169911;47788;26244;8;11
124523;-173413;48742;26025;2;11
123858;-181767;48701;25503;4;11
111252;-170909;47913;26182;1;11
116335;-177176;48230;25790;4;11
106650;-175690;47625;25883;1;11
111447;-171130;47925;26168;8;11
110551;-169190;47869;26289;4;11
118749;-172092;48381;26108;4;11
114614;-177381;48123;25777;8;11
113285;-169933;48040;26243;1;11
119174;-167994;48408;26364;2;11
110383;-170985;47858;26177;4;11
123914;-181315;48704;25531;8;11
113895;-169927;48078;26243;2;11
109743;-168729;47818;26318;4;11
112574;-169609;47995;26263;2;11
111454;-169712;47925;26257;8;11
108857;-169517;47763;26269;1;11
109737;-167796;47818;26376;8;11
111999;-169910;47959;26244;4;11
111845;-169532;47950;26268;2;11
112323;-167888;47980;26371;8;11
112496;-170968;47991;26178;1;11
116373;-184150;48233;25354;2;11
119337;-167937;48418;26367;1;11
125471;-173364;48801;26028;2;11
106904;-177217;47641;25787;1;11
110581;-168842;47871;26311;4;11
121028;-168501;48524;26332;1;11
117466;-181496;48301;25520;2;11
121470;-168211;48551;26350;2;11
108148;-164946;47719;26554;4;11
123529;-166517;48680;26456;2;11
110405;-169899;47860;26245;2;11
112079;-170260;47964;26222;2;11
110117;-167441;47842;26398;2;11
120068;-168606;48464;26326;2;11
117802;-182442;48322;25461;2;11
108780;-169300;47758;26282;1;11
111809;-170184;47948;26227;4;11
124113;-182064;48717;25485;8;11
123019;-175154;48648;25916;1;11
111757;-167484;47944;26396;4;11
110506;-168632;47866;26324;8;11
115429;-177306;48174;25782;2;11
110321;-171097;47855;26170;1;11
111183;-166962;47908;26428;1;11
111316;-167273;47917;26409;2;11
110072;-168180;47839;26352;1;11
111521;-170463;47930;26210;1;11
123407;-181228;48672;25537;4;11
123928;-182017;48705;25487;2;11
124064;-173898;48714;25995;2;11
111755;-168540;47944;26330;8;11
113838;-169784;48074;26252;1;11
111288;-166588;47915;26452;1;11
125882;-172963;48827;26053;1;11
111675;-167604;47939;26388;4;11
115684;-177356;48190;25779;4;11
123905;-182051;48704;25485;1;11
109389;-168224;47796;26350;4;11
115229;-182815;48161;25438;2;11
111170;-166952;47908;26429;1;11
108235;-174399;47724;25964;2;11
111007;-167583;47897;26390;1;11
112126;-169162;47967;26291;2;11
123802;-174348;48697;25967;2;11
108133;-172555;47718;26079;2;11
109612;-169296;47810;26283;8;11
112005;-167235;47960;26411;4;11
117195;-181973;48284;25490;4;11
112043;-167256;47962;26410;1;11
112445;-170316;47987;26219;4;11
116171;-177559;48220;25766;1;11
107147;-165174;47656;26540;2;11
115567;-182455;48182;25460;1;11
109264;-175500;47789;25895;2;11
110389;-169098;47859;26295;2;11
110985;-167531;47896;26393;1;11
125474;-173552;48802;26017;4;11
110105;-169135;47841;26293;2;11
111937;-169149;47956;26292;8;11
111306;-166617;47916;26450;2;11
109807;-168752;47822;26317;2;11
106574;-173643;47620;26011;4;11
111743;-167112;47943;26419;1;11
123617;-181843;48686;25498;2;11
109571;-165684;47808;26508;8;11
106347;-173175;47606;26040;4;11
106428;-176693;47611;25820;8;11
113286;-169871;48040;26247;8;11
109252;-167712;47788;26382;2;11
111711;-168619;47941;26325;4;11
125419;-172826;48798;26062;1;11
123700;-181265;48691;25534;1;11
114994;-180166;48147;25603;2;11
125041;-173279;48775;26034;8;11
112215;-170414;47973;26213;8;11
107845;-172412;47700;26088;2;11
117138;-181135;48281;25543;2;11
111315;-167531;47917;26393;1;11
106127;-172978;47592;26052;2;11
110541;-169090;47868;26295;2;11
117126;-179582;48280;25640;8;11
119295;-166863;48415;26435;1;11
114665;-178895;48126;25683;8;11
109618;-168096;47811;26358;2;11
115522;-183650;48180;25385;8;11
107447;-172328;47675;26093;8;11
109737;-167504;47818;26395;8;11
113769;-169646;48070;26261;2;11
123571;-175091;48683;25920;1;11
108256;-174221;47726;25975;1;11
111041;-170101;47900;26232;2;11
105493;-172751;47553;26067;2;11
111555;-167331;47932;26405;1;11
112656;-170123;48001;26231;8;11
119017;-168724;48398;26318;4;11
108729;-173866;47755;25997;2;11
112950;-169289;48019;26283;8;11
110445;-167486;47862;26396;8;11
109493;-169071;47803;26297;4;11
127561;-185550;48932;25267;4;11
111329;-167914;47918;26369;2;11
123903;-182119;48703;25481;4;11
110931;-170546;47893;26204;8;11
111416;-169750;47923;26254;8;11
112612;-170437;47998;26211;8;11
111460;-168505;47926;26332;8;11
119429;-168570;48424;26328;8;11
107997;-172434;47709;26086;8;11
109954;-165539;47832;26517;4;11
111867;-168639;47951;26324;2;11
116911;-178693;48266;25695;2;11
116426;-184243;48236;25348;8;11
119384;-167001;48421;26426;2;11
116216;-177885;48223;25746;8;11
113245;-170216;48037;26225;1;11
109816;-168860;47823;26310;8;11
124175;-174185;48720;25977;1;11
110252;-165110;47850;26544;4;11
111562;-166446;47932;26461;2;11
125495;-172652;48803;26073;1;11
123633;-174302;48687;25970;8;11
116007;-180438;48210;25586;4;11
110546;-170396;47869;26214;1;11
111302;-167763;47916;26378;2;11
112665;-169125;48001;26293;4;11
112044;-167000;47962;26426;1;11
111523;-169846;47930;26248;1;11
105664;-174962;47564;25928;8;11
116936;-179343;48268;25655;8;11
109651;-169152;47813;26292;1;11
110463;-170814;47863;26188;8;11
113324;-169124;48042;26293;4;11
109221;-175595;47786;25889;8;11
110974;-167507;47895;26394;8;11
111873;-166922;47952;26431;8;11
109619;-165432;47811;26524;2;11
110238;-168951;47849;26304;4;11
108070;-165592;47714;26514;8;11
108783;-170710;47758;26194;4;11
107783;-174024;47696;25987;4;11
109844;-169912;47825;26244;1;11
106292;-175005;47603;25926;1;11
113075;-169660;48027;26260;8;11
111689;-167396;47940;26401;1;11
112156;-168568;47969;26328;2;11
111432;-170771;47924;26190;1;11
105816;-172745;47573;26067;8;11
118482;-168476;48365;26334;4;11
111650;-169000;47938;26301;2;11
123973;-181682;48708;25508;1;11
112687;-169164;48002;26291;4;11
110397;-167735;47859;26380;4;11
114848;-180160;48138;25604;1;11
112793;-169733;48009;26255;1;11
113390;-171218;48046;26162;2;11
111855;-167063;47950;26422;2;11
123504;-181377;48679;25527;4;11
113878;-169801;48077;26251;8;11
119160;-168670;48407;26322;2;11
109790;-170199;47821;26226;8;11
111815;-170662;47948;26197;1;11
109639;-169232;47812;26287;8;11
106154;-175004;47594;25926;4;11
109886;-165586;47827;26514;2;11
121234;-188366;48537;25091;2;11
116103;-183505;48216;25394;4;11
107313;-165469;47667;26522;8;11
113593;-169276;48059;26284;1;11
115701;-177503;48191;25770;2;11
108763;-169973;47757;26240;1;11
108049;-165368;47713;26528;4;11
112180;-168621;47971;26325;1;11
110786;-166788;47884;26439;4;11
112828;-169416;48011;26275;8;11
123805;-181451;48697;25523;2;11
111321;-169406;47917;26276;1;11
123753;-174408;48694;25963;8;11
111092;-170135;47903;26230;4;11
116326;-180290;48230;25595;4;11
106230;-173796;47599;26001;8;11
109515;-169690;47804;26258;1;11
123964;-181545;48707;25517;4;11
111280;-168342;47915;26342;1;11
110210;-165235;47848;26536;1;11
113152;-170330;48032;26218;1;11
111511;-170276;47929;26221;8;11
116952;-178746;48269;25692;8;11
123248;-193427;48663;24774;2;11
110236;-167587;47849;26389;4;11
109569;-169724;47808;26256;1;11
114514;-178558;48117;25704;8;11
105776;-173490;47571;26020;4;11
108190;-174131;47721;25980;2;11
123853;-181835;48700;25499;4;11
106533;-173718;47618;26006;4;11
123697;-174199;48691;25976;2;11
109708;-167555;47816;26391;1;11
113691;-169439;48065;26274;8;11
117013;-179542;48273;25642;8;11
109510;-169533;47804;26268;4;11
109303;-169860;47791;26247;2;11
119381;-181965;48421;25491;8;11
107869;-172863;47701;26060;1;11
117192;-179769;48284;25628;2;11
123237;-174511;48662;25957;4;11
112031;-169054;47961;26298;1;11
110111;-171127;47841;26168;8;11
116474;-184122;48239;25356;8;11
109237;-165214;47787;26538;2;11
108093;-176213;47715;25850;4;11
123710;-182323;48691;25468;4;11
120845;-187940;48512;25117;2;11
112397;-175430;47984;25899;2;11
110137;-164877;47843;26559;8;11
118227;-171484;48349;26146;1;11
113246;-169153;48037;26291;4;11
112421;-168467;47986;26334;2;11
111728;-167315;47943;26406;1;11
111900;-166446;47953;26461;8;11
108494;-174299;47740;25970;4;11
113004;-169293;48022;26283;1;11
117714;-182155;48317;25479;8;11
106564;-175843;47620;25873;1;11
110798;-168140;47884;26355;1;11
109039;-165427;47774;26524;4;11
110974;-167378;47895;26402;8;11
111932;-169644;47955;26261;2;11
120934;-188212;48518;25100;4;11
105514;-173649;47554;26010;8;11
123285;-174646;48665;25948;4;11
108286;-173873;47727;25996;4;11
110352;-168059;47857;26360;1;11
106183;-174997;47596;25926;2;11
108709;-165422;47754;26525;4;11
109418;-165443;47798;26523;2;11
117488;-181892;48303;25495;4;11
108062;-165721;47713;26506;4;11
109171;-168365;47783;26341;4;11
107764;-172718;47695;26069;2;11
111511;-168985;47929;26302;1;11
111167;-169444;47907;26273;1;11
112385;-170649;47984;26198;2;11
108683;-169237;47752;26286;8;11
115343;-182257;48168;25472;4;11
110869;-169095;47889;26295;4;11
105817;-173675;47573;26009;4;11
107028;-165402;47649;26526;1;11
116839;-183554;48262;25391;4;11
116754;-166129;48257;26480;8;11
109526;-170203;47805;26226;4;11
106892;-172717;47640;26069;1;11
119336;-168171;48418;26353;4;11
107170;-176218;47658;25850;8;11
112072;-170788;47964;26189;8;11
111782;-168803;47946;26313;8;11
107846;-165579;47700;26515;2;11
111758;-169394;47944;26276;8;11
112161;-170160;47970;26229;8;11
110167;-170925;47845;26181;2;11
114442;-178582;48112;25702;4;11
106419;-175539;47611;25892;1;11
108134;-165703;47718;26507;8;11
108539;-173589;47743;26014;1;11
106712;-175278;47629;25909;1;11
109753;-168333;47819;26343;8;11
110349;-168168;47856;26353;4;11
111071;-169905;47901;26244;4;11
111497;-168760;47928;26316;4;11
110419;-167743;47861;26380;1;11
121353;-168285;48544;26346;1;11
125408;-172554;48798;26079;1;11
108908;-176060;47766;25860;4;11
109161;-168239;47782;26349;1;11
109903;-176967;47828;25803;4;11
120393;-182106;48484;25482;4;11
115357;-184181;48169;25352;4;11
129099;-180906;49028;25557;8;11
111235;-168855;47912;26310;8;11
123259;-193513;48663;24769;2;11
111702;-168263;47941;26347;1;11
112743;-169838;48006;26249;2;11
124170;-173805;48720;26001;2;11
113884;-169111;48077;26294;4;11
111344;-167178;47919;26415;1;11
108764;-165157;47757;26541;4;11
108012;-172928;47710;26056;8;11
109620;-165108;47811;26544;4;11
106770;-176915;47633;25806;2;11
111843;-167279;47950;26409;4;11
114582;-179948;48121;25617;2;11
110070;-170556;47839;26204;2;11
109659;-168170;47813;26353;8;11
111583;-170649;47933;26198;8;11
117413;-180997;48298;25551;4;11
117724;-182778;48317;25440;4;11
111446;-167847;47925;26373;1;11
109857;-176814;47826;25813;1;11
124918;-173175;48767;26040;2;11
124032;-181613;48712;25513;4;11
121110;-168260;48529;26347;8;11
123795;-181742;48697;25505;2;11
109905;-165096;47829;26545;2;11
115952;-178008;48207;25738;4;11
127493;-185933;48928;25243;8;11
111413;-167867;47923;26372;2;11
110209;-168107;47848;26357;8;11
106305;-174285;47604;25971;4;11
113771;-170130;48070;26230;8;11
109748;-171068;47819;26172;1;11
123410;-174754;48673;25941;1;11
125253;-172981;48788;26052;8;11
110586;-170563;47871;26203;1;11
109388;-167785;47796;26377;2;11
109054;-169736;47775;26255;1;11
112351;-166988;47981;26427;1;11
115885;-181324;48202;25531;4;11
115256;-180012;48163;25613;8;11
116149;-181233;48219;25536;4;11
113875;-169350;48077;26279;4;11
113597;-170664;48059;26197;8;11
116130;-178757;48218;25691;2;11
112114;-167562;47967;26391;1;11
123194;-194173;48659;24728;2;11
112504;-168784;47991;26315;1;11
120581;-193436;48496;24774;2;11
108935;-169936;47768;26243;4;11
109780;-171121;47821;26168;2;11
116059;-181662;48213;25510;4;11
115767;-181750;48195;25504;4;11
109547;-168513;47806;26331;2;11
109092;-164971;47778;26553;8;11
111362;-167303;47920;26407;8;11
115251;-182218;48163;25475;1;11
116443;-177344;48237;25780;8;11
123511;-175098;48679;25920;4;11
114978;-179992;48146;25614;8;11
112488;-167306;47990;26407;4;11
130658;-193091;49126;24795;2;11
106605;-173718;47622;26006;8;11
108784;-169897;47759;26245;4;11
108353;-171518;47732;26144;1;11
110530;-169967;47868;26241;1;11
118666;-172121;48376;26106;1;11
112804;-170717;48010;26194;4;11
116082;-177359;48215;25779;1;11
108671;-176283;47751;25846;2;11
109358;-170516;47794;26206;4;11
117414;-181959;48298;25491;1;11
113737;-170530;48068;26205;4;11
108099;-172618;47716;26075;2;11
105829;-175029;47574;25924;2;11
123506;-166708;48679;26444;1;11
115319;-179968;48167;25616;2;11
110756;-167358;47882;26404;1;11
111713;-168198;47942;26351;8;11
112275;-171027;47977;26174;4;11
123501;-181529;48678;25518;1;11
110877;-168559;47889;26329;8;11
109987;-169330;47834;26280;4;11
107501;-165438;47678;26524;8;11
121431;-188462;48549;25085;2;11
110295;-168490;47853;26333;8;11
113348;-170730;48044;26193;8;11
111029;-169275;47899;26284;1;11
119528;-168596;48430;26326;2;11
123816;-181406;48698;25526;2;11
112225;-169376;47974;26278;1;11
106428;-175965;47611;25866;4;11
111177;-167295;47908;26408;1;11
109284;-168510;47790;26332;8;11
109523;-168625;47805;26324;2;11
116516;-184239;48242;25349;8;11
115836;-177476;48199;25771;4;11
112994;-170803;48022;26188;8;11
111970;-168213;47958;26350;4;11
111252;-169011;47913;26300;1;11
109204;-168706;47785;26319;8;11
116846;-178893;48262;25683;2;11
111557;-169077;47932;26296;2;11
108222;-176839;47723;25811;4;11
112067;-167740;47964;26380;8;11
107310;-172854;47666;26060;1;11
110551;-167085;47869;26421;1;11
111535;-168183;47930;26352;1;11
111035;-167886;47899;26371;2;11
108865;-176082;47764;25858;1;11
124557;-173493;48744;26020;4;11
109634;-170568;47812;26203;2;11
107831;-172762;47699;26066;8;11
111089;-170939;47903;26180;8;11
111538;-167941;47931;26367;8;11
125141;-173566;48781;26016;2;11
108551;-176412;47744;25838;4;11
110787;-168054;47884;26360;4;11
111153;-168425;47907;26337;4;11
105927;-175003;47580;25926;2;11
109043;-165036;47775;26549;2;11
108704;-168927;47754;26306;8;11
105991;-176666;47584;25822;8;11
110369;-168050;47858;26360;8;11
113383;-170786;48046;26189;2;11
108546;-165748;47744;26504;4;11
124086;-182302;48715;25470;1;11
108594;-165085;47747;26546;4;11
115360;-183183;48170;25415;1;11
112745;-169625;48006;26262;4;11
124043;-181693;48712;25508;2;11
109433;-170034;47799;26236;2;11
109542;-170693;47806;26195;1;11
111186;-171012;47909;26175;2;11
115608;-181642;48185;25511;4;11
121068;-168334;48526;26343;4;11
114548;-178902;48119;25682;4;11
123440;-174381;48675;25965;8;11
119622;-168674;48436;26321;4;11
105552;-175089;47557;25920;2;11
115489;-182539;48178;25455;4;11
111344;-168581;47919;26327;2;11
107618;-176408;47686;25838;4;11
111306;-166535;47916;26455;8;11
107197;-172860;47659;26060;4;11
106235;-175296;47599;25908;1;11
113136;-170356;48031;26216;2;11
108995;-168659;47772;26322;2;11
110957;-166899;47894;26432;8;11
106212;-172898;47598;26057;4;11
112132;-167465;47968;26397;4;11
112333;-169663;47980;26260;4;11
112304;-169297;47979;26282;2;11
126205;-172889;48847;26058;4;11
106044;-172878;47587;26059;8;11
110545;-169071;47869;26297;4;11
105733;-173573;47568;26015;1;11
124760;-174079;48757;25984;1;11
109584;-165461;47809;26522;2;11
107347;-176301;47669;25845;2;11
115378;-179789;48171;25627;2;11
111157;-170353;47907;26216;4;11
115618;-183433;48186;25399;1;11
123470;-174888;48676;25933;1;11
113736;-169158;48068;26291;1;11
112391;-169174;47984;26290;1;11
106474;-176646;47614;25823;1;11
106425;-173662;47611;26010;1;11
116449;-177634;48238;25761;4;11
123549;-182045;48681;25486;4;11
116098;-181360;48216;25529;4;11
118372;-173752;48358;26004;1;11
109895;-167991;47828;26364;8;11
112465;-168257;47989;26347;2;11
111382;-167270;47921;26409;1;11
113350;-169684;48044;26258;8;11
109582;-174835;47808;25936;8;11
116958;-179580;48269;25640;4;11
115075;-179351;48152;25654;8;11
120075;-181961;48464;25491;2;11
112619;-170464;47998;26210;4;11
107680;-172334;47690;26093;2;11
112733;-171084;48005;26171;2;11
126236;-172815;48849;26063;4;11
126335;-172595;48855;26076;2;11
112020;-167362;47961;26403;4;11
111348;-168507;47919;26332;8;11
110556;-170687;47869;26196;1;11
117159;-183504;48282;25395;4;11
108789;-169334;47759;26280;4;11
114964;-176767;48145;25816;2;11
109276;-169470;47789;26272;4;11
111238;-170198;47912;26226;2;11
111390;-167256;47921;26410;2;11
112505;-169125;47991;26293;1;11
111913;-169001;47954;26301;2;11
109542;-169138;47806;26292;2;11
110136;-168176;47843;26353;1;11
112453;-170056;47988;26235;8;11
110776;-167833;47883;26374;2;11
125990;-172902;48834;26057;4;11
111574;-168437;47933;26336;2;11
109183;-168067;47783;26359;8;11
107706;-165018;47691;26550;8;11
112018;-169100;47961;26295;2;11
110167;-164952;47845;26554;8;11
110327;-169445;47855;26273;8;11
116192;-183789;48222;25377;1;11
116459;-180021;48238;25612;1;11
109851;-165217;47825;26537;1;11
112799;-169959;48009;26241;8;11
111863;-166910;47951;26432;2;11
110577;-169965;47871;26241;2;11
111465;-170680;47926;26196;4;11
105778;-174694;47571;25945;4;11
109110;-169081;47779;26296;1;11
107945;-174160;47706;25979;8;11
129380;-181061;49046;25547;4;11
123471;-181199;48676;25539;4;11
110014;-169485;47835;26271;1;11
117173;-182992;48283;25427;8;11
110288;-170315;47853;26219;4;11
113130;-170371;48030;26215;2;11
111665;-168864;47939;26310;4;11
116680;-183962;48252;25366;2;11
119172;-182062;48408;25485;8;11
113666;-170970;48064;26178;1;11
110947;-169693;47894;26258;1;11
110413;-167651;47860;26385;2;11
114613;-177281;48123;25783;4;11
107464;-172115;47676;26106;8;11
123996;-173952;48709;25992;8;11
110646;-167869;47875;26372;1;11
105811;-173620;47573;26012;1;11
109483;-170046;47802;26236;2;11
110233;-167953;47849;26366;8;11
109339;-168121;47793;26356;2;11
111636;-166206;47937;26476;2;11
112823;-170436;48011;26211;8;11
111564;-167814;47932;26375;8;11
113236;-170260;48037;26222;4;11
111157;-169882;47907;26246;8;11
110711;-170708;47879;26194;2;11
120443;-168325;48487;26343;2;11
123648;-181395;48688;25526;2;11
107942;-165236;47706;26536;8;11
108731;-174182;47755;25977;4;11
124347;-173581;48731;26015;4;11
112217;-168365;47973;26341;4;11
108434;-176566;47737;25828;1;11
107877;-176407;47702;25838;4;11
111295;-166827;47915;26437;8;11
125150;-173532;48781;26018;2;11
106001;-175108;47585;25919;1;11
113357;-169404;48044;26276;2;11
108414;-164959;47735;26554;4;11
112138;-169571;47968;26265;4;11
119442;-168639;48425;26324;1;11
111189;-168590;47909;26327;2;11
111705;-167736;47941;26380;1;11
114877;-176680;48139;25821;2;11
111738;-169659;47943;26260;8;11
125922;-172891;48830;26058;1;11
115878;-183322;48202;25406;8;11
109384;-170919;47796;26181;2;11
108969;-165099;47770;26545;1;11
110820;-166976;47886;26428;4;11
106573;-175329;47620;25905;8;11
110701;-169193;47878;26289;1;11
108812;-168127;47760;26356;1;11
108715;-168813;47754;26313;2;11
109516;-168030;47804;26362;8;11
109820;-170327;47823;26218;1;11
116014;-181686;48210;25508;4;11
107739;-171927;47693;26118;4;11
109141;-175730;47781;25880;4;11
114534;-178439;48118;25711;4;11
118955;-168684;48394;26321;2;11
112230;-169476;47974;26271;2;11
123922;-182152;48705;25479;1;11
108344;-165164;47731;26541;2;11
110657;-168468;47876;26334;4;11
109065;-176726;47776;25818;4;11
106290;-173857;47603;25997;4;11
110253;-171053;47850;26173;2;11
107990;-172695;47709;26070;1;11
109447;-170492;47800;26208;8;11
111017;-170897;47898;26182;1;11
116359;-177458;48232;25772;2;11
116875;-183458;48264;25397;8;11
109749;-174604;47819;25951;2;11
120794;-187929;48509;25118;2;11
120283;-181859;48477;25497;8;11
123562;-166443;48682;26461;8;11
113074;-171059;48027;26172;1;11
111138;-167093;47906;26420;1;11
113918;-169878;48079;26246;8;11
115985;-178845;48209;25686;4;11
119546;-167070;48431;26422;8;11
111909;-169685;47954;26258;8;11
112395;-169570;47984;26265;8;11
106397;-175761;47609;25878;1;11
111953;-170847;47957;26186;8;11
110247;-169945;47850;26242;2;11
109856;-167428;47826;26399;4;11
108950;-168223;47769;26350;4;11
120268;-181716;48476;25506;8;11
118841;-168237;48387;26349;2;11
110060;-169550;47838;26267;1;11
120853;-188858;48513;25060;8;11
123472;-181792;48677;25502;4;11
107860;-165143;47701;26542;1;11
111772;-170857;47945;26185;1;11
114885;-176834;48140;25811;4;11
121438;-168409;48549;26338;4;11
108838;-169332;47762;26280;8;11
109702;-169816;47816;26250;8;11
116125;-181061;48217;25547;8;11
109796;-171042;47822;26173;4;11
125263;-172912;48788;26057;2;11
108342;-176331;47731;25843;1;11
112401;-168390;47985;26339;2;11
111378;-170298;47921;26220;1;11
124281;-174232;48727;25974;4;11
107967;-172311;47707;26094;2;11
108330;-176292;47730;25845;2;11
109574;-169261;47808;26285;1;11
114625;-178420;48124;25712;8;11
110766;-167960;47882;26366;2;11
116235;-177801;48224;25751;4;11
108251;-173708;47725;26007;1;11
106467;-174903;47614;25932;4;11
111874;-166954;47952;26429;2;11
108508;-165083;47741;26546;2;11
124140;-181400;48718;25526;2;11
109853;-168769;47825;26315;8;11
123706;-182339;48691;25467;2;11
109890;-164958;47828;26554;2;11
118671;-168534;48376;26330;4;11
106232;-174015;47599;25988;1;11
114850;-177633;48138;25761;1;11
106207;-174982;47597;25927;1;11
107984;-176241;47709;25848;8;11
123565;-175012;48682;25925;1;11
105397;-172647;47547;26073;2;11
109177;-168657;47783;26322;2;11
109587;-170939;47809;26180;1;11
111854;-170816;47950;26188;1;11
108033;-176329;47712;25843;8;11
121670;-168526;48564;26331;8;11
108425;-176230;47736;25849;8;11
124196;-173548;48722;26017;8;11
110662;-169410;47876;26275;1;11
108304;-176400;47729;25839;4;11
108151;-172755;47719;26066;8;11
128822;-194699;49011;24695;8;11
111958;-169246;47957;26286;4;11
117199;-180253;48284;25598;8;11
114868;-176671;48139;25822;1;11
123720;-174824;48692;25937;4;11
112748;-171065;48006;26172;2;11
109587;-174636;47809;25949;2;11
106350;-175028;47606;25924;4;11
110472;-170977;47864;26177;8;11
114448;-177515;48113;25769;4;11
112089;-168237;47965;26349;8;11
110358;-167439;47857;26399;1;11
114701;-179697;48128;25632;1;11
106131;-174991;47593;25927;8;11
110869;-168512;47889;26332;1;11
108687;-174087;47752;25983;1;11
113729;-169760;48068;26254;4;11
110399;-168774;47859;26315;1;11
107676;-172062;47689;26110;4;11
106913;-174141;47642;25980;4;11
123189;-193120;48659;24794;2;11
111790;-169589;47946;26264;8;11
113240;-170011;48037;26238;2;11
116241;-184113;48225;25356;4;11
116271;-177572;48226;25765;1;11
113376;-170056;48046;26235;1;11
111432;-168203;47924;26351;4;11
115664;-182602;48189;25451;2;11
113610;-170434;48060;26211;1;11
111244;-166198;47912;26476;1;11
116556;-184206;48244;25351;8;11
109391;-169477;47796;26271;2;11
125206;-173305;48785;26032;4;11
115926;-181528;48205;25518;4;11
123713;-182137;48692;25480;8;11
123993;-181625;48709;25512;8;11
112734;-169784;48005;26252;8;11
105965;-175339;47582;25905;1;11
111424;-168857;47924;26310;2;11
111164;-168673;47907;26321;1;11
111378;-168633;47921;26324;8;11
108274;-173899;47727;25995;4;11
117191;-180773;48284;25565;1;11
121665;-192898;48564;24807;4;11
115633;-181078;48187;25546;4;11
109135;-176328;47780;25843;8;11
114910;-177550;48141;25767;2;11
125600;-173152;48810;26042;1;11
110422;-167445;47861;26398;1;11
108682;-165496;47752;26520;4;11
105985;-175322;47584;25906;4;11
111633;-169646;47937;26261;2;11
109171;-170075;47783;26234;8;11
112528;-170954;47993;26179;1;11
125114;-173079;48779;26046;8;11
109120;-169400;47780;26276;8;11
116243;-177747;48225;25754;8;11
110076;-168998;47839;26301;2;11
116431;-177649;48236;25760;8;11
110820;-167170;47886;26415;2;11
111237;-170381;47912;26215;8;11
119666;-168481;48439;26333;4;11
111962;-169486;47957;26271;2;11
118992;-166813;48397;26438;8;11
108235;-164896;47724;26558;1;11
110869;-167665;47889;26384;2;11
106172;-175839;47595;25874;8;11
106352;-175031;47607;25924;2;11
109976;-168246;47833;26348;8;11
108237;-165175;47724;26540;2;11
111019;-169485;47898;26271;4;11
113067;-170679;48026;26196;8;11
125052;-173133;48775;26043;8;11
108684;-170750;47752;26192;8;11
111654;-168171;47938;26353;2;11
111659;-171007;47938;26176;8;11
111791;-170658;47946;26197;4;11
115355;-176792;48169;25814;4;11
108906;-168745;47766;26317;1;11
117471;-181026;48301;25549;1;11
106811;-173488;47635;26021;2;11
111105;-168159;47904;26354;8;11
110518;-168913;47867;26306;1;11
106858;-172913;47638;26056;8;11
112223;-166950;47973;26429;2;11
112817;-169977;48011;26240;1;11
116159;-178578;48219;25702;8;11
106600;-175846;47622;25873;8;11
106444;-175633;47612;25886;2;11
120496;-188577;48491;25077;2;11
110635;-170242;47874;26223;2;11
111589;-167716;47934;26381;4;11
123976;-181816;48708;25500;8;11
125036;-173577;48774;26015;8;11
124052;-182016;48713;25488;4;11
124053;-173645;48713;26011;2;11
116033;-180369;48212;25590;2;11
108715;-168424;47754;26337;4;11
115904;-181439;48204;25524;8;11
108992;-175709;47772;25882;8;11
112611;-170401;47998;26213;1;11
117240;-182676;48287;25446;1;11
106399;-172704;47609;26070;2;11
111140;-168453;47906;26335;1;11
111277;-169197;47914;26289;4;11
111518;-167608;47929;26388;8;11
115212;-182694;48160;25445;1;11
107648;-172319;47688;26094;1;11
109085;-169575;47777;26265;2;11
114562;-177300;48120;25782;1;11
113073;-169280;48027;26284;2;11
124185;-174316;48721;25969;1;11
111365;-168217;47920;26350;2;11
111293;-166950;47915;26429;4;11
117303;-178799;48291;25689;4;11
125709;-172900;48816;26057;2;11
123145;-193662;48656;24760;2;11
110877;-168261;47889;26347;4;11
109290;-168649;47790;26323;4;11
114932;-175928;48143;25868;8;11
110128;-165118;47843;26544;8;11
124924;-173269;48767;26034;2;11
111677;-166232;47939;26474;4;11
112189;-167718;47971;26381;8;11
114835;-175944;48137;25867;4;11
112812;-170388;48010;26214;2;11
108829;-168694;47761;26320;1;11
108372;-165476;47733;26521;8;11
111812;-166507;47948;26457;2;11
117376;-182709;48296;25444;4;11
106625;-173122;47624;26043;1;11
110209;-168356;47848;26341;2;11
128811;-194843;49010;24686;1;11
129736;-191022;49068;24925;1;11
106499;-174895;47616;25933;4;11
115915;-171739;48204;26130;1;11
107894;-172822;47703;26062;2;11
109297;-169095;47791;26295;2;11
112592;-169472;47997;26272;4;11
125714;-173070;48817;26047;8;11
111788;-168017;47946;26362;2;11
126008;-172869;48835;26059;1;11
105755;-173506;47569;26019;1;11
111108;-168376;47904;26340;1;11
117316;-195640;48292;24636;2;11
117071;-182061;48276;25485;1;11
110787;-168070;47884;26359;4;11
113852;-169215;48075;26288;8;11
107783;-176699;47696;25820;4;11
109883;-169771;47827;26253;1;11
112602;-170108;47997;26232;2;11
106657;-175446;47626;25898;4;11
121413;-188529;48548;25080;2;11
125274;-173026;48789;26049;8;11
118635;-168227;48374;26349;8;11
112085;-169389;47965;26277;8;11
109787;-164892;47821;26558;2;11
109089;-169108;47778;26294;4;11
107446;-176012;47675;25863;1;11
109340;-165436;47793;26524;1;11
106396;-175647;47609;25886;8;11
110782;-170445;47883;26211;2;11
106947;-173408;47644;26026;1;11
109215;-176858;47785;25810;1;11
125255;-173423;48788;26025;4;11
108448;-176679;47738;25821;8;11
109530;-170235;47805;26224;4;11
111981;-170933;47958;26180;1;11
113365;-170619;48045;26200;4;11
123877;-174546;48702;25954;2;11
115043;-176830;48150;25812;4;11
113312;-171216;48042;26163;2;11
109817;-170850;47823;26185;2;11
111994;-169856;47959;26248;2;11
110945;-168079;47894;26359;8;11
105999;-176823;47584;25812;1;11
117402;-180853;48297;25560;8;11
105631;-172417;47561;26087;2;11
111544;-167972;47931;26365;8;11
109260;-175621;47788;25887;8;11
110869;-168188;47889;26352;2;11
107648;-172710;47688;26069;8;11
112815;-170129;48010;26230;2;11
114930;-176796;48143;25814;1;11
107142;-173872;47656;25997;2;11
111669;-167611;47939;26388;2;11
109106;-176800;47779;25814;4;11
115764;-183912;48195;25369;1;11
121324;-168235;48542;26349;2;11
120345;-187482;48481;25146;2;11
123711;-166771;48691;26440;1;11
109937;-165130;47831;26543;4;11
108967;-170469;47770;26209;2;11
111989;-168568;47959;26328;4;11
106749;-175653;47631;25885;1;11
105838;-174706;47574;25944;1;11
118901;-168691;48391;26320;1;11
110281;-170810;47852;26188;8;11
115535;-182493;48180;25458;2;11
111489;-171037;47928;26174;2;11
106350;-174314;47606;25969;4;11
108988;-168788;47771;26314;2;11
108446;-173861;47737;25997;8;11
114007;-170536;48085;26205;8;11
112596;-175358;47997;25904;8;11
106231;-173866;47599;25997;4;11
124467;-173584;48739;26015;1;11
109223;-170276;47786;26221;1;11
107868;-172129;47701;26105;4;11
126100;-172462;48841;26085;8;11
124564;-173329;48745;26030;4;11
117085;-179507;48277;25644;2;11
106557;-175996;47619;25864;1;11
106166;-175659;47595;25885;8;11
109115;-176432;47779;25837;8;11
108985;-176767;47771;25816;1;11
109743;-168285;47818;26346;8;11
110381;-169932;47858;26243;2;11
113287;-170901;48040;26182;2;11
116588;-184355;48246;25341;2;11
109714;-170435;47817;26211;4;11
123745;-182085;48694;25483;2;11
112143;-168490;47968;26333;8;11
109624;-165418;47811;26525;2;11
124649;-173968;48750;25991;4;11
106138;-176717;47593;25819;1;11
105696;-172721;47566;26068;4;11
112652;-170791;48000;26189;2;11
108257;-176661;47726;25822;4;11
125124;-173380;48780;26027;8;11
111961;-166420;47957;26462;8;11
109525;-167871;47805;26372;8;11
106156;-176152;47594;25854;8;11
112332;-168624;47980;26325;1;11
109821;-170191;47823;26227;1;11
107586;-176552;47684;25829;1;11
109557;-169405;47807;26276;2;11
121579;-168462;48558;26335;2;11
108314;-176460;47729;25835;4;11
108616;-176472;47748;25834;8;11
115876;-181760;48202;25504;2;11
123867;-181427;48701;25524;2;11
109866;-174583;47826;25952;8;11
109841;-176860;47825;25810;8;11
110624;-170077;47874;26234;2;11
108238;-174413;47724;25963;8;11
108838;-168760;47762;26316;1;11
106343;-174862;47606;25935;8;11
116255;-177555;48225;25766;4;11
105712;-173577;47567;26015;2;11
117311;-166370;48291;26465;8;11
111344;-166484;47919;26458;8;11
124748;-173638;48756;26011;8;11
116553;-179980;48244;25615;8;11
109640;-167877;47812;26371;2;11
124579;-173432;48746;26024;8;11
117232;-181712;48287;25507;2;11
112767;-170842;48007;26186;4;11
114687;-177252;48127;25785;4;11
112830;-170501;48011;26207;2;11
125398;-173621;48797;26012;1;11
109834;-167808;47824;26376;8;11
113096;-170036;48028;26236;2;11
124398;-173590;48734;26014;8;11
115854;-171772;48200;26128;2;11
109152;-169588;47782;26264;4;11
110404;-170826;47860;26187;1;11
110248;-170131;47850;26230;8;11
115701;-181056;48191;25548;4;11
108744;-165094;47756;26545;1;11
121234;-196312;48537;24594;8;11
119391;-168523;48421;26331;2;11
111459;-170946;47926;26179;1;11
111324;-167230;47917;26412;4;11
119519;-182191;48429;25477;4;11
111863;-168303;47951;26345;1;11
106579;-175550;47621;25892;8;11
107129;-172704;47655;26070;4;11
110122;-168395;47842;26339;8;11
111081;-170315;47902;26219;1;11
116038;-178533;48212;25705;1;11
111432;-169642;47924;26261;1;11
109041;-176362;47775;25841;1;11
110222;-164918;47848;26556;1;11
123227;-174934;48661;25930;1;11
112095;-170424;47965;26212;8;11
109131;-176333;47780;25843;2;11
109197;-168384;47784;26340;4;11
115971;-177924;48208;25743;8;11
115430;-184135;48174;25355;4;11
109701;-176784;47816;25815;1;11
109379;-170178;47796;26227;2;11
111146;-168521;47906;26331;8;11
110056;-169195;47838;26289;1;11
111951;-169794;47956;26251;8;11
106434;-175581;47612;25890;1;11
117269;-180628;48289;25574;8;11
115394;-182854;48172;25435;1;11
107927;-172710;47705;26069;2;11
109803;-167608;47822;26388;4;11
114789;-179793;48134;25626;8;11
121531;-168487;48555;26333;1;11
109744;-167726;47819;26381;2;11
124497;-173339;48741;26030;1;11
111429;-170180;47924;26227;1;11
110573;-167082;47870;26421;1;11
108116;-164935;47717;26555;2;11
111340;-169981;47918;26240;1;11
108687;-165616;47752;26513;2;11
105583;-174911;47558;25932;4;11
115877;-181681;48202;25508;4;11
109225;-165028;47786;26549;4;11
111299;-169745;47916;26254;4;11
126153;-172888;48844;26058;1;11
106128;-172847;47593;26061;2;11
117353;-182743;48294;25442;8;11
105692;-173453;47565;26023;1;11
107964;-165251;47707;26535;8;11
111372;-167115;47920;26419;1;11
117139;-181629;48281;25512;8;11
121338;-188275;48543;25096;4;11
110107;-169731;47841;26255;8;11
117030;-179475;48274;25646;8;11
120092;-168366;48465;26341;8;11
123665;-181961;48689;25491;1;11
109774;-168818;47820;26312;1;11
112235;-169409;47974;26275;1;11
110142;-169398;47843;26276;2;11
112294;-168773;47978;26315;8;11
109403;-169116;47797;26294;1;11
120200;-168384;48472;26340;8;11
108392;-174201;47734;25976;4;11
118877;-168250;48389;26348;1;11
125810;-173282;48823;26033;8;11
114479;-178872;48114;25684;1;11
109850;-169919;47825;26244;2;11
111866;-170748;47951;26192;4;11
115317;-182051;48167;25485;8;11
109997;-165044;47834;26548;1;11
109195;-169991;47784;26239;4;11
124123;-181862;48717;25497;2;11
121233;-168556;48537;26329;8;11
112265;-167721;47976;26381;2;11
112371;-170196;47983;26226;1;11
109079;-170088;47777;26233;1;11
110856;-169772;47888;26253;1;11
113766;-169807;48070;26251;1;11
123398;-166700;48672;26445;8;11
106578;-172984;47621;26052;1;11
109648;-167468;47813;26397;4;11
126103;-172943;48841;26055;2;11
110872;-167063;47889;26422;1;11
108414;-173967;47735;25991;8;11
123845;-174289;48700;25970;8;11
108738;-169927;47756;26243;4;11
124665;-173820;48751;26000;2;11
105567;-172785;47557;26064;8;11
110385;-170464;47859;26210;4;11
123163;-193576;48657;24765;8;11
114469;-178510;48114;25707;1;11
111184;-171084;47909;26171;4;11
105772;-173533;47570;26018;1;11
116361;-177492;48232;25770;4;11
111745;-168116;47944;26356;8;11
106451;-173295;47613;26033;2;11
111469;-168968;47926;26303;2;11
113659;-170536;48063;26205;4;11
109638;-169270;47812;26284;1;11
114603;-179205;48122;25663;4;11
109026;-168691;47774;26320;2;11
105765;-174103;47570;25982;1;11
110551;-169197;47869;26289;8;11
110595;-170504;47872;26207;2;11
110509;-167845;47866;26373;8;11
109278;-167472;47789;26397;8;11
112363;-167408;47982;26401;4;11
109160;-169037;47782;26299;2;11
125687;-173135;48815;26043;1;11
110584;-168387;47871;26339;8;11
110765;-168319;47882;26344;2;11
130588;-193098;49121;24795;4;11
117357;-181794;48294;25501;1;11
105480;-172631;47552;26074;1;11
109505;-176970;47804;25803;4;11
109130;-175740;47780;25880;2;11
111311;-170568;47916;26203;1;11
105499;-172751;47553;26067;2;11
109802;-164913;47822;26556;1;11
108557;-165057;47744;26547;1;11
118791;-171786;48384;26127;4;11
115544;-183027;48181;25424;1;11
111576;-168111;47933;26357;8;11
111678;-169239;47939;26286;4;11
111205;-169398;47910;26276;8;11
112683;-170237;48002;26224;2;11
116255;-177241;48225;25786;1;11
115415;-182930;48173;25430;4;11
108741;-169705;47756;26257;1;11
108843;-165507;47762;26519;2;11
106052;-174968;47588;25928;4;11
115647;-181324;48187;25531;8;11
112976;-169126;48021;26293;2;11
108620;-174385;47748;25964;2;11
113775;-169419;48070;26275;2;11
110786;-169039;47884;26299;4;11
105916;-172907;47579;26057;4;11
123426;-181500;48674;25520;4;11
105789;-174489;47571;25958;1;11
107543;-165434;47681;26524;8;11
113686;-170073;48065;26234;8;11
111016;-168230;47898;26349;8;11
123616;-174951;48686;25929;4;11
118973;-168673;48395;26321;4;11
109360;-169744;47795;26255;8;11
109615;-170721;47810;26193;1;11
109040;-169058;47775;26297;4;11
116171;-177659;48220;25760;2;11
106615;-175015;47623;25925;2;11
117201;-183378;48285;25402;2;11
116884;-179298;48265;25657;1;11
108164;-165464;47720;26522;1;11
116266;-181159;48226;25541;4;11
111431;-167899;47924;26370;1;11
119545;-168444;48431;26336;8;11
124106;-181686;48716;25508;4;11
123748;-174140;48694;25980;4;11
125888;-172423;48828;26087;8;11
124642;-173494;48750;26020;1;11
110019;-170901;47836;26182;8;11
115698;-183274;48191;25409;1;11
115940;-180233;48206;25599;4;11
109688;-168225;47815;26349;8;11
111888;-170495;47953;26208;2;11
109395;-176540;47797;25830;1;11
112386;-169847;47984;26248;8;11
106109;-173640;47591;26011;4;11
113454;-169952;48050;26242;8;11
106200;-176836;47597;25811;2;11
112327;-168657;47980;26322;8;11
109494;-174773;47803;25940;8;11
105777;-173717;47571;26006;4;11
109188;-167484;47784;26396;2;11
112015;-167876;47960;26371;2;11
106486;-173845;47615;25998;2;11
123360;-166864;48670;26435;1;11
106242;-175069;47600;25922;1;11
109147;-165532;47781;26518;8;11
120089;-168537;48465;26330;4;11
111940;-170694;47956;26195;4;11
125058;-173448;48776;26023;8;11
110373;-169429;47858;26274;8;11
120359;-168353;48482;26341;1;11
110066;-165045;47839;26548;1;11
109379;-169443;47796;26273;2;11
107685;-172859;47690;26060;8;11
109924;-168411;47830;26338;1;11
106976;-172484;47646;26083;8;11
112368;-170916;47983;26181;4;11
123474;-166691;48677;26445;2;11
115979;-183892;48208;25370;4;11
109698;-165721;47816;26506;2;11
115295;-182724;48165;25443;8;11
105582;-173700;47558;26007;2;11
110028;-165525;47836;26518;8;11
110724;-167424;47880;26400;8;11
107294;-176344;47665;25842;4;11
112096;-168726;47966;26318;8;11
108906;-170557;47766;26204;4;11
111426;-167312;47924;26407;1;11
117111;-180913;48279;25556;1;11
111672;-167475;47939;26396;2;11
109345;-174651;47794;25948;8;11
110976;-168560;47896;26329;2;11
108003;-174072;47710;25984;8;11
109686;-169755;47815;26254;2;11
117047;-179270;48275;25659;8;11
115312;-176723;48167;25818;2;11
106201;-172713;47597;26069;2;11
110479;-168834;47864;26311;2;11
113443;-170260;48050;26222;2;11
111673;-169030;47939;26299;2;11
112164;-168258;47970;26347;1;11
106109;-174073;47591;25984;8;11
112053;-168631;47963;26324;1;11
120613;-193466;48498;24772;4;11
112027;-169342;47961;26280;1;11
117487;-180150;48302;25604;8;11
111277;-170867;47914;26184;4;11
108818;-167678;47761;26384;8;11
124623;-174078;48748;25984;8;11
108963;-169079;47770;26296;4;11
108234;-176175;47724;25853;8;11
109775;-169514;47820;26269;4;11
109761;-170925;47820;26181;8;11
109697;-169992;47816;26239;2;11
108898;-175538;47766;25892;4;11
107228;-174196;47661;25976;1;11
108196;-174363;47722;25966;8;11
110696;-170910;47878;26182;2;11
109827;-165520;47824;26519;2;11
106475;-173317;47614;26031;8;11
120255;-168563;48475;26328;1;11
112013;-170256;47960;26223;8;11
119911;-168409;48454;26338;4;11
111795;-169705;47947;26257;8;11
109035;-167518;47774;26394;2;11
115778;-184736;48196;25318;4;11
106982;-177328;47646;25781;2;11
110054;-171055;47838;26173;2;11
115915;-183303;48204;25407;1;11
115355;-182583;48169;25452;1;11
109857;-168475;47826;26334;2;11
109224;-170939;47786;26180;1;11
106608;-172849;47623;26060;4;11
112607;-170237;47997;26224;4;11
112017;-166970;47961;26428;2;11
118555;-168759;48369;26316;8;11
109021;-165435;47773;26524;8;11
105941;-175115;47581;25919;2;11
125746;-173199;48819;26039;8;11
107811;-176259;47698;25847;2;11
114923;-177341;48142;25780;4;11
120344;-168322;48481;26343;8;11
111157;-171127;47907;26168;8;11
123175;-193966;48658;24741;4;11
113256;-170398;48038;26214;8;11
117345;-180334;48294;25593;4;11
106807;-173025;47635;26049;2;11
114926;-180024;48142;25612;4;11
108975;-168904;47770;26307;8;11
115471;-183606;48176;25388;4;11
111751;-167042;47944;26423;1;11
109091;-175270;47778;25909;4;11
119144;-166882;48406;26433;8;11
121135;-188598;48530;25076;1;11
109893;-169907;47828;26244;2;11
106742;-175926;47631;25868;1;11
114231;-178670;48099;25697;8;11
126198;-172980;48847;26052;4;11
123135;-174802;48655;25938;8;11
111129;-170237;47905;26224;1;11
110801;-168417;47885;26337;4;11
123531;-174503;48680;25957;1;11
112814;-170414;48010;26213;2;11
107818;-177219;47698;25787;1;11
105840;-175326;47575;25906;2;11
117028;-179691;48274;25633;1;11
111368;-166714;47920;26444;2;11
120730;-188147;48505;25104;2;11
121099;-188381;48528;25090;1;11
113911;-170872;48079;26184;2;11
111729;-169347;47943;26279;8;11
108126;-165048;47717;26548;2;11
116874;-183652;48264;25385;1;11
110404;-167519;47860;26394;2;11
110093;-165739;47840;26505;1;11
107240;-172617;47662;26075;8;11
112113;-170165;47967;26228;4;11
111068;-170896;47901;26183;1;11
113527;-169100;48055;26295;4;11
124640;-173460;48750;26022;8;11
109325;-176629;47792;25824;4;11
109727;-174695;47817;25945;2;11
112428;-167985;47986;26364;2;11
123842;-181857;48700;25497;2;11
116931;-183843;48268;25373;4;11
110415;-170184;47860;26227;8;11
110342;-170755;47856;26191;4;11
121535;-168532;48555;26330;8;11
124026;-173972;48711;25990;8;11
110847;-170399;47887;26214;2;11
116056;-178190;48213;25727;1;11
119354;-168140;48419;26355;8;11
111252;-166790;47913;26439;1;11
106088;-176774;47590;25815;2;11
116149;-183693;48219;25383;8;11
109253;-169772;47788;26253;4;11
119840;-181924;48450;25493;8;11
119642;-168544;48437;26330;4;11
109591;-169281;47809;26283;1;11
116568;-175323;48245;25906;1;11
108972;-176301;47770;25845;4;11
110563;-168735;47870;26318;4;11
113288;-171223;48040;26162;2;11
111009;-168616;47898;26325;1;11
105982;-173487;47583;26021;4;11
110952;-167722;47894;26381;8;11
125700;-172901;48816;26057;1;11
112095;-170408;47965;26213;2;11
111304;-169259;47916;26285;1;11
108994;-170994;47772;26176;2;11
109161;-170940;47782;26180;2;11
121294;-168426;48540;26337;4;11
109064;-176449;47776;25835;4;11
109257;-169959;47788;26241;1;11
107951;-172233;47706;26099;8;11
107645;-172528;47687;26081;1;11
111799;-170248;47947;26223;8;11
111933;-168571;47955;26328;4;11
109634;-170434;47812;26211;4;11
110408;-168589;47860;26327;1;11
108216;-165731;47723;26505;4;11
111070;-171110;47901;26169;4;11
116985;-181117;48271;25544;2;11
108941;-168096;47768;26358;8;11
123837;-174344;48699;25967;4;11
109493;-169784;47803;26252;2;11
110842;-169893;47887;26245;2;11
114980;-177459;48146;25772;2;11
116288;-177465;48228;25772;8;11
109230;-175785;47786;25877;8;11
121260;-196334;48538;24593;2;11
109618;-169422;47811;26275;8;11
106292;-173472;47603;26022;2;11
108861;-165622;47763;26512;1;11
115325;-179296;48167;25658;1;11
109026;-175304;47774;25907;8;11
115624;-182492;48186;25458;4;11
105950;-173549;47581;26017;8;11
112266;-167535;47976;26393;2;11
118631;-168763;48374;26316;4;11
119474;-182231;48427;25474;1;11
124224;-173627;48724;26012;2;11
116438;-179936;48237;25618;1;11
109636;-165723;47812;26506;2;11
123591;-181374;48684;25528;1;11
111513;-170881;47929;26183;1;11
117562;-182865;48307;25434;8;11
116884;-166051;48265;26485;4;11
121122;-188207;48530;25101;8;11
112492;-170048;47990;26236;2;11
126222;-172719;48848;26069;2;11
115218;-184016;48161;25363;8;11
111825;-166773;47949;26440;4;11
109124;-169100;47780;26295;1;11
111838;-168567;47949;26328;8;11
115225;-179262;48161;25660;8;11
109430;-170665;47799;26197;4;11
109357;-176860;47794;25810;2;11
116796;-183648;48259;25386;4;11
123859;-181790;48701;25502;1;11
109569;-169768;47808;26253;2;11
110404;-170684;47860;26196;2;11
123253;-193216;48663;24788;2;11
125347;-173184;48794;26040;8;11
111969;-169622;47958;26262;4;11
116494;-184252;48240;25348;8;11
110649;-169100;47875;26295;8;11
116051;-177326;48213;25781;1;11
109683;-174554;47815;25954;2;11
119322;-167734;48417;26380;8;11
116415;-178485;48235;25708;4;11
111061;-167225;47901;26412;4;11
109535;-175792;47805;25877;2;11
123710;-174146;48691;25979;2;11
111765;-169480;47945;26271;2;11
125901;-172329;48828;26093;1;11
123357;-166873;48669;26434;2;11
130135;-176868;49093;25809;8;11
108824;-176060;47761;25860;1;11
116976;-183861;48271;25372;8;11
112136;-167684;47968;26383;1;11
108844;-165245;47762;26536;8;11
109325;-170988;47792;26177;4;11
116789;-178710;48259;25694;1;11
109252;-176460;47788;25835;8;11
108110;-174027;47716;25987;2;11
109399;-168114;47797;26356;8;11
114682;-177720;48127;25756;1;11
106263;-172780;47601;26065;1;11
125472;-173085;48802;26046;2;11
111179;-167268;47908;26409;2;11
115865;-177447;48201;25773;2;11
107711;-176691;47691;25820;1;11
105975;-174401;47583;25963;8;11
128875;-194841;49014;24686;8;11
106785;-175652;47634;25885;4;11
123196;-193720;48659;24756;8;11
112071;-168141;47964;26355;4;11
105629;-172481;47561;26083;2;11
123871;-181824;48701;25500;8;11
117368;-182016;48295;25488;1;11
111485;-170725;47927;26193;2;11
114768;-179716;48133;25631;2;11
109268;-169294;47789;26283;1;11
109223;-170770;47786;26190;1;11
120767;-168524;48507;26331;1;11
115757;-181296;48194;25533;4;11
107195;-176401;47659;25838;4;11
112227;-169600;47974;26264;4;11
111857;-167513;47951;26394;1;11
109897;-170312;47828;26219;1;11
111318;-168367;47917;26341;2;11
109248;-167931;47788;26368;8;11
110995;-168580;47897;26327;1;11
124192;-173520;48722;26019;1;11
106141;-176551;47593;25829;1;11
107034;-172644;47649;26073;1;11
115289;-184129;48165;25355;1;11
108867;-168990;47764;26302;1;11
119950;-168498;48456;26332;2;11
120759;-193542;48507;24767;2;11
113771;-170865;48070;26184;1;11
119451;-168399;48425;26339;1;11
108065;-172537;47714;26080;8;11
110497;-170008;47866;26238;4;11
109932;-169000;47830;26301;8;11
107567;-172670;47682;26072;4;11
116656;-183576;48251;25390;1;11
105634;-174946;47562;25929;8;11
113843;-170880;48075;26184;8;11
108600;-165639;47747;26511;8;11
110148;-169846;47844;26248;1;11
110969;-167181;47895;26415;2;11
108083;-176559;47715;25829;1;11
106090;-172631;47590;26074;1;11
114582;-177226;48121;25787;8;11
123168;-175269;48658;25909;1;11
108491;-173590;47740;26014;1;11
118717;-168561;48379;26328;8;11
117211;-182110;48285;25482;2;11
105617;-173915;47561;25994;1;11
111415;-166763;47923;26441;2;11
109627;-169047;47811;26298;2;11
114345;-178660;48106;25697;1;11
123805;-182195;48697;25476;8;11
120641;-188536;48500;25080;2;11
113850;-169627;48075;26262;4;11
125674;-173387;48814;26027;8;11
123098;-175226;48653;25912;2;11
111921;-167816;47955;26375;1;11
113472;-169436;48052;26274;4;11
111048;-166714;47900;26444;8;11
111959;-169981;47957;26240;4;11
116999;-179871;48272;25622;2;11
109765;-168433;47820;26336;2;11
106320;-175836;47605;25874;4;11
109772;-168443;47820;26336;8;11
109024;-171127;47774;26168;4;11
111883;-170980;47952;26177;8;11
113100;-170745;48028;26192;1;11
109582;-165421;47808;26525;4;11
111510;-170944;47929;26180;4;11
113177;-170252;48033;26223;4;11
108551;-173995;47744;25989;8;11
123853;-181306;48700;25532;1;11
124133;-173594;48718;26014;4;11
109159;-169883;47782;26246;1;11
116238;-180167;48224;25603;4;11
110099;-169586;47841;26264;2;11
115502;-179764;48178;25628;4;11
117263;-182879;48288;25434;2;11
112013;-167521;47960;26393;2;11
111879;-168703;47952;26320;2;11
108281;-165730;47727;26505;1;11
108314;-165059;47729;26547;8;11
110809;-170541;47885;26205;4;11
108892;-168124;47765;26356;4;11
108679;-169165;47752;26291;2;11
107123;-165145;47655;26542;4;11
110915;-170556;47892;26204;1;11
115624;-183145;48186;25417;2;11
111587;-166630;47934;26449;4;11
115926;-183628;48205;25387;4;11
124811;-173262;48760;26035;1;11
112055;-169966;47963;26241;4;11
113459;-171037;48051;26174;4;11
116471;-180125;48239;25606;4;11
129705;-191086;49066;24921;4;11
123741;-182253;48693;25473;8;11
115452;-179769;48175;25628;8;11
110966;-166825;47895;26437;2;11
121555;-168288;48557;26346;8;11
111864;-166505;47951;26457;4;11
108592;-176467;47747;25834;4;11
112977;-170467;48021;26209;2;11
113171;-170403;48033;26213;1;11
124964;-173271;48770;26034;8;11
112276;-168008;47977;26363;4;11
119363;-168200;48420;26351;1;11
110928;-168032;47893;26362;8;11
107667;-172450;47689;26085;2;11
117137;-181133;48281;25543;1;11
121391;-188581;48546;25077;8;11
124138;-173741;48718;26005;1;11
113292;-169941;48040;26242;1;11
113907;-170516;48079;26206;1;11
109335;-165743;47793;26505;1;11
113301;-169865;48041;26247;1;11
111302;-169963;47916;26241;1;11
113123;-170220;48030;26225;2;11
108147;-176710;47719;25819;8;11
125440;-172645;48800;26073;4;11
116363;-178445;48232;25711;1;11
108678;-169008;47752;26301;4;11
113458;-171046;48051;26173;2;11
109797;-170477;47822;26209;8;11
114819;-177441;48136;25773;4;11
113363;-170847;48045;26186;8;11
112063;-170498;47963;26207;2;11
121384;-188463;48546;25085;8;11
112441;-168421;47987;26337;4;11
111223;-167153;47911;26416;2;11
106862;-173034;47638;26049;1;11
115257;-182375;48163;25465;2;11
121269;-188211;48539;25100;2;11
112018;-167018;47961;26425;1;11
116451;-184101;48238;25357;4;11
116222;-183700;48223;25382;2;11
130170;-176802;49095;25813;2;11
107589;-165280;47684;26534;8;11
105606;-173693;47560;26008;2;11
112293;-170508;47978;26207;2;11
111993;-170975;47959;26178;4;11
112721;-170325;48005;26218;1;11
112791;-170702;48009;26195;2;11
112196;-168195;47972;26351;8;11
124559;-173215;48744;26038;1;11
109211;-165420;47785;26525;8;11
109742;-168806;47818;26313;4;11
111671;-167339;47939;26405;8;11
116845;-184290;48262;25345;8;11
109353;-169481;47794;26271;8;11
112421;-167164;47986;26416;4;11
108365;-171605;47732;26138;1;11
113231;-169152;48036;26292;2;11
127833;-195475;48949;24646;1;11
117483;-178959;48302;25679;1;11
106439;-173139;47612;26042;8;11
115636;-183378;48187;25402;8;11
125563;-173301;48807;26032;4;11
115777;-183795;48196;25376;1;11
108960;-169901;47770;26245;1;11
112458;-168333;47988;26343;4;11
106054;-173909;47588;25994;4;11
115577;-182189;48183;25477;2;11
110157;-168327;47844;26343;2;11
107850;-172554;47700;26079;4;11
117056;-179740;48276;25630;8;11
111139;-169667;47906;26259;1;11
125489;-173506;48803;26019;8;11
112446;-169703;47987;26257;8;11
116161;-181159;48220;25541;4;11
113903;-192277;48078;24846;2;11
107854;-172177;47700;26102;4;11
111826;-167407;47949;26401;8;11
123288;-193930;48665;24743;8;11
123646;-166523;48687;26456;1;11
116221;-177485;48223;25771;8;11
113227;-170142;48036;26230;8;11
129117;-180981;49029;25552;8;11
127607;-185541;48935;25267;1;11
130529;-193123;49118;24793;2;11
111971;-168843;47958;26311;1;11
119564;-168538;48432;26330;4;11
113320;-170094;48042;26233;8;11
111383;-169305;47921;26282;8;11
116372;-180197;48233;25601;4;11
112070;-167146;47964;26417;8;11
106502;-175210;47616;25913;8;11
105575;-175028;47558;25924;2;11
115536;-183400;48181;25401;2;11
114658;-178809;48126;25688;4;11
123218;-193132;48661;24793;2;11
111511;-170222;47929;26225;8;11
105990;-174949;47584;25929;1;11
112566;-170350;47995;26217;4;11
105628;-175323;47561;25906;8;11
115465;-177320;48176;25781;8;11
120346;-168559;48481;26329;1;11
109939;-167961;47831;26366;8;11
110239;-170933;47849;26180;4;11
108079;-174079;47714;25984;2;11
119246;-167814;48412;26375;4;11
106363;-174255;47607;25973;8;11
110619;-171082;47873;26171;2;11
110909;-167426;47891;26399;4;11
112029;-166858;47961;26435;2;11
112661;-169723;48001;26256;4;11
106552;-173237;47619;26036;1;11
108668;-165105;47751;26544;1;11
110124;-169052;47842;26298;4;11
112069;-169096;47964;26295;2;11
117746;-182606;48319;25451;2;11
115508;-182223;48179;25475;1;11
110769;-170387;47883;26214;2;11
112008;-168788;47960;26314;1;11
117330;-178661;48293;25697;1;11
117287;-179290;48290;25658;8;11
112754;-170141;48007;26230;4;11
108397;-173997;47734;25989;4;11
124306;-174035;48729;25986;4;11
116245;-177513;48225;25769;1;11
123795;-174636;48697;25949;1;11
112195;-167351;47972;26404;8;11
106634;-175941;47624;25867;1;11
123863;-174433;48701;25961;8;11
117207;-180740;48285;25567;1;11
109574;-170735;47808;26193;2;11
126131;-172557;48843;26079;2;11
115520;-182275;48180;25471;1;11
109062;-176296;47776;25845;8;11
115488;-182919;48178;25431;4;11
105676;-173554;47564;26016;2;11
117449;-180130;48300;25605;2;11
115956;-181363;48207;25528;4;11
107284;-176148;47665;25854;8;11
118371;-171286;48358;26158;8;11
117056;-183439;48276;25399;8;11
116441;-177759;48237;25754;2;11
119172;-168110;48408;26357;1;11
109011;-170064;47773;26235;4;11
110976;-169772;47896;26253;4;11
111998;-167708;47959;26382;8;11
106233;-172826;47599;26062;2;11
112858;-170044;48013;26236;8;11
106671;-175760;47626;25879;2;11
112711;-171102;48004;26170;2;11
110973;-169559;47895;26266;8;11
112379;-170629;47983;26199;1;11
112027;-170789;47961;26189;2;11
108385;-174535;47734;25955;8;11
116018;-178567;48211;25703;4;11
124620;-174104;48748;25982;2;11
119982;-181994;48458;25489;8;11
125124;-172786;48780;26064;2;11
120249;-168683;48475;26321;1;11
110494;-168303;47865;26345;2;11
109423;-167695;47798;26383;8;11
107858;-174030;47701;25987;2;11
112007;-170469;47960;26209;1;11
117080;-183094;48277;25420;1;11
111042;-167891;47900;26370;4;11
110694;-168526;47878;26331;4;11
111014;-170645;47898;26198;8;11
109650;-170478;47813;26209;2;11
109145;-170032;47781;26237;2;11
109002;-167584;47772;26390;2;11
115908;-183022;48204;25425;8;11
112279;-170191;47977;26227;2;11
109643;-176759;47812;25816;8;11
115819;-181345;48198;25529;2;11
106123;-175082;47592;25921;4;11
113600;-169789;48060;26252;8;11
116036;-177614;48212;25763;2;11
112125;-166730;47967;26443;8;11
111400;-167847;47922;26373;4;11
124986;-173654;48771;26010;4;11
111839;-167598;47949;26389;1;11
116713;-183560;48254;25391;2;11
106140;-175630;47593;25887;4;11
111537;-168251;47931;26348;2;11
118594;-168820;48372;26312;1;11
123817;-174021;48698;25987;1;11
110236;-169954;47849;26241;1;11
116064;-180870;48214;25559;8;11
125761;-173028;48820;26049;8;11
115284;-183987;48165;25364;2;11
110282;-170655;47852;26198;2;11
126162;-172926;48845;26056;4;11
113709;-169601;48066;26263;8;11
116126;-177379;48217;25777;8;11
124598;-173392;48747;26027;8;11
110955;-169041;47894;26298;8;11
108050;-176488;47713;25833;1;11
109252;-167881;47788;26371;4;11
108830;-165569;47761;26515;1;11
108824;-176119;47761;25856;8;11
112427;-168359;47986;26341;2;11
110169;-167512;47845;26394;1;11
110857;-170302;47888;26220;2;11
125158;-173645;48782;26011;8;11
111061;-171077;47901;26171;1;11
111187;-166824;47909;26437;2;11
108661;-164943;47751;26555;8;11
112119;-169754;47967;26254;2;11
112957;-170180;48019;26227;8;11
109469;-170916;47801;26181;8;11
124098;-181248;48716;25536;1;11
113494;-169996;48053;26239;1;11
112011;-167992;47960;26364;1;11
118044;-171750;48337;26129;1;11
115060;-179819;48151;25625;1;11
110203;-170005;47847;26238;1;11
111921;-168031;47955;26362;4;11
111822;-167916;47948;26369;2;11
117334;-182866;48293;25434;4;11
112256;-168405;47976;26338;2;11
119676;-181997;48439;25489;1;11
107694;-165361;47690;26528;8;11
108510;-173989;47741;25989;8;11
110993;-167430;47897;26399;1;11
105880;-172730;47577;26068;2;11
111773;-168975;47945;26303;4;11
105828;-172584;47574;26077;4;11
111713;-168442;47942;26336;4;11
119168;-182135;48408;25480;4;11
108099;-165287;47716;26533;4;11
114873;-179897;48139;25620;2;11
108985;-169818;47771;26250;8;11
112073;-169566;47964;26266;8;11
105956;-174439;47582;25961;2;11
117131;-183242;48280;25411;8;11
109781;-167883;47821;26371;1;11
109084;-175465;47777;25897;4;11
108631;-165430;47749;26524;1;11
117141;-179524;48281;25643;8;11
111918;-166743;47954;26442;4;11
116882;-178597;48265;25701;1;11
110496;-167453;47866;26398;2;11
113396;-169726;48047;26256;4;11
109165;-175481;47782;25896;4;11
119507;-168202;48429;26351;1;11
107428;-165182;47674;26540;4;11
111499;-166488;47928;26458;8;11
119252;-168568;48413;26328;4;11
112209;-167929;47973;26368;8;11
107017;-174158;47648;25979;2;11
114876;-180147;48139;25604;1;11
109194;-169474;47784;26271;4;11
108676;-170334;47752;26218;8;11
110894;-168559;47890;26329;8;11
109216;-176765;47786;25816;4;11
107416;-172284;47673;26096;8;11
117794;-182659;48322;25447;4;11
113861;-169919;48076;26244;1;11
117343;-183516;48293;25394;8;11
110588;-169289;47871;26283;1;11
114552;-178998;48119;25676;2;11
114470;-178315;48114;25719;8;11
113231;-170740;48036;26192;2;11
112808;-170571;48010;26203;8;11
111203;-168938;47910;26305;2;11
117498;-181616;48303;25513;1;11
111867;-170404;47951;26213;4;11
111829;-171009;47949;26175;1;11
116116;-178416;48217;25713;2;11
114647;-177550;48125;25767;8;11
109635;-164958;47812;26554;8;11
110805;-166936;47885;26430;1;11
108232;-176424;47724;25837;2;11
108975;-168826;47770;26312;4;11
109023;-165478;47773;26521;2;11
116937;-183727;48268;25381;1;11
116074;-184848;48214;25311;8;11
117085;-183849;48277;25373;8;11
116099;-181113;48216;25544;1;11
106768;-176954;47633;25804;4;11
110343;-170318;47856;26219;8;11
114459;-178756;48113;25691;8;11
108593;-174309;47747;25969;4;11
116514;-184127;48242;25356;2;11
110618;-169377;47873;26277;1;11
109237;-167918;47787;26369;1;11
115481;-183224;48177;25412;1;11
111499;-167255;47928;26410;8;11
108796;-169998;47759;26239;4;11
118779;-172100;48383;26107;1;11
110723;-169334;47880;26280;8;11
109396;-167595;47797;26389;2;11
111097;-166997;47903;26426;2;11
116082;-178453;48215;25710;1;11
107356;-176088;47669;25858;8;11
114974;-177315;48145;25781;2;11
112556;-170155;47994;26229;4;11
123281;-174601;48665;25951;2;11
111748;-168195;47944;26351;4;11
108215;-165511;47723;26519;1;11
116207;-181029;48222;25549;2;11
115748;-181666;48194;25509;8;11
123749;-181617;48694;25512;8;11
124317;-173547;48729;26017;1;11
105877;-175140;47577;25917;1;11
112690;-170181;48003;26227;4;11
124155;-181497;48719;25520;8;11
119595;-168525;48434;26331;4;11
115526;-182425;48180;25462;4;11
116945;-183790;48269;25377;4;11
123867;-182356;48701;25466;1;11
115852;-180425;48200;25587;1;11
117037;-179605;48274;25638;1;11
106243;-174630;47600;25949;1;11
113445;-169576;48050;26265;4;11
111975;-169709;47958;26257;8;11
109639;-169072;47812;26297;4;11
105934;-175012;47580;25925;8;11
115266;-182797;48164;25439;4;11
105493;-172617;47553;26075;1;11
123345;-167001;48669;26426;2;11
111689;-168405;47940;26338;1;11
119908;-182031;48454;25487;4;11
110289;-168449;47853;26335;1;11
115988;-178755;48209;25691;1;11
106790;-173555;47634;26016;1;11
110252;-165070;47850;26547;4;11
112395;-170661;47984;26197;4;11
110598;-170072;47872;26234;8;11
108771;-168529;47758;26330;2;11
111214;-169634;47910;26261;2;11
123501;-182232;48678;25474;8;11
109043;-170623;47775;26200;2;11
116102;-177489;48216;25770;1;11
112271;-167894;47976;26370;1;11
116828;-183898;48261;25370;2;11
110959;-170653;47894;26198;1;11
109334;-168503;47793;26332;2;11
108942;-170054;47768;26235;8;11
115429;-176773;48174;25815;8;11
111688;-171075;47940;26171;8;11
117409;-181031;48298;25549;4;11
109890;-165465;47828;26522;2;11
112649;-169321;48000;26281;1;11
109178;-176500;47783;25832;1;11
112437;-170192;47987;26227;1;11
109197;-168234;47784;26349;8;11
110825;-167967;47886;26366;4;11
113211;-169983;48035;26240;4;11
114400;-178349;48110;25717;1;11
117442;-181640;48300;25511;1;11
109009;-164925;47773;26556;2;11
109060;-169338;47776;26280;1;11
108428;-174492;47736;25958;2;11
123293;-174718;48665;25944;2;11
117497;-181394;48303;25526;2;11
108886;-167765;47765;26378;2;11
123701;-174954;48691;25929;4;11
112112;-167758;47967;26379;1;11
109084;-176430;47777;25837;2;11
109331;-175547;47793;25892;2;11
113686;-169957;48065;26241;4;11
109970;-165150;47833;26542;8;11
109225;-176781;47786;25815;2;11
111092;-168291;47903;26345;1;11
115282;-182754;48165;25441;2;11
117317;-181151;48292;25542;1;11
116086;-180351;48215;25592;8;11
106328;-173510;47605;26019;8;11
111646;-166536;47937;26455;1;11
110137;-167595;47843;26389;1;11
111662;-167391;47938;26402;1;11
116930;-180126;48268;25606;2;11
107504;-172342;47679;26092;2;11
108936;-167486;47768;26396;2;11
116795;-183990;48259;25364;1;11
129714;-190986;49067;24927;4;11
111151;-170164;47906;26228;4;11
112566;-175342;47995;25905;1;11
107886;-172848;47702;26061;4;11
109794;-171049;47822;26173;1;11
119309;-182034;48416;25486;2;11
109761;-170550;47820;26204;4;11
116052;-181296;48213;25533;8;11
110132;-170681;47843;26196;2;11
119405;-166985;48422;26427;1;11
124001;-181650;48710;25510;8;11
110934;-169633;47893;26261;2;11
109327;-168335;47792;26343;8;11
119316;-181942;48417;25492;2;11
110530;-169919;47868;26244;1;11
117458;-181425;48301;25524;1;11
107835;-176352;47699;25842;1;11
115598;-183793;48184;25376;1;11
112997;-170091;48022;26233;4;11
109108;-168798;47779;26314;2;11
110867;-167347;47889;26404;2;11
112601;-170869;47997;26184;4;11
110507;-170079;47866;26234;1;11
108257;-165620;47726;26512;4;11
125578;-172720;48808;26069;8;11
110528;-170117;47868;26231;2;11
112215;-168674;47973;26321;2;11
108291;-165103;47728;26545;2;11
107724;-172829;47692;26062;8;11
117182;-182551;48283;25454;2;11
117370;-166363;48295;26466;8;11
120878;-188145;48514;25104;4;11
109858;-165675;47826;26509;8;11
119892;-181361;48453;25528;4;11
123621;-181202;48686;25538;1;11
106700;-175994;47628;25864;4;11
114780;-177737;48133;25755;8;11
105685;-173901;47565;25995;1;11
113131;-170836;48030;26186;1;11
114845;-177331;48137;25780;4;11
116170;-177558;48220;25766;4;11
110966;-170630;47895;26199;4;11
113337;-171186;48043;26164;2;11
117076;-178797;48277;25689;4;11
116062;-183503;48213;25395;8;11
111007;-169768;47897;26253;8;11
111960;-166837;47957;26436;2;11
114970;-179815;48145;25625;8;11
118867;-168266;48389;26347;8;11
124624;-173997;48749;25989;4;11
128813;-194892;49010;24683;1;11
109269;-170024;47789;26237;1;11
109195;-170659;47784;26197;4;11
109683;-174509;47815;25957;4;11
111359;-167037;47919;26424;8;11
123777;-182387;48696;25464;4;11
110411;-167323;47860;26406;4;11
117351;-183093;48294;25420;8;11
106628;-174861;47624;25935;1;11
110507;-169612;47866;26263;4;11
117302;-183705;48291;25382;8;11
124959;-173544;48769;26017;1;11
125343;-173474;48793;26021;1;11
113915;-169515;48079;26269;1;11
124459;-174013;48738;25988;1;11
106096;-173891;47591;25995;2;11
110366;-169405;47857;26276;8;11
105858;-174900;47576;25932;2;11
123939;-181268;48706;25534;1;11
109376;-169915;47796;26244;4;11
109839;-170957;47824;26179;2;11
123725;-181928;48692;25493;2;11
108838;-165725;47762;26506;1;11
113055;-170153;48025;26229;4;11
110845;-167095;47887;26420;2;11
109934;-170234;47830;26224;8;11
110387;-167745;47859;26379;8;11
111191;-168794;47909;26314;1;11
111335;-170532;47918;26205;2;11
110086;-170812;47840;26188;1;11
111746;-170085;47944;26233;4;11
117738;-182165;48318;25478;1;11
110681;-169184;47877;26290;1;11
112306;-169626;47979;26262;8;11
115842;-177309;48200;25782;8;11
117236;-183795;48287;25376;4;11
109178;-176820;47783;25812;8;11
109383;-168692;47796;26320;8;11
117170;-183261;48283;25410;4;11
124138;-182219;48718;25475;2;11
125658;-173359;48813;26029;1;11
125664;-173438;48814;26024;1;11
111796;-169873;47947;26246;1;11
107652;-172779;47688;26065;4;11
111765;-167963;47945;26366;1;11
109601;-165441;47810;26523;8;11
114563;-180129;48120;25605;2;11
124498;-173427;48741;26024;1;11
119361;-182118;48420;25481;4;11
112339;-170216;47981;26225;4;11
115220;-182122;48161;25481;8;11
106616;-173398;47623;26026;2;11
106508;-177226;47616;25787;8;11
108821;-169348;47761;26279;2;11
123983;-173750;48708;26004;2;11
124405;-173669;48735;26009;4;11
109124;-170252;47780;26223;8;11
106405;-174065;47610;25984;8;11
123775;-174358;48695;25966;1;11
112347;-168185;47981;26352;2;11
110488;-169073;47865;26296;1;11
116291;-184301;48228;25345;4;11
107442;-176870;47675;25809;4;11
106470;-175074;47614;25921;4;11
105601;-175055;47560;25923;2;11
117192;-181213;48284;25538;4;11
113801;-169202;48072;26288;4;11
124741;-174002;48756;25988;4;11
116127;-181321;48217;25531;4;11
106115;-173911;47592;25994;4;11
110419;-165052;47861;26548;4;11
130109;-176862;49091;25810;1;11
109395;-169562;47797;26266;4;11
129072;-180983;49027;25552;1;11
110508;-167173;47866;26415;2;11
109907;-165117;47829;26544;8;11
112462;-168579;47988;26327;8;11
108456;-173624;47738;26012;2;11
116127;-181150;48217;25542;4;11
110306;-168825;47854;26312;1;11
109569;-168493;47808;26333;2;11
107354;-165430;47669;26524;8;11
108954;-176280;47769;25846;8;11
110692;-168181;47878;26352;8;11
124112;-181327;48717;25531;4;11
108976;-168069;47771;26359;4;11
118380;-171795;48358;26126;1;11
106204;-176243;47597;25848;8;11
112374;-167498;47983;26395;1;11
110774;-169577;47883;26265;4;11
115882;-178445;48202;25711;8;11
111199;-168794;47909;26314;4;11
121347;-188540;48544;25080;4;11
110774;-168544;47883;26330;4;11
108692;-170911;47753;26182;8;11
117465;-181804;48301;25501;8;11
113444;-169185;48050;26289;2;11
108926;-165561;47767;26516;2;11
106721;-173411;47630;26025;4;11
111971;-166908;47958;26432;8;11
123735;-174729;48693;25943;2;11
120503;-188276;48491;25096;4;11
111209;-168794;47910;26314;2;11
110474;-169007;47864;26301;8;11
123362;-166943;48670;26430;8;11
125844;-172464;48825;26085;4;11
111418;-170826;47923;26187;2;11
112001;-167864;47960;26372;2;11
120838;-168331;48512;26343;8;11
114741;-179358;48131;25654;1;11
123539;-166477;48681;26459;8;11
126022;-172923;48836;26056;1;11
109448;-176960;47800;25804;2;11
113768;-169405;48070;26276;8;11
123988;-174762;48709;25941;8;11
109018;-169620;47773;26262;8;11
111755;-170296;47944;26220;4;11
112417;-169128;47986;26293;8;11
110573;-168744;47870;26317;8;11
105714;-173541;47567;26017;8;11
108157;-173927;47719;25993;1;11
124905;-172892;48766;26058;2;11
110800;-169501;47885;26270;4;11
115759;-183526;48194;25393;2;11
111471;-168816;47926;26313;1;11
106316;-172758;47604;26066;2;11
106770;-175749;47633;25879;4;11
113910;-170843;48079;26186;2;11
120999;-188233;48522;25099;2;11
112928;-169346;48018;26279;2;11
112851;-170282;48013;26221;1;11
111996;-166540;47959;26455;4;11
111049;-169062;47900;26297;2;11
126560;-172646;48870;26073;1;11
109768;-168912;47820;26307;8;11
108112;-164975;47717;26553;1;11
112451;-169852;47988;26248;4;11
115648;-182374;48188;25465;4;11
117404;-181699;48297;25507;1;11
113728;-169970;48068;26240;2;11
113489;-171229;48053;26162;8;11
109452;-176919;47800;25806;2;11
117845;-182500;48325;25457;4;11
123732;-174512;48693;25957;2;11
126968;-176333;48895;25843;4;11
116283;-177216;48227;25788;8;11
110153;-165432;47844;26524;2;11
108967;-165031;47770;26549;2;11
120865;-168302;48514;26345;8;11
119930;-181983;48455;25490;2;11
105598;-173799;47559;26001;1;11
109583;-169004;47808;26301;8;11
106676;-173533;47627;26018;1;11
113824;-170589;48074;26202;2;11
106417;-173716;47611;26006;8;11
108005;-172737;47710;26067;8;11
113699;-170626;48066;26199;2;11
106274;-172942;47602;26055;1;11
112429;-167495;47986;26395;8;11
116949;-180117;48269;25606;1;11
110432;-169514;47862;26269;8;11
108739;-174277;47756;25971;1;11
113480;-170658;48052;26197;2;11
108099;-165090;47716;26545;2;11
106453;-175913;47613;25869;2;11
113176;-169947;48033;26242;4;11
109268;-175698;47789;25882;1;11
112186;-167751;47971;26379;2;11
118872;-168629;48389;26324;4;11
109922;-176847;47830;25811;1;11
113493;-170829;48053;26187;1;11
124773;-173792;48758;26002;4;11
117382;-181812;48296;25500;1;11
111711;-168052;47941;26360;8;11
111385;-170727;47921;26193;2;11
109719;-177032;47817;25799;1;11
116715;-183619;48254;25387;8;11
109589;-170015;47809;26238;2;11
114744;-177310;48131;25782;8;11
113227;-170017;48036;26237;2;11
125053;-173237;48775;26036;8;11
109026;-164866;47774;26559;4;11
110475;-167747;47864;26379;2;11
112829;-170516;48011;26206;8;11
110178;-170274;47846;26221;4;11
110502;-169425;47866;26274;1;11
110118;-167670;47842;26384;2;11
108898;-170500;47766;26207;8;11
107722;-176603;47692;25826;1;11
119726;-182121;48442;25481;2;11
108279;-174197;47727;25976;2;11
112991;-169135;48021;26293;4;11
121363;-168324;48545;26343;1;11
112210;-167317;47973;26406;2;11
115291;-183977;48165;25365;2;11
111620;-166537;47936;26455;1;11
112643;-169722;48000;26256;1;11
109852;-167463;47825;26397;2;11
113383;-170243;48046;26223;4;11
123323;-174729;48667;25943;2;11
115494;-177399;48178;25776;8;11
109272;-170736;47789;26193;1;11
123059;-175355;48651;25904;8;11
114709;-178118;48129;25731;4;11
125725;-172203;48817;26101;1;11
109466;-176700;47801;25820;4;11
118529;-168629;48368;26324;4;11
112549;-174818;47994;25937;1;11
108964;-175305;47770;25907;2;11
109582;-169995;47808;26239;8;11
119782;-181764;48446;25503;8;11
111065;-169165;47901;26291;2;11
110074;-170028;47839;26237;4;11
114737;-179807;48131;25626;4;11
111078;-168915;47902;26306;8;11
110267;-167675;47851;26384;2;11
111174;-168540;47908;26330;4;11
114824;-175966;48136;25866;1;11
116624;-194134;48249;24730;8;11
115941;-181630;48206;25512;8;11
113071;-169603;48026;26263;4;11
114749;-178991;48131;25677;8;11
111717;-166946;47942;26429;1;11
108275;-176698;47727;25820;8;11
117331;-183156;48293;25416;4;11
108360;-165084;47732;26546;8;11
109805;-169054;47822;26298;1;11
116385;-184311;48234;25344;2;11
112571;-170029;47995;26237;2;11
113583;-169245;48058;26286;8;11
110311;-169680;47854;26259;4;11
120948;-188103;48519;25107;8;11
107368;-176212;47670;25850;8;11
109345;-165412;47794;26525;2;11
123258;-193919;48663;24744;1;11
110005;-168013;47835;26363;1;11
106555;-173326;47619;26031;4;11
106194;-173399;47597;26026;8;11
106453;-173792;47613;26002;4;11
111184;-166560;47909;26454;2;11
128938;-194845;49018;24686;2;11
115768;-181508;48195;25519;8;11
120027;-168463;48461;26335;1;11
110275;-170645;47852;26198;4;11
126326;-172854;48855;26060;8;11
106308;-174088;47604;25983;1;11
112093;-167584;47965;26390;2;11
123880;-182396;48702;25464;2;11
112284;-169448;47977;26273;2;11
116843;-178598;48262;25701;2;11
113357;-170650;48044;26198;8;11
119991;-168622;48459;26325;1;11
108852;-168492;47763;26333;4;11
108109;-165332;47716;26530;2;11
113579;-169531;48058;26268;1;11
120220;-168358;48473;26341;4;11
111811;-169062;47948;26297;8;11
108472;-173726;47739;26006;4;11
124110;-181369;48716;25528;1;11
120617;-168599;48498;26326;1;11
117748;-182482;48319;25458;2;11
117792;-182623;48322;25450;8;11
110685;-167494;47877;26395;2;11
111822;-166896;47948;26433;4;11
113913;-169733;48079;26255;8;11
109519;-165093;47804;26545;1;11
114850;-177717;48138;25756;2;11
125460;-173223;48801;26037;8;11
117342;-180137;48293;25605;4;11
107739;-176457;47693;25835;4;11
106603;-175610;47622;25888;8;11
115683;-182370;48190;25465;2;11
111730;-167674;47943;26384;8;11
110814;-170789;47885;26189;4;11
109673;-168872;47814;26309;8;11
111412;-169824;47923;26250;4;11
115813;-182070;48198;25484;8;11
106648;-173785;47625;26002;1;11
116630;-194068;48249;24734;8;11
111330;-170357;47918;26216;4;11
110111;-170038;47841;26236;1;11
115890;-183905;48203;25369;4;11
114475;-177573;48114;25765;8;11
120902;-168440;48516;26336;2;11
115250;-182605;48163;25451;8;11
110142;-167899;47843;26370;8;11
113403;-171099;48047;26170;8;11
111450;-168265;47925;26347;2;11
108217;-174022;47723;25987;4;11
110822;-169643;47886;26261;1;11
123195;-193469;48659;24772;2;11
119778;-168687;48446;26321;1;11
110003;-169241;47835;26286;2;11
109604;-168209;47810;26350;1;11
110432;-169349;47862;26279;4;11
110603;-170137;47872;26230;8;11
109596;-171100;47809;26170;4;11
107668;-172472;47689;26084;2;11
106521;-175073;47617;25921;8;11
110291;-169231;47853;26287;8;11
115713;-183900;48192;25370;1;11
124267;-173648;48726;26011;4;11
111493;-167969;47928;26365;2;11
120178;-168623;48471;26325;4;11
116950;-183781;48269;25377;4;11
117204;-179929;48285;25618;1;11
113382;-171207;48046;26163;2;11
112717;-169993;48004;26239;1;11
109877;-170980;47827;26177;1;11
120814;-193586;48510;24764;8;11
112490;-168501;47990;26332;4;11
112734;-170228;48005;26224;8;11
111566;-167842;47932;26373;2;11
120503;-168378;48491;26340;1;11
113643;-171065;48062;26172;2;11
115935;-184861;48205;25310;1;11
112184;-167189;47971;26414;2;11
115936;-178509;48206;25707;4;11
107868;-177048;47701;25798;4;11
119385;-167773;48421;26378;2;11
113042;-170440;48025;26211;4;11
111617;-168767;47936;26316;1;11
108905;-168244;47766;26348;2;11
111333;-168895;47918;26308;4;11
107183;-165136;47658;26543;8;11
109460;-168363;47801;26341;4;11
110435;-167316;47862;26406;1;11
116212;-180952;48223;25554;4;11
109003;-169270;47772;26284;2;11
111898;-169943;47953;26242;1;11
115890;-178403;48203;25713;8;11
109781;-169349;47821;26279;8;11
109031;-169085;47774;26296;1;11
123815;-174411;48698;25963;8;11
116256;-181024;48226;25550;2;11
107229;-176432;47661;25837;2;11
123921;-182321;48705;25468;4;11
120854;-168298;48513;26345;1;11
109200;-170094;47785;26233;2;11
115071;-179370;48151;25653;2;11
124025;-174438;48711;25961;4;11
109829;-167984;47824;26365;1;11
111678;-167301;47939;26407;1;11
113042;-170101;48025;26232;1;11
112357;-167692;47982;26383;2;11
110888;-170194;47890;26226;4;11
110057;-170028;47838;26237;8;11
108213;-174302;47723;25970;2;11
112504;-167755;47991;26379;4;11
111735;-168627;47943;26324;1;11
110197;-167822;47847;26375;2;11
110105;-169650;47841;26260;4;11
108308;-171495;47729;26145;4;11
124762;-173751;48757;26004;8;11
108846;-170086;47762;26233;1;11
111327;-168144;47917;26355;4;11
110065;-170685;47839;26196;8;11
115544;-182414;48181;25463;2;11
117396;-181900;48297;25495;4;11
114598;-179928;48122;25618;8;11
121696;-168333;48566;26343;1;11
108651;-165054;47750;26548;4;11
113260;-170675;48038;26196;2;11
109619;-170874;47811;26184;4;11
124160;-173869;48720;25997;4;11
108913;-165094;47767;26545;4;11
116935;-178934;48268;25680;2;11
115053;-179918;48150;25619;1;11
124843;-173222;48762;26037;8;11
115896;-184918;48203;25306;4;11
124248;-173635;48725;26011;4;11
123591;-181278;48684;25534;1;11
106184;-176776;47596;25815;8;11
107896;-172206;47703;26101;2;11
111361;-168255;47920;26348;2;11
113693;-169138;48065;26292;1;11
109729;-165556;47818;26516;1;11
118699;-192434;48378;24836;1;11
109530;-170292;47805;26220;1;11
106369;-175808;47608;25876;8;11
114931;-176791;48143;25814;2;11
105661;-172504;47563;26082;8;11
120686;-188088;48502;25108;2;11
109329;-171005;47793;26176;1;11
116343;-177241;48231;25786;8;11
117449;-182398;48300;25464;8;11
106684;-175887;47627;25871;8;11
112459;-167981;47988;26365;2;11
116901;-178698;48266;25695;4;11
114616;-177463;48123;25772;4;11
106833;-173143;47637;26042;4;11
109430;-169798;47799;26251;4;11
112613;-169654;47998;26260;1;11
116736;-184303;48256;25345;4;11
111127;-171100;47905;26170;8;11
110922;-169840;47892;26249;2;11
108836;-168009;47762;26363;2;11
119006;-168348;48397;26342;1;11
120876;-193451;48514;24773;8;11
106446;-173803;47612;26001;1;11
108504;-165171;47741;26540;1;11
112610;-169421;47998;26275;1;11
107478;-165462;47677;26522;2;11
110388;-165190;47859;26539;4;11
116335;-178428;48230;25712;1;11
110130;-169384;47843;26277;8;11
118811;-168538;48385;26330;4;11
123508;-174443;48679;25961;2;11
110803;-167911;47885;26369;8;11
111781;-168077;47946;26359;2;11
111723;-168152;47942;26354;8;11
113103;-170243;48028;26223;4;11
123139;-193338;48656;24780;8;11
106647;-176899;47625;25807;2;11
107426;-172381;47674;26090;2;11
117035;-179832;48274;25624;4;11
108710;-168595;47754;26326;1;11
120234;-182169;48474;25478;8;11
111105;-171105;47904;26169;4;11
109811;-167891;47823;26370;8;11
117287;-180128;48290;25606;1;11
107694;-165246;47690;26536;4;11
107975;-176208;47708;25851;8;11
109353;-165643;47794;26511;8;11
116422;-178579;48236;25702;8;11
109408;-170165;47798;26228;8;11
109872;-170696;47827;26195;4;11
127987;-195455;48959;24648;1;11
106100;-173925;47591;25993;4;11
117223;-183838;48286;25374;4;11
112311;-169187;47979;26289;8;11
117468;-181667;48301;25509;8;11
117297;-178814;48291;25688;2;11
111495;-169914;47928;26244;2;11
111953;-169942;47957;26242;4;11
117658;-182154;48313;25479;8;11
112346;-168749;47981;26317;2;11
111112;-170425;47904;26212;2;11
109691;-175716;47815;25881;1;11
113742;-170621;48068;26200;2;11
109497;-169384;47803;26277;1;11
108972;-168967;47770;26303;4;11
126169;-172474;48845;26084;8;11
106916;-176506;47642;25832;8;11
118960;-167081;48395;26421;2;11
111511;-169108;47929;26294;8;11
117264;-181992;48289;25489;4;11
106534;-175790;47618;25877;8;11
112415;-175010;47985;25925;1;11
109025;-165158;47774;26541;4;11
108953;-170087;47769;26233;2;11
110901;-168872;47891;26309;2;11
113687;-169815;48065;26250;8;11
124495;-173655;48740;26010;8;11
107999;-172521;47709;26081;4;11
123163;-175235;48657;25911;1;11
107824;-177008;47699;25801;2;11
111491;-169319;47928;26281;4;11
106258;-175866;47601;25872;2;11
115978;-177429;48208;25774;4;11
109949;-170221;47831;26225;1;11
105879;-173972;47577;25990;2;11
117386;-181216;48296;25538;8;11
110548;-170729;47869;26193;2;11
123301;-166840;48666;26436;8;11
123339;-174588;48668;25952;2;11
124586;-173859;48746;25997;2;11
108881;-176191;47765;25852;1;11
108988;-165473;47771;26521;4;11
106487;-173882;47615;25996;4;11
111111;-169216;47904;26288;8;11
110843;-167295;47887;26408;4;11
111253;-167399;47913;26401;1;11
120427;-187454;48486;25148;4;11
110780;-168025;47883;26362;4;11
123755;-181234;48694;25536;1;11
114689;-179712;48128;25632;8;11
107459;-165437;47676;26524;4;11
127850;-195550;48950;24642;8;11
115305;-182629;48166;25449;2;11
123970;-181830;48708;25499;4;11
107646;-172181;47687;26102;1;11
123667;-182305;48689;25469;8;11
108797;-174198;47759;25976;4;11
109520;-170572;47805;26203;1;11
114358;-178726;48107;25693;4;11
110089;-169163;47840;26291;4;11
108821;-175495;47761;25895;8;11
108975;-165014;47770;26550;8;11
112507;-168292;47991;26345;2;11
123365;-175305;48670;25907;1;11
114497;-177508;48116;25769;1;11
109328;-168566;47793;26328;4;11
110114;-170437;47842;26211;4;11
109228;-170312;47786;26219;4;11
105477;-175017;47552;25925;2;11
117297;-183502;48291;25395;8;11
109379;-175842;47796;25873;2;11
125158;-172782;48782;26065;2;11
106908;-173362;47641;26028;2;11
110611;-167817;47873;26375;8;11
109928;-168055;47830;26360;2;11
117238;-182846;48287;25436;2;11
111077;-167621;47902;26387;1;11
114467;-177519;48114;25769;4;11
113472;-169102;48052;26295;2;11
111643;-170937;47937;26180;2;11
110028;-168359;47836;26341;4;11
116566;-180050;48245;25610;4;11
113564;-170148;48057;26229;2;11
117697;-182447;48316;25461;4;11
109105;-168775;47779;26315;8;11
109815;-170437;47823;26211;4;11
108246;-164905;47725;26557;8;11
109354;-168860;47794;26310;8;11
109061;-167453;47776;26398;1;11
106985;-172425;47646;26087;4;11
109200;-170080;47785;26234;1;11
126322;-172689;48855;26070;2;11
109225;-169987;47786;26239;1;11
108523;-174383;47742;25965;4;11
116765;-178627;48257;25699;4;11
120495;-188569;48490;25078;8;11
123613;-166509;48685;26457;2;11
110649;-169764;47875;26253;1;11
114451;-178218;48113;25725;4;11
109605;-164926;47810;26556;4;11
114895;-176715;48140;25819;8;11
105963;-175329;47582;25905;1;11
112489;-167857;47990;26372;4;11
109969;-165565;47833;26516;2;11
119163;-166896;48407;26433;1;11
109101;-169338;47778;26280;2;11
110935;-167884;47893;26371;4;11
123165;-192776;48657;24815;2;11
105971;-172928;47583;26056;8;11
106641;-177001;47625;25801;4;11
110646;-167419;47875;26400;8;11
121080;-188289;48527;25095;8;11
119347;-167770;48419;26378;4;11
124172;-173918;48720;25994;8;11
108727;-165679;47755;26509;2;11
111133;-170383;47905;26215;4;11
117066;-183068;48276;25422;2;11
111176;-166847;47908;26436;2;11
111975;-167255;47958;26410;4;11
108542;-176583;47743;25827;8;11
124639;-173509;48749;26019;2;11
109810;-164944;47823;26555;4;11
110869;-168469;47889;26334;8;11
108059;-176456;47713;25835;4;11
126310;-172451;48854;26085;1;11
109245;-169243;47787;26286;1;11
105927;-174802;47580;25938;1;11
115728;-181677;48193;25509;1;11
112315;-167387;47979;26402;2;11
109141;-175735;47781;25880;8;11
123742;-174094;48693;25983;2;11
113852;-170336;48075;26218;4;11
111087;-170174;47902;26228;8;11
123509;-166748;48679;26442;1;11
109044;-176592;47775;25827;2;11
109651;-170759;47813;26191;8;11
111277;-167885;47914;26371;8;11
113833;-169439;48074;26274;2;11
109635;-174646;47812;25948;8;11
121012;-168522;48523;26331;1;11
105767;-174408;47570;25963;8;11
109946;-168960;47831;26304;8;11
112044;-167205;47962;26413;4;11
120221;-181885;48473;25496;4;11
110829;-169452;47886;26273;2;11
115587;-185328;48184;25281;2;11
110454;-169088;47863;26296;4;11
121244;-188649;48537;25073;4;11
113481;-170627;48052;26199;1;11
110071;-170502;47839;26207;1;11
115120;-180153;48155;25604;1;11
117414;-181015;48298;25550;2;11
112355;-169477;47982;26271;4;11
118536;-168724;48368;26318;4;11
110141;-169416;47843;26275;1;11
117439;-182341;48299;25467;2;11
106881;-177205;47640;25788;1;11
108733;-168073;47755;26359;2;11
109049;-167875;47775;26371;2;11
110424;-169104;47861;26295;1;11
112075;-170516;47964;26206;1;11
108946;-176432;47769;25837;1;11
111989;-170429;47959;26212;4;11
110322;-170460;47855;26210;1;11
107933;-176310;47705;25844;1;11
110739;-168940;47881;26305;2;11
106345;-175323;47606;25906;2;11
109586;-174668;47809;25947;1;11
116337;-181227;48231;25537;4;11
108772;-165666;47758;26509;2;11
125435;-173309;48799;26032;8;11
108155;-164924;47719;26556;8;11
113102;-170237;48028;26224;2;11
117047;-179555;48275;25641;2;11
110877;-168380;47889;26340;4;11
109175;-167821;47783;26375;4;11
108637;-165554;47749;26516;4;11
115383;-182510;48171;25457;8;11
108177;-174169;47721;25978;4;11
121615;-168563;48560;26328;1;11
107440;-177022;47675;25800;8;11
113573;-170951;48058;26179;1;11
109811;-170349;47823;26217;1;11
119817;-181148;48448;25542;8;11
110110;-169764;47841;26253;8;11
117160;-183043;48282;25423;4;11
113956;-170629;48082;26199;8;11
108846;-174012;47762;25988;2;11
109938;-167745;47831;26379;1;11
109180;-165481;47783;26521;1;11
115285;-179869;48165;25622;8;11
112166;-168787;47970;26314;8;11
120803;-168513;48510;26331;2;11
109589;-175701;47809;25882;1;11
113142;-170545;48031;26204;2;11
110502;-168708;47866;26319;1;11
108786;-168804;47759;26313;1;11
109369;-169472;47795;26272;1;11
108827;-167849;47761;26373;2;11
111600;-171044;47935;26173;1;11
124441;-173684;48737;26008;1;11
123762;-174601;48695;25951;8;11
111997;-166787;47959;26439;8;11
117381;-181984;48296;25490;4;11
108822;-169329;47761;26280;1;11
113157;-170314;48032;26219;4;11
106722;-173248;47630;26036;4;11
119866;-181780;48451;25502;4;11
113581;-170963;48058;26178;1;11
129064;-180901;49026;25557;2;11
106848;-177044;47638;25798;4;11
109798;-169610;47822;26263;2;11
126092;-172852;48840;26060;1;11
118656;-171952;48376;26117;2;11
109657;-176817;47813;25812;2;11
111134;-168440;47905;26336;4;11
114872;-179851;48139;25623;4;11
109607;-177069;47810;25797;2;11
110146;-165632;47844;26512;1;11
128823;-194697;49011;24695;1;11
108734;-170248;47755;26223;2;11
108169;-165108;47720;26544;2;11
111876;-168830;47952;26312;1;11
108739;-176006;47756;25863;4;11
108899;-170851;47766;26185;1;11
123916;-181223;48704;25537;8;11
110264;-170782;47851;26190;8;11
109999;-169308;47834;26282;8;11
111993;-169045;47959;26298;1;11
119389;-182159;48421;25479;1;11
118387;-171877;48359;26121;1;11
118948;-167382;48394;26402;8;11
123460;-174834;48676;25936;1;11
108949;-167733;47769;26380;8;11
112110;-170879;47966;26184;8;11
108261;-164916;47726;26556;2;11
106813;-177372;47635;25778;8;11
106101;-173431;47591;26024;8;11
124231;-174163;48724;25978;1;11
109289;-170716;47790;26194;4;11
115922;-178776;48205;25690;4;11
113734;-169897;48068;26245;1;11
111973;-168459;47958;26335;2;11
109752;-168150;47819;26354;1;11
123565;-182017;48682;25487;4;11
123859;-181333;48701;25530;8;11
110705;-170904;47879;26182;2;11
108349;-165386;47731;26527;8;11
123017;-174735;48648;25943;2;11
111092;-166679;47903;26446;2;11
113738;-169235;48068;26286;8;11
109778;-170004;47821;26238;1;11
117167;-181918;48282;25494;2;11
106753;-172520;47632;26081;1;11
110819;-171053;47886;26173;2;11
112935;-170866;48018;26184;4;11
113265;-171033;48039;26174;2;11
106523;-175296;47617;25908;2;11
112590;-170198;47996;26226;1;11
125142;-173343;48781;26030;2;11
111262;-167968;47913;26366;4;11
105585;-172667;47559;26072;4;11
125023;-172995;48773;26051;1;11
123699;-174798;48691;25939;8;11
123424;-181528;48674;25518;4;11
108159;-174086;47719;25983;8;11
118756;-168739;48382;26317;2;11
115890;-180893;48203;25558;8;11
110886;-167443;47890;26398;2;11
106510;-175296;47616;25908;8;11
114415;-178612;48110;25700;1;11
124343;-174155;48731;25979;2;11
108810;-167904;47760;26370;4;11
116008;-183356;48210;25404;4;11
111765;-171082;47945;26171;1;11
109489;-169755;47803;26254;8;11
115969;-178723;48208;25693;2;11
123573;-174311;48683;25969;8;11
107635;-176692;47687;25820;2;11
109228;-175850;47786;25873;1;11
111871;-166499;47951;26457;8;11
112125;-168663;47967;26322;2;11
116327;-179863;48230;25622;8;11
109368;-170762;47795;26191;1;11
110206;-170125;47847;26231;8;11
106251;-172968;47600;26053;4;11
106684;-175662;47627;25885;1;11
114385;-178179;48109;25727;8;11
109552;-165202;47807;26538;2;11
118861;-168158;48388;26354;8;11
113840;-169896;48075;26245;4;11
118655;-168719;48375;26319;8;11
107814;-174017;47698;25987;8;11
111351;-166148;47919;26479;8;11
109331;-168248;47793;26348;8;11
109043;-176471;47775;25834;8;11
109323;-168914;47792;26306;8;11
109937;-165106;47831;26544;8;11
111239;-170665;47912;26197;2;11
116324;-178373;48230;25715;4;11
111583;-166777;47933;26440;4;11
124045;-182285;48712;25471;1;11
112380;-168073;47983;26359;1;11
119600;-168386;48435;26339;1;11
125317;-172650;48792;26073;1;11
111777;-170812;47946;26188;4;11
110394;-168917;47859;26306;4;11
115030;-177391;48149;25777;4;11
110479;-169196;47864;26289;1;11
110051;-171067;47838;26172;8;11
110200;-165758;47847;26504;1;11
110869;-166755;47889;26441;8;11
109654;-167778;47813;26377;1;11
108697;-168908;47753;26307;4;11
112801;-170229;48010;26224;2;11
117758;-182472;48319;25459;8;11
124159;-173585;48719;26014;4;11
110764;-169188;47882;26289;2;11
107471;-172337;47676;26092;2;11
110300;-168676;47853;26321;4;11
123343;-174734;48668;25943;1;11
110844;-168172;47887;26353;8;11
106035;-172703;47587;26070;2;11
109455;-174811;47800;25938;4;11
109259;-165196;47788;26539;1;11
112144;-168877;47969;26309;4;11
115320;-184035;48167;25361;2;11
110349;-168652;47856;26323;4;11
111290;-168687;47915;26321;8;11
127530;-185739;48930;25255;4;11
111273;-167258;47914;26410;2;11
109324;-170213;47792;26225;4;11
110895;-171113;47890;26169;2;11
110484;-167656;47865;26385;2;11
111064;-167749;47901;26379;2;11
111763;-168639;47945;26324;1;11
110918;-168951;47892;26304;4;11
108146;-172698;47719;26070;1;11
109362;-170649;47795;26198;4;11
110595;-168054;47872;26360;4;11
112491;-175416;47990;25900;4;11
109104;-169299;47779;26282;2;11
105801;-175002;47572;25926;1;11
125709;-172888;48816;26058;2;11
112673;-170605;48002;26201;4;11
110914;-167402;47892;26401;8;11
113111;-169281;48029;26283;1;11
118923;-168250;48392;26348;2;11
115579;-183515;48183;25394;1;11
113391;-170542;48046;26205;2;11
123626;-174930;48686;25930;8;11
111460;-169051;47926;26298;2;11
113759;-169574;48069;26265;4;11
107048;-174102;47650;25982;1;11
115674;-181265;48189;25534;1;11
111000;-170346;47897;26217;1;11
115174;-179882;48158;25621;1;11
121590;-168456;48559;26335;4;11
110142;-167802;47843;26376;2;11
112269;-168346;47976;26342;8;11
109004;-167645;47772;26386;2;11
110747;-167224;47881;26412;8;11
108689;-175905;47753;25869;1;11
109490;-168208;47803;26351;8;11
110992;-169186;47897;26289;1;11
108781;-171087;47758;26171;2;11
115652;-185336;48188;25280;8;11
119200;-182188;48410;25477;8;11
115846;-183313;48200;25406;4;11
124301;-173576;48728;26015;2;11
111918;-169410;47954;26275;8;11
107654;-164996;47688;26551;4;11
116142;-181144;48218;25542;1;11
114385;-178710;48109;25694;1;11
121249;-168342;48538;26342;8;11
117014;-180129;48273;25605;4;11
114789;-179671;48134;25634;2;11
116294;-177801;48228;25751;1;11
124176;-173570;48721;26015;1;11
109403;-168874;47797;26309;4;11
123724;-174505;48692;25957;1;11
107235;-176389;47662;25839;8;11
109507;-169536;47804;26268;2;11
109955;-167662;47832;26385;1;11
116736;-183564;48256;25391;1;11
129699;-190745;49066;24942;4;11
120351;-181766;48481;25503;8;11
109735;-176781;47818;25815;2;11
109186;-175756;47784;25879;4;11
106045;-172909;47587;26057;2;11
115344;-177346;48169;25779;4;11
124628;-173256;48749;26035;2;11
108513;-173783;47742;26002;8;11
123441;-181839;48675;25499;1;11
120260;-168525;48476;26331;2;11
116082;-183546;48215;25392;1;11
124800;-173112;48760;26044;8;11
109561;-168980;47807;26302;8;11
108928;-169464;47768;26272;4;11
109734;-170284;47818;26221;2;11
120188;-168525;48471;26331;2;11
114572;-178774;48120;25690;1;11
109554;-171005;47807;26176;8;11
117166;-181412;48282;25525;2;11
108895;-170077;47765;26234;1;11
105792;-172576;47572;26078;4;11
120259;-168327;48476;26343;2;11
121250;-188224;48538;25100;8;11
109884;-169329;47827;26280;2;11
116712;-183528;48254;25393;8;11
109121;-169187;47780;26289;8;11
109516;-165193;47804;26539;1;11
121678;-192924;48564;24806;4;11
113368;-170525;48045;26206;8;11
113778;-169714;48071;26256;8;11
113662;-170516;48063;26206;8;11
114729;-177746;48130;25754;8;11
109742;-169553;47818;26266;1;11
112300;-166941;47978;26430;2;11
108609;-165162;47748;26541;1;11
112016;-169223;47961;26287;8;11
107392;-176884;47672;25808;2;11
112479;-170543;47989;26205;8;11
112201;-168308;47972;26344;2;11
115328;-183197;48168;25414;8;11
110303;-165077;47853;26546;1;11
111829;-168714;47949;26319;8;11
113406;-170518;48047;26206;1;11
124125;-174210;48717;25975;2;11
105595;-172743;47559;26067;4;11
109484;-174908;47802;25932;8;11
110736;-168338;47881;26342;2;11
111864;-168309;47951;26344;2;11
109830;-169323;47824;26281;8;11
111247;-167360;47912;26404;1;11
109259;-175481;47788;25896;8;11
116265;-178487;48226;25708;8;11
116962;-183978;48270;25365;2;11
113896;-169880;48078;26246;8;11
108036;-176436;47712;25836;2;11
105905;-175140;47579;25917;4;11
115868;-183574;48201;25390;8;11
107906;-172328;47704;26093;1;11
111958;-169935;47957;26243;1;11
120885;-188104;48515;25107;1;11
108970;-176395;47770;25839;2;11
109035;-168775;47774;26315;8;11
112517;-169196;47992;26289;8;11
107493;-176355;47678;25841;4;11
111056;-168742;47901;26317;2;11
112468;-170183;47989;26227;1;11
109861;-169605;47826;26263;8;11
125560;-173301;48807;26032;4;11
113329;-169383;48043;26277;2;11
110895;-169758;47890;26254;8;11
114704;-180024;48129;25612;4;11
125048;-173451;48775;26023;2;11
107287;-165363;47665;26528;4;11
109574;-168690;47808;26320;1;11
110075;-168825;47839;26312;8;11
121157;-168468;48532;26334;8;11
118960;-168355;48395;26341;8;11
112065;-168778;47964;26315;8;11
111462;-169432;47926;26274;1;11
115213;-184076;48160;25359;2;11
108909;-168706;47766;26319;2;11
115561;-183209;48182;25413;8;11
123468;-182126;48676;25481;1;11
113394;-169733;48047;26255;1;11
113200;-170933;48035;26180;2;11
109832;-165033;47824;26549;2;11
107034;-177284;47649;25783;8;11
117481;-180194;48302;25601;2;11
111114;-170794;47904;26189;8;11
109312;-176557;47792;25829;1;11
112366;-168527;47982;26331;4;11
120114;-168688;48467;26321;2;11
118831;-168500;48386;26332;8;11
109184;-175741;47784;25880;2;11
111025;-166474;47899;26459;8;11
121350;-188637;48544;25074;8;11
116854;-183770;48263;25378;4;11
106582;-173041;47621;26048;1;11
107736;-176598;47693;25826;2;11
111441;-168397;47925;26339;8;11
112062;-166674;47963;26446;4;11
108058;-172768;47713;26066;1;11
115383;-183028;48171;25424;1;11
121045;-168496;48525;26333;1;11
112334;-170738;47980;26192;2;11
110530;-169683;47868;26258;8;11
116215;-178185;48223;25727;4;11
106643;-172927;47625;26056;2;11
108399;-165151;47734;26542;8;11
112262;-170455;47976;26210;4;11
110898;-167065;47891;26422;2;11
112060;-170010;47963;26238;8;11
111965;-169459;47957;26272;8;11
117364;-182972;48295;25428;2;11
123519;-166662;48679;26447;2;11
125344;-172769;48794;26065;2;11
119871;-181233;48451;25536;2;11
120783;-193458;48508;24772;8;11
112996;-170660;48022;26197;2;11
108981;-170003;47771;26238;1;11
120361;-182037;48482;25486;8;11
107899;-171983;47703;26115;1;11
115906;-177440;48204;25774;1;11
107826;-165395;47699;26526;4;11
112007;-167275;47960;26409;1;11
120938;-188090;48518;25108;2;11
119474;-167740;48427;26380;4;11
110413;-170141;47860;26230;1;11
114682;-178146;48127;25729;8;11
116357;-180176;48232;25603;4;11
108851;-169904;47763;26245;2;11
110882;-167687;47890;26383;1;11
111385;-170865;47921;26184;2;11
113756;-169121;48069;26293;8;11
110334;-170554;47855;26204;8;11
117053;-179170;48275;25665;8;11
111508;-168993;47929;26301;8;11
110596;-168121;47872;26356;4;11
111503;-167539;47928;26392;8;11
125284;-173680;48790;26009;2;11
117142;-180653;48281;25573;4;11
109967;-168618;47832;26325;1;11
121700;-168227;48566;26349;1;11
119303;-181842;48416;25498;2;11
106391;-173466;47609;26022;2;11
107840;-172511;47700;26082;2;11
105759;-174488;47569;25958;1;11
123675;-181679;48689;25509;1;11
108690;-174364;47753;25966;2;11
108479;-173813;47739;26000;1;11
113832;-169490;48074;26270;1;11
111105;-170025;47904;26237;2;11
105845;-174294;47575;25970;8;11
117352;-179100;48294;25670;2;11
105351;-172546;47544;26079;2;11
128898;-194927;49016;24681;1;11
109528;-171040;47805;26174;4;11
115913;-183559;48204;25391;4;11
108730;-165062;47755;26547;1;11
123213;-175071;48660;25922;1;11
112927;-169490;48017;26270;8;11
106652;-175621;47625;25887;8;11
111001;-169289;47897;26283;4;11
110702;-167849;47878;26373;8;11
109369;-169538;47795;26267;8;11
105993;-173937;47584;25992;1;11
117162;-180198;48282;25601;4;11
123340;-174938;48668;25930;8;11
123702;-174774;48691;25940;2;11
121374;-168355;48545;26341;1;11
111617;-167802;47936;26376;4;11
109154;-165667;47782;26509;4;11
126238;-172673;48849;26071;2;11
109286;-168538;47790;26330;1;11
123298;-174650;48666;25948;1;11
109712;-167631;47817;26387;2;11
112449;-175474;47988;25896;2;11
107643;-176381;47687;25840;1;11
106393;-173988;47609;25989;8;11
113603;-171219;48060;26162;2;11
113437;-170750;48049;26192;8;11
123567;-181833;48682;25499;2;11
105366;-172628;47545;26074;4;11
108781;-171041;47758;26173;1;11
111778;-166691;47946;26445;8;11
107130;-172661;47655;26072;8;11
117241;-166380;48287;26465;4;11
106689;-175542;47628;25892;2;11
111659;-170465;47938;26209;4;11
108181;-165337;47721;26530;2;11
109871;-168602;47826;26326;2;11
126259;-172507;48851;26082;8;11
105761;-173873;47570;25996;4;11
115745;-181117;48194;25544;4;11
108777;-169861;47758;26247;1;11
125648;-173390;48813;26027;1;11
110002;-169532;47835;26268;2;11
114410;-178755;48110;25691;8;11
124499;-173650;48741;26010;4;11
108468;-165757;47739;26504;2;11
111700;-167751;47941;26379;2;11
125670;-173239;48814;26036;8;11
110442;-168458;47862;26335;4;11
108434;-165416;47737;26525;4;11
110384;-170840;47859;26186;8;11
111271;-169774;47914;26253;4;11
113764;-170283;48070;26221;4;11
106512;-173332;47617;26030;4;11
116431;-179933;48236;25618;8;11
112961;-170147;48020;26229;2;11
111958;-166953;47957;26429;8;11
111427;-168966;47924;26303;2;11
109026;-175431;47774;25899;8;11
116540;-184342;48243;25342;2;11
110664;-170259;47876;26222;1;11
106083;-173696;47590;26008;8;11
125490;-173078;48803;26046;4;11
120513;-188627;48492;25074;8;11
111373;-166385;47920;26464;4;11
123863;-182156;48701;25479;4;11
114673;-179343;48127;25655;1;11
113576;-169418;48058;26275;8;11
111176;-168115;47908;26356;4;11
111109;-167414;47904;26400;1;11
112079;-168820;47964;26312;8;11
111109;-167640;47904;26386;1;11
124399;-173818;48734;26000;2;11
109325;-176635;47792;25824;2;11
111686;-169951;47940;26242;1;11
115212;-182745;48160;25442;2;11
107792;-165017;47697;26550;2;11
123909;-182207;48704;25476;8;11
111035;-167702;47899;26382;4;11
114689;-179326;48128;25656;4;11
110020;-170969;47836;26178;4;11
111244;-168671;47912;26322;1;11
117180;-180345;48283;25592;2;11
109823;-174470;47823;25959;1;11
109513;-168522;47804;26331;4;11
110586;-168719;47871;26319;1;11
110881;-168458;47890;26335;1;11
109757;-168709;47819;26319;4;11
113271;-170524;48039;26206;8;11
111287;-167813;47915;26375;4;11
120416;-182115;48486;25481;8;11
114633;-179065;48124;25672;8;11
106672;-175559;47627;25891;8;11
121002;-168396;48522;26339;2;11
109606;-170628;47810;26199;4;11
115921;-181366;48205;25528;2;11
120805;-187918;48510;25119;2;11
109570;-170373;47808;26215;1;11
115991;-181338;48209;25530;2;11
123935;-182311;48705;25469;8;11
108527;-176476;47742;25834;4;11
109754;-170865;47819;26184;4;11
109667;-170668;47814;26197;2;11
126156;-172583;48844;26077;4;11
109847;-165671;47825;26509;1;11
111863;-168205;47951;26351;2;11
111246;-167396;47912;26401;4;11
109709;-169107;47816;26294;2;11
116191;-181460;48221;25522;4;11
121185;-168221;48534;26350;4;11
107847;-165273;47700;26534;2;11
111774;-168184;47945;26352;1;11
109178;-170842;47783;26186;1;11
110066;-169847;47839;26248;4;11
109639;-167487;47812;26396;4;11
111148;-167446;47906;26398;1;11
124840;-173379;48762;26027;4;11
120231;-181721;48474;25506;2;11
120821;-193419;48511;24775;8;11
115446;-182584;48175;25452;2;11
113432;-170470;48049;26209;4;11
111112;-167240;47904;26411;8;11
110760;-168185;47882;26352;8;11
112213;-167297;47973;26407;8;11
110555;-168400;47869;26339;2;11
112031;-169541;47961;26267;8;11
106154;-175214;47594;25913;4;11
109414;-168293;47798;26345;1;11
118352;-171284;48357;26158;8;11
117703;-182294;48316;25470;2;11
114789;-179292;48134;25658;8;11
110436;-171006;47862;26176;2;11
113317;-169099;48042;26295;4;11
125357;-172565;48794;26078;8;11
123560;-181331;48682;25530;1;11
113203;-169315;48035;26281;1;11
108021;-165559;47711;26516;1;11
109986;-170297;47834;26220;4;11
120022;-181932;48461;25493;8;11
124893;-173309;48765;26032;2;11
108271;-176650;47726;25823;1;11
111366;-170807;47920;26188;2;11
110854;-168334;47888;26343;1;11
109948;-168102;47831;26357;8;11
107568;-172242;47683;26098;1;11
114327;-178287;48105;25721;1;11
109256;-167731;47788;26380;2;11
111069;-168498;47901;26332;2;11
120272;-187294;48477;25158;8;11
110992;-168052;47897;26360;2;11
105623;-173566;47561;26016;8;11
108929;-165470;47768;26522;4;11
111482;-168632;47927;26324;4;11
111798;-168091;47947;26358;2;11
111828;-167520;47949;26394;8;11
110052;-168498;47838;26332;1;11
110458;-169906;47863;26244;4;11
126885;-175704;48890;25882;2;11
109536;-170404;47806;26213;1;11
119792;-181951;48447;25492;2;11
108746;-165577;47756;26515;2;11
108856;-169886;47763;26246;4;11
105729;-174566;47568;25953;2;11
111409;-169228;47923;26287;4;11
110473;-168470;47864;26334;4;11
113303;-170612;48041;26200;2;11
107375;-172846;47670;26061;8;11
130572;-193085;49120;24796;8;11
112403;-167428;47985;26399;1;11
106634;-175327;47624;25906;8;11
115450;-182109;48175;25482;2;11
121257;-168248;48538;26348;4;11
124607;-174068;48747;25984;2;11
115366;-177293;48170;25783;1;11
117284;-178589;48290;25702;2;11
114445;-178471;48112;25709;1;11
112955;-170762;48019;26191;8;11
109043;-176140;47775;25855;4;11
110984;-170024;47896;26237;8;11
111118;-168374;47904;26340;4;11
109350;-168386;47794;26339;1;11
118058;-171671;48338;26134;8;11
110409;-165145;47860;26542;1;11
109905;-170355;47829;26216;4;11
111969;-167007;47958;26426;8;11
110937;-168655;47893;26323;8;11
117012;-179846;48273;25623;2;11
123774;-182126;48695;25481;1;11
105639;-175030;47562;25924;8;11
125337;-172576;48793;26078;1;11
121043;-188296;48525;25095;8;11
115911;-177358;48204;25779;8;11
106563;-173284;47620;26033;8;11
109471;-168552;47801;26329;8;11
124814;-172958;48760;26054;4;11
115669;-185217;48189;25287;8;11
107517;-176096;47679;25858;8;11
109139;-165729;47781;26505;8;11
123744;-174579;48694;25952;1;11
109356;-168851;47794;26310;2;11
109523;-165176;47805;26540;1;11
107014;-177340;47648;25780;8;11
111932;-167129;47955;26418;2;11
113711;-169152;48066;26292;1;11
110513;-168992;47867;26302;2;11
116070;-181603;48214;25513;1;11
111103;-168504;47903;26332;8;11
111153;-169717;47907;26256;8;11
111966;-170321;47957;26218;4;11
110540;-168283;47868;26346;1;11
113433;-169325;48049;26281;4;11
120818;-168447;48511;26336;1;11
109571;-167735;47808;26380;8;11
108699;-165125;47753;26543;4;11
114961;-177534;48145;25768;2;11
114586;-178904;48121;25682;8;11
111939;-167332;47956;26405;8;11
111373;-167197;47920;26414;4;11
116092;-185107;48215;25294;2;11
110335;-168677;47855;26321;8;11
107182;-165338;47658;26530;1;11
110710;-167860;47879;26372;4;11
106115;-172649;47592;26073;2;11
116107;-177240;48216;25786;1;11
111566;-170794;47932;26189;4;11
110782;-168384;47883;26340;2;11
108500;-176505;47741;25832;8;11
107181;-165137;47658;26542;8;11
110063;-165112;47838;26544;2;11
111947;-167855;47956;26373;2;11
119756;-168633;48444;26324;2;11
108845;-170734;47762;26193;8;11
108958;-170928;47769;26181;4;11
117178;-183832;48283;25374;1;11
109645;-176809;47812;25813;2;11
113874;-170302;48077;26220;4;11
108691;-174266;47753;25972;2;11
119319;-167711;48417;26382;2;11
120363;-181937;48482;25492;1;11
107580;-172650;47683;26073;1;11
107799;-172902;47697;26057;4;11
110957;-168787;47894;26314;4;11
117228;-182077;48286;25484;1;11
112270;-170278;47976;26221;2;11
109316;-169141;47792;26292;4;11
125704;-172236;48816;26099;1;11
125320;-173115;48792;26044;2;11
107253;-173828;47663;25999;4;11
109284;-167746;47790;26379;8;11
107055;-173917;47650;25994;1;11
124164;-173329;48720;26030;8;11
108752;-174191;47757;25977;8;11
111952;-169335;47957;26280;1;11
126123;-172757;48842;26066;4;11
124306;-174254;48729;25973;2;11
109580;-167564;47808;26391;4;11
112573;-169556;47995;26266;2;11
113840;-170269;48075;26222;4;11
117256;-179394;48288;25651;2;11
114888;-178108;48140;25732;2;11
112196;-169912;47972;26244;8;11
113609;-169118;48060;26294;4;11
109391;-169051;47796;26298;8;11
106629;-175083;47624;25921;4;11
108926;-176159;47767;25854;2;11
119803;-182072;48447;25484;8;11
112296;-169050;47978;26298;1;11
108019;-165248;47711;26536;2;11
123520;-174282;48680;25971;4;11
109671;-170377;47814;26215;1;11
117521;-182912;48305;25432;1;11
112203;-167589;47972;26389;8;11
117343;-183029;48293;25424;1;11
115886;-178004;48202;25738;4;11
116996;-180788;48272;25564;1;11
114590;-178051;48121;25735;4;11
124876;-172860;48764;26060;1;11
109189;-169475;47784;26271;8;11
105824;-174905;47574;25932;2;11
112491;-169568;47990;26266;4;11
125238;-173002;48787;26051;8;11
111693;-170069;47940;26234;1;11
106349;-175837;47606;25874;4;11
108682;-170695;47752;26195;1;11
110069;-165751;47839;26504;1;11
111922;-170676;47955;26196;8;11
124850;-173431;48763;26024;8;11
115992;-177688;48209;25758;4;11
106892;-177298;47640;25782;4;11
108059;-165426;47713;26524;8;11
116170;-181163;48220;25541;2;11
113083;-170811;48027;26188;8;11
111562;-166898;47932;26432;4;11
109617;-176724;47811;25818;1;11
112006;-166532;47960;26455;4;11
109721;-174676;47817;25946;8;11
123474;-166780;48677;26440;2;11
111151;-169747;47906;26254;2;11
108284;-176635;47727;25824;1;11
113496;-171043;48053;26173;4;11
115223;-182368;48161;25466;2;11
111613;-168847;47935;26311;2;11
123770;-166696;48695;26445;8;11
108872;-168038;47764;26361;1;11
119548;-168089;48431;26358;2;11
115425;-176697;48174;25820;4;11
117500;-181182;48303;25540;2;11
109228;-169212;47786;26288;1;11
109935;-168729;47830;26318;1;11
115451;-183032;48175;25424;4;11
108356;-176186;47732;25852;8;11
116461;-177579;48238;25765;1;11
120454;-188112;48488;25107;2;11
107582;-165407;47683;26526;8;11
108188;-165671;47721;26509;8;11
114562;-179047;48120;25673;4;11
123247;-193964;48662;24741;4;11
117175;-179114;48283;25669;8;11
120542;-168466;48493;26334;1;11
110169;-169693;47845;26258;2;11
115755;-183633;48194;25386;8;11
106508;-175155;47616;25916;8;11
118395;-171519;48359;26144;8;11
110064;-165555;47839;26516;8;11
111007;-168422;47897;26337;2;11
111891;-166541;47953;26455;8;11
110807;-168570;47885;26328;2;11
116057;-183789;48213;25377;8;11
116052;-184843;48213;25311;2;11
110317;-169994;47854;26239;2;11
108044;-176443;47712;25836;1;11
108691;-167996;47753;26364;4;11
115829;-183398;48199;25401;4;11
115312;-179328;48167;25656;1;11
114677;-179650;48127;25635;2;11
111369;-169649;47920;26260;2;11
112927;-170051;48017;26235;8;11
115839;-181019;48199;25550;4;11
124157;-182337;48719;25467;2;11
110308;-171131;47854;26168;4;11
111244;-169022;47912;26300;4;11
116666;-184107;48251;25357;4;11
120602;-188041;48497;25111;4;11
107734;-172500;47693;26082;2;11
111289;-166333;47915;26468;4;11
111021;-166471;47898;26459;4;11
105721;-172753;47567;26066;4;11
108406;-164909;47735;26557;1;11
117250;-181451;48288;25523;4;11
111737;-170688;47943;26196;8;11
109478;-165553;47802;26516;1;11
125487;-173480;48802;26021;8;11
109847;-169590;47825;26264;8;11
118672;-168119;48377;26356;8;11
108167;-164955;47720;26554;2;11
119358;-168254;48419;26348;2;11
124790;-172946;48759;26054;2;11
117116;-179949;48279;25617;8;11
116449;-177777;48238;25752;2;11
105755;-173463;47569;26022;1;11
110873;-169219;47889;26287;8;11
106429;-173828;47611;25999;2;11
117087;-180934;48277;25555;2;11
115492;-177678;48178;25759;2;11
108736;-169548;47756;26267;4;11
111219;-170073;47911;26234;2;11
108786;-167994;47759;26364;2;11
112968;-169391;48020;26277;4;11
114410;-178909;48110;25682;2;11
123427;-174424;48674;25962;1;11
113697;-169355;48066;26279;8;11
109975;-167464;47833;26397;8;11
109425;-175773;47799;25878;2;11
111715;-166248;47942;26473;2;11
112632;-170751;47999;26192;4;11
109485;-164981;47802;26552;2;11
111535;-166376;47930;26465;2;11
106497;-173250;47616;26035;8;11
109968;-169729;47833;26255;2;11
121648;-168522;48563;26331;1;11
120999;-188722;48522;25068;4;11
124097;-173817;48716;26000;1;11
110396;-170618;47859;26200;8;11
115928;-183714;48205;25381;4;11
108496;-173880;47741;25996;4;11
106934;-172330;47643;26093;1;11
119548;-181920;48431;25494;2;11
107692;-165492;47690;26520;1;11
108958;-168833;47769;26311;8;11
115951;-183121;48206;25418;1;11
107349;-165473;47669;26521;8;11
106063;-173899;47588;25995;2;11
108749;-170026;47756;26237;1;11
124405;-173377;48735;26027;8;11
113477;-170717;48052;26194;4;11
110982;-170296;47896;26220;8;11
108079;-176287;47714;25846;8;11
123968;-174126;48708;25981;8;11
115641;-182363;48187;25466;1;11
125822;-173041;48823;26048;8;11
119822;-168644;48448;26323;1;11
111730;-167208;47943;26413;4;11
115433;-182041;48174;25486;4;11
113496;-170465;48053;26209;1;11
121154;-188341;48532;25092;2;11
106716;-173625;47629;26012;2;11
110125;-167810;47842;26375;2;11
109612;-170273;47810;26221;8;11
112719;-169697;48004;26257;4;11
111635;-167570;47937;26390;2;11
108291;-174581;47728;25952;4;11
110359;-169728;47857;26256;8;11
109410;-177010;47798;25800;4;11
109485;-167950;47802;26367;8;11
106152;-176670;47594;25822;4;11
109217;-168924;47786;26306;2;11
115668;-182304;48189;25470;8;11
120179;-168646;48471;26323;4;11
106672;-173250;47627;26035;2;11
120235;-187324;48474;25156;4;11
113036;-170111;48024;26232;1;11
112478;-167543;47989;26392;8;11
120329;-168534;48480;26330;8;11
115646;-183395;48187;25401;2;11
116961;-183983;48270;25365;4;11
112674;-169798;48002;26251;2;11
108539;-165212;47743;26538;2;11
119326;-166933;48417;26430;8;11
110582;-170204;47871;26226;1;11
108986;-167911;47771;26369;1;11
108167;-176694;47720;25820;8;11
109434;-170766;47799;26191;8;11
108279;-176784;47727;25815;1;11
106211;-173800;47598;26001;1;11
120453;-188051;48488;25110;8;11
111086;-167772;47902;26378;2;11
113687;-170891;48065;26183;4;11
117315;-178802;48292;25688;4;11
110847;-170231;47887;26224;1;11
111145;-166598;47906;26451;8;11
121253;-168296;48538;26345;1;11
113778;-170517;48071;26206;8;11
106033;-172576;47587;26078;1;11
119354;-182157;48419;25479;4;11
108725;-167587;47755;26389;8;11
115625;-182573;48186;25453;1;11
106450;-175739;47613;25880;4;11
106463;-172996;47613;26051;1;11
110324;-169749;47855;26254;8;11
108091;-176297;47715;25845;1;11
110052;-168730;47838;26318;1;11
110684;-169811;47877;26250;2;11
112859;-170059;48013;26235;2;11
123317;-166780;48667;26440;1;11
110655;-167974;47875;26365;8;11
108743;-170532;47756;26205;4;11
117347;-178740;48294;25692;2;11
111383;-167902;47921;26370;1;11
106918;-172350;47642;26092;8;11
115204;-182819;48160;25437;2;11
116253;-177519;48225;25769;8;11
108282;-176186;47727;25852;8;11
106968;-173448;47645;26023;4;11
108770;-169376;47758;26278;4;11
109849;-165168;47825;26541;4;11
110615;-167699;47873;26382;4;11
110206;-164993;47847;26551;2;11
112142;-170567;47968;26203;8;11
111177;-168354;47908;26341;2;11
112553;-170198;47994;26226;4;11
106311;-176889;47604;25808;4;11
111593;-166837;47934;26436;8;11
114637;-178852;48124;25685;1;11
106428;-176693;47611;25820;2;11
108095;-176507;47715;25832;4;11
111830;-170734;47949;26193;4;11
111361;-166532;47920;26455;8;11
108775;-170005;47758;26238;4;11
115795;-181065;48197;25547;1;11
109403;-170923;47797;26181;1;11
112823;-170760;48011;26191;8;11
109096;-169665;47778;26259;2;11
111652;-170561;47938;26203;4;11
124071;-182111;48714;25482;4;11
107303;-172826;47666;26062;4;11
106171;-172721;47595;26068;8;11
124959;-173761;48769;26003;8;11
111928;-169554;47955;26266;4;11
114624;-179909;48124;25619;2;11
109013;-175534;47773;25893;2;11
109951;-170813;47831;26188;4;11
111219;-169143;47911;26292;2;11
120976;-188303;48521;25095;1;11
117079;-179573;48277;25640;2;11
107882;-165056;47702;26548;4;11
111251;-168894;47913;26308;4;11
108561;-174281;47745;25971;2;11
112012;-166569;47960;26453;8;11
113086;-169395;48027;26276;4;11
109895;-165531;47828;26518;1;11
113128;-170831;48030;26187;2;11
124119;-173877;48717;25996;2;11
106483;-173288;47615;26033;1;11
124287;-174256;48727;25973;2;11
119343;-168354;48418;26341;2;11
114767;-179335;48132;25655;1;11
111281;-167658;47915;26385;4;11
117277;-182707;48289;25444;8;11
123724;-181488;48692;25521;2;11
115590;-181043;48184;25548;8;11
105781;-175003;47571;25926;2;11
124458;-173399;48738;26026;4;11
112455;-168827;47988;26312;1;11
110137;-170095;47843;26233;8;11
107540;-176768;47681;25816;1;11
110778;-167101;47883;26420;1;11
112153;-167180;47969;26415;2;11
109345;-175659;47794;25885;8;11
109224;-176588;47786;25827;8;11
117370;-182914;48295;25431;8;11
123650;-181467;48688;25522;2;11
108727;-168590;47755;26327;8;11
109265;-165576;47789;26515;2;11
124187;-173331;48721;26030;1;11
110142;-169990;47843;26239;4;11
106845;-177095;47637;25795;1;11
125745;-173042;48819;26048;4;11
112776;-171056;48008;26173;2;11
111459;-170261;47926;26222;1;11
120717;-168349;48504;26342;1;11
114538;-178861;48118;25685;2;11
123399;-181649;48672;25510;2;11
108638;-176261;47749;25847;8;11
115784;-182134;48196;25480;2;11
116057;-178880;48213;25684;2;11
119308;-168664;48416;26322;8;11
113145;-169246;48031;26286;8;11
117107;-183809;48279;25375;1;11
124142;-181236;48718;25536;2;11
114336;-178267;48106;25722;8;11
108235;-165058;47724;26547;4;11
114894;-180214;48140;25600;1;11
109631;-167753;47811;26379;8;11
109576;-165607;47808;26513;4;11
120214;-181852;48473;25498;8;11
117272;-181395;48289;25526;8;11
111644;-171136;47937;26168;8;11
120840;-188854;48512;25060;1;11
124793;-173812;48759;26000;1;11
106717;-176946;47629;25804;1;11
109668;-167464;47814;26397;2;11
121549;-168572;48556;26328;8;11
109385;-169220;47796;26287;8;11
106561;-175640;47620;25886;8;11
118417;-171345;48361;26154;2;11
113700;-170820;48066;26187;8;11
119193;-168497;48409;26332;1;11
121279;-168240;48539;26349;4;11
105775;-173668;47570;26009;1;11
111015;-167412;47898;26400;4;11
116163;-181161;48220;25541;8;11
107985;-172489;47709;26083;4;11
112503;-167167;47991;26416;1;11
123820;-182366;48698;25466;2;11
109776;-169037;47821;26299;4;11
109100;-169713;47778;26256;1;11
109324;-176677;47792;25821;1;11
111223;-170040;47911;26236;8;11
111472;-169529;47927;26268;2;11
113595;-170288;48059;26221;4;11
106358;-174151;47607;25979;1;11
109945;-176894;47831;25808;2;11
115933;-180314;48205;25594;8;11
109245;-168549;47787;26329;1;11
120517;-188694;48492;25070;2;11
116060;-177289;48213;25783;1;11
112134;-167105;47968;26419;1;11
109232;-167479;47787;26396;4;11
107354;-176504;47669;25832;8;11
109835;-169381;47824;26277;8;11
117164;-183628;48282;25387;8;11
108764;-170889;47757;26183;4;11
112065;-171103;47964;26170;1;11
113075;-170450;48027;26210;2;11
110283;-170758;47852;26191;2;11
108988;-169973;47771;26240;2;11
112120;-167363;47967;26403;8;11
108412;-165399;47735;26526;1;11
110361;-169017;47857;26300;1;11
125748;-172864;48819;26060;8;11
109721;-165414;47817;26525;8;11
118368;-173815;48358;26000;1;11
112236;-169303;47974;26282;8;11
117059;-179774;48276;25628;1;11
110274;-168242;47852;26348;4;11
120447;-181783;48487;25502;1;11
130621;-193114;49123;24794;1;11
109302;-171014;47791;26175;8;11
115427;-182745;48174;25442;1;11
111426;-169335;47924;26280;2;11
109739;-168330;47818;26343;8;11
110929;-169253;47893;26285;4;11
119967;-168574;48457;26328;8;11
119913;-181212;48454;25538;4;11
111528;-170348;47930;26217;4;11
105867;-173661;47576;26010;2;11
109692;-176864;47815;25810;4;11
106253;-176705;47600;25819;2;11
110663;-168957;47876;26304;1;11
111175;-168637;47908;26324;4;11
112680;-170417;48002;26212;8;11
108864;-170133;47764;26230;2;11
109263;-167547;47788;26392;4;11
109554;-169135;47807;26293;4;11
123180;-193188;48658;24789;2;11
109066;-175734;47776;25880;8;11
116219;-178556;48223;25704;2;11
109716;-170361;47817;26216;4;11
113777;-170625;48071;26199;2;11
106435;-175588;47612;25889;8;11
109250;-168255;47788;26348;2;11
116701;-194376;48253;24715;2;11
116195;-180957;48222;25554;1;11
108770;-170265;47758;26222;4;11
125573;-172372;48808;26090;8;11
112378;-171077;47983;26171;1;11
105982;-173651;47583;26010;4;11
125406;-172534;48797;26080;2;11
110455;-168538;47863;26330;8;11
110670;-169866;47876;26247;2;11
116083;-180193;48215;25601;2;11
111263;-167414;47913;26400;1;11
112524;-169794;47992;26251;2;11
108328;-165567;47730;26516;8;11
124078;-182382;48714;25465;1;11
109908;-168882;47829;26308;4;11
124395;-174014;48734;25988;2;11
111132;-167517;47905;26394;8;11
110629;-168385;47874;26339;2;11
114912;-176644;48142;25823;4;11
114026;-170571;48086;26203;1;11
106313;-176013;47604;25863;2;11
113113;-170842;48029;26186;4;11
124496;-173403;48741;26026;4;11
112513;-170118;47992;26231;1;11
117278;-181897;48289;25495;1;11
121370;-168467;48545;26334;1;11
115947;-183906;48206;25369;8;11
112486;-168818;47990;26312;2;11
112151;-168331;47969;26343;1;11
116758;-183689;48257;25383;1;11
110243;-170008;47850;26238;8;11
112029;-170967;47961;26178;2;11
106351;-175847;47606;25873;8;11
126895;-175632;48890;25887;2;11
110160;-164893;47845;26558;8;11
112369;-168823;47983;26312;4;11
114842;-176839;48137;25811;8;11
106931;-174032;47643;25987;2;11
114871;-177252;48139;25785;2;11
109008;-176662;47773;25822;1;11
123840;-182137;48700;25480;2;11
111365;-170271;47920;26222;2;11
112333;-170877;47980;26184;1;11
117109;-166207;48279;26476;1;11
109027;-169677;47774;26259;2;11
109549;-168072;47806;26359;1;11
113733;-169264;48068;26285;8;11
110624;-168940;47874;26305;1;11
121577;-168472;48558;26334;4;11
110858;-169905;47888;26244;4;11
111043;-170701;47900;26195;2;11
112560;-169322;47995;26281;2;11
117301;-178971;48291;25678;1;11
109287;-168442;47790;26336;1;11
121175;-188657;48533;25072;4;11
107471;-176878;47676;25809;2;11
111641;-167361;47937;26403;4;11
113721;-169104;48067;26295;2;11
113627;-169234;48061;26286;4;11
110433;-167717;47862;26381;1;11
107968;-176203;47708;25851;1;11
114466;-178170;48114;25728;2;11
110349;-164883;47856;26558;1;11
107857;-177112;47701;25794;2;11
106133;-175807;47593;25876;2;11
120828;-168344;48511;26342;8;11
116308;-181197;48229;25539;2;11
106083;-176838;47590;25811;8;11
112158;-168126;47969;26356;2;11
114667;-178396;48126;25714;1;11
111890;-169507;47953;26269;8;11
105913;-172914;47579;26056;1;11
117141;-182568;48281;25453;8;11
110834;-171039;47887;26174;2;11
106339;-173978;47606;25990;1;11
110884;-168129;47890;26355;1;11
110282;-169203;47852;26288;8;11
108439;-176622;47737;25825;1;11
124393;-174006;48734;25988;1;11
111749;-169567;47944;26266;1;11
111283;-170039;47915;26236;8;11
109175;-170702;47783;26195;1;11
109156;-165532;47782;26518;8;11
107113;-174124;47654;25981;8;11
116905;-183947;48266;25367;1;11
109923;-176825;47830;25812;8;11
109632;-170055;47812;26235;4;11
116133;-177377;48218;25777;1;11
110197;-169175;47847;26290;8;11
110170;-165445;47845;26523;1;11
113144;-170287;48031;26221;2;11
114805;-178091;48135;25733;2;11
114835;-179971;48137;25615;8;11
109265;-165519;47789;26519;4;11
107791;-165337;47696;26530;4;11
117175;-181954;48283;25491;2;11
116943;-179536;48268;25643;4;11
112442;-167153;47987;26416;4;11
111015;-170308;47898;26219;4;11
115909;-183381;48204;25402;8;11
107487;-172369;47677;26090;1;11
108391;-171507;47734;26144;4;11
114340;-178978;48106;25677;8;11
108779;-171056;47758;26173;1;11
112475;-167798;47989;26376;4;11
124629;-173169;48749;26040;2;11
105934;-174344;47580;25967;4;11
106765;-173804;47632;26001;1;11
125519;-173041;48804;26048;4;11
110471;-168919;47864;26306;8;11
125342;-173521;48793;26018;8;11
107754;-172912;47694;26057;2;11
119968;-168481;48458;26333;2;11
117151;-182812;48281;25438;4;11
115646;-182328;48187;25468;1;11
110629;-169475;47874;26271;8;11
117286;-179942;48290;25617;2;11
120584;-168235;48496;26349;8;11
109839;-167432;47824;26399;1;11
118470;-171363;48364;26153;4;11
111221;-169140;47911;26292;1;11
106738;-173765;47631;26003;2;11
124956;-172728;48769;26068;8;11
109033;-165417;47774;26525;8;11
120173;-181969;48470;25490;1;11
111834;-167471;47949;26397;4;11
111382;-168141;47921;26355;8;11
113455;-169335;48050;26280;8;11
109503;-170975;47803;26178;4;11
107335;-165198;47668;26539;2;11
107849;-176291;47700;25845;1;11
116403;-184156;48235;25354;4;11
109092;-170900;47778;26182;2;11
106683;-175138;47627;25917;4;11
112840;-170054;48012;26235;1;11
109443;-176711;47800;25819;4;11
106138;-175810;47593;25875;1;11
107201;-176285;47660;25846;8;11
111552;-168511;47932;26332;2;11
109259;-169372;47788;26278;4;11
116422;-180071;48236;25609;8;11
111450;-166835;47925;26436;2;11
108652;-176259;47750;25847;1;11
124486;-174309;48740;25969;4;11
110310;-170710;47854;26194;4;11
110589;-170547;47871;26204;4;11
123905;-174325;48704;25968;8;11
115141;-179863;48156;25622;8;11
108950;-175739;47769;25880;4;11
119722;-168585;48442;26327;8;11
125455;-173445;48800;26023;1;11
113767;-170361;48070;26216;8;11
111695;-169895;47940;26245;4;11
108962;-165163;47770;26541;2;11
115217;-182592;48161;25452;8;11
119160;-166932;48407;26430;8;11
120928;-188257;48518;25097;1;11
107059;-165316;47651;26531;4;11
109091;-176871;47778;25809;8;11
110159;-167708;47844;26382;2;11
114618;-177278;48123;25784;4;11
123451;-181614;48675;25513;2;11
119820;-168661;48448;26322;4;11
109784;-170985;47821;26177;2;11
124193;-174243;48722;25973;1;11
111408;-169849;47923;26248;2;11
121702;-168346;48566;26342;4;11
119216;-167003;48411;26426;1;11
108734;-169578;47755;26265;8;11
108914;-169937;47767;26242;8;11
128923;-194905;49017;24682;4;11
107551;-172512;47681;26082;1;11
113779;-169794;48071;26251;4;11
124163;-173646;48720;26011;2;11
113899;-170185;48078;26227;8;11
112998;-169116;48022;26294;4;11
110383;-169797;47858;26251;4;11
111169;-168244;47908;26348;1;11
115609;-180871;48185;25559;8;11
117060;-166254;48276;26473;1;11
111074;-167509;47902;26394;8;11
129722;-190777;49067;24940;4;11
111921;-166989;47955;26427;8;11
106173;-176838;47595;25811;8;11
105874;-172908;47577;26057;8;11
106466;-172927;47614;26056;4;11
111831;-169689;47949;26258;4;11
115495;-182473;48178;25459;1;11
109370;-175733;47795;25880;1;11
111826;-169354;47949;26279;4;11
112112;-167863;47967;26372;8;11
125322;-172733;48792;26068;1;11
112342;-170503;47981;26207;8;11
109392;-169270;47797;26284;4;11
123991;-174451;48709;25960;2;11
124041;-181136;48712;25543;8;11
114524;-178736;48117;25693;1;11
108749;-174356;47756;25966;1;11
113539;-171057;48056;26172;8;11
119328;-182088;48418;25483;8;11
109047;-167617;47775;26387;8;11
110656;-170430;47876;26212;8;11
116828;-166320;48261;26469;8;11
106874;-173125;47639;26043;1;11
120351;-168479;48481;26334;2;11
119794;-168554;48447;26329;4;11
108875;-169319;47764;26281;2;11
107900;-172419;47703;26087;1;11
105949;-173725;47581;26006;4;11
113046;-169126;48025;26293;8;11
109490;-165149;47803;26542;2;11
105824;-173465;47574;26022;8;11
108442;-176761;47737;25816;1;11
106448;-173700;47613;26007;4;11
123791;-181553;48696;25516;1;11
105883;-174755;47577;25941;4;11
123957;-173944;48707;25992;2;11
109629;-176709;47811;25819;8;11
113397;-171207;48047;26163;1;11
113127;-169432;48030;26274;8;11
111260;-171128;47913;26168;4;11
108901;-175619;47766;25887;4;11
109092;-170075;47778;26234;4;11
105921;-174411;47580;25963;4;11
106546;-173613;47619;26013;1;11
106053;-174866;47588;25934;2;11
123909;-174666;48704;25947;4;11
108816;-165094;47761;26545;2;11
109911;-165237;47829;26536;8;11
107235;-172820;47662;26062;1;11
112853;-169232;48013;26287;1;11
108805;-176089;47760;25858;8;11
113303;-170233;48041;26224;8;11
115778;-183750;48196;25379;4;11
109340;-169265;47793;26284;4;11
112838;-170645;48012;26198;8;11
113498;-170394;48053;26214;8;11
110286;-169373;47852;26278;8;11
112187;-167642;47971;26386;1;11
108049;-164980;47713;26552;1;11
109405;-167640;47797;26386;4;11
120672;-168311;48502;26344;1;11
113914;-192282;48079;24846;4;11
125539;-173164;48806;26041;4;11
117495;-181534;48303;25518;8;11
114781;-179721;48133;25631;4;11
116349;-177629;48231;25762;2;11
111583;-166746;47933;26442;1;11
110601;-168315;47872;26344;8;11
123712;-166817;48692;26437;1;11
111992;-168537;47959;26330;1;11
109370;-176650;47795;25823;4;11
115315;-176734;48167;25818;1;11
110387;-165152;47859;26542;2;11
109582;-168017;47808;26362;2;11
109087;-168815;47777;26313;1;11
109056;-168738;47776;26317;1;11
111139;-167232;47906;26412;2;11
106034;-173964;47587;25991;1;11
123624;-174596;48686;25951;8;11
113693;-170436;48065;26211;1;11
106231;-176729;47599;25818;1;11
111174;-167310;47908;26407;4;11
123782;-182312;48696;25469;2;11
115721;-181539;48192;25517;2;11
111180;-168745;47908;26317;4;11
109974;-165110;47833;26544;8;11
116986;-195442;48271;24648;4;11
112275;-167258;47977;26410;4;11
110754;-168395;47882;26339;4;11
111644;-167116;47937;26419;1;11
106714;-176976;47629;25803;2;11
124072;-173945;48714;25992;1;11
108993;-168116;47772;26356;2;11
109633;-171038;47812;26174;8;11
111761;-167518;47945;26394;4;11
112154;-168758;47969;26316;2;11
112349;-167650;47981;26385;4;11
111086;-169499;47902;26270;4;11
125119;-173026;48779;26049;2;11
112399;-169516;47984;26269;4;11
111046;-169110;47900;26294;2;11
109578;-170696;47808;26195;4;11
112348;-170747;47981;26192;8;11
110552;-170477;47869;26209;2;11
114586;-177386;48121;25777;4;11
121258;-188574;48538;25078;2;11
124051;-173883;48713;25996;8;11
116903;-181066;48266;25547;2;11
117292;-182791;48290;25439;1;11
105692;-173669;47565;26009;8;11
116998;-183096;48272;25420;8;11
109690;-170625;47815;26199;2;11
112018;-166995;47961;26426;4;11
121207;-188627;48535;25074;8;11
110070;-170899;47839;26182;2;11
123684;-182093;48690;25483;1;11
116966;-166245;48270;26473;1;11
112043;-170274;47962;26221;8;11
109397;-169303;47797;26282;2;11
110687;-170919;47877;26181;1;11
117074;-183836;48277;25374;8;11
112381;-169490;47983;26270;2;11
115399;-182383;48172;25465;8;11
106679;-172857;47627;26060;2;11
108353;-176314;47732;25844;1;11
120535;-188782;48493;25065;8;11
110045;-164957;47837;26554;4;11
112547;-170385;47994;26214;1;11
109273;-169585;47789;26264;2;11
112856;-170455;48013;26210;2;11
115964;-180926;48207;25556;8;11
110211;-169751;47848;26254;2;11
109790;-176832;47821;25812;1;11
109019;-176148;47773;25854;4;11
111995;-167765;47959;26378;1;11
110910;-168939;47891;26305;2;11
111751;-168378;47944;26340;8;11
117218;-183228;48286;25412;8;11
111415;-167987;47923;26364;1;11
108067;-176460;47714;25835;2;11
112221;-168737;47973;26317;8;11
109423;-170636;47798;26199;8;11
116315;-181638;48229;25511;2;11
117472;-180110;48302;25607;2;11
108955;-176290;47769;25845;1;11
115911;-177993;48204;25739;1;11
112443;-171004;47987;26176;4;11
114519;-177612;48117;25763;4;11
115929;-180189;48205;25602;2;11
106170;-174008;47595;25988;1;11
105981;-173605;47583;26013;4;11
108808;-168781;47760;26315;4;11
109581;-169135;47808;26293;4;11
110782;-169263;47883;26285;4;11
109182;-169801;47783;26251;8;11
124382;-174079;48733;25984;1;11
116161;-177359;48220;25779;2;11
108800;-171070;47760;26172;1;11
125686;-173238;48815;26036;4;11
109801;-168943;47822;26305;1;11
109973;-164884;47833;26558;1;11
116037;-177550;48212;25767;2;11
109325;-171093;47792;26170;8;11
127827;-195482;48949;24646;2;11
112982;-171089;48021;26170;2;11
109918;-169711;47829;26257;4;11
114936;-179940;48143;25617;2;11
117450;-182926;48300;25431;4;11
111698;-168969;47941;26303;4;11
120789;-188525;48509;25081;8;11
111338;-170461;47918;26210;4;11
113235;-170659;48037;26197;1;11
109286;-165096;47790;26545;8;11
119502;-168470;48428;26334;2;11
111933;-169085;47955;26296;1;11
126219;-172591;48848;26077;8;11
113732;-169246;48068;26286;2;11
116370;-181027;48233;25549;1;11
110407;-170480;47860;26209;4;11
124905;-173376;48766;26028;1;11
111273;-170545;47914;26204;8;11
110922;-167151;47892;26417;2;11
110448;-164878;47863;26559;8;11
113421;-171132;48048;26168;2;11
111484;-170135;47927;26230;1;11
109925;-165548;47830;26517;4;11
110077;-170573;47839;26203;4;11
124322;-174159;48730;25979;4;11
110514;-169098;47867;26295;1;11
117659;-182679;48313;25446;8;11
112247;-169287;47975;26283;8;11
108926;-165744;47767;26505;2;11
111338;-168067;47918;26359;4;11
129149;-180876;49031;25559;1;11
109616;-171076;47811;26171;8;11
120267;-182144;48476;25480;4;11
106338;-174096;47606;25983;1;11
111371;-169477;47920;26271;2;11
116075;-181273;48214;25534;8;11
110487;-170386;47865;26214;2;11
111569;-168291;47933;26345;8;11
111160;-170218;47907;26225;2;11
109062;-165037;47776;26549;2;11
109168;-165174;47783;26540;4;11
113153;-170319;48032;26219;8;11
116080;-177616;48215;25763;4;11
111616;-169300;47936;26282;1;11
109042;-171063;47775;26172;4;11
120533;-168454;48493;26335;8;11
110234;-168609;47849;26325;2;11
106016;-172645;47586;26073;1;11
121272;-168485;48539;26333;4;11
123497;-181211;48678;25538;4;11
110618;-169837;47873;26249;1;11
110953;-170052;47894;26235;1;11
109376;-175383;47796;25902;2;11
111690;-169554;47940;26266;2;11
113105;-170634;48029;26199;1;11
129987;-176890;49084;25808;2;11
110999;-166717;47897;26444;8;11
118266;-171417;48351;26150;1;11
114606;-178196;48122;25726;8;11
110906;-167457;47891;26397;8;11
117375;-178906;48295;25682;8;11
116239;-177682;48224;25758;2;11
124448;-174325;48738;25968;8;11
111820;-169825;47948;26249;8;11
110674;-171121;47877;26168;2;11
110551;-170747;47869;26192;8;11
113385;-170988;48046;26177;1;11
110359;-167539;47857;26392;2;11
120021;-182132;48461;25480;1;11
116082;-178034;48215;25736;2;11
124007;-181372;48710;25528;4;11
109832;-169243;47824;26286;2;11
125873;-172744;48827;26067;2;11
115396;-184332;48172;25343;1;11
112126;-168092;47967;26358;8;11
111730;-170252;47943;26223;2;11
108984;-169852;47771;26248;2;11
118544;-168818;48369;26312;4;11
108591;-165726;47746;26506;4;11
123440;-174717;48675;25944;1;11
117446;-180210;48300;25600;1;11
113204;-169100;48035;26295;4;11
117215;-166312;48285;26469;4;11
114794;-179915;48134;25619;1;11
117644;-182286;48312;25471;1;11
115965;-182058;48207;25485;8;11
111253;-166692;47913;26445;1;11
108764;-169492;47757;26270;4;11
110793;-168792;47884;26314;1;11
106622;-173759;47623;26004;8;11
114994;-179967;48147;25616;4;11
108950;-168235;47769;26349;1;11
109823;-168363;47823;26341;2;11
110918;-166775;47892;26440;4;11
110186;-165072;47846;26547;2;11
124038;-181562;48712;25516;4;11
123978;-173841;48708;25998;8;11
107526;-176488;47680;25833;1;11
121071;-188611;48526;25075;4;11
112832;-170073;48012;26234;4;11
123197;-174547;48659;25954;4;11
119275;-166833;48414;26436;1;11
109544;-169509;47806;26269;8;11
109570;-169899;47808;26245;8;11
112367;-170061;47982;26235;2;11
123013;-175042;48648;25923;1;11
115730;-182058;48193;25485;4;11
113217;-169092;48036;26295;2;11
110027;-165245;47836;26536;8;11
115804;-181261;48197;25535;4;11
106626;-175699;47624;25882;1;11
105758;-174421;47569;25962;4;11
108707;-171057;47754;26172;8;11
109985;-170724;47834;26193;2;11
109082;-170749;47777;26192;8;11
111884;-168321;47952;26343;4;11
114383;-178162;48108;25728;8;11
106794;-176051;47634;25860;2;11
126018;-172905;48836;26057;4;11
108417;-173650;47736;26010;1;11
105967;-173598;47582;26014;4;11
117355;-179793;48294;25626;8;11
106597;-173721;47622;26006;8;11
109181;-170724;47783;26193;4;11
112331;-167406;47980;26401;8;11
105350;-172452;47544;26085;2;11
115981;-178263;48208;25722;8;11
116119;-183743;48217;25380;1;11
111595;-166796;47934;26439;2;11
105887;-172760;47577;26066;1;11
112102;-167198;47966;26414;4;11
115839;-183825;48199;25374;2;11
109068;-170764;47776;26191;8;11
106397;-175081;47609;25921;8;11
114699;-179261;48128;25660;4;11
111643;-168340;47937;26342;1;11
117131;-179195;48280;25664;1;11
109485;-170440;47802;26211;4;11
112191;-171016;47971;26175;1;11
117294;-178843;48290;25686;8;11
107823;-176306;47698;25844;8;11
106054;-174071;47588;25984;2;11
124607;-173957;48747;25991;8;11
108997;-167533;47772;26393;1;11
110188;-164950;47846;26554;4;11
109004;-169078;47772;26296;8;11
117491;-180305;48303;25594;4;11
109116;-168217;47779;26350;8;11
115490;-179721;48178;25631;1;11
107454;-165410;47675;26525;1;11
108546;-165733;47744;26505;4;11
117162;-182859;48282;25435;8;11
115562;-182614;48182;25450;2;11
111212;-169141;47910;26292;4;11
117251;-178995;48288;25676;4;11
107904;-172563;47704;26078;2;11
120736;-193663;48506;24760;2;11
109539;-174934;47806;25930;1;11
112035;-170680;47962;26196;8;11
129722;-190991;49067;24927;8;11
118622;-168685;48373;26321;4;11
120555;-188786;48494;25064;8;11
110827;-166814;47886;26438;1;11
109150;-165513;47781;26519;4;11
112840;-169129;48012;26293;8;11
110690;-167924;47878;26368;8;11
111542;-166419;47931;26462;2;11
108745;-168718;47756;26319;4;11
111565;-169381;47932;26277;8;11
110213;-170527;47848;26206;8;11
111830;-168882;47949;26308;2;11
111857;-167174;47951;26415;2;11
105465;-172555;47551;26079;2;11
111356;-168254;47919;26348;8;11
109522;-168999;47805;26301;1;11
112126;-168444;47967;26336;2;11
124575;-173491;48745;26020;2;11
113050;-169389;48025;26277;4;11
121026;-188692;48524;25070;2;11
117308;-179021;48291;25675;2;11
112379;-169057;47983;26297;8;11
123381;-194039;48671;24736;8;11
108715;-170575;47754;26203;8;11
120610;-168654;48498;26323;8;11
117308;-179775;48291;25628;8;11
120854;-188889;48513;25058;2;11
123531;-174458;48680;25960;2;11
124935;-172813;48768;26063;8;11
110224;-169826;47849;26249;8;11
110021;-167884;47836;26371;1;11
116242;-184130;48225;25355;4;11
110762;-169383;47882;26277;1;11
106739;-175595;47631;25889;4;11
123246;-174735;48662;25943;4;11
109548;-174614;47806;25950;8;11
109408;-165385;47798;26527;2;11
108713;-167580;47754;26390;1;11
114799;-178646;48134;25698;2;11
106776;-176979;47633;25802;4;11
123373;-174615;48670;25950;8;11
110591;-167042;47871;26423;2;11
109993;-170329;47834;26218;8;11
115403;-184371;48172;25340;2;11
115318;-182435;48167;25461;2;11
109253;-170584;47788;26202;1;11
107926;-173980;47705;25990;2;11
117260;-179503;48288;25645;1;11
124023;-181470;48711;25522;8;11
110486;-170431;47865;26212;1;11
115385;-182717;48171;25444;2;11
124461;-173310;48738;26032;1;11
117208;-179687;48285;25633;2;11
112410;-170913;47985;26181;1;11
111671;-167507;47939;26394;2;11
121128;-188580;48530;25077;4;11
110639;-170139;47874;26230;4;11
108071;-176133;47714;25855;1;11
123614;-182115;48685;25481;1;11
129762;-191050;49070;24923;1;11
111687;-167336;47940;26405;8;11
117499;-180745;48303;25567;2;11
109039;-169574;47774;26265;1;11
116120;-180871;48217;25559;2;11
109869;-165407;47826;26526;8;11
109672;-176747;47814;25817;2;11
109909;-169726;47829;26256;2;11
116125;-185272;48217;25284;1;11
117030;-179813;48274;25625;4;11
107911;-172450;47704;26085;2;11
109806;-170032;47822;26237;1;11
123132;-175076;48655;25921;2;11
112907;-171110;48016;26169;4;11
116452;-178589;48238;25702;4;11
106506;-175435;47616;25899;8;11
108804;-169515;47760;26269;1;11
115168;-179318;48158;25656;2;11
110594;-170556;47872;26204;1;11
113509;-170365;48054;26216;1;11
117220;-183464;48286;25397;1;11
108266;-174397;47726;25964;1;11
110572;-167436;47870;26399;4;11
114651;-177895;48125;25745;4;11
110050;-168224;47838;26350;8;11
109646;-168162;47812;26353;1;11
110007;-170983;47835;26177;4;11
111454;-168484;47925;26333;2;11
107249;-176339;47663;25842;1;11
116161;-178723;48220;25693;2;11
116188;-183361;48221;25403;8;11
115352;-184149;48169;25354;8;11
109106;-168692;47779;26320;2;11
108209;-165671;47723;26509;2;11
111140;-166878;47906;26434;2;11
109046;-168184;47775;26352;1;11
113869;-192381;48076;24840;1;11
109203;-169104;47785;26295;8;11
106619;-173684;47623;26008;1;11
109627;-165533;47811;26518;4;11
108756;-167918;47757;26369;4;11
110298;-170639;47853;26199;8;11
112323;-170185;47980;26227;1;11
108682;-168392;47752;26339;8;11
119636;-168337;48437;26342;2;11
115932;-185139;48205;25292;1;11
117335;-183393;48293;25401;1;11
109729;-170888;47818;26183;2;11
110996;-167341;47897;26405;8;11
110009;-168821;47835;26312;1;11
112044;-169936;47962;26243;2;11
111047;-167952;47900;26367;4;11
107098;-174124;47653;25981;4;11
110009;-170361;47835;26216;4;11
115030;-179939;48149;25617;8;11
106011;-174877;47585;25934;8;11
119668;-182023;48439;25487;1;11
115995;-177317;48209;25781;4;11
107599;-176466;47684;25834;2;11
125516;-173211;48804;26038;1;11
109780;-170104;47821;26232;2;11
106675;-175640;47627;25886;2;11
112113;-167502;47967;26395;1;11
120664;-188193;48501;25101;1;11
108783;-174226;47758;25974;1;11
110051;-165198;47838;26539;4;11
114573;-179348;48120;25654;4;11
112616;-170230;47998;26224;2;11
123822;-174326;48698;25968;2;11
123611;-181704;48685;25507;4;11
110798;-170603;47884;26201;1;11
117072;-184050;48277;25360;1;11
123308;-175327;48666;25906;2;11
111229;-169603;47911;26263;1;11
110271;-167866;47851;26372;2;11
117331;-183167;48293;25416;4;11
110993;-168290;47897;26345;8;11
111875;-170750;47952;26192;8;11
115115;-179451;48154;25648;8;11
114694;-179647;48128;25636;1;11
110961;-168586;47895;26327;8;11
111198;-168020;47909;26362;2;11
109692;-165102;47815;26545;2;11
111057;-170592;47901;26202;8;11
106574;-177230;47620;25787;4;11
109675;-170185;47814;26227;1;11
123952;-182289;48707;25470;4;11
119870;-182143;48451;25480;2;11
115824;-183222;48199;25412;8;11
109048;-167957;47775;26366;4;11
111531;-166455;47930;26460;4;11
117725;-182773;48317;25440;2;11
110673;-167901;47877;26370;4;11
114382;-178842;48108;25686;2;11
109735;-170550;47818;26204;8;11
112478;-169103;47989;26295;1;11
124140;-181422;48718;25525;8;11
123975;-174696;48708;25945;1;11
111499;-169631;47928;26262;8;11
108845;-176304;47762;25845;4;11
108962;-165710;47770;26507;1;11
112445;-170303;47987;26220;1;11
113470;-171263;48051;26160;2;11
119576;-181777;48433;25502;8;11
113594;-169409;48059;26275;4;11
125836;-172980;48824;26052;1;11
115845;-177364;48200;25778;1;11
109658;-170397;47813;26214;2;11
114402;-179002;48110;25676;8;11
106225;-176011;47599;25863;8;11
112081;-169931;47965;26243;4;11
116919;-183681;48267;25383;2;11
107440;-176005;47675;25863;2;11
109163;-176738;47782;25817;4;11
110420;-170234;47861;26224;1;11
108955;-168515;47769;26331;8;11
106285;-174262;47602;25972;2;11
113069;-171068;48026;26172;4;11
105736;-175303;47568;25907;1;11
119796;-168433;48447;26336;4;11
123897;-174564;48703;25953;1;11
105760;-174626;47570;25949;1;11
123430;-181287;48674;25533;2;11
125105;-173426;48779;26024;2;11
107508;-165222;47679;26537;4;11
109162;-169937;47782;26242;2;11
113011;-170807;48023;26188;1;11
111184;-167910;47909;26369;4;11
115311;-182681;48166;25446;1;11
119525;-182107;48430;25482;2;11
108760;-168849;47757;26310;1;11
106755;-173670;47632;26009;4;11
111630;-170306;47936;26219;2;11
110856;-169244;47888;26286;8;11
108954;-170670;47769;26197;2;11
119008;-167072;48398;26422;2;11
123978;-181455;48708;25523;1;11
120172;-181638;48470;25511;1;11
127498;-185954;48928;25241;8;11
111411;-167538;47923;26392;1;11
108064;-165379;47714;26527;1;11
112790;-171123;48009;26168;8;11
109508;-168453;47804;26335;2;11
111816;-167688;47948;26383;1;11
117264;-183535;48289;25393;1;11
111478;-167884;47927;26371;4;11
119642;-168085;48437;26358;4;11
111163;-170021;47907;26237;2;11
109073;-170059;47777;26235;8;11
115646;-183707;48187;25382;8;11
110239;-169737;47849;26255;4;11
113804;-169104;48072;26295;2;11
109386;-167542;47796;26392;2;11
123717;-174298;48692;25970;4;11
109936;-165551;47831;26517;4;11
110082;-170337;47840;26217;4;11
110957;-168877;47894;26309;2;11
105850;-175348;47575;25904;1;11
112514;-169790;47992;26252;8;11
110789;-170379;47884;26215;8;11
111998;-167851;47959;26373;8;11
121354;-168193;48544;26351;1;11
116887;-179402;48265;25651;2;11
120642;-188183;48500;25102;8;11
111756;-166725;47944;26443;1;11
106690;-173206;47628;26038;1;11
107813;-165406;47698;26526;4;11
124034;-173592;48712;26014;8;11
109545;-169619;47806;26262;1;11
116329;-177418;48230;25775;1;11
112207;-168385;47972;26339;8;11
130627;-193093;49124;24795;4;11
112855;-169757;48013;26254;8;11
115897;-183040;48203;25424;1;11
117461;-179721;48301;25631;4;11
113188;-169268;48034;26284;8;11
112783;-169495;48008;26270;2;11
109837;-168485;47824;26333;2;11
125525;-173190;48805;26039;1;11
113275;-169237;48039;26286;1;11
119359;-181951;48419;25492;8;11
121336;-168505;48543;26332;4;11
108088;-176349;47715;25842;4;11
123695;-181994;48690;25489;2;11
108780;-167994;47758;26364;8;11
110445;-165235;47862;26536;8;11
110951;-167337;47894;26405;1;11
124019;-181670;48711;25509;1;11
121084;-188667;48527;25072;4;11
109755;-169832;47819;26249;4;11
129529;-194291;49055;24720;4;11
111129;-166553;47905;26454;1;11
112413;-167828;47985;26374;4;11
107892;-177081;47703;25796;1;11
117377;-181487;48296;25521;8;11
109347;-170253;47794;26223;4;11
106895;-174126;47640;25981;1;11
108433;-165500;47737;26520;1;11
111458;-166845;47926;26436;4;11
109461;-164985;47801;26552;4;11
126208;-172696;48848;26070;8;11
111742;-169091;47943;26295;1;11
109625;-165549;47811;26517;2;11
109535;-171007;47805;26176;2;11
105916;-172669;47579;26072;1;11
108914;-170395;47767;26214;1;11
111174;-166929;47908;26430;1;11
110607;-167168;47872;26416;8;11
110982;-166865;47896;26434;2;11
111257;-170657;47913;26197;8;11
115911;-178427;48204;25712;4;11
108836;-169555;47762;26266;2;11
106780;-172460;47633;26085;8;11
107566;-172254;47682;26098;2;11
113426;-169204;48049;26288;8;11
109126;-170136;47780;26230;8;11
119111;-168693;48404;26320;1;11
113408;-169886;48048;26246;4;11
109486;-168417;47802;26337;2;11
109779;-165082;47821;26546;8;11
118331;-171881;48355;26121;1;11
113402;-170102;48047;26232;2;11
121455;-168357;48550;26341;1;11
120922;-168532;48517;26330;1;11
113071;-170776;48026;26190;1;11
123944;-174217;48706;25975;4;11
126037;-173037;48837;26049;4;11
115988;-183425;48209;25399;2;11
107681;-176741;47690;25817;1;11
113673;-170449;48064;26210;1;11
111606;-168264;47935;26347;2;11
110615;-171011;47873;26175;1;11
111935;-167375;47955;26403;1;11
124845;-173672;48762;26009;8;11
111732;-166368;47943;26466;8;11
110870;-168421;47889;26337;8;11
124040;-173657;48712;26010;8;11
116206;-177779;48222;25752;4;11
111373;-169924;47920;26243;4;11
110403;-167837;47860;26374;4;11
120054;-181932;48463;25493;8;11
107842;-172494;47700;26083;2;11
119376;-167748;48421;26379;2;11
110403;-167457;47860;26397;1;11
109230;-168386;47786;26339;8;11
108188;-176588;47721;25827;4;11
111491;-167833;47928;26374;1;11
123861;-182106;48701;25482;2;11
116025;-180936;48211;25555;8;11
109239;-175615;47787;25888;4;11
116095;-177324;48215;25781;4;11
107838;-165436;47699;26524;8;11
107899;-165008;47703;26551;8;11
105932;-176642;47580;25823;1;11
111692;-168580;47940;26327;4;11
111383;-168048;47921;26361;1;11
109395;-176570;47797;25828;1;11
120990;-168563;48521;26328;8;11
108300;-171602;47728;26138;4;11
123761;-182206;48695;25476;2;11
108281;-165192;47727;26539;4;11
109644;-170534;47812;26205;8;11
112215;-170618;47973;26200;2;11
110215;-170306;47848;26219;4;11
123707;-181961;48691;25491;4;11
106679;-175880;47627;25871;4;11
125684;-172646;48815;26073;1;11
107375;-176472;47670;25834;2;11
111937;-166555;47956;26454;1;11
109732;-170952;47818;26179;1;11
106985;-172341;47646;26092;2;11
124453;-173845;48738;25998;4;11
113683;-169611;48065;26263;1;11
109512;-174722;47804;25943;8;11
109552;-168111;47807;26357;1;11
123697;-182136;48691;25480;8;11
110327;-170781;47855;26190;8;11
126027;-172790;48836;26064;8;11
110829;-170468;47886;26209;8;11
115633;-183418;48187;25400;4;11
124940;-173312;48768;26032;2;11
108109;-165471;47716;26522;2;11
110317;-168033;47854;26361;8;11
110239;-170481;47849;26208;4;11
109901;-171068;47828;26172;2;11
110704;-167124;47879;26418;1;11
116149;-180131;48219;25605;8;11
107599;-176600;47684;25826;2;11
123490;-181337;48678;25530;4;11
117417;-180804;48298;25563;2;11
105693;-174946;47565;25929;4;11
118686;-168091;48377;26358;8;11
111722;-168084;47942;26358;2;11
106964;-176309;47645;25844;8;11
109503;-168825;47803;26312;8;11
110631;-168142;47874;26355;4;11
119160;-167516;48407;26394;1;11
114651;-180174;48125;25603;1;11
107948;-165543;47706;26517;8;11
112547;-170482;47994;26208;2;11
109126;-175346;47780;25904;4;11
113459;-170868;48051;26184;8;11
120391;-182012;48484;25488;4;11
109121;-170667;47780;26197;1;11
108699;-171070;47753;26172;2;11
111004;-166861;47897;26435;1;11
111529;-168555;47930;26329;1;11
123965;-181564;48707;25516;1;11
111241;-170193;47912;26226;1;11
125434;-172430;48799;26087;1;11
111989;-168768;47959;26316;1;11
119867;-181837;48451;25499;8;11
108382;-165405;47733;26526;1;11
113470;-170822;48051;26187;2;11
112803;-170914;48010;26181;4;11
113079;-169151;48027;26292;2;11
114842;-176675;48137;25821;2;11
123693;-166742;48690;26442;2;11
120645;-168645;48500;26323;4;11
107048;-172564;47650;26078;1;11
107634;-176989;47687;25802;1;11
115939;-180928;48206;25556;4;11
119504;-167089;48429;26420;4;11
124628;-173434;48749;26024;1;11
112396;-167451;47984;26398;1;11
106759;-176233;47632;25849;4;11
124867;-178175;48764;25728;8;11
111190;-170392;47909;26214;2;11
110334;-169352;47855;26279;1;11
106396;-173421;47609;26025;8;11
117195;-180145;48284;25604;1;11
113371;-169500;48045;26270;8;11
111077;-169540;47902;26267;8;11
118925;-167098;48392;26420;1;11
116020;-178458;48211;25710;8;11
109639;-174886;47812;25933;4;11
108186;-165092;47721;26545;8;11
112831;-170133;48011;26230;8;11
117190;-182124;48284;25481;8;11
111629;-170312;47936;26219;2;11
119374;-168209;48420;26350;2;11
112179;-167151;47971;26417;8;11
114484;-178695;48115;25695;1;11
108839;-176424;47762;25837;8;11
110619;-169275;47873;26284;2;11
105784;-174917;47571;25931;1;11
113092;-169468;48028;26272;4;11
115698;-182529;48191;25455;8;11
123836;-174207;48699;25976;1;11
111049;-168048;47900;26361;2;11
124854;-173596;48763;26014;4;11
117169;-182753;48283;25441;8;11
112618;-171127;47998;26168;8;11
109449;-168920;47800;26306;1;11
123497;-181994;48678;25489;1;11
107541;-172390;47681;26089;2;11
107625;-177061;47686;25797;8;11
124651;-173423;48750;26025;1;11
109210;-165539;47785;26517;4;11
112275;-167632;47977;26387;4;11
109705;-167806;47816;26376;2;11
106540;-173353;47618;26029;4;11
115290;-179265;48165;25659;8;11
111464;-170421;47926;26212;8;11
120969;-188123;48520;25106;1;11
111606;-167540;47935;26392;1;11
110417;-168518;47861;26331;4;11
120810;-188359;48510;25091;8;11
114247;-178324;48100;25718;2;11
111681;-167837;47940;26374;1;11
116554;-180092;48244;25608;2;11
115271;-182459;48164;25460;4;11
109331;-170811;47793;26188;1;11
115789;-183245;48196;25411;4;11
114757;-177311;48132;25782;8;11
111471;-170691;47926;26195;2;11
113687;-171033;48065;26174;2;11
112095;-168949;47965;26304;2;11
111851;-168376;47950;26340;2;11
116569;-184121;48245;25356;1;11
110430;-170740;47861;26192;8;11
110584;-170220;47871;26225;4;11
121187;-168326;48534;26343;8;11
110757;-167463;47882;26397;1;11
116909;-166313;48266;26469;2;11
109118;-176725;47779;25818;1;11
115908;-178011;48204;25738;8;11
109632;-168107;47812;26357;8;11
120304;-181815;48479;25500;1;11
108729;-169544;47755;26267;2;11
109478;-167698;47802;26382;1;11
114675;-180128;48127;25606;1;11
112623;-170446;47998;26211;4;11
109992;-168789;47834;26314;4;11
113746;-169789;48069;26252;8;11
112124;-166922;47967;26431;2;11
125311;-173535;48791;26018;2;11
123921;-181269;48705;25534;2;11
108662;-165677;47751;26509;4;11
106799;-175786;47634;25877;2;11
125879;-172854;48827;26060;1;11
109502;-175561;47803;25891;8;11
124044;-173464;48712;26022;1;11
107514;-165493;47679;26520;2;11
115204;-179247;48160;25661;1;11
116315;-177705;48229;25757;2;11
118910;-168199;48391;26351;1;11
123928;-174289;48705;25970;2;11
110151;-170235;47844;26224;8;11
108496;-176475;47741;25834;1;11
110410;-168566;47860;26328;1;11
109749;-177056;47819;25798;8;11
112201;-170773;47972;26190;1;11
124044;-173598;48712;26014;2;11
109538;-168507;47806;26332;1;11
109563;-174764;47807;25941;4;11
117284;-182830;48290;25437;1;11
111085;-169511;47902;26269;8;11
107346;-165124;47669;26543;1;11
111292;-168704;47915;26320;2;11
109366;-176783;47795;25815;2;11
125985;-172580;48834;26077;8;11
125246;-173679;48787;26009;8;11
109458;-169274;47801;26284;4;11
114366;-179063;48107;25672;1;11
109383;-167527;47796;26393;1;11
108958;-164904;47769;26557;2;11
119388;-168129;48421;26355;2;11
115253;-182181;48163;25477;8;11
124831;-173608;48761;26013;8;11
123759;-182101;48694;25482;2;11
125291;-173323;48790;26031;8;11
112775;-169613;48008;26263;1;11
116729;-194247;48255;24723;1;11
114634;-178202;48124;25726;8;11
109903;-170189;47828;26227;2;11
113567;-171252;48057;26160;8;11
113382;-170688;48046;26196;4;11
115647;-183204;48187;25413;4;11
112008;-171121;47960;26168;1;11
106339;-173799;47606;26001;2;11
108705;-169505;47754;26269;4;11
109785;-170454;47821;26210;2;11
120349;-168413;48481;26338;2;11
109459;-174831;47801;25937;1;11
111247;-167557;47912;26391;4;11
107526;-176550;47680;25829;4;11
110129;-165064;47843;26547;4;11
123966;-181257;48707;25535;4;11
114353;-178375;48107;25715;8;11
110427;-170128;47861;26231;1;11
112743;-169718;48006;26256;8;11
111241;-169835;47912;26249;8;11
109672;-169096;47814;26295;1;11
106130;-174932;47593;25930;8;11
107586;-172317;47684;26094;2;11
119049;-167015;48400;26425;4;11
111945;-167506;47956;26394;1;11
107902;-176980;47703;25802;8;11
109565;-176655;47807;25823;1;11
109336;-169718;47793;26256;8;11
119037;-168728;48399;26318;4;11
106831;-172942;47636;26055;1;11
120033;-168608;48462;26326;8;11
113316;-171149;48042;26167;8;11
111268;-166261;47914;26472;1;11
111609;-167290;47935;26408;2;11
113418;-170714;48048;26194;4;11
116559;-179865;48244;25622;8;11
115558;-182083;48182;25483;4;11
109930;-170761;47830;26191;8;11
117053;-183964;48275;25366;1;11
117150;-180309;48281;25594;8;11
107038;-172567;47649;26078;4;11
123245;-174957;48662;25929;8;11
108423;-174156;47736;25979;1;11
109024;-169858;47774;26247;8;11
124946;-173598;48769;26014;2;11
111549;-169021;47931;26300;2;11
110820;-167872;47886;26372;1;11
110994;-168727;47897;26318;1;11
116384;-180153;48234;25604;8;11
111735;-168351;47943;26342;8;11
115432;-183024;48174;25425;8;11
112452;-168263;47988;26347;8;11
108205;-165365;47722;26528;2;11
106590;-173203;47621;26038;8;11
110000;-168590;47835;26327;8;11
108804;-165708;47760;26507;4;11
120518;-188546;48492;25079;4;11
109023;-170751;47773;26192;1;11
115887;-184754;48202;25316;1;11
117058;-179014;48276;25675;8;11
106352;-173462;47607;26022;8;11
114932;-177525;48143;25768;4;11
112104;-170818;47966;26187;8;11
111905;-171051;47954;26173;8;11
112603;-169884;47997;26246;8;11
107949;-176176;47706;25853;2;11
118768;-192415;48383;24838;1;11
117139;-182062;48281;25485;8;11
109245;-169002;47787;26301;8;11
119933;-182067;48455;25484;2;11
110857;-168676;47888;26321;2;11
120230;-168562;48474;26328;2;11
115899;-181674;48203;25509;4;11
112047;-168378;47962;26340;2;11
110020;-167553;47836;26391;4;11
114318;-178840;48104;25686;8;11
124227;-173574;48724;26015;1;11
107433;-165422;47674;26525;2;11
107584;-172163;47684;26103;8;11
109744;-176935;47819;25805;2;11
124063;-173882;48713;25996;2;11
105518;-172469;47554;26084;8;11
118507;-168487;48366;26333;4;11
112170;-167456;47970;26398;1;11
123748;-174499;48694;25957;8;11
119352;-168272;48419;26347;2;11
116155;-185298;48219;25282;8;11
123594;-174509;48684;25957;4;11
121203;-168382;48535;26340;1;11
109500;-170799;47803;26189;8;11
109164;-165059;47782;26547;1;11
110209;-169259;47848;26285;2;11
117036;-179535;48274;25643;4;11
109004;-175351;47772;25904;4;11
108787;-174326;47759;25968;1;11
105448;-172635;47550;26074;1;11
108779;-174226;47758;25974;1;11
118695;-192478;48378;24834;8;11
106177;-172788;47596;26064;4;11
106332;-176556;47605;25829;2;11
106314;-174176;47604;25978;2;11
117333;-179459;48293;25647;1;11
111508;-168931;47929;26305;8;11
109613;-174494;47810;25958;8;11
126094;-172923;48840;26056;4;11
113094;-170175;48028;26228;8;11
111607;-169433;47935;26274;2;11
109541;-176913;47806;25806;2;11
110423;-167707;47861;26382;2;11
107781;-172811;47696;26063;4;11
112287;-168510;47977;26332;2;11
115544;-182798;48181;25439;2;11
111411;-170468;47923;26209;1;11
111117;-169326;47904;26281;8;11
105767;-174902;47570;25932;4;11
105846;-174125;47575;25981;8;11
111800;-166638;47947;26449;1;11
111411;-166954;47923;26429;4;11
120776;-168550;48508;26329;2;11
123740;-181232;48693;25537;4;11
109458;-169660;47801;26260;4;11
115045;-179723;48150;25631;1;11
120926;-168503;48517;26332;2;11
106738;-173171;47631;26040;4;11
108923;-175436;47767;25899;1;11
109496;-169521;47803;26268;2;11
109478;-165525;47802;26518;8;11
112932;-170056;48018;26235;1;11
111182;-166295;47908;26470;8;11
112087;-169113;47965;26294;2;11
109335;-170165;47793;26228;1;11
107631;-176267;47686;25847;1;11
112667;-170243;48001;26223;1;11
117339;-183082;48293;25421;4;11
108769;-170789;47758;26189;2;11
116454;-177777;48238;25752;4;11
111595;-167065;47934;26422;2;11
108412;-165103;47735;26545;4;11
112283;-167880;47977;26371;1;11
119332;-167766;48418;26378;1;11
117075;-180806;48277;25563;4;11
123998;-174320;48709;25969;8;11
108105;-164904;47716;26557;4;11
111301;-167721;47916;26381;4;11
110670;-167935;47876;26368;4;11
121478;-168205;48552;26351;8;11
107781;-176967;47696;25803;4;11
112856;-169312;48013;26282;4;11
117209;-180835;48285;25561;2;11
112017;-169512;47961;26269;2;11
112420;-169572;47986;26265;4;11
123928;-174786;48705;25939;2;11
110182;-169282;47846;26283;1;11
123720;-181505;48692;25519;2;11
113776;-169185;48071;26289;2;11
115770;-183043;48195;25423;4;11
107968;-172261;47708;26097;1;11
107264;-165289;47664;26533;8;11
115388;-182706;48171;25444;4;11
113863;-170836;48076;26186;4;11
105656;-175237;47563;25911;4;11
111907;-170690;47954;26195;1;11
113594;-169811;48059;26250;4;11
121171;-188205;48533;25101;1;11
111187;-169744;47909;26255;8;11
120919;-188132;48517;25105;8;11
117489;-182348;48303;25467;4;11
109945;-169217;47831;26287;1;11
109964;-165041;47832;26548;1;11
109637;-165112;47812;26544;2;11
115957;-183233;48207;25411;1;11
114764;-177179;48132;25790;8;11
108802;-168034;47760;26361;1;11
109725;-170629;47817;26199;4;11
109741;-168358;47818;26341;1;11
112475;-168298;47989;26345;2;11
108728;-169904;47755;26245;8;11
109565;-168795;47807;26314;2;11
116299;-179931;48228;25618;2;11
112202;-168484;47972;26333;1;11
107151;-176439;47656;25836;2;11
108508;-165232;47741;26537;8;11
116173;-183772;48220;25378;4;11
111855;-169531;47950;26268;8;11
107922;-172628;47705;26074;2;11
113606;-170980;48060;26177;8;11
108963;-170375;47770;26215;1;11
111574;-170634;47933;26199;8;11
112965;-170040;48020;26236;1;11
115919;-184805;48204;25313;4;11
124851;-173882;48763;25996;8;11
111958;-170370;47957;26215;2;11
106728;-175794;47630;25876;2;11
108767;-168584;47757;26327;2;11
113452;-169390;48050;26277;2;11
111647;-169448;47937;26273;4;11
108416;-165085;47736;26546;1;11
109008;-170489;47773;26208;1;11
117302;-182014;48291;25488;8;11
124417;-173909;48736;25994;1;11
109402;-170287;47797;26221;8;11
107842;-165559;47700;26516;2;11
107997;-164972;47709;26553;1;11
116144;-178539;48219;25705;2;11
109123;-175443;47780;25898;2;11
113855;-170708;48075;26194;1;11
114725;-179543;48130;25642;1;11
123752;-174092;48694;25983;1;11
105793;-174851;47572;25935;8;11
113337;-169582;48043;26265;8;11
105991;-173858;47584;25997;2;11
110264;-167594;47851;26389;8;11
109579;-169643;47808;26261;2;11
120782;-188257;48508;25097;2;11
108054;-165139;47713;26542;4;11
110584;-170207;47871;26226;8;11
112862;-170708;48013;26194;8;11
108299;-174067;47728;25984;4;11
117460;-180689;48301;25570;2;11
111997;-167562;47959;26391;4;11
108212;-165748;47723;26504;1;11
123740;-181463;48693;25522;4;11
110776;-170263;47883;26222;4;11
109325;-167757;47792;26379;8;11
112764;-169609;48007;26263;1;11
112154;-169970;47969;26240;1;11
120797;-188468;48509;25084;2;11
129531;-194265;49055;24722;2;11
110613;-170852;47873;26185;1;11
108818;-173996;47761;25989;2;11
111939;-169191;47956;26289;2;11
109758;-169081;47819;26296;2;11
117161;-179800;48282;25626;2;11
112725;-170612;48005;26200;2;11
111273;-166349;47914;26467;4;11
112461;-168027;47988;26362;8;11
112469;-169671;47989;26259;4;11
123935;-181537;48705;25517;1;11
108738;-169639;47756;26261;2;11
123854;-181921;48700;25493;2;11
123246;-193035;48662;24799;2;11
105588;-172470;47559;26084;1;11
113408;-169458;48048;26272;4;11
123976;-174086;48708;25983;2;11
113396;-169862;48047;26247;8;11
121425;-168329;48549;26343;1;11
107096;-177299;47653;25782;8;11
111411;-168214;47923;26350;8;11
120247;-168507;48475;26332;2;11
116129;-178309;48218;25719;4;11
110832;-170090;47887;26233;4;11
110572;-167090;47870;26420;1;11
110639;-169642;47874;26261;4;11
111472;-170166;47927;26228;2;11
123539;-182368;48681;25466;1;11
110212;-168146;47848;26354;1;11
109602;-169321;47810;26281;1;11
117488;-183077;48303;25421;2;11
107213;-165488;47660;26521;8;11
116724;-194313;48255;24719;8;11
116556;-184124;48244;25356;4;11
114843;-179682;48137;25633;2;11
112437;-168083;47987;26358;4;11
107600;-176444;47685;25836;2;11
112294;-167669;47978;26384;8;11
112681;-170857;48002;26185;4;11
113463;-169172;48051;26290;1;11
111461;-167888;47926;26371;1;11
124228;-173730;48724;26005;1;11
108380;-174541;47733;25955;1;11
112300;-169697;47978;26257;8;11
110259;-169240;47851;26286;4;11
107084;-177360;47652;25779;8;11
117728;-182749;48318;25442;1;11
111321;-168310;47917;26344;8;11
110697;-167961;47878;26366;4;11
107254;-172574;47663;26078;2;11
119420;-167938;48423;26367;1;11
110234;-167534;47849;26393;8;11
105659;-172754;47563;26066;1;11
110384;-169634;47859;26261;2;11
125605;-173047;48810;26048;8;11
123594;-174917;48684;25931;4;11
123955;-181504;48707;25520;4;11
121225;-168352;48536;26342;2;11
108734;-170144;47755;26230;1;11
111625;-170190;47936;26227;8;11
116041;-183745;48212;25379;4;11
107996;-173923;47709;25993;2;11
124736;-173204;48756;26038;2;11
116555;-179966;48244;25616;4;11
116016;-185213;48211;25288;1;11
124361;-173743;48732;26005;4;11
110770;-168512;47883;26332;1;11
111761;-167959;47945;26366;8;11
110887;-168158;47890;26354;2;11
110378;-165047;47858;26548;4;11
124787;-173929;48759;25993;4;11
108766;-173920;47757;25994;4;11
113431;-169708;48049;26257;1;11
107859;-172125;47701;26106;1;11
123858;-174043;48701;25986;2;11
113008;-169726;48023;26256;1;11
114859;-177180;48138;25790;2;11
109091;-170212;47778;26225;4;11
110351;-167898;47856;26370;1;11
114380;-178984;48108;25677;8;11
109212;-165703;47785;26507;1;11
111863;-169239;47951;26286;4;11
112785;-169492;48009;26270;8;11
114870;-179009;48139;25675;4;11
115469;-183798;48176;25376;2;11
110614;-170714;47873;26194;1;11
120873;-168390;48514;26339;4;11
112750;-169661;48006;26260;1;11
121381;-168240;48546;26349;4;11
116949;-195453;48269;24648;2;11
106679;-173123;47627;26043;1;11
106307;-174131;47604;25980;8;11
111842;-168412;47950;26338;8;11
111378;-169407;47921;26276;8;11
108968;-167688;47770;26383;4;11
112839;-169605;48012;26263;4;11
111529;-170659;47930;26197;1;11
115661;-181667;48188;25509;8;11
125778;-172221;48821;26100;4;11
115870;-177405;48201;25776;4;11
106160;-172566;47595;26078;8;11
112278;-170828;47977;26187;1;11
120532;-168654;48493;26323;8;11
109714;-169121;47817;26293;1;11
111821;-169949;47948;26242;4;11
112957;-169263;48019;26285;8;11
119780;-182072;48446;25484;2;11
110522;-170163;47867;26228;8;11
123717;-166762;48692;26441;1;11
110993;-169814;47897;26250;1;11
117784;-182691;48321;25445;2;11
120592;-187962;48497;25116;4;11
121242;-188329;48537;25093;8;11
120125;-181788;48467;25502;8;11
108347;-171520;47731;26144;1;11
106606;-175961;47622;25866;1;11
108927;-169190;47767;26289;2;11
110184;-170339;47846;26217;8;11
113400;-169838;48047;26249;4;11
120827;-168208;48511;26351;2;11
110100;-165684;47841;26508;1;11
111412;-168750;47923;26317;2;11
123500;-181402;48678;25526;1;11
115100;-179421;48153;25650;1;11
107481;-172258;47677;26097;2;11
111106;-169945;47904;26242;2;11
126004;-172593;48835;26076;8;11
113498;-169663;48053;26260;2;11
114910;-180085;48141;25608;4;11
107476;-176809;47677;25813;1;11
111703;-169251;47941;26285;1;11
106335;-174170;47605;25978;4;11
113799;-170657;48072;26197;1;11
120626;-168226;48499;26349;2;11
110987;-169285;47896;26283;8;11
109010;-176213;47773;25850;4;11
108879;-167604;47764;26388;1;11
106203;-176893;47597;25808;4;11
109834;-165211;47824;26538;2;11
109796;-167892;47822;26370;2;11
110350;-169119;47856;26294;4;11
110166;-168497;47845;26332;1;11
124064;-181302;48714;25532;2;11
110263;-170420;47851;26212;1;11
110815;-169752;47885;26254;1;11
111845;-171110;47950;26169;8;11
121628;-168269;48561;26347;1;11
111731;-166577;47943;26452;1;11
109885;-167782;47827;26377;2;11
123584;-174820;48684;25937;1;11
106947;-172467;47644;26084;8;11
108367;-174422;47732;25962;2;11
109990;-164918;47834;26556;4;11
118316;-173759;48354;26004;2;11
123364;-175076;48670;25921;4;11
111157;-169235;47907;26286;4;11
123920;-181291;48705;25533;8;11
117132;-181683;48280;25508;4;11
109267;-170725;47789;26193;2;11
123270;-174530;48664;25955;2;11
120082;-168449;48465;26335;4;11
111222;-167414;47911;26400;4;11
111613;-169976;47935;26240;2;11
115991;-181059;48209;25547;8;11
118233;-171445;48349;26148;4;11
109618;-165650;47811;26510;2;11
108894;-169436;47765;26274;4;11
107200;-165133;47660;26543;4;11
109412;-169284;47798;26283;2;11
116713;-184267;48254;25347;2;11
118700;-171951;48378;26117;4;11
110835;-169177;47887;26290;1;11
113880;-169567;48077;26266;8;11
125613;-173041;48810;26048;2;11
109565;-176974;47807;25803;4;11
109928;-165231;47830;26537;1;11
110937;-166884;47893;26433;4;11
105819;-172560;47573;26079;4;11
109260;-175486;47788;25896;2;11
109665;-167826;47814;26374;1;11
108605;-165540;47747;26517;1;11
108471;-165045;47739;26548;4;11
124447;-173326;48737;26031;1;11
110190;-167489;47846;26395;8;11
110369;-170490;47858;26208;2;11
108799;-167660;47759;26385;1;11
108508;-165553;47741;26516;4;11
115960;-177572;48207;25765;8;11
119129;-166854;48405;26435;4;11
109527;-164947;47805;26554;2;11
110794;-166838;47884;26436;4;11
120274;-181785;48477;25502;8;11
109396;-175528;47797;25893;4;11
117311;-178576;48291;25703;2;11
109323;-169011;47792;26300;4;11
111925;-169431;47955;26274;2;11
117454;-178875;48300;25684;2;11
109442;-169373;47800;26278;2;11
111388;-168332;47921;26343;2;11
125426;-172455;48799;26085;2;11
116590;-180040;48246;25611;2;11
116110;-180141;48216;25605;1;11
123829;-174225;48699;25974;2;11
112412;-170428;47985;26212;8;11
124893;-178160;48765;25729;4;11
120689;-188474;48503;25084;1;11
115897;-183741;48203;25380;4;11
116342;-178390;48231;25714;1;11
107143;-165263;47656;26535;8;11
125668;-173083;48814;26046;1;11
112139;-168071;47968;26359;8;11
124931;-173190;48768;26039;4;11
107436;-176285;47674;25846;1;11
106038;-173885;47587;25996;2;11
106371;-172810;47608;26063;4;11
107932;-172568;47705;26078;4;11
111477;-168019;47927;26362;2;11
120437;-168644;48487;26323;4;11
115974;-181095;48208;25545;4;11
116666;-183955;48251;25366;4;11
106629;-175256;47624;25910;1;11
114879;-176746;48139;25817;4;11
115166;-179930;48157;25618;2;11
119068;-166945;48401;26429;1;11
109764;-169001;47820;26301;2;11
117192;-180767;48284;25566;2;11
108893;-165503;47765;26520;1;11
109034;-170460;47774;26210;1;11
120098;-181656;48466;25510;2;11
109450;-175855;47800;25873;4;11
109801;-164887;47822;26558;1;11
111456;-166438;47926;26461;2;11
113270;-169165;48039;26291;2;11
109178;-175334;47783;25905;1;11
123442;-174512;48675;25957;2;11
109357;-170782;47794;26190;1;11
113849;-170453;48075;26210;4;11
115582;-177384;48183;25777;2;11
111534;-166719;47930;26444;8;11
111377;-166310;47921;26469;2;11
116005;-180443;48210;25586;4;11
109535;-170685;47805;26196;8;11
120842;-168390;48512;26339;8;11
108144;-172475;47719;26084;4;11
116156;-181096;48219;25545;8;11
106574;-177168;47620;25791;2;11
112247;-168389;47975;26339;1;11
113605;-170604;48060;26201;4;11
110105;-169552;47841;26267;4;11
129072;-180914;49027;25556;8;11
115768;-181127;48195;25543;2;11
120202;-168620;48472;26325;4;11
108565;-165652;47745;26510;4;11
109740;-176854;47818;25810;4;11
106341;-174877;47606;25934;8;11
108507;-174435;47741;25961;8;11
110295;-170342;47853;26217;1;11
115871;-180190;48201;25602;2;11
110329;-171112;47855;26169;8;11
113719;-169256;48067;26285;4;11
109650;-164956;47813;26554;2;11
119839;-168530;48449;26330;8;11
109709;-167963;47816;26366;1;11
124863;-178141;48763;25730;2;11
114236;-178577;48099;25702;1;11
106769;-177137;47633;25792;2;11
105780;-175084;47571;25921;8;11
115747;-181734;48194;25505;8;11
110775;-167368;47883;26403;4;11
124853;-173485;48763;26021;1;11
112416;-169046;47986;26298;1;11
108708;-175956;47754;25866;4;11
117317;-183324;48292;25406;8;11
125158;-173511;48782;26019;4;11
108990;-167656;47771;26385;2;11
112646;-170132;48000;26230;4;11
114504;-178680;48116;25696;8;11
113681;-169234;48065;26286;1;11
125527;-173170;48805;26040;4;11
125286;-172811;48790;26063;8;11
106466;-172966;47614;26053;1;11
117165;-183507;48282;25394;4;11
123174;-193172;48658;24790;8;11
111294;-168109;47915;26357;1;11
124888;-178072;48765;25734;4;11
111247;-168465;47912;26334;4;11
116024;-180135;48211;25605;2;11
126178;-172768;48846;26066;1;11
112257;-170910;47976;26182;4;11
114645;-178390;48125;25714;2;11
111959;-171087;47957;26171;2;11
109794;-169814;47822;26250;4;11
106214;-175007;47598;25926;1;11
123141;-174683;48656;25946;8;11
125367;-172757;48795;26066;8;11
115433;-182304;48174;25470;4;11
110009;-168523;47835;26331;1;11
126379;-172784;48858;26065;8;11
120501;-168332;48491;26343;8;11
112050;-170551;47963;26204;1;11
123763;-174592;48695;25952;4;11
111162;-167863;47907;26372;1;11
105465;-172435;47551;26086;8;11
117281;-182752;48290;25442;8;11
117304;-181430;48291;25524;4;11
124036;-182194;48712;25476;1;11
112000;-167811;47960;26375;4;11
117399;-179027;48297;25674;8;11
108827;-170534;47761;26205;1;11
117388;-182400;48296;25464;2;11
109909;-170410;47829;26213;2;11
116328;-180022;48230;25612;1;11
119455;-182005;48425;25488;2;11
108286;-174406;47727;25963;2;11
109542;-169644;47806;26261;2;11
111940;-169888;47956;26246;2;11
107722;-172836;47692;26061;8;11
111773;-168294;47945;26345;2;11
119393;-168322;48422;26343;8;11
123908;-182059;48704;25485;8;11
120914;-188803;48517;25063;1;11
115606;-183589;48185;25389;1;11
116443;-184253;48237;25348;2;11
117228;-179740;48286;25630;4;11
112636;-171042;47999;26173;8;11
109239;-165545;47787;26517;2;11
125260;-173201;48788;26038;4;11
125787;-173255;48821;26035;8;11
109566;-167474;47807;26396;8;11
113911;-169678;48079;26259;1;11
123602;-181521;48685;25518;1;11
108364;-174419;47732;25962;1;11
108804;-167567;47760;26391;4;11
106412;-173652;47610;26010;2;11
124667;-173299;48751;26032;4;11
110044;-169184;47837;26290;8;11
119282;-168095;48415;26358;4;11
124757;-174142;48757;25980;8;11
105814;-174354;47573;25966;4;11
111686;-166811;47940;26438;8;11
112946;-170823;48019;26187;2;11
106316;-173155;47604;26041;2;11
108417;-176730;47736;25818;8;11
123405;-181883;48672;25496;2;11
109510;-169685;47804;26258;4;11
117155;-180623;48282;25575;2;11
116179;-181029;48221;25549;2;11
111138;-170574;47906;26203;2;11
110658;-167257;47876;26410;8;11
108273;-165627;47727;26512;1;11
108761;-176326;47757;25843;8;11
120348;-168393;48481;26339;2;11
119913;-181829;48454;25499;1;11
113174;-169668;48033;26259;8;11
108800;-170378;47760;26215;8;11
105597;-172455;47559;26085;8;11
126035;-172655;48837;26073;2;11
109100;-175699;47778;25882;2;11
116216;-177679;48223;25759;1;11
118921;-168644;48392;26323;1;11
107439;-165313;47674;26531;8;11
111243;-169972;47912;26240;4;11
120692;-188260;48503;25097;4;11
113299;-169199;48041;26289;2;11
110315;-168012;47854;26363;2;11
106115;-173790;47592;26002;8;11
107797;-176876;47697;25809;4;11
111141;-167953;47906;26366;8;11
106728;-175679;47630;25884;1;11
108485;-165588;47740;26514;4;11
116914;-178611;48267;25700;4;11
107755;-172312;47694;26094;2;11
109780;-168293;47821;26345;8;11
111268;-166869;47914;26434;2;11
116933;-178631;48268;25699;4;11
112253;-170367;47975;26216;2;11
111833;-166757;47949;26441;4;11
117294;-180412;48290;25588;1;11
105691;-172537;47565;26080;4;11
117296;-180366;48291;25591;4;11
123220;-193975;48661;24740;2;11
112259;-170622;47976;26200;2;11
123811;-181473;48698;25521;4;11
111527;-166357;47930;26466;1;11
111282;-167285;47915;26408;4;11
114930;-180091;48143;25608;8;11
113779;-169886;48071;26246;1;11
116377;-184436;48233;25336;1;11
113885;-170267;48077;26222;2;11
108910;-169351;47766;26279;4;11
113036;-170391;48024;26214;4;11
123684;-181944;48690;25492;2;11
117031;-182126;48274;25481;2;11
109522;-174607;47805;25951;2;11
119812;-181869;48448;25497;4;11
113039;-170210;48024;26225;2;11
123665;-166659;48689;26447;1;11
106827;-173086;47636;26046;8;11
106360;-174306;47607;25969;4;11
112388;-167716;47984;26381;2;11
108949;-165025;47769;26549;4;11
112131;-170586;47968;26202;2;11
113702;-169403;48066;26276;8;11
111740;-167980;47943;26365;2;11
109316;-167513;47792;26394;1;11
110127;-168496;47842;26333;2;11
108912;-165471;47767;26522;8;11
121152;-188656;48532;25073;4;11
129739;-191101;49068;24920;8;11
111668;-167773;47939;26378;4;11
107493;-172223;47678;26100;8;11
108768;-170073;47758;26234;2;11
106849;-177309;47638;25782;1;11
111501;-171136;47928;26168;1;11
124665;-174117;48751;25981;1;11
110511;-170188;47866;26227;4;11
109029;-176704;47774;25820;2;11
114747;-180102;48131;25607;2;11
115588;-183415;48184;25400;2;11
110761;-167973;47882;26365;4;11
111581;-166699;47933;26445;1;11
117876;-182380;48327;25465;2;11
112786;-170251;48009;26223;1;11
116144;-181190;48219;25539;4;11
109072;-165714;47777;26506;1;11
111330;-167066;47918;26422;1;11
115429;-183350;48174;25404;2;11
124924;-173994;48767;25989;8;11
110960;-169754;47895;26254;2;11
117185;-182083;48284;25483;2;11
115788;-177512;48196;25769;2;11
121174;-168274;48533;26346;2;11
109774;-169629;47820;26262;8;11
111224;-169586;47911;26264;4;11
112950;-169469;48019;26272;2;11
119431;-168173;48424;26353;4;11
110023;-170167;47836;26228;4;11
115734;-180910;48193;25557;1;11
108818;-165521;47761;26518;8;11
106937;-176185;47643;25852;8;11
110486;-169208;47865;26288;1;11
110541;-169027;47868;26299;2;11
113679;-170722;48064;26193;1;11
124205;-173807;48722;26001;2;11
108217;-164987;47723;26552;2;11
109295;-170454;47790;26210;4;11
111044;-167531;47900;26393;4;11
114765;-180080;48132;25609;8;11
120421;-187442;48486;25148;4;11
110703;-168844;47878;26311;8;11
108342;-171514;47731;26144;1;11
109262;-175577;47788;25890;4;11
129732;-190775;49068;24940;4;11
110648;-170701;47875;26195;8;11
112167;-170223;47970;26225;4;11
112510;-167837;47991;26374;2;11
109746;-174463;47819;25960;8;11
110492;-167989;47865;26364;1;11
116165;-181395;48220;25526;1;11
117328;-180637;48293;25574;8;11
109787;-168509;47821;26332;8;11
116805;-178752;48260;25692;1;11
106827;-176151;47636;25854;8;11
108182;-174004;47721;25988;2;11
107120;-174127;47655;25981;2;11
108954;-165117;47769;26544;8;11
109117;-175829;47779;25874;4;11
117378;-183152;48296;25417;8;11
117441;-182375;48300;25465;8;11
124186;-173458;48721;26022;2;11
124412;-174254;48735;25973;8;11
123866;-174525;48701;25956;1;11
123979;-182165;48708;25478;8;11
109438;-169279;47799;26284;2;11
115297;-179881;48166;25621;8;11
113172;-170499;48033;26207;4;11
111067;-170105;47901;26232;4;11
128881;-194806;49015;24688;8;11
115299;-176642;48166;25823;4;11
109363;-176881;47795;25808;8;11
106852;-173761;47638;26003;8;11
110029;-168312;47836;26344;8;11
113830;-169191;48074;26289;4;11
125657;-173049;48813;26048;4;11
113994;-170594;48084;26201;1;11
109266;-176848;47789;25811;8;11
112252;-168222;47975;26350;2;11
124141;-173687;48718;26008;4;11
112729;-169615;48005;26263;2;11
109479;-174904;47802;25932;4;11
117063;-179522;48276;25643;2;11
110723;-169988;47880;26239;8;11
130008;-176854;49085;25810;4;11
107703;-176741;47691;25817;2;11
109533;-165729;47805;26505;8;11
112405;-170164;47985;26228;1;11
111900;-170288;47953;26221;1;11
123571;-181860;48683;25497;1;11
111506;-168824;47929;26312;8;11
109174;-175505;47783;25894;1;11
125647;-172439;48812;26086;8;11
112782;-170849;48008;26185;8;11
108071;-165546;47714;26517;2;11
109323;-168381;47792;26340;4;11
109492;-170869;47803;26184;4;11
112517;-169918;47992;26244;4;11
115576;-182347;48183;25467;1;11
108966;-176688;47770;25821;2;11
108841;-167738;47762;26380;8;11
108101;-165089;47716;26545;4;11
108449;-173911;47738;25994;2;11
120613;-193534;48498;24768;8;11
109434;-168986;47799;26302;8;11
107830;-171920;47699;26119;2;11
117374;-181407;48295;25526;4;11
108844;-170053;47762;26235;4;11
121228;-188390;48536;25089;4;11
123992;-181173;48709;25540;4;11
123198;-192815;48659;24813;4;11
114728;-179646;48130;25636;1;11
111931;-169265;47955;26284;4;11
108687;-165575;47752;26515;1;11
110609;-168464;47873;26335;4;11
111781;-171133;47946;26168;2;11
105793;-172775;47572;26065;1;11
108037;-176667;47712;25822;2;11
116603;-175280;48247;25909;4;11
106373;-175575;47608;25890;4;11
108780;-174313;47758;25969;1;11
106236;-175070;47599;25922;4;11
120650;-193529;48500;24768;1;11
111005;-167602;47897;26388;4;11
112729;-170055;48005;26235;1;11
106182;-176532;47596;25830;2;11
107471;-177004;47676;25801;4;11
111629;-171070;47936;26172;1;11
108086;-174149;47715;25979;8;11
114655;-179048;48125;25673;4;11
112240;-171048;47975;26173;1;11
123549;-181251;48681;25535;8;11
112585;-170491;47996;26208;1;11
111712;-170248;47942;26223;2;11
120305;-168640;48479;26324;4;11
116787;-178882;48259;25683;4;11
124809;-173679;48760;26009;1;11
115685;-183158;48190;25416;8;11
108158;-164885;47719;26558;2;11
108852;-170112;47763;26232;8;11
111442;-168273;47925;26346;4;11
112657;-170444;48001;26211;2;11
107541;-172653;47681;26073;4;11
111184;-168820;47909;26312;1;11
120072;-168434;48464;26336;1;11
121081;-188340;48527;25092;4;11
107734;-172330;47693;26093;1;11
117355;-179411;48294;25650;2;11
110234;-169208;47849;26288;2;11
114935;-175970;48143;25865;8;11
110052;-171120;47838;26169;1;11
106087;-176637;47590;25824;4;11
108125;-174192;47717;25977;4;11
110477;-170985;47864;26177;4;11
119466;-168556;48426;26329;8;11
115282;-182887;48165;25433;1;11
115124;-176756;48155;25816;2;11
114410;-178795;48110;25689;2;11
109400;-168413;47797;26338;4;11
117241;-182823;48287;25437;4;11
107601;-165270;47685;26534;8;11
120498;-188590;48491;25077;2;11
116321;-181020;48230;25550;8;11
124576;-174065;48746;25984;8;11
126274;-172698;48852;26070;8;11
108701;-169011;47753;26300;1;11
108689;-169695;47753;26258;2;11
110277;-169251;47852;26285;2;11
115988;-181558;48209;25516;1;11
111627;-167802;47936;26376;2;11
120970;-168469;48520;26334;2;11
109430;-170311;47799;26219;1;11
112061;-169779;47963;26252;4;11
125705;-172945;48816;26054;1;11
119834;-168461;48449;26335;4;11
111118;-168820;47904;26312;8;11
114708;-177325;48129;25781;4;11
124043;-173701;48712;26007;2;11
106229;-176805;47599;25813;1;11
107574;-176529;47683;25830;2;11
114905;-180158;48141;25604;1;11
111837;-169336;47949;26280;8;11
109883;-170742;47827;26192;1;11
129763;-191065;49070;24922;8;11
110892;-167853;47890;26373;1;11
109023;-170573;47773;26203;1;11
106732;-175417;47630;25900;4;11
109637;-169400;47812;26276;2;11
111411;-167869;47923;26372;2;11
108784;-174155;47759;25979;8;11
106368;-174877;47608;25934;8;11
112495;-170623;47990;26200;1;11
106639;-175509;47624;25894;4;11
110293;-167774;47853;26378;2;11
110076;-168215;47839;26350;8;11
111360;-167347;47920;26404;2;11
110458;-168288;47863;26346;8;11
117883;-182341;48327;25467;4;11
105473;-173571;47552;26015;2;11
112635;-170517;47999;26206;2;11
120120;-182086;48467;25483;2;11
126218;-172612;48848;26075;2;11
110435;-170901;47862;26182;8;11
115964;-183159;48207;25416;4;11
109551;-165697;47806;26507;2;11
109388;-169213;47796;26288;8;11
116295;-178226;48228;25724;8;11
113656;-169310;48063;26282;4;11
117443;-181156;48300;25541;2;11
107845;-176851;47700;25810;2;11
112417;-167313;47986;26406;8;11
112006;-169331;47960;26280;1;11
107980;-165194;47708;26539;1;11
109137;-169483;47781;26271;8;11
108136;-165312;47718;26532;1;11
113669;-170600;48064;26201;2;11
105661;-173679;47563;26009;1;11
109680;-169005;47815;26301;1;11
116905;-184054;48266;25360;1;11
111362;-170284;47920;26221;1;11
109459;-169687;47801;26258;4;11
106307;-172782;47604;26065;2;11
124372;-174335;48733;25968;2;11
117271;-180289;48289;25595;2;11
114667;-180083;48126;25608;4;11
115324;-179246;48167;25661;4;11
125303;-173367;48791;26028;4;11
110024;-169589;47836;26264;2;11
123551;-182241;48681;25473;2;11
115077;-179335;48152;25655;4;11
110444;-168038;47862;26361;4;11
125435;-172471;48799;26084;8;11
109156;-165525;47782;26518;8;11
114189;-178526;48096;25706;8;11
112167;-169306;47970;26282;2;11
112353;-167996;47982;26364;8;11
120686;-168589;48502;26327;1;11
118347;-171287;48356;26158;4;11
111654;-170126;47938;26231;8;11
110849;-168212;47888;26350;1;11
109082;-171104;47777;26170;8;11
108871;-165693;47764;26508;1;11
110739;-168631;47881;26324;1;11
110110;-167747;47841;26379;4;11
113045;-169710;48025;26257;2;11
107974;-176378;47708;25840;8;11
115858;-177831;48201;25749;4;11
112309;-169313;47979;26281;2;11
114688;-177207;48128;25788;4;11
109606;-169182;47810;26290;2;11
111921;-169926;47955;26243;8;11
123706;-181518;48691;25519;4;11
111131;-170267;47905;26222;1;11
115416;-176811;48173;25813;4;11
111119;-168832;47904;26312;4;11
123207;-167028;48660;26424;2;11
110269;-168707;47851;26319;8;11
107577;-177244;47683;25786;1;11
114808;-180033;48135;25611;8;11
123073;-175276;48652;25909;1;11
109580;-176976;47808;25803;4;11
115922;-183796;48205;25376;4;11
110429;-165082;47861;26546;2;11
116104;-180881;48216;25558;4;11
123402;-175170;48672;25915;2;11
108991;-176360;47771;25841;2;11
110598;-170564;47872;26203;2;11
117080;-179623;48277;25637;1;11
110698;-168531;47878;26330;8;11
109612;-177023;47810;25800;1;11
109451;-168285;47800;26346;4;11
109918;-165484;47829;26521;2;11
108356;-176262;47732;25847;1;11
110267;-168454;47851;26335;8;11
117469;-182292;48301;25470;8;11
109380;-167774;47796;26378;2;11
105848;-174969;47575;25928;1;11
108457;-165393;47738;26526;8;11
115645;-183513;48187;25394;4;11
113087;-169888;48027;26246;2;11
115976;-178035;48208;25736;8;11
112545;-175114;47994;25919;2;11
107733;-172597;47693;26076;8;11
110007;-169829;47835;26249;2;11
111100;-167072;47903;26422;8;11
109117;-164901;47779;26557;8;11
111485;-166673;47927;26446;2;11
109667;-174359;47814;25966;1;11
113077;-170114;48027;26231;2;11
107099;-172650;47653;26073;2;11
110104;-170936;47841;26180;2;11
112216;-170138;47973;26230;4;11
123238;-175139;48662;25917;2;11
119939;-181855;48456;25498;2;11
123518;-181432;48679;25524;4;11
107174;-165325;47658;26531;1;11
115793;-177491;48197;25770;2;11
112415;-169414;47985;26275;2;11
107517;-176328;47679;25843;1;11
119229;-181930;48411;25493;2;11
118451;-168214;48363;26350;1;11
109367;-165733;47795;26505;2;11
120679;-188283;48502;25096;4;11
111061;-168868;47901;26309;8;11
107696;-172519;47691;26081;1;11
110649;-170228;47875;26224;8;11
123574;-181765;48683;25503;8;11
110449;-168444;47863;26336;4;11
116301;-178281;48228;25721;2;11
129054;-180974;49025;25553;8;11
127986;-195413;48959;24650;4;11
110839;-170912;47887;26182;1;11
124994;-172994;48772;26051;8;11
124763;-174024;48757;25987;2;11
117435;-182945;48299;25429;4;11
116206;-185288;48222;25283;8;11
109573;-170149;47808;26229;8;11
111644;-167619;47937;26387;2;11
110899;-170246;47891;26223;8;11
106276;-173080;47602;26046;2;11
106579;-175151;47621;25917;4;11
117412;-181232;48298;25537;8;11
110460;-164990;47863;26552;1;11
119294;-168680;48415;26321;4;11
109490;-170046;47803;26236;2;11
110384;-168068;47859;26359;1;11
108405;-164866;47735;26559;8;11
111647;-166467;47937;26459;4;11
114579;-179983;48121;25615;8;11
107664;-176384;47689;25840;1;11
111264;-166849;47914;26435;4;11
108262;-174440;47726;25961;8;11
109656;-168172;47813;26353;8;11
109038;-176231;47774;25849;2;11
109393;-170393;47797;26214;2;11
111396;-167070;47922;26422;4;11
115631;-183279;48186;25409;4;11
109370;-169283;47795;26283;8;11
112452;-168935;47988;26305;2;11
110146;-169852;47844;26248;2;11
110586;-168434;47871;26336;4;11
111826;-167308;47949;26407;8;11
110887;-167518;47890;26394;2;11
117480;-183138;48302;25417;8;11
125423;-172613;48798;26075;8;11
110195;-165111;47847;26544;2;11
108299;-176441;47728;25836;2;11
109077;-165408;47777;26526;1;11
106305;-176800;47604;25814;1;11
125007;-173857;48772;25997;2;11
117353;-180354;48294;25591;8;11
106816;-176219;47636;25850;4;11
112878;-170161;48014;26228;2;11
123359;-175069;48669;25922;8;11
114511;-178577;48116;25702;8;11
116014;-180983;48210;25552;4;11
111039;-167822;47899;26375;1;11
124891;-172823;48765;26062;2;11
124813;-172995;48760;26051;1;11
107933;-172515;47705;26081;4;11
121269;-188336;48539;25093;8;11
107333;-172811;47668;26063;2;11
119063;-168360;48401;26341;2;11
127936;-195355;48956;24654;1;11
109062;-168735;47776;26318;4;11
110670;-170487;47876;26208;1;11
108244;-174262;47725;25972;4;11
111933;-167050;47955;26423;1;11
109889;-168672;47828;26322;4;11
108065;-165657;47714;26510;2;11
109949;-170591;47831;26202;2;11
116222;-180267;48223;25597;1;11
124162;-174225;48720;25974;2;11
117435;-178957;48299;25679;2;11
108730;-167729;47755;26380;4;11
120512;-188281;48492;25096;1;11
111380;-170675;47921;26196;4;11
119697;-181893;48441;25495;2;11
117478;-180754;48302;25566;4;11
111911;-168805;47954;26313;2;11
112876;-170118;48014;26231;4;11
116031;-178023;48211;25737;8;11
109486;-169322;47802;26281;2;11
111159;-166289;47907;26470;1;11
109866;-174579;47826;25952;1;11
108603;-164978;47747;26552;1;11
125069;-173668;48776;26009;2;11
118772;-172009;48383;26113;1;11
112142;-169378;47968;26277;1;11
115547;-185136;48181;25293;4;11
109526;-169791;47805;26252;4;11
112362;-167343;47982;26405;1;11
120284;-181731;48477;25505;8;11
125717;-172368;48817;26091;4;11
116570;-180043;48245;25611;4;11
108343;-165760;47731;26504;8;11
111312;-169454;47917;26273;1;11
112938;-169583;48018;26265;4;11
109385;-177024;47796;25800;2;11
109906;-169759;47829;26254;4;11
111097;-167623;47903;26387;2;11
115991;-183807;48209;25376;4;11
120587;-188669;48496;25072;2;11
106516;-173298;47617;26032;1;11
107546;-176970;47681;25803;8;11
112367;-170816;47982;26188;2;11
106655;-175549;47625;25892;4;11
114327;-178378;48105;25715;8;11
108423;-174030;47736;25987;1;11
112413;-168651;47985;26323;1;11
111706;-168541;47941;26330;8;11
109131;-167477;47780;26396;4;11
114876;-179038;48139;25674;4;11
112990;-170832;48021;26187;4;11
116820;-184230;48261;25349;2;11
125590;-172960;48809;26054;4;11
106966;-173484;47645;26021;2;11
125697;-172256;48816;26098;8;11
114479;-174350;48114;25967;8;11
120595;-188535;48497;25080;8;11
109584;-174821;47809;25937;1;11
110367;-167564;47857;26391;8;11
116161;-178637;48220;25699;2;11
124143;-181223;48718;25537;2;11
114816;-179389;48136;25652;8;11
111133;-168379;47905;26340;4;11
109262;-169779;47788;26252;4;11
109222;-175842;47786;25873;2;11
112888;-170790;48015;26189;2;11
111714;-168254;47942;26348;8;11
117480;-179037;48302;25674;2;11
113057;-169194;48026;26289;1;11
109690;-168034;47815;26361;1;11
121518;-168530;48554;26330;8;11
108855;-169815;47763;26250;8;11
115889;-181414;48203;25525;4;11
111148;-167105;47906;26419;4;11
109193;-168309;47784;26344;8;11
116839;-183856;48262;25373;1;11
112352;-167641;47982;26386;1;11
120670;-168484;48501;26333;2;11
113106;-169534;48029;26268;2;11
110120;-165576;47842;26515;2;11
116693;-183503;48253;25395;2;11
106576;-175731;47621;25880;8;11
108314;-176416;47729;25838;2;11
114724;-179033;48130;25674;1;11
108788;-175989;47759;25864;4;11
110134;-165443;47843;26523;8;11
125146;-173643;48781;26011;2;11
118762;-171856;48382;26123;1;11
119903;-182071;48453;25484;8;11
117355;-179892;48294;25620;1;11
110490;-167242;47865;26411;4;11
117497;-181198;48303;25539;8;11
120737;-193651;48506;24760;8;11
106157;-176683;47594;25821;4;11
111371;-168263;47920;26347;4;11
116815;-183986;48260;25364;2;11
111672;-168001;47939;26363;2;11
109819;-167775;47823;26378;2;11
111891;-170452;47953;26210;4;11
109971;-165645;47833;26511;1;11
112614;-170328;47998;26218;8;11
115618;-183089;48186;25420;8;11
111349;-169996;47919;26239;8;11
114835;-179813;48137;25625;1;11
112564;-170769;47995;26190;4;11
108993;-165019;47772;26550;4;11
125193;-173373;48784;26028;1;11
108865;-170513;47764;26206;4;11
106173;-173649;47595;26010;8;11
106981;-172352;47646;26092;8;11
112644;-169599;48000;26264;2;11
108926;-164925;47767;26556;4;11
109069;-175793;47776;25876;8;11
107800;-176920;47697;25806;1;11
115912;-180438;48204;25586;2;11
124382;-174169;48733;25978;8;11
110141;-165081;47843;26546;1;11
120088;-168582;48465;26327;4;11
123389;-174979;48671;25927;8;11
124724;-173321;48755;26031;1;11
108984;-176306;47771;25844;2;11
123745;-182004;48694;25488;2;11
117164;-180197;48282;25601;4;11
115678;-183499;48189;25395;8;11
110593;-168615;47872;26325;8;11
117227;-181632;48286;25512;2;11
109383;-176564;47796;25828;4;11
106148;-176745;47594;25817;1;11
108857;-170986;47763;26177;4;11
114780;-179330;48133;25655;1;11
109886;-169348;47827;26279;8;11
117407;-180341;48297;25592;2;11
108656;-174140;47751;25980;8;11
108880;-167648;47765;26386;2;11
108442;-165388;47737;26527;8;11
106349;-173021;47606;26050;1;11
120025;-181974;48461;25490;4;11
120759;-168397;48507;26339;8;11
111991;-167817;47959;26375;2;11
116696;-183623;48253;25387;2;11
111903;-167956;47953;26366;2;11
113902;-169656;48078;26260;4;11
109934;-174469;47830;25959;8;11
107697;-172521;47691;26081;8;11
123165;-193682;48657;24758;4;11
123235;-174688;48662;25946;1;11
109368;-168319;47795;26344;2;11
121139;-168293;48531;26345;1;11
119024;-168682;48399;26321;2;11
110355;-170089;47857;26233;8;11
110628;-166923;47874;26431;1;11
124840;-173213;48762;26038;4;11
123541;-181436;48681;25524;8;11
112505;-167853;47991;26373;1;11
111770;-168811;47945;26313;2;11
112420;-170843;47986;26186;8;11
123552;-175094;48682;25920;2;11
112889;-170918;48015;26181;8;11
109502;-170516;47803;26206;2;11
117406;-182865;48297;25434;2;11
123786;-181587;48696;25514;2;11
114401;-178758;48110;25691;8;11
108796;-170086;47759;26233;8;11
110436;-170683;47862;26196;1;11
111394;-166448;47922;26461;2;11
113876;-170610;48077;26200;4;11
118859;-168695;48388;26320;8;11
111438;-169443;47924;26273;1;11
110381;-171086;47858;26171;4;11
108878;-169179;47764;26290;2;11
105785;-173751;47571;26004;2;11
109647;-174528;47812;25956;8;11
106109;-174851;47591;25935;8;11
111430;-168355;47924;26341;4;11
106426;-172881;47611;26058;1;11
125910;-172803;48829;26063;2;11
113227;-170600;48036;26201;2;11
120171;-168636;48470;26324;1;11
108675;-176424;47752;25837;4;11
111409;-167152;47923;26417;8;11
109197;-168445;47784;26336;4;11
113871;-170905;48076;26182;8;11
109679;-170396;47814;26214;8;11
123589;-181473;48684;25521;1;11
112482;-169854;47990;26248;1;11
116666;-194359;48251;24716;8;11
120464;-188099;48489;25107;8;11
107872;-171940;47702;26117;4;11
111622;-168396;47936;26339;1;11
117177;-182745;48283;25442;1;11
110005;-169231;47835;26287;4;11
116845;-166348;48262;26467;1;11
110776;-168105;47883;26357;1;11
117354;-180441;48294;25586;1;11
107141;-172924;47656;26056;4;11
111494;-168070;47928;26359;4;11
123506;-175093;48679;25920;1;11
110566;-168257;47870;26347;1;11
120649;-168241;48500;26348;4;11
119050;-168411;48400;26338;8;11
116474;-184439;48239;25336;8;11
116709;-194072;48254;24734;2;11
123243;-192701;48662;24820;1;11
112242;-170968;47975;26178;4;11
115570;-183223;48183;25412;1;11
109032;-164926;47774;26556;1;11
111157;-170605;47907;26201;2;11
124859;-173962;48763;25991;2;11
109137;-167648;47781;26386;2;11
126053;-173037;48838;26049;4;11
109938;-168659;47831;26322;4;11
110487;-168887;47865;26308;4;11
123561;-174697;48682;25945;4;11
117093;-180786;48278;25564;4;11
106285;-174306;47602;25969;4;11
110067;-168171;47839;26353;2;11
106005;-172885;47585;26058;2;11
111502;-170206;47928;26226;4;11
120002;-181344;48460;25530;4;11
124826;-178068;48761;25734;8;11
117662;-182457;48313;25460;1;11
110777;-168990;47883;26302;2;11
111149;-169014;47906;26300;2;11
111154;-166938;47907;26430;4;11
109294;-169080;47790;26296;4;11
109824;-169938;47824;26242;1;11
108960;-165758;47770;26504;4;11
115415;-179761;48173;25628;2;11
115328;-182448;48168;25461;2;11
107088;-173931;47653;25993;2;11
106158;-173927;47594;25993;4;11
120784;-188399;48509;25089;4;11
113107;-171024;48029;26175;8;11
107098;-174173;47653;25978;4;11
119437;-181941;48424;25492;8;11
115086;-179387;48152;25652;1;11
115911;-181694;48204;25508;1;11
113780;-170000;48071;26239;4;11
116706;-184113;48254;25356;4;11
111103;-169183;47903;26290;8;11
109293;-170319;47790;26219;2;11
110677;-167058;47877;26422;8;11
115643;-181203;48187;25538;8;11
107543;-172527;47681;26081;1;11
124897;-173029;48766;26049;1;11
125648;-172473;48813;26084;1;11
112163;-169078;47970;26296;8;11
121226;-188242;48536;25098;4;11
107833;-176693;47699;25820;1;11
106407;-173780;47610;26002;4;11
109939;-169058;47831;26297;8;11
129528;-194179;49055;24727;2;11
108413;-174303;47735;25970;8;11
113080;-170618;48027;26200;1;11
112075;-170133;47964;26230;1;11
125243;-172803;48787;26063;4;11
108821;-168489;47761;26333;1;11
112085;-170557;47965;26204;2;11
117372;-180285;48295;25596;2;11
106548;-177145;47619;25792;1;11
110574;-168780;47870;26315;1;11
111723;-170969;47942;26178;1;11
126115;-172652;48842;26073;8;11
108823;-168488;47761;26333;2;11
107628;-172221;47686;26100;2;11
108581;-165469;47746;26522;2;11
115101;-180182;48153;25602;4;11
117241;-180639;48287;25574;4;11
109099;-168921;47778;26306;1;11
125006;-173443;48772;26023;4;11
106082;-173317;47590;26031;4;11
116332;-184304;48230;25345;1;11
118932;-167140;48393;26417;4;11
116048;-178693;48213;25695;8;11
127530;-185964;48930;25241;1;11
110983;-170849;47896;26185;4;11
105693;-173876;47565;25996;8;11
110582;-170326;47871;26218;4;11
114605;-178683;48122;25696;1;11
108433;-164877;47737;26559;8;11
106044;-176846;47587;25811;1;11
111051;-170882;47900;26183;8;11
110047;-169516;47837;26269;2;11
118971;-167107;48395;26419;2;11
129076;-180959;49027;25554;8;11
115253;-176851;48163;25810;8;11
115704;-183349;48191;25404;1;11
115802;-183368;48197;25403;2;11
113630;-171156;48061;26166;1;11
125077;-173537;48777;26017;2;11
111988;-170528;47959;26206;8;11
124483;-173362;48740;26028;8;11
110649;-167109;47875;26419;8;11
110007;-169263;47835;26285;8;11
109952;-167574;47832;26390;8;11
105985;-175295;47584;25908;4;11
109254;-176498;47788;25832;2;11
107578;-172435;47683;26086;1;11
109318;-168268;47792;26347;4;11
116785;-166367;48259;26466;4;11
109951;-169649;47831;26260;8;11
112499;-170844;47991;26186;1;11
110362;-168761;47857;26316;4;11
108219;-165448;47723;26523;8;11
116536;-179976;48243;25615;8;11
109746;-167441;47819;26398;4;11
123347;-175229;48669;25912;8;11
116746;-184158;48256;25354;8;11
116206;-180923;48222;25556;2;11
119303;-168455;48416;26335;2;11
115743;-182141;48193;25480;8;11
118805;-171860;48385;26122;8;11
105810;-174564;47573;25953;2;11
110838;-168298;47887;26345;1;11
112593;-170870;47997;26184;2;11
116530;-179982;48243;25615;4;11
111690;-169387;47940;26277;4;11
111916;-167443;47954;26398;1;11
116239;-180321;48224;25593;2;11
119923;-182006;48455;25488;4;11
111746;-170868;47944;26184;4;11
108469;-176228;47739;25849;8;11
110657;-170760;47876;26191;8;11
107768;-172807;47695;26063;8;11
117320;-183239;48292;25411;2;11
109667;-167664;47814;26385;1;11
109651;-171100;47813;26170;8;11
117184;-180035;48284;25611;4;11
111260;-169193;47913;26289;4;11
110693;-168824;47878;26312;4;11
106467;-173632;47614;26012;8;11
115398;-182863;48172;25435;1;11
108983;-168370;47771;26340;2;11
108686;-170402;47752;26213;1;11
115961;-183347;48207;25404;2;11
109882;-169718;47827;26256;4;11
109734;-165231;47818;26537;2;11
123975;-181317;48708;25531;1;11
106073;-173376;47589;26028;4;11
112581;-169566;47996;26266;2;11
108522;-171394;47742;26151;2;11
109641;-164877;47812;26559;8;11
113891;-169711;48078;26257;2;11
117100;-179768;48278;25628;8;11
109795;-170785;47822;26189;1;11
107789;-172862;47696;26060;1;11
110714;-167370;47879;26403;2;11
111118;-167137;47904;26417;4;11
107888;-177273;47703;25784;8;11
109798;-168523;47822;26331;1;11
110168;-169134;47845;26293;4;11
121696;-168463;48566;26335;2;11
118644;-168078;48375;26359;2;11
109240;-175835;47787;25874;4;11
108990;-168778;47771;26315;1;11
115585;-180950;48184;25554;4;11
109693;-169580;47815;26265;8;11
124181;-173765;48721;26003;2;11
111268;-168193;47914;26351;8;11
107168;-165291;47658;26533;8;11
109799;-170668;47822;26197;4;11
123962;-181250;48707;25535;8;11
111835;-166920;47949;26431;4;11
125601;-172300;48810;26095;2;11
111736;-166489;47943;26458;2;11
109892;-168099;47828;26357;4;11
116342;-177856;48231;25748;2;11
107667;-176343;47689;25842;8;11
119139;-166841;48406;26436;1;11
109139;-164944;47781;26555;2;11
111921;-168835;47955;26311;2;11
123529;-182277;48680;25471;8;11
119227;-167893;48411;26370;2;11
111506;-167476;47929;26396;2;11
110299;-169043;47853;26298;4;11
109666;-170460;47814;26210;8;11
110740;-170882;47881;26183;8;11
108291;-164923;47728;26556;4;11
112855;-170665;48013;26197;1;11
111555;-168122;47932;26356;8;11
111311;-169232;47916;26287;2;11
110622;-167846;47873;26373;2;11
112429;-169952;47986;26242;1;11
112170;-169078;47970;26296;4;11
117022;-180034;48273;25611;8;11
108929;-167982;47768;26365;1;11
109642;-174397;47812;25964;2;11
110349;-169759;47856;26254;4;11
109069;-176342;47776;25842;4;11
106500;-177250;47616;25785;8;11
124773;-173202;48758;26038;4;11
116097;-178496;48216;25708;2;11
117271;-181459;48289;25522;4;11
113634;-169605;48062;26263;4;11
112161;-168506;47970;26332;4;11
125551;-172651;48806;26073;4;11
112048;-170426;47963;26212;4;11
106271;-175118;47601;25919;4;11
125267;-172776;48789;26065;8;11
117293;-182672;48290;25447;2;11
111521;-168662;47930;26322;2;11
109798;-174681;47822;25946;8;11
116779;-183609;48258;25388;4;11
110633;-170456;47874;26210;2;11
107051;-174006;47650;25988;8;11
110154;-169584;47844;26265;1;11
111484;-167676;47927;26384;1;11
108679;-176276;47752;25846;1;11
108755;-165541;47757;26517;4;11
123637;-182113;48687;25481;1;11
109652;-167972;47813;26365;8;11
118863;-168110;48388;26357;1;11
111101;-167024;47903;26425;1;11
116133;-181016;48218;25550;2;11
111194;-169145;47909;26292;8;11
108196;-173754;47722;26004;1;11
119438;-181977;48424;25490;1;11
109469;-171111;47801;26169;4;11
107376;-176194;47671;25851;4;11
119219;-168479;48411;26334;1;11
110858;-169917;47888;26244;4;11
110736;-169555;47881;26266;4;11
123624;-182062;48686;25485;1;11
111433;-168232;47924;26349;1;11
117063;-179669;48276;25634;1;11
121560;-168246;48557;26348;2;11
110964;-169236;47895;26286;1;11
106076;-175756;47589;25879;1;11
117297;-176580;48291;25827;2;11
110244;-170204;47850;26226;8;11
115978;-177919;48208;25744;4;11
117373;-178711;48295;25694;2;11
112623;-169805;47998;26251;8;11
109329;-170601;47793;26201;4;11
111934;-167524;47955;26393;8;11
123678;-181577;48689;25515;1;11
119328;-181851;48418;25498;1;11
119421;-168624;48423;26325;2;11
106035;-173822;47587;26000;4;11
111527;-166341;47930;26467;2;11
111575;-167674;47933;26384;2;11
113063;-169479;48026;26271;8;11
109459;-167737;47801;26380;4;11
108969;-176225;47770;25849;4;11
109144;-170816;47781;26188;2;11
114796;-178435;48134;25711;2;11
109475;-174716;47802;25944;2;11
106996;-176153;47647;25854;4;11
106976;-174019;47646;25987;4;11
108888;-168733;47765;26318;4;11
124117;-173784;48717;26002;1;11
118973;-168828;48395;26312;1;11
117837;-182272;48324;25472;1;11
125420;-172693;48798;26070;8;11
107721;-165478;47692;26521;8;11
117090;-179207;48278;25663;1;11
106696;-173705;47628;26007;4;11
105873;-174943;47577;25930;8;11
120136;-181880;48468;25496;2;11
111036;-169852;47899;26248;4;11
109663;-169699;47813;26257;4;11
109143;-176315;47781;25844;4;11
112192;-168804;47972;26313;1;11
110306;-169864;47854;26247;2;11
111075;-167645;47902;26386;2;11
111105;-170803;47904;26188;4;11
107955;-176167;47707;25853;8;11
117063;-184001;48276;25363;2;11
107474;-176334;47677;25843;4;11
124835;-173165;48762;26041;4;11
108436;-164868;47737;26559;8;11
108524;-164885;47742;26558;4;11
105391;-172431;47546;26087;8;11
123525;-174866;48680;25934;2;11
113386;-169943;48046;26242;8;11
109762;-168618;47820;26325;4;11
127544;-185873;48931;25246;4;11
114722;-178946;48130;25679;1;11
111567;-169555;47932;26266;8;11
111550;-167421;47931;26400;8;11
110160;-170326;47845;26218;4;11
111599;-166983;47934;26427;4;11
124435;-173484;48737;26021;8;11
125336;-172630;48793;26074;8;11
118527;-168455;48367;26335;2;11
110124;-169895;47842;26245;4;11
109925;-168646;47830;26323;4;11
107930;-165112;47705;26544;2;11
123464;-181384;48676;25527;4;11
111628;-167289;47936;26408;1;11
110938;-169873;47893;26246;1;11
105522;-173797;47555;26001;4;11
110941;-168982;47893;26302;2;11
111872;-169943;47952;26242;1;11
113913;-169956;48079;26241;1;11
117082;-182112;48277;25482;1;11
108782;-173993;47758;25989;1;11
109699;-170950;47816;26179;8;11
125104;-173080;48779;26046;2;11
109342;-170967;47793;26178;8;11
111022;-170723;47898;26193;4;11
120381;-168546;48483;26329;4;11
112297;-167647;47978;26386;1;11
115230;-179841;48161;25623;4;11
118826;-168136;48386;26355;1;11
123082;-175303;48652;25907;8;11
105380;-172591;47546;26077;4;11
108311;-174471;47729;25959;1;11
123455;-181333;48675;25530;4;11
123889;-181467;48703;25522;1;11
116816;-178943;48261;25680;8;11
112247;-170366;47975;26216;1;11
111939;-168642;47956;26323;8;11
116091;-180374;48215;25590;1;11
114874;-176885;48139;25808;1;11
123528;-174450;48680;25960;8;11
123374;-193949;48670;24742;1;11
108286;-165384;47727;26527;8;11
123192;-193108;48659;24794;8;11
117198;-183490;48284;25395;4;11
123493;-174425;48678;25962;8;11
107652;-172496;47688;26083;8;11
106394;-175749;47609;25879;1;11
109734;-168140;47818;26355;1;11
113668;-170022;48064;26237;2;11
111528;-170101;47930;26232;4;11
123642;-175039;48687;25924;4;11
110172;-168780;47845;26315;4;11
106668;-177388;47626;25777;4;11
110916;-168904;47892;26307;8;11
109423;-168622;47798;26325;4;11
111228;-166555;47911;26454;2;11
125335;-173674;48793;26009;8;11
123550;-181466;48681;25522;1;11
109396;-170911;47797;26182;1;11
106678;-175662;47627;25885;4;11
107365;-176264;47670;25847;1;11
125104;-172755;48779;26066;8;11
109240;-169462;47787;26272;2;11
112089;-169899;47965;26245;2;11
124893;-173848;48765;25998;2;11
115058;-179896;48151;25620;1;11
117246;-181769;48287;25503;4;11
109606;-174799;47810;25939;1;11
108729;-174064;47755;25985;8;11
108381;-176197;47733;25851;4;11
108359;-174469;47732;25959;1;11
117283;-180222;48290;25600;8;11
107152;-174191;47657;25977;4;11
124833;-173721;48762;26006;1;11
111092;-169661;47903;26260;1;11
113412;-171027;48048;26174;2;11
108879;-176505;47764;25832;1;11
129466;-194258;49051;24722;8;11
105517;-174933;47554;25930;8;11
118858;-168741;48388;26317;1;11
105998;-175157;47584;25916;4;11
115886;-178848;48202;25686;2;11
106371;-174949;47608;25929;1;11
109576;-169209;47808;26288;2;11
110273;-171006;47852;26176;8;11
117137;-182050;48281;25485;2;11
117161;-181781;48282;25502;1;11
106904;-177143;47641;25792;2;11
116948;-180144;48269;25605;4;11
106344;-174896;47606;25933;2;11
116892;-179468;48265;25647;4;11
112632;-169931;47999;26243;4;11
109635;-170300;47812;26220;1;11
108813;-164888;47760;26558;8;11
112547;-174784;47994;25940;1;11
108973;-168125;47770;26356;8;11
108264;-173919;47726;25994;2;11
106357;-174146;47607;25979;4;11
109498;-168324;47803;26343;1;11
108826;-167952;47761;26367;8;11
117006;-180767;48272;25566;4;11
120307;-168385;48479;26339;8;11
108847;-168965;47762;26303;1;11
110877;-169096;47889;26295;2;11
109616;-170247;47811;26223;2;11
106131;-172960;47593;26054;1;11
118479;-168467;48364;26334;8;11
113770;-171051;48070;26173;8;11
111106;-168171;47904;26353;2;11
107675;-172536;47689;26080;2;11
117272;-178625;48289;25699;8;11
123262;-193240;48663;24786;1;11
110300;-167647;47853;26386;2;11
112853;-169963;48013;26241;1;11
110808;-167937;47885;26367;8;11
113865;-170622;48076;26200;8;11
110429;-165183;47861;26540;8;11
112074;-166740;47964;26442;4;11
124951;-173074;48769;26046;8;11
123452;-182143;48675;25480;8;11
125778;-173149;48821;26042;1;11
116234;-179967;48224;25616;8;11
120480;-188582;48490;25077;8;11
114789;-179486;48134;25646;1;11
109504;-170751;47804;26192;4;11
119354;-182058;48419;25485;1;11
110935;-168091;47893;26358;1;11
106359;-176003;47607;25863;4;11
106981;-174165;47646;25978;1;11
108677;-168943;47752;26305;1;11
109495;-176710;47803;25819;8;11
112230;-171066;47974;26172;1;11
113514;-169518;48054;26269;8;11
117216;-180290;48286;25595;4;11
112283;-167692;47977;26383;8;11
114930;-179622;48143;25637;1;11
109256;-165226;47788;26537;2;11
114379;-178808;48108;25688;4;11
123631;-182000;48686;25489;4;11
111004;-169471;47897;26272;8;11
108956;-170540;47769;26205;2;11
109921;-168439;47830;26336;1;11
108397;-173700;47734;26007;4;11
111353;-168075;47919;26359;2;11
107225;-172833;47661;26061;1;11
116446;-181081;48237;25546;2;11
105700;-172669;47566;26072;1;11
109541;-168907;47806;26307;2;11
114566;-177671;48120;25759;1;11
121023;-188685;48523;25071;2;11
111875;-168388;47952;26339;2;11
120120;-168615;48467;26325;4;11
111362;-169389;47920;26277;4;11
124072;-182267;48714;25472;1;11
117239;-179968;48287;25616;4;11
120898;-188346;48516;25092;4;11
107818;-172851;47698;26060;4;11
115986;-181123;48209;25543;8;11
115895;-181504;48203;25520;2;11
111581;-170247;47933;26223;8;11
106435;-176725;47612;25818;2;11
109079;-168114;47777;26356;1;11
116014;-180421;48210;25587;2;11
123766;-181402;48695;25526;2;11
111639;-168968;47937;26303;1;11
123687;-181436;48690;25524;8;11
106899;-173390;47641;26027;8;11
125017;-172673;48773;26071;8;11
108817;-176239;47761;25849;4;11
124097;-173546;48716;26017;8;11
112401;-169062;47985;26297;2;11
109584;-170222;47809;26225;1;11
116463;-177256;48238;25785;8;11
121365;-188395;48545;25089;8;11
111671;-167737;47939;26380;4;11
116065;-184913;48214;25306;8;11
123504;-181803;48679;25501;2;11
110433;-170769;47862;26190;4;11
123663;-174259;48688;25972;4;11
119843;-182122;48450;25481;2;11
119409;-181933;48423;25493;1;11
111667;-169079;47939;26296;4;11
121394;-188431;48547;25087;4;11
121631;-168454;48561;26335;8;11
112242;-170735;47975;26193;2;11
108446;-173796;47737;26001;8;11
113006;-169175;48022;26290;2;11
123370;-166927;48670;26431;2;11
120268;-182161;48476;25478;1;11
112215;-167177;47973;26415;2;11
112268;-168126;47976;26356;2;11
123403;-181620;48672;25512;2;11
115737;-183023;48193;25425;2;11
107893;-172046;47703;26111;1;11
112984;-171014;48021;26175;2;11
112510;-169055;47991;26298;8;11
109055;-169141;47775;26292;1;11
117120;-179854;48280;25623;2;11
118846;-171815;48387;26125;2;11
106368;-174022;47608;25987;1;11
111972;-168571;47958;26328;2;11
121232;-196267;48537;24597;1;11
105977;-175191;47583;25914;8;11
109026;-175562;47774;25891;8;11
115937;-183362;48206;25403;2;11
110945;-169520;47894;26269;2;11
117008;-166264;48273;26472;1;11
109202;-168036;47785;26361;2;11
120821;-168440;48511;26336;2;11
109194;-168563;47784;26328;2;11
115443;-182287;48175;25471;8;11
109557;-175551;47807;25892;2;11
114386;-178378;48109;25715;4;11
109031;-170416;47774;26213;2;11
120778;-168358;48508;26341;2;11
109031;-169910;47774;26244;2;11
111465;-167453;47926;26398;4;11
112025;-166811;47961;26438;1;11
124069;-181365;48714;25528;8;11
110616;-169646;47873;26261;8;11
108719;-168744;47754;26317;4;11
117315;-180703;48292;25570;4;11
110613;-169421;47873;26275;1;11
110537;-167399;47868;26401;1;11
106784;-175605;47634;25888;1;11
110903;-166768;47891;26441;4;11
119435;-168545;48424;26329;1;11
115947;-181475;48206;25521;1;11
111705;-170659;47941;26197;1;11
108732;-176064;47755;25860;1;11
106332;-172948;47605;26054;1;11
115968;-181166;48208;25541;8;11
107654;-171990;47688;26114;2;11
117059;-182032;48276;25487;4;11
119131;-166916;48405;26431;2;11
110187;-170737;47846;26192;1;11
123565;-182320;48682;25469;8;11
113489;-170906;48053;26182;2;11
116355;-177314;48232;25781;4;11
111525;-167618;47930;26387;4;11
110733;-170078;47880;26234;8;11
108959;-169878;47769;26246;8;11
108211;-165009;47723;26550;2;11
117043;-182093;48275;25483;4;11
110538;-168993;47868;26301;1;11
112439;-169972;47987;26240;4;11
107674;-172577;47689;26077;2;11
111181;-167887;47908;26371;4;11
109529;-170230;47805;26224;2;11
113316;-170840;48042;26186;1;11
108404;-174468;47735;25959;1;11
126096;-172917;48841;26056;2;11
115523;-182266;48180;25472;4;11
116411;-177361;48235;25778;1;11
112326;-170321;47980;26218;1;11
123784;-182117;48696;25481;2;11
121131;-188534;48530;25080;8;11
107318;-165405;47667;26526;8;11
115530;-183192;48180;25414;2;11
107057;-174093;47651;25983;4;11
117164;-183738;48282;25380;2;11
118349;-171277;48356;26159;4;11
111302;-170291;47916;26220;2;11
119751;-182098;48444;25482;4;11
111726;-167322;47942;26406;2;11
116884;-178622;48265;25700;4;11
116376;-177471;48233;25772;4;11
111828;-167449;47949;26398;1;11
111468;-167901;47926;26370;4;11
111293;-171062;47915;26172;1;11
111390;-170833;47921;26186;1;11
109932;-170310;47830;26219;8;11
114342;-178257;48106;25722;4;11
109835;-168526;47824;26331;4;11
117066;-181240;48276;25536;2;11
119611;-168660;48435;26322;4;11
123174;-167040;48658;26424;1;11
114622;-177244;48123;25786;1;11
115974;-178548;48208;25704;2;11
110452;-164969;47863;26553;4;11
107104;-172815;47654;26063;4;11
108201;-174332;47722;25968;4;11
113491;-170915;48053;26181;8;11
108448;-165191;47738;26539;1;11
111838;-166655;47949;26448;8;11
118117;-171764;48342;26128;1;11
123980;-181586;48708;25514;1;11
109441;-168674;47800;26321;4;11
112506;-171135;47991;26168;1;11
116999;-166392;48272;26464;1;11
109760;-174565;47820;25953;2;11
129031;-180928;49024;25556;1;11
125885;-173047;48827;26048;4;11
111777;-166743;47946;26442;2;11
108888;-168724;47765;26318;2;11
123925;-173677;48705;26009;2;11
108845;-170622;47762;26200;8;11
116247;-181729;48225;25505;2;11
108392;-176147;47734;25854;1;11
109882;-168372;47827;26340;4;11
113124;-171062;48030;26172;1;11
112329;-168049;47980;26360;1;11
117275;-179178;48289;25665;8;11
123167;-192815;48657;24813;4;11
110211;-168785;47848;26314;4;11
114288;-178483;48103;25708;2;11
123255;-193924;48663;24743;1;11
109943;-168885;47831;26308;8;11
123152;-175108;48657;25919;4;11
115249;-183983;48163;25365;8;11
108835;-170067;47762;26234;8;11
106893;-177401;47640;25776;2;11
109039;-168387;47774;26339;1;11
116994;-179221;48272;25662;1;11
118708;-168251;48379;26348;1;11
108025;-172849;47711;26060;8;11
124672;-173153;48752;26041;2;11
110124;-171105;47842;26169;2;11
123712;-181723;48692;25506;2;11
111975;-169188;47958;26289;2;11
119353;-168612;48419;26325;8;11
110433;-169739;47862;26255;4;11
111092;-168965;47903;26303;2;11
109578;-171010;47808;26175;1;11
120567;-168653;48495;26323;2;11
118637;-168709;48374;26319;4;11
123806;-173937;48697;25992;1;11
119301;-166992;48416;26427;8;11
120249;-181857;48475;25497;1;11
116901;-179064;48266;25672;2;11
113757;-171076;48069;26171;2;11
108902;-168512;47766;26332;2;11
120686;-168486;48502;26333;4;11
108475;-165134;47739;26543;1;11
109309;-169323;47791;26281;1;11
110913;-169849;47892;26248;4;11
109095;-176825;47778;25812;8;11
125254;-173185;48788;26039;8;11
109809;-167569;47823;26390;2;11
120865;-168456;48514;26335;1;11
114624;-179674;48124;25634;8;11
126349;-172789;48856;26064;8;11
109208;-176649;47785;25823;8;11
111357;-166399;47919;26464;4;11
109121;-167997;47780;26364;4;11
109512;-169587;47804;26264;2;11
113012;-169755;48023;26254;1;11
120375;-168688;48483;26321;2;11
111867;-169362;47951;26278;2;11
108913;-167587;47767;26389;1;11
109509;-174737;47804;25942;4;11
125585;-173182;48809;26040;1;11
114242;-178663;48100;25697;2;11
106968;-172418;47645;26087;4;11
120347;-168515;48481;26331;4;11
109908;-168945;47829;26304;8;11
109885;-169050;47827;26298;1;11
116165;-180169;48220;25603;4;11
106057;-175149;47588;25917;2;11
111505;-167812;47929;26375;1;11
126937;-176328;48893;25843;4;11
126101;-173007;48841;26051;4;11
125169;-173595;48783;26014;2;11
123321;-174551;48667;25954;4;11
109221;-168095;47786;26358;4;11
108885;-176407;47765;25838;8;11
112368;-169920;47983;26244;1;11
116636;-184314;48249;25344;8;11
108755;-170203;47757;26226;1;11
106887;-172348;47640;26092;4;11
109914;-167776;47829;26378;8;11
105779;-172658;47571;26072;1;11
110499;-169559;47866;26266;4;11
109079;-170627;47777;26199;1;11
124960;-173212;48770;26038;2;11
115230;-176896;48161;25808;2;11
109434;-169847;47799;26248;4;11
115383;-182054;48171;25485;8;11
106159;-173365;47594;26028;4;11
110357;-164913;47857;26556;1;11
123779;-173968;48696;25991;2;11
114337;-178687;48106;25696;4;11
115899;-177427;48203;25774;4;11
111641;-167012;47937;26425;8;11
120850;-187919;48513;25119;2;11
111835;-166734;47949;26443;1;11
109769;-167937;47820;26367;8;11
118630;-168831;48374;26312;1;11
111045;-169877;47900;26246;2;11
117411;-181832;48298;25499;8;11
111986;-170322;47959;26218;8;11
111164;-169090;47907;26295;1;11
116305;-177558;48229;25766;8;11
120075;-182083;48464;25483;2;11
118356;-171343;48357;26155;1;11
127543;-185742;48931;25255;4;11
112240;-168693;47975;26320;2;11
111217;-170588;47911;26202;4;11
113865;-170560;48076;26204;8;11
108090;-172702;47715;26070;4;11
113236;-170532;48037;26205;1;11
109303;-168591;47791;26327;8;11
117399;-181962;48297;25491;1;11
105466;-172712;47551;26069;4;11
106897;-177116;47641;25794;4;11
110652;-168960;47875;26304;8;11
117729;-182193;48318;25476;2;11
108245;-165707;47725;26507;2;11
113479;-170668;48052;26197;8;11
106639;-173604;47624;26013;1;11
115840;-183494;48200;25395;4;11
109861;-170708;47826;26194;2;11
110791;-169312;47884;26282;2;11
115928;-181035;48205;25549;4;11
110205;-168539;47847;26330;2;11
124566;-173439;48745;26024;8;11
116249;-179975;48225;25615;1;11
116115;-178750;48217;25692;1;11
110823;-168810;47886;26313;2;11
123423;-174943;48673;25930;1;11
111507;-166360;47929;26466;1;11
109467;-177018;47801;25800;8;11
108992;-168928;47772;26306;2;11
109156;-168806;47782;26313;4;11
112477;-167112;47989;26419;2;11
108371;-173980;47733;25990;4;11
112761;-170913;48007;26181;4;11
107887;-174073;47702;25984;4;11
116072;-183814;48214;25375;1;11
109025;-165462;47774;26522;4;11
109068;-167593;47776;26389;8;11
110649;-168973;47875;26303;8;11
109415;-174679;47798;25946;1;11
114318;-178150;48104;25729;8;11
107666;-165417;47689;26525;2;11
119257;-168332;48413;26343;4;11
123671;-175091;48689;25920;2;11
112059;-166793;47963;26439;1;11
109276;-169507;47789;26269;4;11
112118;-169166;47967;26291;1;11
125100;-173661;48778;26010;2;11
116229;-178479;48224;25709;1;11
106026;-175044;47586;25923;4;11
111715;-168864;47942;26310;8;11
123904;-174366;48704;25966;1;11
107848;-176482;47700;25833;4;11
115916;-183664;48204;25385;2;11
111336;-170336;47918;26218;1;11
108643;-176346;47750;25842;4;11
115925;-178038;48205;25736;8;11
111200;-166697;47910;26445;2;11
110433;-165084;47862;26546;1;11
123954;-182012;48707;25488;1;11
117218;-181998;48286;25489;2;11
109824;-167655;47824;26385;4;11
109095;-169843;47778;26248;2;11
108187;-176578;47721;25827;8;11
119120;-166822;48405;26437;2;11
111733;-169784;47943;26252;1;11
112869;-169688;48014;26258;8;11
117089;-182134;48278;25480;2;11
112179;-168682;47971;26321;2;11
106973;-174159;47645;25979;1;11
115269;-179880;48164;25621;1;11
112364;-170148;47982;26229;4;11
118852;-168583;48388;26327;4;11
112194;-169763;47972;26253;1;11
111244;-166851;47912;26435;1;11
124046;-181501;48712;25520;1;11
121627;-168401;48561;26338;2;11
115000;-180169;48147;25603;8;11
111617;-169110;47936;26294;1;11
118796;-168750;48384;26317;8;11
115473;-183707;48177;25382;2;11
115959;-180866;48207;25559;4;11
111274;-169712;47914;26257;2;11
109323;-168493;47792;26333;1;11
111745;-167349;47944;26404;4;11
113150;-170363;48031;26216;4;11
111093;-168439;47903;26336;8;11
115766;-177569;48195;25765;2;11
109115;-169213;47779;26288;4;11
123139;-174624;48656;25950;1;11
112419;-170004;47986;26238;1;11
109415;-164985;47798;26552;8;11
107224;-165400;47661;26526;4;11
124013;-174649;48710;25948;8;11
120120;-181656;48467;25510;4;11
109754;-170955;47819;26179;1;11
110180;-168739;47846;26317;4;11
112239;-170448;47974;26211;8;11
111864;-170878;47951;26184;8;11
115547;-182446;48181;25461;1;11
110505;-169182;47866;26290;4;11
110774;-166915;47883;26431;8;11
109992;-170782;47834;26190;4;11
109440;-168139;47800;26355;8;11
110436;-169899;47862;26245;1;11
127885;-195348;48952;24654;2;11
126325;-172624;48855;26075;1;11
115871;-185105;48201;25294;2;11
119930;-182084;48455;25483;1;11
105752;-174468;47569;25959;8;11
107677;-172367;47689;26091;4;11
114327;-178926;48105;25681;8;11
111616;-166218;47936;26475;4;11
114607;-178142;48122;25730;4;11
111484;-168470;47927;26334;8;11
109621;-174618;47811;25950;4;11
108916;-176498;47767;25832;4;11
112914;-169939;48017;26242;2;11
106493;-172692;47615;26070;8;11
108829;-168743;47761;26317;1;11
109736;-167819;47818;26375;4;11
111269;-168669;47914;26322;4;11
112257;-170416;47976;26213;1;11
123902;-181356;48703;25529;8;11
109977;-169399;47833;26276;2;11
123153;-193648;48657;24761;2;11
112182;-168284;47971;26346;1;11
105805;-172625;47572;26074;4;11
116774;-184251;48258;25348;1;11
110332;-168957;47855;26304;8;11
109116;-176619;47779;25825;1;11
106034;-174054;47587;25985;2;11
118702;-171860;48378;26122;8;11
117161;-183077;48282;25421;8;11
115353;-182858;48169;25435;4;11
118951;-167520;48394;26394;1;11
125987;-172820;48834;26062;4;11
126927;-176366;48892;25841;4;11
115985;-180406;48209;25588;1;11
109220;-169032;47786;26299;1;11
106448;-175513;47613;25894;1;11
108717;-175932;47754;25868;1;11
106480;-175737;47615;25880;4;11
110388;-167929;47859;26368;4;11
109936;-164894;47831;26558;1;11
116085;-178628;48215;25699;4;11
117187;-166349;48284;26467;8;11
110064;-165621;47839;26512;8;11
115199;-179294;48159;25658;8;11
123164;-175039;48657;25924;1;11
113379;-169585;48046;26264;2;11
112245;-169685;47975;26258;1;11
107079;-165294;47652;26533;4;11
112286;-170718;47977;26194;8;11
107158;-174172;47657;25978;4;11
123633;-181591;48687;25514;8;11
124775;-173654;48758;26010;1;11
114678;-178963;48127;25678;2;11
109772;-177013;47820;25800;8;11
107536;-176883;47681;25808;8;11
116158;-180096;48219;25608;4;11
115927;-177559;48205;25766;8;11
108721;-168915;47755;26306;2;11
111999;-168215;47959;26350;8;11
110229;-169783;47849;26252;1;11
119314;-181870;48417;25497;8;11
119939;-168474;48456;26334;1;11
109059;-169538;47776;26267;1;11
123666;-174288;48689;25971;1;11
117772;-182726;48320;25443;2;11
113373;-170945;48045;26179;1;11
115693;-182441;48190;25461;2;11
105728;-172595;47568;26076;4;11
110462;-164885;47863;26558;1;11
111628;-167851;47936;26373;8;11
109468;-168790;47801;26314;8;11
114753;-179979;48132;25615;1;11
119187;-182025;48409;25487;1;11
125259;-173377;48788;26027;2;11
116790;-183919;48259;25369;2;11
110580;-169087;47871;26296;8;11
111244;-169093;47912;26295;2;11
111440;-168270;47925;26347;8;11
106551;-172788;47619;26064;2;11
109043;-168398;47775;26339;1;11
106575;-175583;47620;25890;1;11
115079;-180001;48152;25613;1;11
118822;-168779;48386;26315;8;11
109611;-167722;47810;26381;2;11
113247;-169145;48037;26292;8;11
125840;-172865;48825;26059;1;11
121188;-188655;48534;25073;4;11
106296;-176699;47603;25820;8;11
111600;-170377;47935;26215;4;11
108967;-170051;47770;26235;2;11
123510;-175206;48679;25913;8;11
123930;-174092;48705;25983;4;11
111903;-168054;47953;26360;2;11
118294;-171484;48353;26146;2;11
123477;-175069;48677;25922;4;11
112297;-168703;47978;26320;8;11
114477;-178854;48114;25685;1;11
112172;-167146;47970;26417;1;11
107192;-172731;47659;26068;2;11
110844;-169619;47887;26262;4;11
109385;-171132;47796;26168;4;11
109857;-171097;47826;26170;2;11
116923;-179033;48267;25674;8;11
114756;-178946;48132;25679;2;11
124041;-173460;48712;26022;4;11
108611;-165206;47748;26538;1;11
110679;-167513;47877;26394;8;11
116769;-178673;48258;25696;2;11
108676;-173892;47752;25995;8;11
111253;-167314;47913;26406;4;11
121674;-168323;48564;26343;2;11
114844;-177573;48137;25765;1;11
108261;-176360;47726;25841;1;11
125027;-173511;48774;26019;1;11
109364;-168278;47795;26346;2;11
116047;-180366;48212;25591;4;11
106420;-172826;47611;26062;1;11
117423;-179034;48298;25674;8;11
120867;-188918;48514;25056;2;11
111265;-166449;47914;26460;8;11
109372;-165094;47795;26545;8;11
111355;-167777;47919;26377;2;11
107494;-176980;47678;25802;4;11
109553;-168532;47807;26330;1;11
114823;-179356;48136;25654;8;11
112484;-175091;47990;25920;4;11
120827;-188153;48511;25104;4;11
110963;-169428;47895;26274;1;11
117108;-180242;48279;25598;2;11
117216;-183084;48286;25421;8;11
121116;-188360;48529;25091;8;11
107809;-165474;47698;26521;2;11
108234;-174368;47724;25966;1;11
108152;-176534;47719;25830;8;11
119350;-168483;48419;26333;2;11
125635;-172442;48812;26086;4;11
112410;-170952;47985;26179;4;11
106506;-177043;47616;25798;1;11
113233;-169978;48037;26240;1;11
115325;-182620;48167;25450;8;11
105836;-174595;47574;25951;8;11
123574;-174457;48683;25960;4;11
117645;-182424;48312;25462;8;11
120504;-188734;48491;25068;4;11
105968;-174779;47583;25940;8;11
117676;-182226;48314;25474;2;11
126893;-175648;48890;25886;8;11
115964;-183620;48207;25387;2;11
110849;-167858;47888;26372;1;11
106532;-173779;47618;26002;1;11
119286;-168356;48415;26341;4;11
118687;-172069;48377;26109;2;11
113202;-169670;48035;26259;8;11
109625;-169882;47811;26246;8;11
106624;-177104;47624;25795;1;11
111916;-168958;47954;26304;8;11
110124;-165381;47842;26527;8;11
109837;-169653;47824;26260;2;11
111848;-167576;47950;26390;1;11
115623;-181202;48186;25538;2;11
115604;-180989;48185;25552;8;11
109084;-176436;47777;25836;2;11
120466;-188638;48489;25074;2;11
108840;-169905;47762;26244;8;11
112791;-169868;48009;26247;2;11
116216;-185275;48223;25284;8;11
109961;-167909;47832;26369;1;11
119042;-168602;48400;26326;8;11
124698;-174159;48753;25979;1;11
110724;-167840;47880;26374;8;11
106788;-177036;47634;25799;8;11
116290;-177399;48228;25776;4;11
105828;-175250;47574;25910;8;11
113562;-171073;48057;26171;4;11
108805;-168003;47760;26363;4;11
119688;-168507;48440;26332;2;11
113057;-170268;48026;26222;1;11
108941;-175504;47768;25895;8;11
108987;-167651;47771;26385;4;11
110830;-171022;47886;26175;1;11
109502;-176978;47803;25802;8;11
111202;-169915;47910;26244;1;11
118886;-168071;48390;26359;4;11
106933;-177038;47643;25799;2;11
114977;-176863;48146;25810;1;11
115825;-181256;48199;25535;1;11
125830;-173057;48824;26047;1;11
110593;-167461;47872;26397;2;11
116269;-178200;48226;25726;1;11
110458;-165054;47863;26548;4;11
108336;-165748;47731;26504;1;11
111085;-168767;47902;26316;8;11
119374;-166960;48420;26429;1;11
115956;-183531;48207;25393;4;11
107546;-177091;47681;25795;1;11
109347;-175788;47794;25877;4;11
107641;-165337;47687;26530;2;11
123782;-174018;48696;25987;2;11
107892;-165263;47703;26535;2;11
108200;-165115;47722;26544;8;11
105562;-172549;47557;26079;8;11
109254;-176842;47788;25811;2;11
115311;-184069;48166;25359;8;11
123399;-181566;48672;25516;4;11
111853;-167593;47950;26389;1;11
107639;-176771;47687;25815;8;11
110003;-167906;47835;26369;1;11
110294;-167536;47853;26393;1;11
110982;-170681;47896;26196;4;11
110184;-165197;47846;26539;1;11
111200;-167069;47910;26422;4;11
110968;-167955;47895;26366;1;11
115097;-179235;48153;25661;4;11
105798;-174966;47572;25928;8;11
106498;-175638;47616;25886;2;11
123617;-174373;48686;25965;8;11
117285;-179086;48290;25671;2;11
111056;-169420;47901;26275;1;11
106248;-173140;47600;26042;2;11
115296;-182682;48166;25446;1;11
109792;-165093;47822;26545;1;11
119313;-182207;48417;25476;1;11
106469;-175150;47614;25917;1;11
111962;-168482;47957;26333;4;11
112616;-169958;47998;26241;4;11
123785;-182185;48696;25477;1;11
123871;-182044;48701;25486;4;11
118762;-171992;48382;26114;2;11
117181;-180243;48283;25598;2;11
116042;-178553;48212;25704;1;11
125326;-173396;48792;26026;1;11
109757;-167644;47819;26386;2;11
110606;-167144;47872;26417;8;11
110429;-169405;47861;26276;4;11
121388;-168441;48546;26336;1;11
110342;-170934;47856;26180;4;11
112096;-170761;47966;26191;8;11
118489;-171291;48365;26158;2;11
105734;-173444;47568;26023;8;11
112380;-170566;47983;26203;2;11
112093;-169016;47965;26300;8;11
117408;-181675;48298;25509;2;11
123348;-175055;48669;25923;2;11
112531;-170377;47993;26215;1;11
106543;-175525;47618;25893;4;11
107324;-165284;47667;26533;1;11
108800;-164928;47760;26556;8;11
111912;-170024;47954;26237;1;11
109253;-165525;47788;26518;4;11
110006;-165589;47835;26514;2;11
113087;-170820;48027;26187;2;11
114725;-180104;48130;25607;8;11
110425;-167873;47861;26371;1;11
109997;-165606;47834;26513;2;11
123558;-174526;48682;25956;2;11
111808;-170564;47948;26203;2;11
110988;-169775;47896;26253;1;11
109698;-170343;47816;26217;2;11
110080;-170990;47840;26177;8;11
120782;-168513;48508;26331;8;11
116086;-181104;48215;25545;8;11
115341;-182583;48168;25452;1;11
109751;-170003;47819;26238;1;11
111840;-168995;47950;26301;2;11
119975;-182034;48458;25486;1;11
111550;-168588;47931;26327;4;11
112992;-169849;48022;26248;4;11
115283;-182798;48165;25439;2;11
111081;-166457;47902;26460;4;11
105940;-173831;47581;25999;1;11
123731;-182302;48693;25470;1;11
107568;-172500;47683;26082;1;11
110552;-170291;47869;26220;8;11
105368;-172419;47545;26087;4;11
111224;-167235;47911;26411;1;11
114477;-178431;48114;25712;2;11
110729;-168861;47880;26310;1;11
115823;-177369;48198;25778;2;11
106433;-172730;47612;26068;8;11
110962;-168388;47895;26339;8;11
111666;-169289;47939;26283;8;11
106583;-173426;47621;26024;1;11
114547;-178999;48119;25676;1;11
112206;-167280;47972;26409;2;11
109711;-174719;47816;25944;4;11
106754;-176044;47632;25861;8;11
109406;-168216;47797;26350;2;11
107975;-164889;47708;26558;2;11
113518;-170663;48054;26197;2;11
120825;-193498;48511;24770;4;11
111379;-170475;47921;26209;4;11
109500;-169499;47803;26270;2;11
120690;-188546;48503;25079;8;11
123300;-174644;48666;25948;8;11
110490;-168883;47865;26308;4;11
109705;-168446;47816;26336;1;11
115962;-182037;48207;25486;1;11
120761;-188497;48507;25082;2;11
108899;-170267;47766;26222;1;11
108881;-170122;47765;26231;1;11
116871;-184055;48264;25360;8;11
109445;-167855;47800;26373;2;11
110266;-167693;47851;26383;2;11
108743;-176068;47756;25859;1;11
108644;-165599;47750;26514;8;11
115904;-177944;48204;25742;1;11
110402;-165036;47860;26549;2;11
117779;-182737;48321;25442;2;11
115820;-177474;48198;25771;8;11
123250;-166938;48663;26430;1;11
117370;-182828;48295;25437;4;11
110215;-167655;47848;26385;4;11
121173;-188286;48533;25096;4;11
111240;-170405;47912;26213;8;11
106512;-175138;47617;25917;2;11
111259;-166348;47913;26467;2;11
106918;-172449;47642;26085;8;11
111729;-170319;47943;26219;2;11
124740;-173056;48756;26048;2;11
115137;-179348;48156;25654;8;11
108463;-165517;47738;26519;4;11
110485;-168475;47865;26334;2;11
121507;-168576;48554;26328;4;11
123678;-181728;48689;25506;2;11
110733;-168180;47880;26352;8;11
117884;-182584;48327;25452;1;11
112600;-174832;47997;25937;8;11
106156;-175748;47594;25879;8;11
112468;-167155;47989;26416;8;11
115375;-176827;48170;25812;4;11
112493;-167653;47990;26385;4;11
115518;-177592;48179;25764;4;11
109087;-175623;47777;25887;1;11
123917;-173570;48704;26015;2;11
117003;-178807;48272;25688;2;11
125310;-173393;48791;26026;1;11
115730;-177357;48193;25779;8;11
115709;-183325;48191;25406;8;11
109227;-165617;47786;26512;2;11
109438;-175588;47799;25889;8;11
111068;-170307;47901;26219;1;11
113770;-170231;48070;26224;4;11
110631;-170948;47874;26179;4;11
110993;-171044;47897;26173;2;11
110752;-170373;47882;26215;4;11
112349;-167889;47981;26370;1;11
110036;-169825;47837;26249;4;11
114635;-177683;48124;25758;8;11
110618;-168138;47873;26355;1;11
123787;-173856;48696;25998;2;11
107857;-165594;47701;26514;2;11
110610;-168994;47873;26301;4;11
111071;-167939;47901;26367;1;11
109886;-169850;47827;26248;1;11
106023;-172583;47586;26077;1;11
109224;-168099;47786;26357;1;11
112468;-169579;47989;26265;4;11
110867;-166881;47889;26433;4;11
105609;-172777;47560;26065;2;11
109669;-164950;47814;26554;4;11
111739;-169902;47943;26245;4;11
112721;-170674;48005;26196;1;11
117237;-181494;48287;25520;2;11
107042;-173873;47650;25996;2;11
116731;-194137;48255;24730;4;11
120437;-181823;48487;25500;2;11
112317;-170591;47979;26202;1;11
112488;-169599;47990;26264;8;11
106809;-172993;47635;26051;8;11
113484;-170849;48052;26185;2;11
110701;-167575;47878;26390;2;11
120434;-168359;48487;26341;4;11
115854;-182058;48200;25485;1;11
125390;-173170;48796;26040;1;11
112208;-167921;47973;26368;8;11
112037;-170013;47962;26238;2;11
112777;-170750;48008;26192;1;11
115719;-181749;48192;25504;2;11
117159;-181699;48282;25507;4;11
119472;-168420;48427;26337;2;11
113637;-169143;48062;26292;1;11
120213;-168545;48473;26329;1;11
125156;-173500;48782;26020;1;11
106507;-175984;47616;25865;2;11
112480;-169523;47990;26268;1;11
116344;-178724;48231;25693;8;11
109227;-168065;47786;26359;4;11
110039;-170347;47837;26217;8;11
106644;-175309;47625;25907;4;11
123997;-181848;48709;25498;2;11
108235;-176403;47724;25838;4;11
111731;-170338;47943;26217;8;11
114665;-177324;48126;25781;4;11
113816;-170098;48073;26232;2;11
117147;-180413;48281;25588;4;11
125241;-172994;48787;26051;1;11
117275;-181123;48289;25543;2;11
124123;-173564;48717;26016;4;11
120753;-188245;48507;25098;2;11
109844;-170031;47825;26237;4;11
115369;-183332;48170;25405;4;11
129827;-190831;49074;24937;4;11
110185;-170143;47846;26230;1;11
111532;-167705;47930;26382;8;11
110631;-169088;47874;26296;8;11
110934;-169079;47893;26296;1;11
108580;-165597;47746;26514;1;11
117192;-181743;48284;25505;4;11
105983;-174390;47583;25964;8;11
110808;-168788;47885;26314;1;11
115720;-183583;48192;25390;4;11
108352;-173631;47732;26012;4;11
123798;-181344;48697;25530;2;11
119269;-168398;48414;26339;8;11
113092;-170701;48028;26195;1;11
117233;-166373;48287;26465;2;11
106286;-175617;47602;25887;2;11
116098;-180915;48216;25556;1;11
111683;-171048;47940;26173;4;11
117460;-181093;48301;25545;1;11
112444;-168739;47987;26317;1;11
114959;-179897;48144;25620;1;11
109132;-168375;47780;26340;1;11
123291;-174535;48665;25955;8;11
117381;-182833;48296;25436;4;11
112257;-168183;47976;26352;1;11
106234;-176246;47599;25848;1;11
106045;-173389;47587;26027;2;11
106625;-173531;47624;26018;8;11
117009;-179594;48273;25639;2;11
111155;-167462;47907;26397;8;11
117745;-182539;48319;25455;1;11
125537;-173438;48806;26024;2;11
126316;-172865;48854;26059;4;11
112305;-169649;47979;26260;8;11
115148;-180182;48156;25602;4;11
109653;-174562;47813;25953;8;11
110151;-164869;47844;26559;8;11
109136;-176517;47781;25831;8;11
106562;-173249;47620;26035;4;11
112962;-169476;48020;26271;4;11
112256;-167801;47976;26376;1;11
112335;-169132;47980;26293;4;11
110389;-164972;47859;26553;2;11
107914;-164982;47704;26552;1;11
120474;-168551;48489;26329;4;11
110177;-165571;47846;26515;8;11
124116;-174331;48717;25968;2;11
109308;-165667;47791;26509;8;11
108102;-174124;47716;25981;2;11
111450;-168891;47925;26308;4;11
123975;-182373;48708;25465;2;11
111053;-168039;47900;26361;2;11
120521;-168464;48492;26335;8;11
111862;-169324;47951;26281;4;11
105820;-173933;47573;25993;1;11
123178;-192651;48658;24823;2;11
117410;-181995;48298;25489;1;11
111380;-168951;47921;26304;8;11
115733;-181470;48193;25522;2;11
113235;-169545;48037;26267;4;11
123612;-181645;48685;25511;8;11
120099;-181697;48466;25507;4;11
126145;-172513;48844;26081;2;11
111161;-169110;47907;26294;2;11
106098;-176561;47591;25828;4;11
106258;-172581;47601;26077;1;11
124686;-173025;48752;26049;8;11
108131;-172780;47718;26065;2;11
112414;-170992;47985;26177;4;11
109804;-170276;47822;26221;8;11
106640;-175193;47625;25914;2;11
110321;-169944;47855;26242;4;11
113769;-170195;48070;26226;1;11
110163;-168314;47845;26344;8;11
116404;-178437;48235;25711;8;11
107108;-174127;47654;25981;1;11
125391;-172631;48796;26074;1;11
116994;-181139;48272;25542;2;11
116787;-183661;48259;25385;4;11
113298;-171088;48041;26171;1;11
119094;-166891;48403;26433;8;11
109250;-165689;47788;26508;4;11
109859;-169297;47826;26282;2;11
115427;-182427;48174;25462;4;11
109669;-174968;47814;25928;4;11
113744;-170713;48069;26194;1;11
125259;-172717;48788;26069;8;11
112549;-169645;47994;26261;1;11
106650;-175961;47625;25866;1;11
109912;-169540;47829;26267;2;11
111992;-170897;47959;26182;8;11
108719;-169233;47754;26286;2;11
107881;-176797;47702;25814;8;11
123993;-182173;48709;25478;2;11
111580;-169057;47933;26297;8;11
111007;-169162;47897;26291;8;11
110799;-170318;47884;26219;4;11
110753;-169656;47882;26260;8;11
110386;-170203;47859;26226;4;11
107907;-165501;47704;26520;1;11
124427;-173196;48736;26039;8;11
115317;-176786;48167;25814;1;11
108779;-168078;47758;26359;4;11
117246;-166316;48287;26469;2;11
112148;-167396;47969;26401;2;11
111213;-170319;47910;26219;2;11
117147;-181248;48281;25536;1;11
115838;-181106;48199;25544;8;11
117232;-181959;48287;25491;4;11
106076;-173872;47589;25997;2;11
114668;-179386;48126;25652;4;11
120198;-181930;48472;25493;2;11
111081;-169892;47902;26245;1;11
110497;-169078;47866;26296;8;11
111434;-166465;47924;26459;8;11
110454;-170802;47863;26188;1;11
110516;-167325;47867;26406;4;11
115328;-176887;48168;25808;2;11
110592;-170057;47872;26235;4;11
110063;-167959;47838;26366;1;11
111125;-168154;47905;26354;2;11
108870;-168096;47764;26358;2;11
123992;-174809;48709;25938;4;11
110457;-170397;47863;26214;2;11
121017;-188456;48523;25085;8;11
123566;-181510;48682;25519;8;11
114508;-178113;48116;25731;1;11
112168;-167059;47970;26422;1;11
111950;-168083;47956;26358;2;11
117458;-181479;48301;25521;8;11
110761;-169278;47882;26284;2;11
111366;-168051;47920;26360;1;11
106410;-174057;47610;25985;1;11
115352;-176649;48169;25823;8;11
109371;-175585;47795;25889;1;11
110252;-170478;47850;26209;8;11
111743;-168719;47943;26319;1;11
118206;-171433;48347;26149;1;11
111815;-167936;47948;26368;1;11
108530;-173994;47743;25989;4;11
111067;-169441;47901;26273;1;11
125274;-173523;48789;26018;8;11
111784;-170263;47946;26222;8;11
111776;-169380;47946;26277;2;11
114254;-178661;48100;25697;4;11
116240;-177693;48225;25758;4;11
125824;-172787;48824;26064;1;11
111082;-166503;47902;26457;1;11
111924;-169010;47955;26300;2;11
111940;-171122;47956;26168;4;11
120078;-168429;48464;26337;4;11
112049;-170030;47963;26237;2;11
118377;-171891;48358;26120;1;11
114931;-179335;48143;25655;4;11
108602;-174052;47747;25985;1;11
109514;-168064;47804;26360;2;11
110808;-167765;47885;26378;1;11
110111;-170611;47841;26200;4;11
119428;-168640;48424;26324;8;11
119930;-168626;48455;26324;4;11
117294;-180382;48290;25590;8;11
109415;-165126;47798;26543;8;11
107886;-172866;47702;26059;1;11
110841;-170866;47887;26184;8;11
111983;-171126;47958;26168;1;11
110024;-165544;47836;26517;1;11
110023;-168107;47836;26357;1;11
121153;-168415;48532;26338;1;11
112458;-171043;47988;26173;1;11
110679;-169686;47877;26258;1;11
110987;-166525;47896;26456;1;11
125826;-173065;48824;26047;1;11
116269;-184188;48226;25352;8;11
117047;-179572;48275;25640;2;11
113560;-169585;48057;26264;2;11
116243;-184241;48225;25348;4;11
112171;-167289;47970;26408;2;11
112321;-171054;47980;26173;2;11
109339;-165575;47793;26515;8;11
111597;-169147;47934;26292;8;11
123460;-181290;48676;25533;1;11
111128;-168176;47905;26353;2;11
106620;-175065;47623;25922;2;11
107948;-174151;47706;25979;4;11
118638;-168183;48374;26352;8;11
113433;-171065;48049;26172;4;11
108870;-168723;47764;26318;2;11
111027;-168839;47899;26311;4;11
110927;-170346;47892;26217;4;11
112205;-170173;47972;26228;8;11
107710;-165479;47691;26521;8;11
106400;-172996;47610;26051;1;11
107902;-172566;47703;26078;2;11
116398;-184318;48234;25344;4;11
126207;-172701;48847;26070;2;11
112899;-171008;48016;26176;4;11
108553;-165510;47744;26519;2;11
125233;-172752;48787;26067;1;11
110784;-169803;47884;26251;2;11
110904;-170687;47891;26196;8;11
108823;-170488;47761;26208;8;11
108871;-167439;47764;26399;4;11
123274;-167003;48664;26426;1;11
113427;-169696;48049;26258;8;11
112442;-175051;47987;25923;2;11
109350;-169656;47794;26260;4;11
106940;-174057;47643;25985;2;11
113530;-170826;48055;26187;1;11
115999;-178200;48209;25726;2;11
108782;-176480;47758;25834;4;11
117782;-182248;48321;25473;1;11
120776;-168306;48508;26344;1;11
114292;-178395;48103;25714;4;11
108747;-170254;47756;26223;2;11
110536;-170243;47868;26223;2;11
115918;-181609;48204;25513;4;11
123688;-182093;48690;25483;2;11
106412;-175688;47610;25883;2;11
113329;-169874;48043;26246;4;11
115244;-176844;48162;25811;1;11
109069;-168971;47776;26303;4;11
116330;-178798;48230;25689;1;11
110263;-165197;47851;26539;1;11
123184;-193524;48659;24768;1;11
109117;-169914;47779;26244;2;11
117218;-183533;48286;25393;8;11
117446;-183129;48300;25418;8;11
111804;-166785;47947;26439;4;11
116922;-179337;48267;25655;1;11
119919;-181373;48454;25528;2;11
112292;-167687;47978;26383;4;11
123651;-181159;48688;25541;1;11
120909;-168320;48516;26344;4;11
110045;-169316;47837;26281;1;11
111058;-168292;47901;26345;1;11
115465;-177742;48176;25755;1;11
110873;-170677;47889;26196;4;11
108741;-170438;47756;26211;2;11
112156;-170529;47969;26205;8;11
121055;-188210;48525;25100;8;11
109171;-167687;47783;26383;8;11
113372;-169231;48045;26287;1;11
108859;-173992;47763;25989;8;11
113874;-169867;48077;26247;4;11
106470;-175741;47614;25880;8;11
125566;-172720;48807;26069;1;11
109398;-168132;47797;26355;1;11
107869;-165109;47701;26544;4;11
119880;-181272;48452;25534;8;11
120617;-187993;48498;25114;8;11
109324;-165743;47792;26505;4;11
116894;-166235;48265;26474;2;11
106095;-173940;47590;25992;8;11
117345;-180665;48294;25572;8;11
112104;-167011;47966;26425;1;11
110562;-167781;47870;26377;1;11
123471;-181592;48676;25514;2;11
115861;-178752;48201;25692;8;11
123256;-174573;48663;25953;4;11
111581;-170222;47933;26225;1;11
113648;-170350;48063;26217;1;11
123649;-174564;48688;25953;2;11
112848;-171035;48013;26174;2;11
110286;-167830;47852;26374;4;11
109659;-168897;47813;26307;2;11
118755;-172134;48382;26105;2;11
114613;-178530;48123;25705;8;11
109421;-168548;47798;26329;8;11
111048;-166558;47900;26454;2;11
108950;-170801;47769;26188;4;11
113688;-170682;48065;26196;8;11
114828;-177620;48136;25762;8;11
107633;-176260;47687;25847;4;11
109513;-170626;47804;26199;1;11
111817;-168943;47948;26305;8;11
123799;-182110;48697;25482;1;11
112689;-170023;48003;26237;1;11
109263;-176582;47788;25827;2;11
110742;-170444;47881;26211;1;11
124123;-181558;48717;25516;4;11
119272;-166848;48414;26436;8;11
123923;-173569;48705;26015;8;11
116462;-177547;48238;25767;2;11
125762;-172242;48820;26098;8;11
110398;-170344;47859;26217;8;11
128881;-194693;49015;24695;4;11
111046;-168998;47900;26301;8;11
111548;-166384;47931;26465;4;11
107885;-176578;47702;25827;1;11
113377;-169714;48046;26256;4;11
109709;-167613;47816;26388;8;11
111957;-169995;47957;26239;2;11
111840;-166925;47950;26431;4;11
123499;-181268;48678;25534;8;11
108453;-174167;47738;25978;4;11
108928;-168168;47768;26353;1;11
111267;-166305;47914;26469;8;11
113355;-171185;48044;26164;1;11
112072;-168324;47964;26343;1;11
127518;-185847;48929;25248;2;11
106484;-173846;47615;25998;2;11
124824;-172849;48761;26060;1;11
116053;-181224;48213;25537;8;11
128834;-194887;49012;24683;8;11
123652;-174597;48688;25951;1;11
109873;-168888;47827;26308;4;11
121303;-168290;48541;26345;1;11
117174;-181222;48283;25537;8;11
109936;-170442;47831;26211;4;11
109265;-169247;47789;26286;2;11
113294;-169393;48040;26276;2;11
106784;-173677;47634;26009;2;11
126258;-172885;48851;26058;2;11
106156;-173046;47594;26048;8;11
112474;-167507;47989;26394;2;11
113159;-169155;48032;26291;2;11
115714;-183902;48192;25370;1;11
124265;-173733;48726;26005;1;11
108603;-165694;47747;26508;1;11
109579;-168651;47808;26323;1;11
114983;-179404;48146;25651;4;11
123918;-174681;48704;25946;2;11
114665;-178470;48126;25709;4;11
109863;-168958;47826;26304;8;11
115988;-178500;48209;25707;4;11
111893;-168884;47953;26308;2;11
114927;-176737;48142;25817;8;11
109542;-167607;47806;26388;4;11
114691;-179399;48128;25651;8;11
106543;-175453;47618;25898;8;11
110595;-168058;47872;26360;4;11
111646;-170008;47937;26238;1;11
120168;-181836;48470;25499;8;11
123079;-175234;48652;25911;1;11
119026;-168442;48399;26336;1;11
110721;-168116;47880;26356;4;11
111803;-170302;47947;26220;1;11
110850;-169603;47888;26263;4;11
109842;-169733;47825;26255;4;11
114735;-178381;48130;25715;8;11
110501;-167180;47866;26415;8;11
112840;-170750;48012;26192;1;11
109655;-167676;47813;26384;8;11
111929;-168877;47955;26309;8;11
109184;-176658;47784;25822;1;11
111446;-168855;47925;26310;8;11
106493;-172817;47615;26062;1;11
114761;-178630;48132;25699;1;11
112060;-171068;47963;26172;1;11
113146;-171063;48031;26172;4;11
109035;-170429;47774;26212;4;11
117481;-183028;48302;25424;1;11
111138;-169314;47906;26281;1;11
107753;-165362;47694;26528;8;11
107481;-176057;47677;25860;4;11
112156;-170951;47969;26179;8;11
112038;-169223;47962;26287;1;11
116142;-177532;48218;25768;1;11
115310;-183980;48166;25365;8;11
110803;-170894;47885;26183;2;11
110407;-171115;47860;26169;2;11
111520;-169268;47930;26284;2;11
112998;-170783;48022;26190;4;11
111620;-170273;47936;26221;1;11
108686;-168989;47752;26302;8;11
115831;-182066;48199;25484;2;11
110675;-168335;47877;26343;1;11
105721;-174913;47567;25931;1;11
107252;-165444;47663;26523;1;11
123405;-181240;48672;25536;2;11
107810;-172920;47698;26056;1;11
115654;-182423;48188;25462;8;11
124622;-173934;48748;25993;8;11
112214;-168314;47973;26344;8;11
123781;-174737;48696;25942;8;11
123476;-174753;48677;25941;8;11
115786;-183500;48196;25395;1;11
117258;-180406;48288;25588;4;11
108199;-176567;47722;25828;4;11
111613;-171063;47935;26172;2;11
111860;-169663;47951;26260;1;11
110855;-168716;47888;26319;2;11
108040;-174312;47712;25969;2;11
111112;-168102;47904;26357;4;11
112475;-167125;47989;26418;8;11
123338;-174732;48668;25943;8;11
118952;-167495;48394;26395;1;11
114489;-178692;48115;25695;1;11
106265;-174714;47601;25944;8;11
112098;-168005;47966;26363;8;11
109771;-168463;47820;26335;8;11
113437;-169454;48049;26273;8;11
110271;-170240;47851;26224;4;11
109638;-165173;47812;26540;2;11
110364;-170107;47857;26232;2;11
109664;-174605;47814;25951;4;11
124747;-174026;48756;25987;1;11
109557;-175588;47807;25889;4;11
108154;-165632;47719;26512;2;11
111878;-168417;47952;26337;8;11
107884;-165098;47702;26545;4;11
112147;-168432;47969;26337;4;11
109744;-174481;47819;25958;1;11
111571;-169649;47933;26260;1;11
111787;-170795;47946;26189;2;11
123556;-182131;48682;25480;8;11
109030;-176691;47774;25820;4;11
112361;-170033;47982;26236;2;11
116836;-166294;48262;26470;4;11
123711;-174911;48691;25932;2;11
110564;-169736;47870;26255;2;11
114481;-178623;48115;25700;2;11
113076;-169480;48027;26271;8;11
123960;-173793;48707;26001;1;11
109961;-165535;47832;26518;2;11
121203;-188272;48535;25097;4;11
111951;-171073;47956;26171;2;11
108759;-173934;47757;25993;4;11
111669;-170445;47939;26211;1;11
117113;-180052;48279;25610;2;11
113268;-169876;48039;26246;1;11
116325;-177393;48230;25776;4;11
111556;-167303;47932;26407;2;11
109205;-165748;47785;26504;8;11
123360;-175193;48670;25914;1;11
112514;-174817;47992;25937;1;11
106479;-174063;47614;25985;4;11
115739;-177562;48193;25766;2;11
113186;-169091;48034;26295;1;11
109547;-168027;47806;26362;4;11
112095;-166831;47965;26437;4;11
113617;-169576;48061;26265;8;11
108590;-165509;47746;26519;4;11
115419;-184354;48173;25341;8;11
110187;-170406;47846;26213;2;11
108881;-171116;47765;26169;8;11
114738;-177350;48131;25779;1;11
124072;-181308;48714;25532;2;11
124632;-173970;48749;25990;2;11
116870;-179236;48264;25661;4;11
110793;-168346;47884;26342;2;11
111244;-169100;47912;26295;2;11
111702;-169414;47941;26275;2;11
114395;-178121;48109;25731;8;11
121033;-188460;48524;25085;8;11
127916;-195413;48954;24650;2;11
120215;-182061;48473;25485;8;11
110218;-168680;47848;26321;1;11
123182;-174765;48658;25941;1;11
117163;-183921;48282;25368;4;11
123352;-182395;48669;25464;4;11
117499;-181899;48303;25495;8;11
106269;-174605;47601;25951;1;11
113663;-170130;48063;26230;4;11
117338;-181182;48293;25540;4;11
114492;-178191;48115;25727;1;11
116719;-183670;48254;25384;1;11
109551;-169751;47806;26254;1;11
111457;-168676;47926;26321;8;11
110932;-169976;47893;26240;4;11
111555;-170831;47932;26187;8;11
112469;-168597;47989;26326;8;11
110208;-168057;47848;26360;1;11
109001;-170045;47772;26236;4;11
111010;-168280;47898;26346;8;11
115587;-177235;48184;25786;1;11
119346;-168286;48419;26346;4;11
109450;-174686;47800;25946;2;11
106492;-175122;47615;25918;8;11
111655;-168481;47938;26333;1;11
110287;-168367;47852;26341;8;11
119607;-182170;48435;25478;4;11
109346;-175575;47794;25890;2;11
116196;-178376;48222;25715;8;11
124911;-173330;48766;26030;8;11
117175;-179723;48283;25631;2;11
107200;-165457;47660;26522;1;11
111812;-169553;47948;26266;8;11
116045;-178275;48212;25721;2;11
110508;-170181;47866;26227;1;11
110085;-165021;47840;26550;1;11
108865;-169538;47764;26267;4;11
109647;-169992;47812;26239;4;11
114783;-179911;48133;25619;8;11
115816;-183060;48198;25422;2;11
111075;-166651;47902;26448;8;11
117307;-182945;48291;25429;4;11
113052;-169680;48025;26259;1;11
109662;-176823;47813;25812;1;11
112782;-169983;48008;26240;8;11
108913;-170550;47767;26204;4;11
110972;-168254;47895;26348;4;11
118620;-168738;48373;26317;1;11
120267;-181806;48476;25501;1;11
125633;-172192;48812;26102;1;11
110077;-167460;47839;26397;8;11
111997;-166595;47959;26451;1;11
111139;-170102;47906;26232;8;11
113339;-170493;48043;26208;2;11
110050;-170432;47838;26212;8;11
109363;-170701;47795;26195;8;11
107843;-165497;47700;26520;1;11
113717;-171045;48067;26173;8;11
123284;-175240;48665;25911;8;11
121201;-168309;48535;26344;2;11
112213;-170323;47973;26218;2;11
116976;-180101;48271;25607;4;11
117219;-181516;48286;25519;2;11
120810;-168293;48510;26345;4;11
125269;-173609;48789;26013;1;11
118628;-168593;48374;26326;4;11
112481;-170263;47990;26222;8;11
109837;-167798;47824;26376;4;11
111919;-167423;47954;26400;2;11
109120;-170914;47780;26181;4;11
123992;-174227;48709;25974;1;11
124412;-173457;48735;26022;4;11
108218;-176390;47723;25839;8;11
109427;-168664;47799;26322;2;11
121614;-168280;48560;26346;4;11
112356;-168716;47982;26319;8;11
106591;-172994;47621;26051;4;11
112269;-169650;47976;26260;1;11
117864;-182681;48326;25446;8;11
108450;-173633;47738;26011;4;11
109883;-170467;47827;26209;4;11
112146;-169012;47969;26300;2;11
111236;-167465;47912;26397;2;11
108015;-164906;47710;26557;2;11
112026;-166724;47961;26443;4;11
114573;-178464;48120;25710;8;11
116991;-178709;48271;25694;4;11
117101;-180847;48278;25561;4;11
116887;-166195;48265;26476;2;11
125783;-173201;48821;26038;4;11
113908;-170678;48079;26196;1;11
115411;-183282;48173;25408;2;11
119586;-168228;48434;26349;1;11
117424;-182007;48299;25488;2;11
109322;-167514;47792;26394;8;11
123953;-181742;48707;25505;2;11
115952;-177856;48207;25748;4;11
106241;-175831;47600;25874;1;11
110357;-170774;47857;26190;8;11
114818;-179951;48136;25617;8;11
124151;-182275;48719;25471;1;11
115493;-182322;48178;25468;2;11
105913;-174372;47579;25965;8;11
107252;-173911;47663;25994;2;11
110743;-169837;47881;26249;1;11
111698;-168769;47941;26315;4;11
109290;-167587;47790;26389;8;11
108811;-165169;47760;26540;8;11
123832;-174961;48699;25928;2;11
116264;-177701;48226;25757;1;11
112313;-167821;47979;26375;8;11
116132;-178709;48218;25694;8;11
105970;-173907;47583;25994;8;11
109170;-165503;47783;26520;8;11
116268;-181176;48226;25540;2;11
119511;-168243;48429;26348;2;11
123979;-181379;48708;25527;1;11
108509;-165233;47741;26536;4;11
107850;-172225;47700;26099;8;11
117262;-183542;48288;25392;8;11
105783;-174112;47571;25982;4;11
121263;-188291;48538;25095;2;11
106079;-173758;47589;26004;2;11
108867;-176568;47764;25828;4;11
107066;-172656;47651;26073;2;11
108802;-176168;47760;25853;1;11
117336;-183519;48293;25394;4;11
109842;-164927;47825;26556;4;11
111439;-170342;47924;26217;8;11
120986;-188823;48521;25062;2;11
109190;-176545;47784;25829;4;11
111729;-168337;47943;26342;2;11
123631;-174360;48686;25966;1;11
108045;-172693;47712;26070;2;11
114900;-175924;48141;25868;8;11
118940;-168454;48393;26335;4;11
115658;-183776;48188;25378;2;11
123188;-174475;48659;25959;1;11
125620;-173248;48811;26036;8;11
124336;-174155;48731;25979;1;11
112542;-170917;47993;26181;8;11
107812;-172764;47698;26066;1;11
106131;-176564;47593;25828;2;11
121437;-188463;48549;25085;1;11
111689;-170656;47940;26198;4;11
112558;-170324;47994;26218;1;11
110281;-164995;47852;26551;8;11
111745;-170162;47944;26228;1;11
109009;-169255;47773;26285;4;11
107089;-174077;47653;25984;4;11
124159;-173754;48719;26004;1;11
116054;-177769;48213;25753;8;11
110837;-170154;47887;26229;8;11
109708;-170606;47816;26201;1;11
124732;-173252;48755;26035;2;11
115724;-183780;48192;25377;4;11
110343;-167520;47856;26394;1;11
108880;-165698;47765;26507;1;11
120874;-188250;48514;25098;1;11
109329;-169641;47793;26261;4;11
107873;-176549;47702;25829;2;11
106549;-173311;47619;26032;2;11
123940;-181737;48706;25505;2;11
112775;-170414;48008;26213;1;11
111591;-168747;47934;26317;1;11
110796;-168104;47884;26357;2;11
109687;-169152;47815;26292;4;11
110239;-169828;47849;26249;1;11
111216;-167629;47911;26387;1;11
110118;-165612;47842;26513;8;11
115572;-182888;48183;25433;8;11
113222;-170984;48036;26177;4;11
111690;-168860;47940;26310;4;11
115766;-183388;48195;25402;1;11
114695;-178425;48128;25712;4;11
110185;-170786;47846;26189;1;11
113466;-169196;48051;26289;8;11
109372;-168011;47795;26363;1;11
109814;-171102;47823;26170;8;11
109461;-175512;47801;25894;8;11
113710;-169508;48066;26269;8;11
106823;-173547;47636;26017;1;11
114830;-177493;48136;25770;8;11
125322;-173274;48792;26034;4;11
124160;-173766;48720;26003;2;11
112429;-167515;47986;26394;2;11
115683;-182451;48190;25460;2;11
109482;-170979;47802;26177;4;11
115905;-183792;48204;25377;2;11
107510;-176807;47679;25813;4;11
116165;-181268;48220;25534;2;11
112265;-168884;47976;26308;4;11
111009;-166669;47898;26447;8;11
123943;-174663;48706;25947;4;11
118872;-168285;48389;26346;8;11
112316;-169483;47979;26271;1;11
107137;-174069;47656;25984;2;11
106999;-176312;47647;25844;8;11
110801;-167961;47885;26366;8;11
120891;-168286;48515;26346;2;11
111313;-166520;47917;26456;8;11
119109;-166828;48404;26437;8;11
112451;-175413;47988;25900;8;11
123887;-174228;48702;25974;8;11
114820;-177324;48136;25781;2;11
115968;-177379;48208;25777;1;11
115637;-181126;48187;25543;8;11
118598;-168522;48372;26331;8;11
116178;-181468;48221;25522;2;11
112465;-175479;47989;25896;1;11
116935;-183719;48268;25381;4;11
114958;-177295;48144;25783;1;11
108126;-164888;47717;26558;1;11
124520;-173308;48742;26032;2;11
108198;-165382;47722;26527;2;11
106614;-173254;47623;26035;8;11
124874;-173006;48764;26051;1;11
108847;-176513;47762;25831;8;11
111083;-168874;47902;26309;1;11
107699;-172030;47691;26112;4;11
115901;-178433;48203;25711;1;11
112958;-170883;48019;26183;4;11
110656;-168384;47876;26340;4;11
117362;-195606;48295;24638;1;11
115528;-177699;48180;25757;8;11
113410;-170130;48048;26230;1;11
123934;-182089;48705;25483;4;11
106215;-175181;47598;25915;2;11
115690;-183489;48190;25395;4;11
121521;-180556;48555;25579;1;11
110782;-170943;47883;26180;4;11
125585;-172674;48809;26071;4;11
112004;-169544;47960;26267;1;11
108745;-164921;47756;26556;4;11
114883;-180065;48140;25609;4;11
124712;-173104;48754;26045;2;11
109153;-167659;47782;26385;8;11
125058;-173768;48776;26003;2;11
109630;-167434;47811;26399;8;11
109607;-165740;47810;26505;1;11
111960;-169088;47957;26296;1;11
113224;-170005;48036;26238;8;11
116214;-178344;48223;25717;1;11
119820;-182141;48448;25480;4;11
124252;-173833;48725;25999;4;11
121078;-188189;48527;25102;4;11
110499;-168615;47866;26325;1;11
120986;-168217;48521;26350;2;11
109562;-170784;47807;26190;2;11
112101;-170912;47966;26182;2;11
108773;-169532;47758;26268;4;11
114397;-178801;48109;25688;4;11
107187;-176371;47659;25840;1;11
119732;-181837;48443;25499;4;11
118681;-168302;48377;26345;1;11
113391;-169266;48046;26284;4;11
106139;-172944;47593;26055;1;11
105894;-172723;47578;26068;1;11
110975;-170889;47895;26183;4;11
110006;-169054;47835;26298;8;11
116282;-177689;48227;25758;2;11
109630;-169736;47811;26255;1;11
106893;-172458;47640;26085;2;11
119931;-168620;48455;26325;1;11
111609;-167389;47935;26402;1;11
106304;-176516;47604;25831;2;11
110246;-168485;47850;26333;4;11
109702;-168482;47816;26333;4;11
125866;-173082;48826;26046;2;11
106526;-173380;47617;26027;4;11
110721;-167916;47880;26369;2;11
124191;-173935;48721;25993;4;11
112401;-169803;47985;26251;2;11
112345;-169612;47981;26263;8;11
116145;-183382;48219;25402;4;11
117248;-176520;48288;25831;4;11
111143;-167105;47906;26419;2;11
109013;-175670;47773;25884;1;11
111933;-169067;47955;26297;8;11
114982;-176644;48146;25823;2;11
118659;-192485;48376;24833;4;11
110099;-170736;47841;26193;4;11
115669;-183227;48189;25412;8;11
110914;-167134;47892;26418;8;11
108723;-169408;47755;26276;8;11