116091;-181157;48215;25541;8;9
113045;-170474;48025;26209;2;9
109143;-167938;47781;26367;4;9
109010;-168262;47773;26347;8;9
110939;-169330;47893;26280;8;9
110417;-168246;47861;26348;2;9
113365;-170684;48045;26196;1;9
123557;-182049;48682;25485;2;9
111414;-169650;47923;26260;2;9
108955;-169955;47769;26241;8;9
107933;-165344;47705;26530;2;9
119198;-168538;48409;26330;4;9
110154;-168876;47844;26309;4;9
112772;-170068;48008;26234;1;9
109328;-167885;47793;26371;2;9
111152;-168486;47907;26333;8;9
109501;-165012;47803;26550;1;9
126007;-172928;48835;26056;8;9
109254;-170053;47788;26235;4;9
111581;-168151;47933;26354;4;9
111500;-166659;47928;26447;2;9
111220;-170390;47911;26214;8;9
109306;-170392;47791;26214;4;9
111906;-167926;47954;26368;4;9
124000;-174165;48710;25978;2;9
108458;-165621;47738;26512;8;9
112201;-169287;47972;26283;2;9
120754;-188125;48507;25106;8;9
108052;-165345;47713;26529;2;9
109977;-168717;47833;26319;4;9
110064;-168011;47839;26363;8;9
109307;-168657;47791;26322;2;9
109854;-168502;47825;26332;4;9
110247;-167474;47850;26396;8;9
108822;-165053;47761;26548;4;9
112264;-168101;47976;26357;1;9
109801;-170592;47822;26202;4;9
109992;-169533;47834;26268;8;9
112080;-167673;47965;26384;2;9
111732;-169201;47943;26288;8;9
111155;-169503;47907;26270;1;9
109319;-168404;47792;26338;8;9
111650;-167811;47938;26375;4;9
109010;-168826;47773;26312;8;9
110799;-169073;47884;26296;1;9
123995;-181909;48709;25494;8;9
108985;-168393;47771;26339;1;9
110853;-170310;47888;26219;4;9
111806;-168090;47947;26358;4;9
112700;-170097;48003;26232;4;9
109057;-168350;47776;26342;8;9
108883;-167677;47765;26384;4;9
110811;-169154;47885;26291;2;9
125014;-172948;48773;26054;1;9
111001;-167400;47897;26401;4;9
111468;-168624;47926;26325;4;9
111981;-169172;47958;26290;1;9
113295;-169804;48040;26251;1;9
111247;-167834;47912;26374;1;9
110723;-170010;47880;26238;4;9
109222;-168448;47786;26336;2;9
109439;-170429;47799;26212;1;9
113140;-170461;48031;26210;4;9
109874;-169616;47827;26263;4;9
110615;-170343;47873;26217;4;9
111646;-168675;47937;26321;2;9
108370;-165628;47733;26512;8;9
109042;-170404;47775;26213;1;9
112299;-167569;47978;26390;1;9
110167;-168167;47845;26353;4;9
113233;-169544;48037;26267;2;9
111707;-168955;47941;26304;1;9
113165;-170512;48032;26207;4;9
111609;-167006;47935;26426;2;9
112067;-170134;47964;26230;2;9
111917;-167635;47954;26386;2;9
112133;-167384;47968;26402;8;9
112264;-170708;47976;26194;2;9
110269;-170779;47851;26190;2;9
111873;-167836;47952;26374;2;9
109818;-169209;47823;26288;2;9
112317;-170658;47979;26197;2;9
110538;-168296;47868;26345;2;9
109102;-168388;47778;26339;4;9
111889;-168646;47953;26323;2;9
110842;-170367;47887;26216;1;9
112292;-169798;47978;26251;4;9
109695;-169775;47815;26253;1;9
113173;-170464;48033;26210;1;9
110530;-170232;47868;26224;2;9
113527;-169726;48055;26256;8;9
112250;-169268;47975;26284;1;9
112256;-168232;47976;26349;2;9
110220;-169824;47848;26250;1;9
120909;-168370;48516;26340;4;9
109907;-167557;47829;26391;2;9
109362;-168100;47795;26357;1;9
108928;-169333;47768;26280;4;9
108066;-165037;47714;26549;2;9
109087;-169201;47777;26288;8;9
123523;-181435;48680;25524;4;9
111239;-169018;47912;26300;2;9
112364;-169919;47982;26244;4;9
109980;-170819;47833;26187;2;9
111271;-168505;47914;26332;2;9
111430;-170043;47924;26236;4;9
112465;-169674;47989;26259;1;9
108197;-174297;47722;25970;2;9
113205;-170728;48035;26193;8;9
110053;-168763;47838;26316;1;9
111588;-169307;47934;26282;8;9
108977;-168651;47771;26323;8;9
111142;-168985;47906;26302;8;9
109920;-168921;47830;26306;4;9
109921;-167812;47830;26375;1;9
111641;-170739;47937;26192;4;9
109489;-170512;47803;26207;8;9
111169;-170985;47908;26177;1;9
110896;-169754;47891;26254;2;9
109445;-168911;47800;26307;2;9
111298;-170750;47916;26192;8;9
112714;-169293;48004;26283;8;9
111851;-169051;47950;26298;1;9
108856;-168925;47763;26306;1;9
109210;-168487;47785;26333;4;9
109158;-168058;47782;26360;8;9
112369;-169882;47983;26246;8;9
111127;-170591;47905;26202;2;9
112592;-169926;47997;26243;1;9
112611;-169957;47998;26241;8;9
112206;-167457;47972;26397;4;9
109710;-165594;47816;26514;4;9
123870;-174290;48701;25970;4;9
109780;-168623;47821;26325;1;9
112274;-167452;47977;26398;1;9
111123;-168803;47905;26313;2;9
112799;-170663;48009;26197;2;9
109185;-168355;47784;26341;1;9
107422;-165286;47673;26533;1;9
110280;-167618;47852;26387;4;9
115818;-181318;48198;25531;2;9
112240;-167690;47975;26383;4;9
111831;-168329;47949;26343;1;9
110443;-169794;47862;26251;1;9
112044;-170487;47962;26208;1;9
121040;-168372;48525;26340;4;9
111775;-168650;47945;26323;4;9
110781;-167977;47883;26365;1;9
111597;-170688;47934;26196;2;9
111516;-166971;47929;26428;2;9
111080;-169791;47902;26252;2;9
109239;-169113;47787;26294;8;9
108897;-168642;47766;26323;4;9
111495;-170051;47928;26235;4;9
110125;-169917;47842;26244;2;9
112849;-169801;48013;26251;2;9
110283;-170940;47852;26180;1;9
110896;-169787;47891;26252;4;9
109004;-165113;47772;26544;2;9
110348;-170084;47856;26233;4;9
114977;-180026;48146;25612;4;9
124220;-173657;48723;26010;8;9
112252;-168529;47975;26330;1;9
124138;-174193;48718;25976;4;9
108903;-167834;47766;26374;2;9
111755;-168372;47944;26340;1;9
109191;-165554;47784;26516;8;9
109913;-167579;47829;26390;4;9
109966;-168850;47832;26310;1;9
112296;-169776;47978;26253;2;9
119679;-168559;48439;26329;1;9
109750;-167945;47819;26367;8;9
112123;-167368;47967;26403;8;9
123497;-174610;48678;25950;4;9
110015;-169936;47835;26243;4;9
111120;-170715;47905;26194;4;9
109069;-167766;47776;26378;4;9
109719;-167832;47817;26374;1;9
109979;-169724;47833;26256;1;9
111066;-166703;47901;26445;8;9
108829;-168742;47761;26317;4;9
109761;-168295;47820;26345;1;9
109818;-170880;47823;26184;4;9
111325;-170651;47917;26198;2;9
110620;-170352;47873;26217;4;9
121563;-168398;48557;26339;4;9
110899;-170621;47891;26200;2;9
110429;-167442;47861;26398;2;9
110877;-167715;47889;26381;1;9
109950;-169854;47831;26248;2;9
115109;-180015;48154;25613;1;9
109234;-168769;47787;26315;4;9
111253;-167359;47913;26404;4;9
109923;-167872;47830;26372;8;9
111423;-169768;47923;26253;8;9
111292;-167127;47915;26418;4;9
109505;-170526;47804;26206;2;9
112576;-169970;47996;26240;4;9
109159;-170022;47782;26237;4;9
115932;-181147;48205;25542;8;9
112435;-169292;47987;26283;2;9
108874;-167980;47764;26365;1;9
112106;-170900;47966;26182;4;9
123648;-181363;48688;25528;4;9
112644;-170835;48000;26186;4;9
108970;-168281;47770;26346;1;9
111297;-167287;47916;26408;1;9
110883;-170317;47890;26219;1;9
110366;-169900;47857;26245;8;9
111699;-170437;47941;26211;2;9
111043;-170694;47900;26195;8;9
110499;-170880;47866;26184;4;9
110786;-167114;47884;26419;8;9
110974;-167436;47895;26399;4;9
111193;-167402;47909;26401;8;9
109031;-170286;47774;26221;8;9
110200;-167694;47847;26383;4;9
110219;-168598;47848;26326;2;9
109320;-169522;47792;26268;2;9
109374;-168317;47795;26344;1;9
109069;-167476;47776;26396;1;9
109533;-168143;47805;26355;1;9
109062;-168817;47776;26312;4;9
123526;-174851;48680;25935;8;9
112941;-170479;48018;26209;4;9
123421;-174574;48673;25953;1;9
125123;-173540;48780;26017;8;9
111976;-168639;47958;26324;8;9
110596;-169231;47872;26287;4;9
110103;-165110;47841;26544;8;9
109435;-168872;47799;26309;8;9
110146;-168774;47844;26315;1;9
112085;-167599;47965;26389;1;9
111387;-168067;47921;26359;8;9
112761;-171007;48007;26176;8;9
107978;-165268;47708;26534;1;9
124037;-173931;48712;25993;1;9
111235;-168373;47912;26340;8;9
109162;-170002;47782;26238;4;9
110415;-168381;47860;26340;4;9
121004;-168370;48522;26340;2;9
111752;-167579;47944;26390;2;9
111172;-167157;47908;26416;2;9
110962;-167346;47895;26404;1;9
109514;-169505;47804;26269;8;9
108862;-170854;47763;26185;2;9
111786;-169626;47946;26262;8;9
109533;-168135;47805;26355;8;9
113607;-169606;48060;26263;8;9
123369;-175204;48670;25913;4;9
111181;-166945;47908;26429;4;9
112641;-169667;48000;26259;2;9
110200;-165059;47847;26547;1;9
109731;-169434;47818;26274;1;9
111587;-167990;47934;26364;1;9
109844;-169871;47825;26247;1;9
110357;-167536;47857;26393;8;9
113513;-170443;48054;26211;2;9
113271;-170553;48039;26204;1;9
111975;-168215;47958;26350;2;9
111776;-170669;47946;26197;2;9
110743;-167926;47881;26368;2;9
110485;-170363;47865;26216;8;9
106302;-172913;47603;26056;8;9
109291;-168272;47790;26347;8;9
109311;-167596;47791;26389;4;9
110444;-170343;47862;26217;4;9
109136;-165074;47781;26546;8;9
109534;-168944;47805;26305;2;9
111912;-167880;47954;26371;1;9
112657;-170883;48001;26183;2;9
112071;-168394;47964;26339;2;9
109785;-169532;47821;26268;8;9
123499;-174678;48678;25946;2;9
105537;-172563;47556;26078;2;9
110673;-169524;47877;26268;2;9
111143;-170301;47906;26220;4;9
111140;-167414;47906;26400;4;9
111460;-167945;47926;26367;1;9
113093;-170484;48028;26208;4;9
111247;-167460;47912;26397;4;9
111258;-169175;47913;26290;8;9
112114;-167473;47967;26396;1;9
111100;-170664;47903;26197;4;9
118902;-168586;48391;26327;4;9
115044;-179979;48150;25615;1;9
111804;-168987;47947;26302;4;9
113605;-169514;48060;26269;1;9
110168;-170552;47845;26204;4;9
111553;-168576;47932;26328;2;9
109945;-167560;47831;26391;1;9
111657;-168213;47938;26350;8;9
111338;-167138;47918;26417;2;9
108904;-167661;47766;26385;1;9
111288;-168890;47915;26308;8;9
109064;-176603;47776;25826;1;9
112244;-168537;47975;26330;2;9
109255;-170363;47788;26216;4;9
111235;-169887;47912;26246;2;9
112213;-168857;47973;26310;8;9
109317;-170258;47792;26222;8;9
112217;-169330;47973;26280;4;9
123974;-174161;48708;25978;4;9
111502;-167825;47928;26374;4;9
112897;-170467;48016;26209;4;9
113321;-170286;48042;26221;1;9
108914;-168811;47767;26313;4;9
113019;-170053;48023;26235;1;9
110874;-167199;47889;26414;4;9
109204;-170234;47785;26224;8;9
110025;-169307;47836;26282;1;9
123425;-174674;48674;25946;8;9
110787;-167694;47884;26383;2;9
111473;-168190;47927;26352;4;9
112190;-170279;47971;26221;1;9
107800;-165128;47697;26543;4;9
111627;-168667;47936;26322;1;9
110800;-169557;47885;26266;1;9
110860;-169110;47888;26294;2;9
113776;-170267;48071;26222;2;9
109273;-170478;47789;26209;2;9
110196;-170999;47847;26176;4;9
109600;-167739;47810;26380;4;9
110222;-170767;47848;26191;1;9
120992;-188198;48522;25101;2;9
111920;-167868;47955;26372;4;9
112266;-170117;47976;26231;2;9
109446;-170885;47800;26183;8;9
110977;-170617;47896;26200;8;9
111108;-169993;47904;26239;2;9
111882;-168897;47952;26307;8;9
111797;-168473;47947;26334;8;9
108863;-170872;47763;26184;2;9
111891;-167502;47953;26395;2;9
109838;-169878;47824;26246;2;9
120063;-168538;48463;26330;1;9
111571;-166792;47933;26439;2;9
111960;-168140;47957;26355;8;9
110480;-167523;47865;26393;2;9
109973;-169288;47833;26283;1;9
110427;-167467;47861;26397;2;9
111359;-167363;47919;26403;2;9
111178;-168459;47908;26335;8;9
123993;-174190;48709;25977;4;9
111629;-168203;47936;26351;8;9
125912;-172870;48829;26059;1;9
109376;-170234;47796;26224;8;9
113542;-169982;48056;26240;1;9
109201;-169125;47785;26293;8;9
109208;-170495;47785;26208;4;9
110071;-169016;47839;26300;2;9
111961;-167515;47957;26394;8;9
113785;-169321;48071;26281;8;9
112248;-170822;47975;26187;2;9
112649;-169522;48000;26268;1;9
110877;-167736;47889;26380;4;9
111499;-168080;47928;26359;2;9
120839;-168326;48512;26343;4;9
111349;-170021;47919;26237;1;9
112264;-168249;47976;26348;4;9
110600;-168154;47872;26354;2;9
112103;-168130;47966;26355;4;9
109500;-167473;47803;26396;8;9
110868;-170357;47889;26216;2;9
115794;-181215;48197;25538;8;9
120961;-168358;48520;26341;2;9
113709;-169918;48066;26244;2;9
108981;-168249;47771;26348;1;9
112379;-168702;47983;26320;2;9
109928;-168556;47830;26329;1;9
113165;-170337;48032;26217;1;9
111540;-170430;47931;26212;1;9
117355;-182951;48294;25429;1;9
112434;-169876;47987;26246;4;9
107953;-165160;47707;26541;4;9
123493;-174600;48678;25951;1;9
112051;-167635;47963;26386;4;9
109919;-170373;47829;26215;2;9
109274;-169917;47789;26244;2;9
109017;-169535;47773;26268;2;9
110768;-169677;47883;26259;1;9
112078;-168070;47964;26359;4;9
112095;-167354;47965;26404;8;9
109470;-169194;47801;26289;4;9
109801;-170920;47822;26181;2;9
107442;-165298;47675;26532;8;9
111018;-170708;47898;26194;4;9
110332;-165095;47855;26545;8;9
109893;-170696;47828;26195;4;9
111663;-167780;47938;26377;1;9
109049;-169858;47775;26247;4;9
111519;-168322;47929;26343;1;9
112672;-169699;48002;26257;2;9
109856;-167730;47826;26380;4;9
113401;-169493;48047;26270;1;9
111446;-168210;47925;26350;4;9
110295;-168375;47853;26340;2;9
109121;-168731;47780;26318;4;9
110773;-170384;47883;26215;4;9
109720;-167889;47817;26370;8;9
110398;-168303;47859;26345;1;9
111873;-169607;47952;26263;4;9
111508;-169813;47929;26250;4;9
111058;-170688;47901;26196;4;9
109030;-170248;47774;26223;8;9
110984;-169619;47896;26262;8;9
109213;-167785;47785;26377;8;9
124220;-174111;48723;25982;4;9
110128;-170538;47843;26205;4;9
111210;-167222;47910;26412;1;9
109386;-169475;47796;26271;1;9
111908;-167809;47954;26375;8;9
110149;-170803;47844;26188;1;9
109889;-169435;47828;26274;1;9
112319;-168776;47979;26315;1;9
112050;-168977;47963;26302;2;9
123931;-181912;48705;25494;4;9
108967;-168569;47770;26328;8;9
110023;-170936;47836;26180;1;9
108923;-176278;47767;25846;1;9
112262;-168747;47976;26317;2;9
110480;-168117;47865;26356;8;9
111310;-169277;47916;26284;1;9
109165;-168958;47782;26304;1;9
106298;-172803;47603;26063;2;9
110430;-167618;47861;26387;8;9
110073;-170707;47839;26194;8;9
124955;-173671;48769;26009;1;9
110147;-167898;47844;26370;2;9
110089;-169596;47840;26264;4;9
109672;-167572;47814;26390;8;9
108987;-167601;47771;26388;2;9
113631;-169526;48061;26268;8;9
109523;-170159;47805;26229;4;9
109933;-170515;47830;26206;4;9
109505;-167806;47804;26376;8;9
112116;-168159;47967;26354;1;9
108900;-168216;47766;26350;8;9
125572;-172421;48808;26087;1;9
109455;-170300;47800;26220;1;9
111542;-166832;47931;26437;8;9
111631;-168837;47936;26311;8;9
111555;-169224;47932;26287;4;9
111020;-167777;47898;26377;4;9
111679;-167698;47939;26382;2;9
109423;-169522;47798;26268;2;9
108958;-169955;47769;26241;2;9
110870;-169817;47889;26250;4;9
109284;-170568;47790;26203;8;9
113240;-170630;48037;26199;4;9
111948;-170507;47956;26207;2;9
109328;-168088;47793;26358;4;9
111505;-169902;47929;26245;4;9
112332;-168175;47980;26353;8;9
108878;-169530;47764;26268;4;9
110501;-170819;47866;26187;1;9
109744;-165554;47819;26516;1;9
111643;-170724;47937;26193;1;9
112635;-170766;47999;26191;2;9
109509;-170270;47804;26222;1;9
112171;-170082;47970;26233;1;9
109062;-170546;47776;26204;8;9
108879;-167561;47764;26391;1;9
110888;-170114;47890;26231;4;9
110133;-168915;47843;26306;1;9
109366;-170918;47795;26181;8;9
108899;-169404;47766;26276;2;9
111998;-170113;47959;26231;2;9
112328;-168839;47980;26311;2;9
109462;-167894;47801;26370;8;9
112024;-168857;47961;26310;8;9
120292;-168488;48478;26333;1;9
124976;-172958;48771;26054;2;9
111384;-170743;47921;26192;4;9
108918;-170612;47767;26200;2;9
109612;-167482;47810;26396;1;9
110157;-170552;47844;26204;4;9
123690;-174760;48690;25941;4;9
112014;-170357;47960;26216;4;9
112847;-170878;48012;26184;2;9
109723;-168141;47817;26355;8;9
111417;-167156;47923;26416;4;9
109542;-169720;47806;26256;1;9
112319;-170084;47979;26233;8;9
123919;-174142;48704;25980;4;9
110116;-169590;47842;26264;4;9
112018;-168695;47961;26320;8;9
111506;-169682;47929;26258;4;9
111587;-169556;47934;26266;4;9
111991;-170482;47959;26208;4;9
124584;-173291;48746;26033;2;9
115943;-181172;48206;25540;4;9
108801;-169919;47760;26244;4;9
111929;-170381;47955;26215;8;9
111167;-167534;47907;26393;1;9
108842;-165038;47762;26549;8;9
109306;-170318;47791;26219;4;9
109984;-169876;47834;26246;1;9
125147;-173449;48781;26023;2;9
119673;-168568;48439;26328;2;9
109262;-168873;47788;26309;4;9
123579;-181395;48683;25526;4;9
110367;-170836;47857;26186;2;9
110565;-167812;47870;26375;2;9
109720;-169514;47817;26269;1;9
111280;-167339;47915;26405;2;9
110841;-167941;47887;26367;4;9
108968;-167829;47770;26374;2;9
110871;-167990;47889;26364;4;9
112256;-170596;47976;26201;2;9
112215;-170042;47973;26236;2;9
109901;-165530;47828;26518;1;9
109368;-167581;47795;26390;2;9
109010;-168643;47773;26323;4;9
111243;-168917;47912;26306;4;9
111573;-169658;47933;26260;1;9
109487;-170226;47802;26224;4;9
112744;-170773;48006;26190;1;9
119981;-182015;48458;25488;1;9
110872;-167962;47889;26366;8;9
123533;-181729;48680;25505;2;9
118774;-168665;48383;26322;8;9
110997;-169318;47897;26281;1;9
112173;-169144;47970;26292;1;9
111005;-169886;47897;26246;2;9
112091;-170314;47965;26219;8;9
113278;-170467;48039;26209;4;9
110355;-169864;47857;26247;1;9
110098;-168621;47841;26325;1;9
110898;-170512;47891;26207;4;9
109129;-170868;47780;26184;8;9
109452;-170633;47800;26199;2;9
121253;-188416;48538;25088;1;9
112106;-168571;47966;26328;4;9
111751;-168470;47944;26334;1;9
111041;-170517;47900;26206;4;9
113363;-170727;48045;26193;1;9
108928;-169563;47768;26266;8;9
109265;-170051;47789;26235;8;9
111154;-168665;47907;26322;2;9
112929;-170359;48018;26216;1;9
111856;-167459;47951;26397;8;9
111254;-166675;47913;26446;1;9
113050;-170934;48025;26180;4;9
109051;-168381;47775;26340;8;9
112135;-167172;47968;26415;2;9
109983;-170816;47833;26188;8;9
111416;-170740;47923;26192;8;9
111111;-169023;47904;26300;8;9
111261;-169858;47913;26247;8;9
110919;-167289;47892;26408;2;9
112586;-170894;47996;26183;1;9
109136;-168471;47781;26334;8;9
105886;-173748;47577;26004;4;9
110043;-170866;47837;26184;2;9
109902;-165052;47828;26548;2;9
111569;-166826;47933;26437;1;9
108856;-170569;47763;26203;8;9
111445;-169933;47925;26243;4;9
113523;-170709;48055;26194;4;9
110009;-167626;47835;26387;2;9
109047;-168379;47775;26340;8;9
115029;-180025;48149;25612;4;9
119850;-168517;48450;26331;4;9
110745;-169140;47881;26292;8;9
113288;-169636;48040;26261;4;9
112002;-170130;47960;26230;8;9
112883;-169641;48015;26261;8;9
120400;-168513;48485;26331;8;9
112439;-169724;47987;26256;8;9
109635;-168493;47812;26333;1;9
112371;-167569;47983;26390;4;9
123552;-181934;48682;25493;8;9
112056;-168384;47963;26340;2;9
109303;-170449;47791;26210;1;9
109030;-167815;47774;26375;8;9
111608;-168743;47935;26317;4;9
115812;-181195;48198;25539;2;9
113203;-169488;48035;26271;8;9
111746;-169517;47944;26269;8;9
109035;-168637;47774;26324;2;9
109024;-169253;47774;26285;2;9
111796;-168264;47947;26347;4;9
111291;-168313;47915;26344;2;9
111913;-168511;47954;26332;4;9
111551;-167105;47931;26419;4;9
109789;-167446;47821;26398;8;9
123613;-182058;48685;25485;8;9
111945;-169001;47956;26301;4;9
111691;-169594;47940;26264;8;9
109542;-170889;47806;26183;2;9
112063;-170278;47963;26221;1;9
110001;-169572;47835;26265;1;9
110011;-169119;47835;26294;1;9
111765;-167917;47945;26369;2;9
112714;-169701;48004;26257;1;9
111316;-167368;47917;26403;2;9
112358;-168917;47982;26306;8;9
109831;-169727;47824;26256;8;9
109489;-167425;47803;26399;2;9
118797;-168660;48384;26322;4;9
112128;-167094;47968;26420;8;9
110836;-169718;47887;26256;2;9
112156;-167124;47969;26418;8;9
108337;-165626;47731;26512;8;9
109660;-167754;47813;26379;1;9
111194;-168514;47909;26331;1;9
117297;-179846;48291;25623;1;9
107415;-165368;47673;26528;2;9
110125;-170723;47842;26193;1;9
109158;-167443;47782;26398;4;9
108539;-165541;47743;26517;4;9
111908;-166972;47954;26428;2;9
112638;-170038;47999;26236;8;9
115820;-183442;48198;25398;4;9
112278;-168480;47977;26334;8;9
112102;-170249;47966;26223;2;9
125726;-173053;48817;26048;1;9
111643;-169735;47937;26255;2;9
111619;-168914;47936;26306;1;9
109171;-170746;47783;26192;8;9
123661;-181322;48688;25531;4;9
113278;-170495;48039;26208;1;9
110364;-167472;47857;26397;4;9
110086;-169502;47840;26270;8;9
112239;-167796;47974;26376;4;9
109589;-170489;47809;26208;2;9
123284;-175186;48665;25914;8;9
110776;-167978;47883;26365;8;9
110770;-168124;47883;26356;4;9
112268;-170082;47976;26233;4;9
111470;-170399;47926;26214;1;9
113137;-170990;48031;26177;4;9
110678;-169315;47877;26281;4;9
112742;-170981;48006;26177;2;9
109123;-170501;47780;26207;1;9
116185;-177333;48221;25780;2;9
111634;-169740;47937;26255;4;9
109635;-169702;47812;26257;8;9
109060;-170064;47776;26235;1;9
109827;-168111;47824;26357;4;9
109679;-165111;47814;26544;8;9
111094;-169225;47903;26287;8;9
108919;-165111;47767;26544;1;9
112234;-168385;47974;26339;2;9
111417;-167329;47923;26405;2;9
112328;-168624;47980;26325;2;9
111129;-169896;47905;26245;1;9
109699;-169713;47816;26256;8;9
113290;-169552;48040;26267;8;9
117357;-179939;48294;25617;8;9
112343;-169751;47981;26254;1;9
111232;-167356;47912;26404;8;9
109001;-168053;47772;26360;4;9
110736;-167686;47881;26383;1;9
113691;-169615;48065;26263;8;9
113149;-170333;48031;26218;8;9
109605;-170991;47810;26177;2;9
109748;-169037;47819;26299;8;9
109755;-168611;47819;26325;8;9
109041;-168005;47775;26363;4;9
108867;-168622;47764;26325;4;9
111388;-169785;47921;26252;4;9
109091;-170029;47778;26237;8;9
111248;-170516;47913;26206;1;9
105558;-172650;47557;26073;8;9
111229;-167634;47911;26386;4;9
125480;-172573;48802;26078;4;9
111442;-168712;47925;26319;8;9
112195;-169873;47972;26246;2;9
111325;-167117;47917;26419;4;9
108997;-169951;47772;26242;2;9
110619;-167766;47873;26378;1;9
123521;-182197;48680;25476;8;9
111506;-166653;47929;26448;4;9
112737;-170913;48006;26181;8;9
109588;-165572;47809;26515;4;9
125897;-172898;48828;26057;4;9
119114;-168496;48404;26333;1;9
124668;-173406;48751;26026;8;9
110537;-170792;47868;26189;8;9
121226;-188299;48536;25095;8;9
108769;-165561;47758;26516;8;9
109957;-169444;47832;26273;4;9
115768;-181359;48195;25529;8;9
109939;-170853;47831;26185;4;9
111417;-168577;47923;26327;2;9
110958;-167594;47894;26389;2;9
110045;-167801;47837;26376;8;9
109317;-168412;47792;26338;8;9
111911;-169662;47954;26260;4;9
110169;-168461;47845;26335;2;9
108813;-169268;47760;26284;2;9
109653;-169788;47813;26252;8;9
109253;-165042;47788;26548;1;9
110020;-167543;47836;26392;4;9
112714;-170998;48004;26176;8;9
109370;-176794;47795;25814;4;9
109650;-169638;47813;26261;4;9
110464;-169977;47864;26240;4;9
108841;-170089;47762;26233;8;9
119107;-168695;48404;26320;4;9
109102;-167514;47778;26394;1;9
107670;-165325;47689;26531;4;9
112490;-170123;47990;26231;1;9
113360;-170649;48045;26198;8;9
109150;-165608;47781;26513;8;9
112360;-168350;47982;26342;4;9
111223;-168387;47911;26339;1;9
110010;-170845;47835;26186;8;9
111275;-168395;47914;26339;2;9
112259;-168094;47976;26358;4;9
108855;-169875;47763;26246;4;9
108964;-170475;47770;26209;4;9
109496;-170678;47803;26196;4;9
116159;-177728;48219;25756;2;9
109132;-170002;47780;26238;8;9
110533;-168324;47868;26343;4;9
106438;-172888;47612;26058;4;9
111722;-169891;47942;26245;4;9
119923;-168456;48455;26335;4;9
109396;-170043;47797;26236;4;9
111310;-168744;47916;26317;4;9
109483;-168729;47802;26318;1;9
110131;-169964;47843;26241;8;9
123364;-175173;48670;25915;8;9
111271;-168275;47914;26346;1;9
111756;-168698;47944;26320;8;9
111543;-167957;47931;26366;8;9
109499;-170752;47803;26192;1;9
112724;-169737;48005;26255;1;9
109459;-170759;47801;26191;2;9
113558;-170016;48057;26238;1;9
110188;-169047;47846;26298;2;9
108861;-169916;47763;26244;4;9
109692;-168779;47815;26315;8;9
111429;-170010;47924;26238;4;9
109606;-167564;47810;26391;8;9
109662;-169426;47813;26274;4;9
112249;-168720;47975;26319;2;9
105947;-173793;47581;26001;2;9
109205;-170381;47785;26215;1;9
125035;-173626;48774;26012;2;9
124734;-173256;48755;26035;4;9
109974;-168796;47833;26314;8;9
108987;-167483;47771;26396;2;9
109062;-170756;47776;26191;1;9
115904;-181130;48204;25543;2;9
114987;-180066;48146;25609;4;9
110154;-168602;47844;26326;4;9
113258;-170943;48038;26180;4;9
113219;-170724;48036;26193;8;9
109781;-169805;47821;26251;4;9
109301;-170442;47791;26211;1;9
125570;-173148;48808;26042;4;9
108197;-174255;47722;25973;4;9
110421;-170052;47861;26235;8;9
112178;-170296;47971;26220;2;9
111314;-166779;47917;26440;1;9
109801;-167454;47822;26398;1;9
109876;-170682;47827;26196;1;9
111136;-166973;47906;26428;1;9
108114;-165181;47717;26540;8;9
112579;-169580;47996;26265;1;9
108891;-170817;47765;26187;2;9
110909;-169005;47891;26301;8;9
110576;-168225;47871;26349;1;9
112540;-169749;47993;26254;8;9
111663;-168844;47938;26311;4;9
110611;-168100;47873;26357;8;9
108984;-170143;47771;26230;8;9
111907;-167776;47954;26378;1;9
124672;-173284;48752;26033;8;9
111397;-166783;47922;26440;2;9
108213;-174302;47723;25970;1;9
109194;-168679;47784;26321;4;9
112210;-170867;47973;26184;8;9
108994;-170739;47772;26192;1;9
109236;-169172;47787;26290;1;9
112273;-168015;47977;26363;8;9
109235;-170281;47787;26221;8;9
111557;-167001;47932;26426;4;9
112817;-170036;48011;26236;8;9
109383;-168340;47796;26342;4;9
116041;-181131;48212;25543;8;9
112848;-170637;48013;26199;2;9
108854;-167864;47763;26372;2;9
111281;-167888;47915;26371;2;9
120810;-188094;48510;25108;2;9
112178;-169920;47971;26244;1;9
109896;-170605;47828;26201;1;9
108821;-165038;47761;26549;2;9
109873;-170587;47827;26202;2;9
109855;-170417;47825;26212;2;9
110769;-168984;47883;26302;4;9
111113;-169051;47904;26298;1;9
109054;-169371;47775;26278;4;9
110511;-168070;47866;26359;2;9
112965;-170984;48020;26177;2;9
107899;-172571;47703;26078;8;9
109367;-170462;47795;26210;8;9
111613;-168760;47935;26316;1;9
110416;-170123;47861;26231;1;9
111405;-169744;47922;26255;1;9
110826;-168187;47886;26352;8;9
119655;-168538;48438;26330;8;9
110048;-165000;47838;26551;8;9
109642;-169298;47812;26282;8;9
109256;-169911;47788;26244;8;9
124523;-173413;48742;26025;2;9
109612;-168807;47810;26313;2;9
111454;-169712;47925;26257;8;9
108857;-169517;47763;26269;1;9
109737;-167796;47818;26376;8;9
112323;-167888;47980;26371;8;9
112496;-170968;47991;26178;1;9
110405;-169899;47860;26245;2;9
112079;-170260;47964;26222;2;9
110117;-167441;47842;26398;2;9
112990;-170996;48021;26176;4;9
110506;-168632;47866;26324;8;9
111183;-166962;47908;26428;1;9
111316;-167273;47917;26409;2;9
110072;-168180;47839;26352;1;9
111521;-170463;47930;26210;1;9
124064;-173898;48714;25995;2;9
111755;-168540;47944;26330;8;9
125113;-172839;48779;26061;2;9
109307;-170195;47791;26226;2;9
109389;-168224;47796;26350;4;9
108942;-170887;47768;26183;8;9
111007;-167583;47897;26390;1;9
112126;-169162;47967;26291;2;9
109612;-169296;47810;26283;8;9
110040;-170856;47837;26185;4;9
112265;-168021;47976;26362;2;9
111937;-169149;47956;26292;8;9
110729;-169611;47880;26263;8;9
109252;-167712;47788;26382;2;9
111711;-168619;47941;26325;4;9
108882;-168349;47765;26342;1;9
111395;-169514;47922;26269;2;9
113780;-169577;48071;26265;4;9
111315;-167531;47917;26393;1;9
109737;-167504;47818;26395;8;9
113769;-169646;48070;26261;2;9
125637;-173134;48812;26043;1;9
110445;-167486;47862;26396;8;9
109362;-170527;47795;26206;1;9
110223;-168371;47848;26340;4;9
110931;-170546;47893;26204;8;9
111416;-169750;47923;26254;8;9
111368;-168148;47920;26354;2;9
124990;-173691;48771;26008;8;9
124175;-174185;48720;25977;1;9
110252;-165110;47850;26544;4;9
109641;-169212;47812;26288;8;9
120265;-168455;48476;26335;4;9
111523;-169846;47930;26248;1;9
109651;-169152;47813;26292;1;9
110463;-170814;47863;26188;8;9
110974;-167507;47895;26394;8;9
111873;-166922;47952;26431;8;9
111083;-169872;47902;26247;2;9
110238;-168951;47849;26304;4;9
108070;-165592;47714;26514;8;9
109844;-169912;47825;26244;1;9
111689;-167396;47940;26401;1;9
112156;-168568;47969;26328;2;9
126130;-172730;48843;26068;4;9
111650;-169000;47938;26301;2;9
123973;-181682;48708;25508;1;9
116013;-181205;48210;25538;2;9
109639;-169232;47812;26287;8;9
121234;-188366;48537;25091;2;9
113593;-169276;48059;26284;1;9
108049;-165368;47713;26528;4;9
112180;-168621;47971;26325;1;9
111235;-169899;47912;26245;2;9
114525;-178433;48117;25711;4;9
123753;-174408;48694;25963;8;9
123964;-181545;48707;25517;4;9
111280;-168342;47915;26342;1;9
126177;-172681;48846;26071;1;9
113152;-170330;48032;26218;1;9
109569;-169724;47808;26256;1;9
114514;-178558;48117;25704;8;9
109510;-169533;47804;26268;4;9
109303;-169860;47791;26247;2;9
119630;-181917;48436;25494;4;9
110051;-170976;47838;26178;4;9
113129;-169308;48030;26282;1;9
113004;-169293;48022;26283;1;9
107808;-172559;47698;26079;2;9
109737;-170886;47818;26183;8;9
110798;-168140;47884;26355;1;9
113724;-169332;48067;26280;2;9
110974;-167378;47895;26402;8;9
111932;-169644;47955;26261;2;9
109171;-168365;47783;26341;4;9
110246;-168487;47850;26333;8;9
111359;-168717;47919;26319;8;9
110869;-169095;47889;26295;4;9
109526;-170203;47805;26226;4;9
123620;-181639;48686;25511;4;9
113371;-169816;48045;26250;4;9
111782;-168803;47946;26313;8;9
112161;-170160;47970;26229;8;9
110167;-170925;47845;26181;2;9
112126;-167994;47967;26364;4;9
109753;-168333;47819;26343;8;9
111497;-168760;47928;26316;4;9
109161;-168239;47782;26349;1;9
112010;-168508;47960;26332;1;9
109657;-169500;47813;26270;2;9
111702;-168263;47941;26347;1;9
112743;-169838;48006;26249;2;9
111344;-167178;47919;26415;1;9
109620;-165108;47811;26544;4;9
120989;-168332;48521;26343;2;9
110070;-170556;47839;26204;2;9
109659;-168170;47813;26353;8;9
111583;-170649;47933;26198;8;9
124918;-173175;48767;26040;2;9
113735;-169706;48068;26257;2;9
112227;-168158;47974;26354;8;9
109388;-167785;47796;26377;2;9
109054;-169736;47775;26255;1;9
110042;-169697;47837;26257;2;9
108935;-169936;47768;26243;4;9
111458;-169627;47926;26262;2;9
109547;-168513;47806;26331;2;9
108920;-170729;47767;26193;4;9
114978;-179992;48146;25614;8;9
112081;-167514;47965;26394;2;9
110530;-169967;47868;26241;1;9
109358;-170516;47794;26206;4;9
110893;-169224;47890;26287;2;9
124987;-173692;48771;26008;1;9
124612;-173258;48748;26035;2;9
111713;-168198;47942;26351;8;9
112173;-170258;47970;26222;2;9
109987;-169330;47834;26280;4;9
110295;-168490;47853;26333;8;9
113348;-170730;48044;26193;8;9
111029;-169275;47899;26284;1;9
111177;-167295;47908;26408;1;9
109284;-168510;47790;26332;8;9
109523;-168625;47805;26324;2;9
110493;-169240;47865;26286;2;9
111970;-168213;47958;26350;4;9
111252;-169011;47913;26300;1;9
109204;-168706;47785;26319;8;9
111119;-167034;47904;26424;8;9
111538;-167941;47931;26367;8;9
125141;-173566;48781;26016;2;9
111153;-168425;47907;26337;4;9
108594;-165085;47747;26546;4;9
114501;-178507;48116;25707;8;9
109433;-170034;47799;26236;2;9
109542;-170693;47806;26195;1;9
121068;-168334;48526;26343;4;9
110992;-167046;47897;26423;8;9
109611;-169841;47810;26248;1;9
113136;-170356;48031;26216;2;9
108995;-168659;47772;26322;2;9
109983;-170514;47833;26206;8;9
110018;-169478;47836;26271;2;9
112132;-167465;47968;26397;4;9
112333;-169663;47980;26260;4;9
112304;-169297;47979;26282;2;9
113416;-170857;48048;26185;8;9
112138;-167070;47968;26422;2;9
113350;-169684;48044;26258;8;9
111348;-168507;47919;26332;8;9
108930;-170663;47768;26197;8;9
109542;-169138;47806;26292;2;9
110136;-168176;47843;26353;1;9
112453;-170056;47988;26235;8;9
110776;-167833;47883;26374;2;9
125990;-172902;48834;26057;4;9
111574;-168437;47933;26336;2;9
109183;-168067;47783;26359;8;9
111773;-169098;47945;26295;1;9
109418;-170110;47798;26232;1;9
110495;-168327;47865;26343;8;9
112799;-169959;48009;26241;8;9
111465;-170680;47926;26196;4;9
110879;-168949;47889;26304;8;9
111665;-168864;47939;26310;4;9
110413;-167651;47860;26385;2;9
111564;-167814;47932;26375;8;9
113236;-170260;48037;26222;4;9
111157;-169882;47907;26246;8;9
112217;-168365;47973;26341;4;9
111295;-166827;47915;26437;8;9
125150;-173532;48781;26018;2;9
109566;-165065;47807;26547;8;9
111189;-168590;47909;26327;2;9
111705;-167736;47941;26380;1;9
110788;-167919;47884;26369;8;9
111738;-169659;47943;26260;8;9
125922;-172891;48830;26058;1;9
108863;-168780;47763;26315;1;9
109384;-170919;47796;26181;2;9
108969;-165099;47770;26545;1;9
110701;-169193;47878;26289;1;9
108812;-168127;47760;26356;1;9
110584;-167954;47871;26366;8;9
109516;-168030;47804;26362;8;9
109820;-170327;47823;26218;1;9
111677;-168404;47939;26338;1;9
114534;-178439;48118;25711;4;9
111298;-167245;47916;26411;4;9
109447;-170492;47800;26208;8;9
109927;-165589;47830;26514;2;9
110613;-168334;47873;26343;8;9
111138;-167093;47906;26420;1;9
112395;-169570;47984;26265;8;9
110247;-169945;47850;26242;2;9
109856;-167428;47826;26399;4;9
108950;-168223;47769;26350;4;9
108321;-165100;47730;26545;2;9
107860;-165143;47701;26542;1;9
110610;-170409;47873;26213;1;9
108838;-169332;47762;26280;8;9
109702;-169816;47816;26250;8;9
112030;-168928;47961;26306;1;9
111392;-167064;47922;26422;1;9
110990;-170701;47896;26195;8;9
109574;-169261;47808;26285;1;9
108508;-165083;47741;26546;2;9
111573;-167120;47933;26419;4;9
109484;-170958;47802;26179;8;9
111116;-168523;47904;26331;4;9
109952;-169642;47832;26261;4;9
109587;-170939;47809;26180;1;9
112138;-169904;47968;26245;1;9
109311;-168313;47791;26344;4;9
123720;-174824;48692;25937;4;9
112347;-168893;47981;26308;4;9
110472;-170977;47864;26177;8;9
110358;-167439;47857;26399;1;9
111414;-170502;47923;26207;4;9
110399;-168774;47859;26315;1;9
108122;-165006;47717;26551;8;9
111790;-169589;47946;26264;8;9
113240;-170011;48037;26238;2;9
113154;-170417;48032;26212;2;9
111432;-168203;47924;26351;4;9
109391;-169477;47796;26271;2;9
112734;-169784;48005;26252;8;9
111164;-168673;47907;26321;1;9
111378;-168633;47921;26324;8;9
109757;-167866;47819;26372;2;9
108984;-170540;47771;26205;4;9
125600;-173152;48810;26042;1;9
110422;-167445;47861;26398;1;9
111633;-169646;47937;26261;2;9
109171;-170075;47783;26234;8;9
112528;-170954;47993;26179;1;9
111237;-170381;47912;26215;8;9
119666;-168481;48439;26333;4;9
111962;-169486;47957;26271;2;9
110869;-167665;47889;26384;2;9
109976;-168246;47833;26348;8;9
109300;-167846;47791;26373;1;9
111019;-169485;47898;26271;4;9
111363;-167199;47920;26414;8;9
111573;-170080;47933;26234;8;9
125036;-173577;48774;26015;8;9
112158;-167695;47969;26383;8;9
112418;-169573;47986;26265;4;9
111345;-168514;47919;26331;8;9
111140;-168453;47906;26335;1;9
111277;-169197;47914;26289;4;9
113583;-169239;48058;26286;8;9
110171;-169686;47845;26258;8;9
111293;-166950;47915;26429;4;9
113119;-170147;48029;26229;1;9
108879;-167655;47764;26385;8;9
109290;-168649;47790;26323;4;9
112189;-167718;47971;26381;8;9
108829;-168694;47761;26320;1;9
123749;-181283;48694;25533;8;9
111064;-169198;47901;26289;8;9
126008;-172869;48835;26059;1;9
110787;-168070;47884;26359;4;9
109883;-169771;47827;26253;1;9
112602;-170108;47997;26232;2;9
109925;-169405;47830;26276;1;9
109530;-170235;47805;26224;4;9
111981;-170933;47958;26180;1;9
113365;-170619;48045;26200;4;9
110222;-167502;47848;26395;8;9
111544;-167972;47931;26365;8;9
119628;-182097;48436;25482;2;9
125547;-173230;48806;26037;8;9
110845;-170331;47887;26218;4;9
108967;-170469;47770;26209;2;9
111989;-168568;47959;26328;4;9
118901;-168691;48391;26320;1;9
110281;-170810;47852;26188;8;9
111013;-169976;47898;26240;1;9
109223;-170276;47786;26221;1;9
108904;-169092;47766;26295;2;9
111041;-170348;47900;26217;1;9
109743;-168285;47818;26346;8;9
110381;-169932;47858;26243;2;9
109714;-170435;47817;26211;4;9
112652;-170791;48000;26189;2;9
111870;-168609;47951;26325;2;9
112332;-168624;47980;26325;1;9
109557;-169405;47807;26276;2;9
110981;-167702;47896;26382;2;9
105559;-172618;47557;26075;1;9
112066;-169183;47964;26290;2;9
109640;-167877;47812;26371;2;9
124579;-173432;48746;26024;8;9
113096;-170036;48028;26236;2;9
113150;-170109;48031;26232;8;9
110404;-170826;47860;26187;1;9
110248;-170131;47850;26230;8;9
111860;-168239;47951;26349;4;9
108744;-165094;47756;26545;1;9
109463;-169435;47801;26274;8;9
111324;-167230;47917;26412;4;9
110292;-168510;47853;26332;2;9
109379;-170178;47796;26227;2;9
111146;-168521;47906;26331;8;9
110056;-169195;47838;26289;1;9
110495;-169928;47865;26243;1;9
109803;-167608;47822;26388;4;9
109744;-167726;47819;26381;2;9
124497;-173339;48741;26030;1;9
108687;-165616;47752;26513;2;9
109225;-165028;47786;26549;4;9
111299;-169745;47916;26254;4;9
107964;-165251;47707;26535;8;9
111372;-167115;47920;26419;1;9
113096;-169929;48028;26243;2;9
108959;-169610;47769;26263;4;9
109850;-169919;47825;26244;2;9
111866;-170748;47951;26192;4;9
109195;-169991;47784;26239;4;9
112265;-167721;47976;26381;2;9
112371;-170196;47983;26226;1;9
109079;-170088;47777;26233;1;9
110856;-169772;47888;26253;1;9
113766;-169807;48070;26251;1;9
119111;-168489;48404;26333;1;9
109767;-168587;47820;26327;1;9
109648;-167468;47813;26397;4;9
111088;-167187;47903;26414;4;9
123845;-174289;48700;25970;8;9
111244;-167220;47912;26412;2;9
114469;-178510;48114;25707;1;9
110894;-167556;47890;26391;4;9
111469;-168968;47926;26303;2;9
111506;-167988;47929;26364;1;9
110509;-167845;47866;26373;8;9
109278;-167472;47789;26397;8;9
112363;-167408;47982;26401;4;9
109160;-169037;47782;26299;2;9
125687;-173135;48815;26043;1;9
110584;-168387;47871;26339;8;9
111311;-170568;47916;26203;1;9
108557;-165057;47744;26547;1;9
111576;-168111;47933;26357;8;9
111678;-169239;47939;26286;4;9
111992;-167864;47959;26372;2;9
108843;-165507;47762;26519;2;9
113669;-170380;48064;26215;4;9
110786;-169039;47884;26299;4;9
113686;-170073;48065;26234;8;9
109615;-170721;47810;26193;1;9
109040;-169058;47775;26297;4;9
116171;-177659;48220;25760;2;9
113444;-169926;48050;26243;4;9
110692;-169666;47878;26259;2;9
109098;-167461;47778;26397;2;9
110019;-170901;47836;26182;8;9
108831;-170682;47761;26196;1;9
111888;-170495;47953;26208;2;9
110896;-169191;47891;26289;8;9
112327;-168657;47980;26322;8;9
109188;-167484;47784;26396;2;9
112015;-167876;47960;26371;2;9
108860;-167816;47763;26375;8;9
109147;-165532;47781;26518;8;9
120089;-168537;48465;26330;4;9
110066;-165045;47839;26548;1;9
110013;-168938;47835;26305;1;9
112096;-168726;47966;26318;8;9
108906;-170557;47766;26204;4;9
111426;-167312;47924;26407;1;9
112351;-168346;47981;26342;2;9
109686;-169755;47815;26254;2;9
106201;-172713;47597;26069;2;9
111673;-169030;47939;26299;2;9
112164;-168258;47970;26347;1;9
108818;-167678;47761;26384;8;9
109761;-170925;47820;26181;8;9
110696;-170910;47878;26182;2;9
109827;-165520;47824;26519;2;9
109533;-168706;47805;26319;1;9
120255;-168563;48475;26328;1;9
112013;-170256;47960;26223;8;9
109132;-168628;47780;26324;2;9
111795;-169705;47947;26257;8;9
109035;-167518;47774;26394;2;9
110025;-170767;47836;26191;4;9
109857;-168475;47826;26334;2;9
109224;-170939;47786;26180;1;9
109885;-169699;47827;26257;1;9
108821;-169009;47761;26300;1;9
108975;-168904;47770;26307;8;9
111139;-167099;47906;26420;8;9
109746;-168980;47819;26302;1;9
123531;-174503;48680;25957;1;9
111830;-168736;47949;26318;8;9
120730;-188147;48505;25104;2;9
121099;-188381;48528;25090;1;9
108126;-165048;47717;26548;2;9
112113;-170165;47967;26228;4;9
111403;-170652;47922;26198;1;9
110342;-170755;47856;26191;4;9
110847;-170399;47887;26214;2;9
111252;-166790;47913;26439;1;9
119642;-168544;48437;26330;4;9
109591;-169281;47809;26283;1;9
111009;-168616;47898;26325;1;9
111304;-169259;47916;26285;1;9
108994;-170994;47772;26176;2;9
109161;-170940;47782;26180;2;9
110046;-168028;47837;26362;4;9
109634;-170434;47812;26211;4;9
110408;-168589;47860;26327;1;9
110715;-169640;47879;26261;8;9
109493;-169784;47803;26252;2;9
108037;-165012;47712;26550;4;9
108861;-165622;47763;26512;1;9
109300;-164998;47791;26551;2;9
113346;-170376;48044;26215;8;9
112266;-167535;47976;26393;2;9
124224;-173627;48724;26012;2;9
123591;-181374;48684;25528;1;9
112492;-170048;47990;26236;2;9
111222;-168502;47911;26332;8;9
109124;-169100;47780;26295;1;9
111838;-168567;47949;26328;8;9
109357;-176860;47794;25810;2;9
109569;-169768;47808;26253;2;9
111849;-168782;47950;26315;4;9
111969;-169622;47958;26262;4;9
111061;-167225;47901;26412;4;9
111765;-169480;47945;26271;2;9
109717;-169752;47817;26254;1;9
111179;-167268;47908;26409;2;9
111437;-170611;47924;26200;4;9
110483;-167486;47865;26396;2;9
110912;-167851;47892;26373;1;9
108822;-167529;47761;26393;2;9
112071;-168141;47964;26355;4;9
109223;-170770;47786;26190;1;9
109320;-168416;47792;26338;2;9
115757;-181296;48194;25533;4;9
111857;-167513;47951;26394;1;9
109248;-167931;47788;26368;8;9
110995;-168580;47897;26327;1;9
115769;-181127;48195;25543;4;9
119950;-168498;48456;26332;2;9
113148;-170424;48031;26212;8;9
111639;-167803;47937;26376;1;9
110497;-170008;47866;26238;4;9
109932;-169000;47830;26301;8;9
111336;-168604;47918;26326;2;9
110148;-169846;47844;26248;1;9
110969;-167181;47895;26415;2;9
110208;-168496;47848;26333;2;9
109727;-168282;47817;26346;1;9
111415;-166763;47923;26441;2;9
109390;-167969;47796;26365;8;9
115046;-180068;48150;25609;8;9
109772;-168443;47820;26336;8;9
111973;-166957;47958;26429;2;9
113177;-170252;48033;26223;4;9
110835;-167691;47887;26383;2;9
110099;-169586;47841;26264;2;9
112013;-167521;47960;26393;2;9
111879;-168703;47952;26320;2;9
109731;-168483;47818;26333;2;9
108314;-165059;47729;26547;8;9
109955;-169019;47832;26300;4;9
110992;-169138;47897;26292;2;9
113171;-170403;48033;26213;1;9
109286;-170617;47790;26200;1;9
124138;-173741;48718;26005;1;9
111302;-169963;47916;26241;1;9
113123;-170220;48030;26225;2;9
107240;-165333;47662;26530;8;9
111223;-167153;47911;26416;2;9
113433;-170346;48049;26217;1;9
107589;-165280;47684;26534;8;9
111993;-170975;47959;26178;4;9
112196;-168195;47972;26351;8;9
124559;-173215;48744;26038;1;9
111671;-167339;47939;26405;8;9
110753;-170398;47882;26214;4;9
125553;-172624;48807;26075;4;9
109856;-165000;47826;26551;4;9
111241;-169923;47912;26243;1;9
111650;-168368;47938;26341;4;9
116221;-177485;48223;25771;8;9
113227;-170142;48036;26230;8;9
109601;-170940;47810;26180;2;9
111971;-168843;47958;26311;1;9
119564;-168538;48432;26330;4;9
111623;-170014;47936;26238;2;9
110350;-168622;47856;26325;1;9
123975;-181799;48708;25501;8;9
109939;-167961;47831;26366;8;9
110239;-170933;47849;26180;4;9
110909;-167426;47891;26399;4;9
113512;-170345;48054;26217;2;9
108668;-165105;47751;26544;1;9
110124;-169052;47842;26298;4;9
112069;-169096;47964;26295;2;9
110769;-170387;47883;26214;2;9
112008;-168788;47960;26314;1;9
109842;-168127;47825;26356;2;9
112195;-167351;47972;26404;8;9
109011;-170064;47773;26235;4;9
110976;-169772;47896;26253;4;9
111998;-167708;47959;26382;8;9
110973;-169559;47895;26266;8;9
112379;-170629;47983;26199;1;9
119982;-181994;48458;25489;8;9
110494;-168303;47865;26345;2;9
109423;-167695;47798;26383;8;9
111761;-167523;47945;26393;2;9
111014;-170645;47898;26198;8;9
109650;-170478;47813;26209;2;9
109145;-170032;47781;26237;2;9
109002;-167584;47772;26390;2;9
110165;-169119;47845;26294;8;9
115819;-181345;48198;25529;2;9
111939;-168734;47956;26318;8;9
112733;-170714;48005;26194;4;9
111839;-167598;47949;26389;1;9
111537;-168251;47931;26348;2;9
110236;-169954;47849;26241;1;9
109068;-168477;47776;26334;8;9
125761;-173028;48820;26049;8;9
116126;-177379;48217;25777;8;9
124598;-173392;48747;26027;8;9
110955;-169041;47894;26298;8;9
108830;-165569;47761;26515;1;9
110169;-167512;47845;26394;1;9
110857;-170302;47888;26220;2;9
125158;-173645;48782;26011;8;9
112957;-170180;48019;26227;8;9
109469;-170916;47801;26181;8;9
112011;-167992;47960;26364;1;9
110203;-170005;47847;26238;1;9
111921;-168031;47955;26362;4;9
111822;-167916;47948;26369;2;9
119676;-181997;48439;25489;1;9
107694;-165361;47690;26528;8;9
105828;-172584;47574;26077;4;9
111713;-168442;47942;26336;4;9
112073;-169566;47964;26266;8;9
109781;-167883;47821;26371;1;9
111657;-168122;47938;26356;4;9
108695;-165536;47753;26518;1;9
113396;-169726;48047;26256;4;9
119252;-168568;48413;26328;4;9
112209;-167929;47973;26368;8;9
111429;-167284;47924;26408;4;9
109216;-176765;47786;25816;4;9
111979;-170556;47958;26204;8;9
110861;-167453;47888;26398;8;9
110588;-169289;47871;26283;1;9
113231;-170740;48036;26192;2;9
123363;-175004;48670;25926;2;9
111302;-168712;47916;26319;2;9
110120;-168571;47842;26328;4;9
112899;-170040;48016;26236;4;9
108877;-170209;47764;26225;1;9
110343;-170318;47856;26219;8;9
109237;-167918;47787;26369;1;9
110723;-169334;47880;26280;8;9
109396;-167595;47797;26389;2;9
111748;-168195;47944;26351;4;9
108215;-165511;47723;26519;1;9
113246;-170086;48037;26233;8;9
124317;-173547;48729;26017;1;9
108824;-167876;47761;26371;8;9
119509;-182023;48429;25487;8;9
113445;-169576;48050;26265;4;9
111975;-169709;47958;26257;8;9
110252;-165070;47850;26547;4;9
112395;-170661;47984;26197;4;9
110598;-170072;47872;26234;8;9
116102;-177489;48216;25770;1;9
112271;-167894;47976;26370;1;9
109334;-168503;47793;26332;2;9
108942;-170054;47768;26235;8;9
112649;-169321;48000;26281;1;9
109197;-168234;47784;26349;8;9
110825;-167967;47886;26366;4;9
109060;-169338;47776;26280;1;9
111870;-167463;47951;26397;1;9
112112;-167758;47967;26379;1;9
111508;-170645;47929;26198;2;9
108811;-168552;47760;26329;4;9
111662;-167391;47938;26402;1;9
109144;-170365;47781;26216;2;9
111603;-170098;47935;26232;4;9
109234;-167841;47787;26373;8;9
110934;-169633;47893;26261;2;9
109327;-168335;47792;26343;8;9
109052;-165612;47775;26513;4;9
112997;-170091;48022;26233;4;9
109108;-168798;47779;26314;2;9
110867;-167347;47889;26404;2;9
112601;-170869;47997;26184;4;9
110507;-170079;47866;26234;1;9
108257;-165620;47726;26512;4;9
112215;-168674;47973;26321;2;9
108291;-165103;47728;26545;2;9
109263;-170450;47788;26210;8;9
109658;-170437;47813;26211;4;9
116170;-177558;48220;25766;4;9
111409;-168756;47923;26316;8;9
125828;-172987;48824;26052;8;9
109269;-170024;47789;26237;1;9
109195;-170659;47784;26197;4;9
113055;-170153;48025;26229;4;9
110845;-167095;47887;26420;2;9
110188;-169085;47846;26296;4;9
111335;-170532;47918;26205;2;9
110086;-170812;47840;26188;1;9
110681;-169184;47877;26290;1;9
112306;-169626;47979;26262;8;9
108830;-168961;47761;26303;4;9
109383;-168692;47796;26320;8;9
109255;-168136;47788;26355;8;9
124498;-173427;48741;26024;1;9
111606;-166574;47935;26453;1;9
108821;-169348;47761;26279;2;9
109124;-170252;47780;26223;8;9
112347;-168185;47981;26352;2;9
109395;-169562;47797;26266;4;9
109996;-168007;47834;26363;1;9
109569;-168493;47808;26333;2;9
110692;-168181;47878;26352;8;9
112374;-167498;47983;26395;1;9
110774;-169577;47883;26265;4;9
123735;-174729;48693;25943;2;9
112001;-167864;47960;26372;2;9
120838;-168331;48512;26343;8;9
126022;-172923;48836;26056;1;9
110800;-169501;47885;26270;4;9
115759;-183526;48194;25393;2;9
111471;-168816;47926;26313;1;9
112166;-170858;47970;26185;2;9
112851;-170282;48013;26221;1;9
113728;-169970;48068;26240;2;9
106676;-173533;47627;26018;1;9
109050;-168956;47775;26304;4;9
110894;-167545;47890;26392;8;9
108099;-165090;47716;26545;2;9
118872;-168629;48389;26324;4;9
111711;-168052;47941;26360;8;9
111385;-170727;47921;26193;2;9
109552;-165086;47807;26546;1;9
110118;-167670;47842;26384;2;9
108898;-170500;47766;26207;8;9
111163;-170942;47907;26180;4;9
112210;-167317;47973;26406;2;9
112643;-169722;48000;26256;1;9
109852;-167463;47825;26397;2;9
113383;-170243;48046;26223;4;9
109272;-170736;47789;26193;1;9
108086;-165402;47715;26526;2;9
123554;-181505;48682;25519;2;9
111078;-168915;47902;26306;8;9
110267;-167675;47851;26384;2;9
111174;-168540;47908;26330;4;9
111869;-170410;47951;26213;4;9
109805;-169054;47822;26298;1;9
113583;-169245;48058;26286;8;9
108873;-168070;47764;26359;1;9
110005;-168013;47835;26363;1;9
108982;-168087;47771;26358;2;9
110275;-170645;47852;26198;4;9
112093;-167584;47965;26390;2;9
109417;-168102;47798;26357;2;9
108852;-168492;47763;26333;4;9
108109;-165332;47716;26530;2;9
113579;-169531;48058;26268;1;9
109519;-165093;47804;26545;1;9
109728;-169452;47818;26273;2;9
116046;-181201;48212;25538;4;9
110151;-167774;47844;26378;4;9
111412;-169824;47923;26250;4;9
110332;-169941;47855;26242;4;9
120902;-168440;48516;26336;2;9
113080;-169867;48027;26247;4;9
110822;-169643;47886;26261;1;9
110003;-169241;47835;26286;2;9
109604;-168209;47810;26350;1;9
111493;-167969;47928;26365;2;9
109633;-170541;47812;26205;2;9
109877;-170980;47827;26177;1;9
110829;-170021;47886;26237;1;9
111566;-167842;47932;26373;2;9
111617;-168767;47936;26316;1;9
108905;-168244;47766;26348;2;9
111333;-168895;47918;26308;4;9
119990;-168553;48459;26329;4;9
109781;-169349;47821;26279;8;9
109031;-169085;47774;26296;1;9
109829;-167984;47824;26365;1;9
111678;-167301;47939;26407;1;9
113042;-170101;48025;26232;1;9
112357;-167692;47982;26383;2;9
110888;-170194;47890;26226;4;9
110197;-167822;47847;26375;2;9
110105;-169650;47841;26260;4;9
123471;-175031;48676;25924;8;9
108651;-165054;47750;26548;4;9
113260;-170675;48038;26196;2;9
109619;-170874;47811;26184;4;9
124248;-173635;48725;26011;4;9
123591;-181278;48684;25534;1;9
111361;-168255;47920;26348;2;9
111864;-170381;47951;26215;4;9
109939;-168117;47831;26356;8;9
109329;-171005;47793;26176;1;9
112326;-167289;47980;26408;2;9
110527;-168320;47867;26344;1;9
108836;-168009;47762;26363;2;9
110540;-169577;47868;26265;1;9
110023;-170881;47836;26183;1;9
109039;-176447;47774;25836;8;9
111189;-170068;47909;26234;4;9
108854;-169310;47763;26282;2;9
110803;-167911;47885;26369;8;9
111781;-168077;47946;26359;2;9
111723;-168152;47942;26354;8;9
113103;-170243;48028;26223;4;9
110152;-168559;47844;26329;4;9
108998;-168657;47772;26322;2;9
111064;-167351;47901;26404;4;9
109408;-170165;47798;26228;8;9
109872;-170696;47827;26195;4;9
109831;-169469;47824;26272;1;9
112311;-169187;47979;26289;8;9
111495;-169914;47928;26244;2;9
112346;-168749;47981;26317;2;9
111112;-170425;47904;26212;2;9
109497;-169384;47803;26277;1;9
108972;-168967;47770;26303;4;9
108953;-170087;47769;26233;2;9
110901;-168872;47891;26309;2;9
113687;-169815;48065;26250;8;9
111491;-169319;47928;26281;4;9
112320;-168149;47980;26354;2;9
111714;-168210;47942;26350;8;9
111111;-169216;47904;26288;8;9
110383;-170147;47858;26229;4;9
110780;-168025;47883;26362;4;9
111454;-167062;47925;26422;8;9
123970;-181830;48708;25499;4;9
110216;-170795;47848;26189;8;9
124836;-173713;48762;26006;1;9
110737;-169554;47881;26266;8;9
110611;-167817;47873;26375;8;9
109928;-168055;47830;26360;2;9
109815;-170437;47823;26211;4;9
109061;-167453;47776;26398;1;9
109208;-170605;47785;26201;8;9
110935;-167884;47893;26371;4;9
112128;-167593;47968;26389;4;9
111920;-167753;47955;26379;1;9
111133;-170383;47905;26215;4;9
108648;-165115;47750;26544;2;9
120849;-168428;48513;26337;8;9
115819;-181351;48198;25529;1;9
113269;-170665;48039;26197;8;9
112213;-167313;47973;26406;8;9
109651;-170759;47813;26191;8;9
111277;-167885;47914;26371;8;9
111301;-169191;47916;26289;4;9
116204;-177584;48222;25765;2;9
113273;-170705;48039;26194;4;9
113481;-170627;48052;26199;1;9
110071;-170502;47839;26207;1;9
110794;-169702;47884;26257;2;9
108946;-176432;47769;25837;1;9
111989;-170429;47959;26212;4;9
111917;-169477;47954;26271;2;9
110033;-170950;47837;26179;2;9
109314;-165056;47792;26548;1;9
108637;-165554;47749;26516;4;9
115383;-182510;48171;25457;8;9
108177;-174169;47721;25978;4;9
109800;-168676;47822;26321;2;9
113142;-170545;48031;26204;2;9
113157;-170314;48032;26219;4;9
109728;-167885;47818;26371;4;9
109798;-169610;47822;26263;2;9
109657;-176817;47813;25812;2;9
111134;-168440;47905;26336;4;9
112328;-170785;47980;26189;2;9
111308;-169948;47916;26242;1;9
111936;-170161;47956;26228;2;9
109999;-169308;47834;26282;8;9
111993;-169045;47959;26298;1;9
112338;-167431;47981;26399;2;9
124231;-174163;48724;25978;1;9
109289;-170716;47790;26194;4;9
111973;-168459;47958;26335;2;9
109752;-168150;47819;26354;1;9
123565;-182017;48682;25487;4;9
112094;-170424;47965;26212;2;9
110705;-170904;47879;26182;2;9
111092;-166679;47903;26446;2;9
113738;-169235;48068;26286;8;9
110670;-170459;47876;26210;2;9
111569;-169209;47933;26288;2;9
109441;-168047;47800;26361;2;9
112051;-168333;47963;26343;8;9
105585;-172667;47559;26072;4;9
125023;-172995;48773;26051;1;9
123699;-174798;48691;25939;8;9
110473;-168280;47864;26346;4;9
109429;-170042;47799;26236;2;9
110886;-167443;47890;26398;2;9
124343;-174155;48731;25979;2;9
108810;-167904;47760;26370;4;9
109489;-169755;47803;26254;8;9
109646;-165579;47812;26515;1;9
112125;-168663;47967;26322;2;9
112630;-170687;47999;26196;2;9
109043;-176471;47775;25834;8;9
109323;-168914;47792;26306;8;9
109937;-165106;47831;26544;8;9
111239;-170665;47912;26197;2;9
110872;-167726;47889;26381;4;9
109654;-167778;47813;26377;1;9
110764;-169188;47882;26289;2;9
110061;-168825;47838;26312;2;9
110844;-168172;47887;26353;8;9
106035;-172703;47587;26070;2;9
112144;-168877;47969;26309;4;9
111290;-168687;47915;26321;8;9
108880;-168107;47765;26357;1;9
111273;-167258;47914;26410;2;9
109324;-170213;47792;26225;4;9
111064;-167749;47901;26379;2;9
111763;-168639;47945;26324;1;9
110918;-168951;47892;26304;4;9
110595;-168054;47872;26360;4;9
112673;-170605;48002;26201;4;9
110914;-167402;47892;26401;8;9
113111;-169281;48029;26283;1;9
113391;-170542;48046;26205;2;9
123626;-174930;48686;25930;8;9
111460;-169051;47926;26298;2;9
113759;-169574;48069;26265;4;9
110962;-167763;47895;26378;1;9
110142;-167802;47843;26376;2;9
112269;-168346;47976;26342;8;9
109004;-167645;47772;26386;2;9
109490;-168208;47803;26351;8;9
110992;-169186;47897;26289;1;9
109039;-170355;47774;26216;8;9
110177;-167644;47846;26386;1;9
109403;-168874;47797;26309;4;9
109507;-169536;47804;26268;2;9
109955;-167662;47832;26385;1;9
110868;-170275;47889;26221;4;9
124628;-173256;48749;26035;2;9
110173;-170890;47845;26183;8;9
109734;-170284;47818;26221;2;9
120188;-168525;48471;26331;2;9
105792;-172576;47572;26078;4;9
109884;-169329;47827;26280;2;9
113776;-169983;48071;26240;1;9
113778;-169714;48071;26256;8;9
109742;-169553;47818;26266;1;9
110630;-168027;47874;26362;1;9
111518;-168264;47929;26347;4;9
112479;-170543;47989;26205;8;9
112201;-168308;47972;26344;2;9
111829;-168714;47949;26319;8;9
113406;-170518;48047;26206;1;9
123931;-181567;48705;25516;4;9
123301;-175056;48666;25923;4;9
111521;-169327;47930;26281;4;9
109830;-169323;47824;26281;8;9
111247;-167360;47912;26404;1;9
107920;-165331;47705;26530;4;9
109035;-168775;47774;26315;8;9
111056;-168742;47901;26317;2;9
112468;-170183;47989;26227;1;9
109861;-169605;47826;26263;8;9
125560;-173301;48807;26032;4;9
109914;-170489;47829;26208;4;9
110895;-169758;47890;26254;8;9
114704;-180024;48129;25612;4;9
109574;-168690;47808;26320;1;9
110075;-168825;47839;26312;8;9
112065;-168778;47964;26315;8;9
108989;-168294;47771;26345;2;9
113394;-169733;48047;26255;1;9
113200;-170933;48035;26180;2;9
109832;-165033;47824;26549;2;9
112366;-168527;47982;26331;4;9
107874;-172604;47702;26076;8;9
112334;-170738;47980;26192;2;9
112060;-170010;47963;26238;8;9
112524;-169865;47992;26247;4;9
117364;-182972;48295;25428;2;9
111216;-167374;47911;26403;1;9
110413;-170141;47860;26230;1;9
108851;-169904;47763;26245;2;9
110882;-167687;47890;26383;1;9
110279;-168644;47852;26323;4;9
110596;-168121;47872;26356;4;9
109361;-167499;47795;26395;8;9
111271;-167059;47914;26422;2;9
110764;-167998;47882;26364;2;9
112651;-169835;48000;26249;4;9
109553;-168771;47807;26315;8;9
110163;-170588;47845;26202;8;9
108730;-165062;47755;26547;1;9
111714;-168317;47942;26344;4;9
111001;-169289;47897;26283;4;9
110702;-167849;47878;26373;8;9
109369;-169538;47795;26267;8;9
112191;-167273;47971;26409;2;9
123702;-174774;48691;25940;2;9
110096;-170519;47841;26206;4;9
111617;-167802;47936;26376;4;9
109286;-168538;47790;26330;1;9
109402;-167906;47797;26369;1;9
123567;-181833;48682;25499;2;9
124747;-173199;48756;26039;4;9
120039;-168576;48462;26328;2;9
110002;-169532;47835;26268;2;9
110842;-168048;47887;26361;8;9
110384;-170840;47859;26186;8;9
111271;-169774;47914;26253;4;9
113764;-170283;48070;26221;4;9
112961;-170147;48020;26229;2;9
111958;-166953;47957;26429;8;9
111427;-168966;47924;26303;2;9
109914;-168044;47829;26361;2;9
112531;-170098;47993;26232;4;9
110613;-169317;47873;26281;4;9
113476;-169872;48052;26247;4;9
111680;-170076;47940;26234;2;9
111109;-167414;47904;26400;1;9
112079;-168820;47964;26312;8;9
111109;-167640;47904;26386;1;9
111414;-169769;47923;26253;2;9
110720;-167656;47880;26385;1;9
111686;-169951;47940;26242;1;9
109127;-167548;47780;26392;1;9
110020;-170969;47836;26178;4;9
111244;-168671;47912;26322;1;9
110113;-167607;47842;26388;1;9
112474;-169675;47989;26259;1;9
113271;-170524;48039;26206;8;9
111287;-167813;47915;26375;4;9
109606;-170628;47810;26199;4;9
109570;-170373;47808;26215;1;9
109269;-170977;47789;26177;8;9
109754;-170865;47819;26184;4;9
109667;-170668;47814;26197;2;9
109792;-170265;47822;26222;4;9
111246;-167396;47912;26401;4;9
109709;-169107;47816;26294;2;9
107847;-165273;47700;26534;2;9
111774;-168184;47945;26352;1;9
109178;-170842;47783;26186;1;9
110066;-169847;47839;26248;4;9
109639;-167487;47812;26396;4;9
111148;-167446;47906;26398;1;9
111193;-170393;47909;26214;1;9
111112;-167240;47904;26411;8;9
110760;-168185;47882;26352;8;9
112213;-167297;47973;26407;8;9
110555;-168400;47869;26339;2;9
112031;-169541;47961;26267;8;9
124173;-174062;48720;25985;4;9
109414;-168293;47798;26345;1;9
109556;-170394;47807;26214;4;9
113203;-169315;48035;26281;1;9
120022;-181932;48461;25493;8;9
124655;-173371;48750;26028;8;9
109256;-167731;47788;26380;2;9
113436;-169896;48049;26245;1;9
111482;-168632;47927;26324;4;9
111798;-168091;47947;26358;2;9
111828;-167520;47949;26394;8;9
119792;-181951;48447;25492;2;9
108746;-165577;47756;26515;2;9
108856;-169886;47763;26246;4;9
111144;-169817;47906;26250;4;9
111409;-169228;47923;26287;4;9
110473;-168470;47864;26334;4;9
113303;-170612;48041;26200;2;9
108638;-165082;47749;26546;2;9
110484;-167434;47865;26399;8;9
109350;-168386;47794;26339;1;9
112030;-169537;47961;26267;8;9
111969;-167007;47958;26426;8;9
108995;-170350;47772;26217;2;9
112010;-168417;47960;26337;4;9
109471;-168552;47801;26329;8;9
109443;-168198;47800;26351;4;9
109356;-168851;47794;26310;2;9
109485;-167827;47802;26374;8;9
110108;-170881;47841;26183;8;9
111966;-170321;47957;26218;4;9
110540;-168283;47868;26346;1;9
113433;-169325;48049;26281;4;9
109601;-167918;47810;26369;2;9
109571;-167735;47808;26380;8;9
110478;-168447;47864;26336;8;9
111939;-167332;47956;26405;8;9
111373;-167197;47920;26414;4;9
107182;-165338;47658;26530;1;9
110710;-167860;47879;26372;4;9
110063;-165112;47838;26544;2;9
111947;-167855;47956;26373;2;9
108958;-170928;47769;26181;4;9
112975;-170042;48020;26236;8;9
109284;-167746;47790;26379;8;9
126123;-172757;48842;26066;4;9
112573;-169556;47995;26266;2;9
111781;-168740;47946;26317;1;9
112296;-169050;47978;26298;1;9
108019;-165248;47711;26536;2;9
118819;-168613;48386;26325;2;9
112203;-167589;47972;26389;8;9
117343;-183029;48293;25424;1;9
112491;-169568;47990;26266;4;9
112143;-168670;47968;26322;4;9
108059;-165426;47713;26524;8;9
111562;-166898;47932;26432;4;9
112546;-170848;47994;26186;4;9
112884;-169340;48015;26280;8;9
125415;-172727;48798;26068;2;9
108984;-168226;47771;26349;2;9
110013;-168132;47835;26355;1;9
108945;-167655;47769;26385;4;9
110169;-169693;47845;26258;2;9
111514;-167940;47929;26367;2;9
111369;-169649;47920;26260;2;9
112927;-170051;48017;26235;8;9
111737;-170688;47943;26196;8;9
109847;-169590;47825;26264;8;9
111219;-170073;47911;26234;2;9
112632;-170751;47999;26192;4;9
124097;-173817;48716;26000;1;9
108958;-168833;47769;26311;8;9
109298;-168482;47791;26333;8;9
110471;-170949;47864;26179;1;9
110982;-170296;47896;26220;8;9
110108;-169090;47841;26295;8;9
113496;-170465;48053;26209;1;9
121154;-188341;48532;25092;2;9
112137;-170941;47968;26180;2;9
110125;-167810;47842;26375;2;9
109612;-170273;47810;26221;8;9
112719;-169697;48004;26257;4;9
109485;-167950;47802;26367;8;9
111896;-167397;47953;26401;1;9
109217;-168924;47786;26306;2;9
113036;-170111;48024;26232;1;9
109833;-167848;47824;26373;2;9
110582;-170204;47871;26226;1;9
108986;-167911;47771;26369;1;9
124098;-173943;48716;25992;2;9
111086;-167772;47902;26378;2;9
110847;-170231;47887;26224;1;9
112383;-170553;47983;26204;4;9
110655;-167974;47875;26365;8;9
109133;-170815;47780;26188;2;9
110206;-164993;47847;26551;2;9
111593;-166837;47934;26436;8;9
112823;-170760;48011;26191;8;9
108988;-170670;47771;26197;8;9
111652;-170561;47938;26203;4;9
109193;-168782;47784;26315;1;9
111560;-170050;47932;26235;4;9
106171;-172721;47595;26068;8;9
109951;-170813;47831;26188;4;9
111219;-169143;47911;26292;2;9
108344;-165113;47731;26544;4;9
109895;-165531;47828;26518;1;9
110423;-170321;47861;26218;8;9
124119;-173877;48717;25996;2;9
125753;-172980;48819;26052;1;9
105666;-172647;47564;26073;8;9
110826;-167687;47886;26383;2;9
110137;-170095;47843;26233;8;9
112153;-167180;47969;26415;2;9
117370;-182914;48295;25431;8;9
109265;-165576;47789;26515;2;9
112583;-169246;47996;26286;1;9
110142;-169990;47843;26239;4;9
109189;-170512;47784;26207;4;9
113263;-170473;48038;26209;4;9
109690;-169744;47815;26255;1;9
113145;-169246;48031;26286;8;9
109631;-169701;47811;26257;4;9
109631;-167753;47811;26379;8;9
109576;-165607;47808;26513;4;9
109668;-167464;47814;26397;2;9
107821;-165160;47698;26541;1;9
111844;-168715;47950;26319;1;9
113084;-170963;48027;26178;8;9
109776;-169037;47821;26299;4;9
111223;-170040;47911;26236;8;9
111472;-169529;47927;26268;2;9
111424;-168044;47924;26361;4;9
109420;-170225;47798;26224;4;9
109553;-168723;47807;26318;2;9
112134;-167105;47968;26419;1;9
109232;-167479;47787;26396;4;9
109508;-170337;47804;26217;1;9
113075;-170450;48027;26210;2;9
110283;-170758;47852;26191;2;9
108988;-169973;47771;26240;2;9
112120;-167363;47967;26403;8;9
111508;-169792;47929;26252;2;9
112236;-169303;47974;26282;8;9
111426;-169335;47924;26280;2;9
109739;-168330;47818;26343;8;9
110929;-169253;47893;26285;4;9
119967;-168574;48457;26328;8;9
109535;-169638;47805;26261;1;9
109692;-176864;47815;25810;4;9
111175;-168637;47908;26324;4;9
109263;-167547;47788;26392;4;9
109554;-169135;47807;26293;4;9
109250;-168255;47788;26348;2;9
109268;-168258;47789;26347;4;9
110455;-168538;47863;26330;8;9
111263;-167414;47913;26400;1;9
112524;-169794;47992;26251;2;9
108328;-165567;47730;26516;8;9
110629;-168385;47874;26339;2;9
110042;-170933;47837;26180;4;9
112428;-169580;47986;26265;1;9
124496;-173403;48741;26026;4;9
109779;-170467;47821;26209;2;9
110725;-169066;47880;26297;8;9
112029;-170967;47961;26178;2;9
112333;-170877;47980;26184;1;9
109549;-168072;47806;26359;1;9
113733;-169264;48068;26285;8;9
109788;-170834;47821;26186;8;9
111043;-170701;47900;26195;2;9
112560;-169322;47995;26281;2;9
111641;-167361;47937;26403;4;9
113510;-169544;48054;26267;2;9
124226;-174191;48724;25977;1;9
110768;-168168;47883;26353;2;9
109490;-167790;47803;26377;2;9
111749;-169567;47944;26266;1;9
111283;-170039;47915;26236;8;9
109175;-170702;47783;26195;1;9
109156;-165532;47782;26518;8;9
116133;-177377;48218;25777;1;9
110197;-169175;47847;26290;8;9
112315;-170762;47979;26191;1;9
114835;-179971;48137;25615;8;9
109265;-165519;47789;26519;4;9
107791;-165337;47696;26530;4;9
109512;-169570;47804;26265;8;9
111857;-169786;47951;26252;1;9
113086;-170616;48027;26200;8;9
119968;-168481;48458;26333;2;9
110629;-169475;47874;26271;8;9
117286;-179942;48290;25617;2;9
109548;-167714;47806;26381;1;9
109839;-167432;47824;26399;1;9
111834;-167471;47949;26397;4;9
111382;-168141;47921;26355;8;9
113455;-169335;48050;26280;8;9
109503;-170975;47803;26178;4;9
111517;-167114;47929;26419;1;9
109092;-170900;47778;26182;2;9
109940;-167937;47831;26367;4;9
111552;-168511;47932;26332;2;9
112607;-169560;47997;26266;8;9
110310;-170710;47854;26194;4;9
113767;-170361;48070;26216;8;9
111695;-169895;47940;26245;4;9
112368;-169263;47983;26285;4;9
112840;-170329;48012;26218;8;9
110159;-167708;47844;26382;2;9
111629;-168428;47936;26337;4;9
111408;-169849;47923;26248;2;9
113779;-169794;48071;26251;4;9
124163;-173646;48720;26011;2;9
110050;-170779;47838;26190;2;9
106466;-172927;47614;26056;4;9
111831;-169689;47949;26258;4;9
111225;-169487;47911;26271;2;9
112112;-167863;47967;26372;8;9
125322;-172733;48792;26068;1;9
112342;-170503;47981;26207;8;9
110656;-170430;47876;26212;8;9
120351;-168479;48481;26334;2;9
119794;-168554;48447;26329;4;9
108875;-169319;47764;26281;2;9
111977;-166991;47958;26427;8;9
109457;-168538;47801;26330;2;9
108816;-165094;47761;26545;2;9
109518;-168794;47804;26314;8;9
112838;-170645;48012;26198;8;9
113498;-170394;48053;26214;8;9
113378;-170237;48046;26224;8;9
109011;-170160;47773;26229;2;9
111583;-166746;47933;26442;1;9
110601;-168315;47872;26344;8;9
109087;-168815;47777;26313;1;9
109056;-168738;47776;26317;1;9
111139;-167232;47906;26412;2;9
113693;-170436;48065;26211;1;9
111180;-168745;47908;26317;4;9
109974;-165110;47833;26544;8;9
108993;-168116;47772;26356;2;9
112321;-168617;47980;26325;2;9
111761;-167518;47945;26394;4;9
112154;-168758;47969;26316;2;9
112349;-167650;47981;26385;4;9
111086;-169499;47902;26270;4;9
111046;-169110;47900;26294;2;9
109578;-170696;47808;26195;4;9
112348;-170747;47981;26192;8;9
110036;-170861;47837;26185;2;9
110070;-170899;47839;26182;2;9
112043;-170274;47962;26221;8;9
111995;-167765;47959;26378;1;9
110910;-168939;47891;26305;2;9
111751;-168378;47944;26340;8;9
109423;-170636;47798;26199;8;9
112443;-171004;47987;26176;4;9
108808;-168781;47760;26315;4;9
109581;-169135;47808;26293;4;9
110782;-169263;47883;26285;4;9
109182;-169801;47783;26251;8;9
109918;-169711;47829;26257;4;9
111698;-168969;47941;26303;4;9
112131;-169966;47968;26241;4;9
111338;-170461;47918;26210;4;9
113235;-170659;48037;26197;1;9
109286;-165096;47790;26545;8;9
110313;-170765;47854;26191;1;9
111933;-169085;47955;26296;1;9
113652;-169998;48063;26239;1;9
111273;-170545;47914;26204;8;9
109925;-165548;47830;26517;4;9
110077;-170573;47839;26203;4;9
124322;-174159;48730;25979;4;9
112247;-169287;47975;26283;8;9
125179;-173550;48783;26017;8;9
111569;-168291;47933;26345;8;9
112509;-170227;47991;26224;4;9
109062;-165037;47776;26549;2;9
111680;-169794;47940;26251;8;9
110553;-169247;47869;26286;4;9
110999;-166717;47897;26444;8;9
110906;-167457;47891;26397;8;9
111612;-168804;47935;26313;1;9
111820;-169825;47948;26249;8;9
109245;-170926;47787;26181;2;9
109832;-169243;47824;26286;2;9
112855;-169288;48013;26283;1;9
110948;-169213;47894;26288;1;9
112126;-168092;47967;26358;8;9
117346;-182980;48294;25427;1;9
108984;-169852;47771;26248;2;9
123440;-174717;48675;25944;1;9
111253;-166692;47913;26445;1;9
109970;-170497;47833;26207;1;9
109823;-168363;47823;26341;2;9
109622;-170757;47811;26191;4;9
110186;-165072;47846;26547;2;9
112832;-170073;48012;26234;4;9
109544;-169509;47806;26269;8;9
115804;-181261;48197;25535;4;9
108975;-170870;47770;26184;2;9
109985;-170724;47834;26193;2;9
109082;-170749;47777;26192;8;9
111884;-168321;47952;26343;4;9
126018;-172905;48836;26057;4;9
109181;-170724;47783;26193;4;9
112331;-167406;47980;26401;8;9
108028;-165401;47711;26526;8;9
124752;-173926;48757;25993;1;9
106397;-175081;47609;25921;8;9
112270;-167910;47976;26369;8;9
109150;-165513;47781;26519;4;9
110414;-170119;47860;26231;1;9
111356;-168254;47919;26348;8;9
108903;-167587;47766;26389;8;9
121109;-168377;48529;26340;4;9
112379;-169057;47983;26297;8;9
107540;-165359;47681;26529;4;9
112378;-168528;47983;26331;2;9
110021;-167884;47836;26371;1;9
110352;-169982;47857;26240;8;9
109629;-167798;47811;26376;2;9
109253;-170584;47788;26202;1;9
111806;-168393;47947;26339;2;9
111248;-169282;47913;26283;2;9
110639;-170139;47874;26230;4;9
109830;-169316;47824;26281;4;9
111687;-167336;47940;26405;8;9
111590;-170640;47934;26199;8;9
109071;-170981;47776;26177;2;9
108978;-168853;47771;26310;1;9
113789;-170187;48071;26227;1;9
110572;-167436;47870;26399;4;9
112899;-169798;48016;26251;2;9
110050;-168224;47838;26350;8;9
109646;-168162;47812;26353;1;9
110007;-170983;47835;26177;4;9
111454;-168484;47925;26333;2;9
112151;-168754;47969;26316;8;9
109576;-176827;47808;25812;1;9
109106;-168692;47779;26320;2;9
109046;-168184;47775;26352;1;9
110267;-168653;47851;26323;2;9
109203;-169104;47785;26295;8;9
112323;-170185;47980;26227;1;9
109729;-170888;47818;26183;2;9
110996;-167341;47897;26405;8;9
110009;-168821;47835;26312;1;9
119668;-182023;48439;25487;1;9
125516;-173211;48804;26038;1;9
109874;-169594;47827;26264;4;9
110037;-169762;47837;26253;8;9
123822;-174326;48698;25968;2;9
123611;-181704;48685;25507;4;9
125309;-173467;48791;26022;4;9
109005;-170171;47772;26228;1;9
111011;-169748;47898;26254;1;9
109329;-176834;47793;25811;8;9
109692;-165102;47815;26545;2;9
111057;-170592;47901;26202;8;9
110673;-167901;47877;26370;4;9
124572;-173427;48745;26024;8;9
109735;-170550;47818;26204;8;9
108845;-176304;47762;25845;4;9
109902;-165095;47828;26545;4;9
111494;-169954;47928;26241;8;9
109125;-167783;47780;26377;2;9
109658;-170397;47813;26214;2;9
107335;-165320;47668;26531;1;9
111607;-168036;47935;26361;4;9
110420;-170234;47861;26224;1;9
108955;-168515;47769;26331;8;9
110426;-170068;47861;26234;2;9
109162;-169937;47782;26242;2;9
109507;-169666;47804;26259;8;9
119525;-182107;48430;25482;2;9
108954;-170670;47769;26197;2;9
111816;-167688;47948;26383;1;9
109073;-170059;47777;26235;8;9
111045;-169260;47900;26285;4;9
109386;-167542;47796;26392;2;9
120957;-168374;48519;26340;1;9
109936;-165551;47831;26517;4;9
110789;-170379;47884;26215;8;9
111998;-167851;47959;26373;8;9
113188;-169268;48034;26284;8;9
125525;-173190;48805;26039;1;9
113275;-169237;48039;26286;1;9
112282;-167501;47977;26395;2;9
124019;-181670;48711;25509;1;9
107580;-165336;47683;26530;8;9
109347;-170253;47794;26223;4;9
106492;-172802;47615;26063;4;9
111742;-169091;47943;26295;1;9
109625;-165549;47811;26517;2;9
109535;-171007;47805;26176;2;9
105916;-172669;47579;26072;1;9
108914;-170395;47767;26214;1;9
111174;-166929;47908;26430;1;9
111257;-170657;47913;26197;8;9
119111;-168693;48404;26320;1;9
113408;-169886;48048;26246;4;9
109486;-168417;47802;26337;2;9
109779;-165082;47821;26546;8;9
111300;-170021;47916;26237;1;9
113673;-170449;48064;26210;1;9
111606;-168264;47935;26347;2;9
110013;-169299;47835;26282;4;9
111935;-167375;47955;26403;1;9
116206;-177779;48222;25752;4;9
111373;-169924;47920;26243;4;9
110403;-167457;47860;26397;1;9
109230;-168386;47786;26339;8;9
110009;-170791;47835;26189;4;9
111692;-168580;47940;26327;4;9
111383;-168048;47921;26361;1;9
109599;-169184;47809;26290;8;9
109644;-170534;47812;26205;8;9
111799;-169481;47947;26271;2;9
112487;-169833;47990;26249;1;9
113683;-169611;48065;26263;1;9
109057;-170049;47776;26235;1;9
110327;-170781;47855;26190;8;9
108109;-165471;47716;26522;2;9
110407;-170324;47860;26218;2;9
109503;-165105;47803;26544;8;9
111722;-168084;47942;26358;2;9
110631;-168142;47874;26355;4;9
111699;-169304;47941;26282;4;9
113459;-170868;48051;26184;8;9
111528;-170422;47930;26212;1;9
109121;-170667;47780;26197;1;9
111529;-168555;47930;26329;1;9
123965;-181564;48707;25516;1;9
111989;-168768;47959;26316;1;9
123930;-181971;48705;25490;2;9
113019;-170177;48023;26227;8;9
113470;-170822;48051;26187;2;9
112803;-170914;48010;26181;4;9
123505;-174484;48679;25958;1;9
111077;-169540;47902;26267;8;9
109602;-169369;47810;26278;2;9
108898;-168933;47766;26305;4;9
111359;-168734;47919;26318;8;9
109789;-170370;47821;26215;1;9
124651;-173423;48750;26025;1;9
109210;-165539;47785;26517;4;9
112275;-167632;47977;26387;4;9
109705;-167806;47816;26376;2;9
111464;-170421;47926;26212;8;9
110417;-168518;47861;26331;4;9
111681;-167837;47940;26374;1;9
109331;-170811;47793;26188;1;9
111471;-170691;47926;26195;2;9
111851;-168376;47950;26340;2;9
109899;-170755;47828;26191;2;9
121187;-168326;48534;26343;8;9
110757;-167463;47882;26397;1;9
111085;-168588;47902;26327;8;9
109632;-168107;47812;26357;8;9
109478;-167698;47802;26382;1;9
109992;-168789;47834;26314;4;9
113746;-169789;48069;26252;8;9
110400;-170007;47860;26238;1;9
125311;-173535;48791;26018;2;9
109822;-167808;47823;26376;1;9
110410;-168566;47860;26328;1;9
111085;-169511;47902;26269;8;9
109366;-176783;47795;25815;2;9
110702;-169666;47878;26259;8;9
112775;-169613;48008;26263;1;9
113382;-170688;48046;26196;4;9
109577;-170837;47808;26186;2;9
109722;-167915;47817;26369;4;9
110427;-170128;47861;26231;1;9
112743;-169718;48006;26256;8;9
111241;-169835;47912;26249;8;9
109672;-169096;47814;26295;1;9
109930;-170761;47830;26191;8;9
124946;-173598;48769;26014;2;9
111549;-169021;47931;26300;2;9
110820;-167872;47886;26372;1;9
110994;-168727;47897;26318;1;9
110000;-168590;47835;26327;8;9
114744;-180084;48131;25608;4;9
108262;-174177;47726;25977;2;9
125418;-172765;48798;26066;4;9
112603;-169884;47997;26246;8;9
112049;-169266;47963;26284;4;9
109245;-169002;47787;26301;8;9
120230;-168562;48474;26328;2;9
112130;-168746;47968;26317;2;9
112047;-168378;47962;26340;2;9
110020;-167553;47836;26391;4;9
108493;-165599;47740;26514;1;9
121203;-168382;48535;26340;1;9
109500;-170799;47803;26189;8;9
109164;-165059;47782;26547;1;9
111995;-167007;47959;26426;1;9
112174;-170016;47970;26238;8;9
108918;-167564;47767;26391;4;9
111508;-168931;47929;26305;8;9
123533;-181392;48680;25527;8;9
112287;-168510;47977;26332;2;9
111117;-169326;47904;26281;8;9
109458;-169660;47801;26260;4;9
109496;-169521;47803;26268;2;9
109335;-170165;47793;26228;1;9
108412;-165103;47735;26545;4;9
112283;-167880;47977;26371;1;9
110532;-167899;47868;26370;8;9
111143;-167150;47906;26417;1;9
110423;-169744;47861;26255;4;9
110670;-167935;47876;26368;4;9
110493;-168406;47865;26338;1;9
120912;-168445;48517;26336;2;9
112017;-169512;47961;26269;2;9
112420;-169572;47986;26265;4;9
111829;-170735;47949;26193;4;9
115767;-181500;48195;25520;4;9
107264;-165289;47664;26533;8;9
113594;-169811;48059;26250;4;9
112281;-168972;47977;26303;1;9
111187;-169744;47909;26255;8;9
109945;-169217;47831;26287;1;9
109964;-165041;47832;26548;1;9
109637;-165112;47812;26544;2;9
110114;-168782;47842;26315;2;9
109725;-170629;47817;26199;4;9
109741;-168358;47818;26341;1;9
109565;-168795;47807;26314;2;9
108963;-170375;47770;26215;1;9
111574;-170634;47933;26199;8;9
112965;-170040;48020;26236;1;9
109059;-165536;47776;26518;8;9
112281;-167295;47977;26408;1;9
111958;-170370;47957;26215;2;9
108416;-165085;47736;26546;1;9
109008;-170489;47773;26208;1;9
109402;-170287;47797;26221;8;9
113375;-170484;48045;26208;1;9
112228;-168496;47974;26333;8;9
110264;-167594;47851;26389;8;9
109579;-169643;47808;26261;2;9
110584;-170207;47871;26226;8;9
112862;-170708;48013;26194;8;9
111997;-167562;47959;26391;4;9
110776;-170263;47883;26222;4;9
109325;-167757;47792;26379;8;9
112764;-169609;48007;26263;1;9
112154;-169970;47969;26240;1;9
109957;-169682;47832;26258;1;9
109505;-170597;47804;26201;2;9
111939;-169191;47956;26289;2;9
109758;-169081;47819;26296;2;9
112469;-169671;47989;26259;4;9
123935;-181537;48705;25517;1;9
109943;-167943;47831;26367;2;9
123976;-174086;48708;25983;2;9
112667;-170659;48001;26197;8;9
111411;-168214;47923;26350;8;9
120247;-168507;48475;26332;2;9
124593;-173340;48747;26030;8;9
112667;-170054;48001;26235;1;9
112681;-170857;48002;26185;4;9
112300;-169697;47978;26257;8;9
110378;-168380;47858;26340;4;9
111321;-168310;47917;26344;8;9
110697;-167961;47878;26366;4;9
110234;-167534;47849;26393;8;9
111244;-168307;47912;26344;4;9
123594;-174917;48684;25931;4;9
110992;-167703;47897;26382;2;9
111761;-167959;47945;26366;8;9
124787;-173929;48759;25993;4;9
110267;-165016;47851;26550;4;9
112129;-170097;47968;26232;8;9
111863;-169239;47951;26286;4;9
110960;-170416;47895;26213;4;9
111016;-168816;47898;26313;2;9
120873;-168390;48514;26339;4;9
112750;-169661;48006;26260;1;9
117293;-182958;48290;25429;8;9
110287;-168728;47852;26318;4;9
108968;-167688;47770;26383;4;9
112839;-169605;48012;26263;4;9
111529;-170659;47930;26197;1;9
109897;-169890;47828;26245;8;9
121587;-168357;48559;26341;4;9
110993;-169814;47897;26250;1;9
113233;-169306;48037;26282;2;9
108814;-165516;47760;26519;1;9
121242;-188329;48537;25093;8;9
109822;-168236;47823;26349;2;9
108927;-169190;47767;26289;2;9
111507;-168082;47929;26358;1;9
113400;-169838;48047;26249;4;9
111412;-168750;47923;26317;2;9
114910;-180085;48141;25608;4;9
109594;-168377;47809;26340;1;9
119138;-168575;48406;26328;8;9
109796;-167892;47822;26370;2;9
112110;-168613;47966;26325;1;9
111157;-169235;47907;26286;4;9
109267;-170725;47789;26193;2;9
111222;-167414;47911;26400;4;9
111613;-169976;47935;26240;2;9
111311;-169547;47916;26267;2;9
108894;-169436;47765;26274;4;9
114749;-180068;48131;25609;1;9
108605;-165540;47747;26517;1;9
108471;-165045;47739;26548;4;9
124447;-173326;48737;26031;1;9
110190;-167489;47846;26395;8;9
108508;-165553;47741;26516;4;9
108841;-176366;47762;25841;2;9
111388;-168332;47921;26343;2;9
109218;-169926;47786;26243;1;9
123829;-174225;48699;25974;2;9
112370;-170973;47983;26178;8;9
107143;-165263;47656;26535;8;9
125668;-173083;48814;26046;1;9
112139;-168071;47968;26359;8;9
111790;-169190;47946;26289;1;9
106371;-172810;47608;26063;4;9
109034;-170460;47774;26210;1;9
112723;-170823;48005;26187;1;9
112166;-168299;47970;26345;2;9
123442;-174512;48675;25957;2;9
109357;-170782;47794;26190;1;9
111534;-166719;47930;26444;8;9
109535;-170685;47805;26196;8;9
120842;-168390;48512;26339;8;9
109402;-168138;47797;26355;2;9
109709;-167963;47816;26366;1;9
111034;-169963;47899;26241;1;9
111075;-169754;47902;26254;4;9
113681;-169234;48065;26286;1;9
110013;-169661;47835;26260;1;9
111247;-168465;47912;26334;4;9
112257;-170910;47976;26182;4;9
109398;-168239;47797;26349;2;9
125367;-172757;48795;26066;8;9
109187;-168729;47784;26318;1;9
109542;-169644;47806;26261;2;9
111773;-168294;47945;26345;2;9
109566;-167474;47807;26396;8;9
110044;-169184;47837;26290;8;9
111692;-169177;47940;26290;8;9
111138;-170574;47906;26203;2;9
110658;-167257;47876;26410;8;9
108273;-165627;47727;26512;1;9
111361;-170549;47920;26204;2;9
111243;-169972;47912;26240;4;9
109780;-168293;47821;26345;8;9
111268;-166869;47914;26434;2;9
111282;-167285;47915;26408;4;9
114930;-180091;48143;25608;8;9
113779;-169886;48071;26246;1;9
108910;-169351;47766;26279;4;9
113036;-170391;48024;26214;4;9
113039;-170210;48024;26225;2;9
108949;-165025;47769;26549;4;9
111740;-167980;47943;26365;2;9
109316;-167513;47792;26394;1;9
110127;-168496;47842;26333;2;9
112083;-168863;47965;26310;2;9
111668;-167773;47939;26378;4;9
111581;-166699;47933;26445;1;9
111330;-167066;47918;26422;1;9
110960;-169754;47895;26254;2;9
111280;-168458;47915;26335;8;9
109774;-169629;47820;26262;8;9
111224;-169586;47911;26264;4;9
108818;-165521;47761;26518;8;9
112095;-170196;47965;26226;4;9
111044;-167531;47900;26393;4;9
114765;-180080;48132;25609;8;9
111129;-167642;47905;26386;2;9
111620;-167698;47936;26382;4;9
112167;-170223;47970;26225;4;9
110492;-167989;47865;26364;1;9
109787;-168509;47821;26332;8;9
108954;-165117;47769;26544;8;9
112263;-168100;47976;26357;4;9
113172;-170499;48033;26207;4;9
108879;-168768;47764;26316;1;9
109363;-176881;47795;25808;8;9
109783;-167939;47821;26367;2;9
110029;-168312;47836;26344;8;9
109216;-165065;47786;26547;4;9
113321;-169293;48042;26283;2;9
112252;-168222;47975;26350;2;9
109006;-170987;47772;26177;1;9
112729;-169615;48005;26263;2;9
110723;-169988;47880;26239;8;9
111900;-170288;47953;26221;1;9
123571;-181860;48683;25497;1;9
111506;-168824;47929;26312;8;9
112782;-170849;48008;26185;8;9
108071;-165546;47714;26517;2;9
109323;-168381;47792;26340;4;9
109492;-170869;47803;26184;4;9
112517;-169918;47992;26244;4;9
108841;-167738;47762;26380;8;9
108101;-165089;47716;26545;4;9
110351;-168231;47856;26349;8;9
108844;-170053;47762;26235;4;9
121228;-188390;48536;25089;4;9
125647;-172456;48812;26085;4;9
108811;-165033;47760;26549;2;9
111005;-167602;47897;26388;4;9
112729;-170055;48005;26235;1;9
109470;-167579;47801;26390;4;9
111442;-168273;47925;26346;4;9
111184;-168820;47909;26312;1;9
111162;-170079;47907;26234;1;9
110477;-170985;47864;26177;4;9
109400;-168413;47797;26338;4;9
106439;-175070;47612;25922;4;9
119834;-168461;48449;26335;4;9
111118;-168820;47904;26312;8;9
124844;-173163;48762;26041;1;9
111837;-169336;47949;26280;8;9
109883;-170742;47827;26192;1;9
109023;-170573;47773;26203;1;9
110076;-168215;47839;26350;8;9
111360;-167347;47920;26404;2;9
110458;-168288;47863;26346;8;9
109628;-170783;47811;26190;8;9
111061;-167331;47901;26405;4;9
112635;-170517;47999;26206;2;9
110435;-170901;47862;26182;8;9
113656;-169310;48063;26282;4;9
109470;-167588;47801;26389;1;9
110079;-169342;47839;26280;8;9
107980;-165194;47708;26539;1;9
111206;-169631;47910;26262;8;9
108136;-165312;47718;26532;1;9
109081;-168098;47777;26357;8;9
109459;-169687;47801;26258;4;9
110069;-168858;47839;26310;1;9
123551;-182241;48681;25473;2;9
111472;-167390;47927;26402;1;9
112167;-169306;47970;26282;2;9
112353;-167996;47982;26364;8;9
108529;-165628;47743;26512;1;9
110110;-167747;47841;26379;4;9
113490;-170572;48053;26203;2;9
109606;-169182;47810;26290;2;9
111131;-170267;47905;26222;1;9
112861;-169853;48013;26248;8;9
109144;-169054;47781;26298;8;9
112332;-170111;47980;26232;1;9
109451;-168285;47800;26346;4;9
110267;-168454;47851;26335;8;9
109512;-176812;47804;25813;2;9
113087;-169888;48027;26246;2;9
111176;-167612;47908;26388;8;9
110007;-169829;47835;26249;2;9
111100;-167072;47903;26422;8;9
112216;-170138;47973;26230;4;9
123238;-175139;48662;25917;2;9
107174;-165325;47658;26531;1;9
106027;-172745;47586;26067;4;9
111061;-168868;47901;26309;8;9
123574;-181765;48683;25503;8;9
110449;-168444;47863;26336;4;9
123555;-181265;48682;25534;1;9
113765;-169613;48070;26263;4;9
110899;-170246;47891;26223;8;9
113018;-170056;48023;26235;8;9
111264;-166849;47914;26435;4;9
111396;-167070;47922;26422;4;9
109722;-170820;47817;26187;4;9
110146;-169852;47844;26248;2;9
110586;-168434;47871;26336;4;9
110195;-165111;47847;26544;2;9
112878;-170161;48014;26228;2;9
123359;-175069;48669;25922;8;9
121269;-188336;48539;25093;8;9
110670;-170487;47876;26208;1;9
108244;-174262;47725;25972;4;9
119697;-181893;48441;25495;2;9
112876;-170118;48014;26231;4;9
110942;-169279;47893;26284;1;9
109486;-169322;47802;26281;2;9
112362;-167343;47982;26405;1;9
111187;-170951;47909;26179;8;9
109871;-167842;47826;26373;8;9
112535;-169923;47993;26243;8;9
109906;-169759;47829;26254;4;9
111097;-167623;47903;26387;2;9
109196;-165575;47784;26515;4;9
111886;-170419;47952;26212;8;9
106732;-173552;47630;26017;1;9
111706;-168541;47941;26330;8;9
109131;-167477;47780;26396;4;9
112888;-170790;48015;26189;2;9
111714;-168254;47942;26348;8;9
109690;-168034;47815;26361;1;9
112465;-169835;47989;26249;1;9
108855;-169815;47763;26250;8;9
109193;-168309;47784;26344;8;9
109080;-168776;47777;26315;2;9
112352;-167641;47982;26386;1;9
111422;-166753;47923;26441;8;9
125146;-173643;48781;26011;2;9
117355;-179892;48294;25620;1;9
111371;-168263;47920;26347;4;9
110702;-170067;47878;26234;4;9
111672;-168001;47939;26363;2;9
109819;-167775;47823;26378;2;9
111891;-170452;47953;26210;4;9
112743;-170556;48006;26204;8;9
111349;-169996;47919;26239;8;9
108993;-165019;47772;26550;4;9
112644;-169599;48000;26264;2;9
124382;-174169;48733;25978;8;9
110141;-165081;47843;26546;1;9
112219;-168909;47973;26307;8;9
108857;-170986;47763;26177;4;9
108880;-167648;47765;26386;2;9
120025;-181974;48461;25490;4;9
110985;-167280;47896;26409;1;9
111903;-167956;47953;26366;2;9
110948;-168038;47894;26361;1;9
112320;-167482;47980;26396;1;9
110355;-170089;47857;26233;8;9
123541;-181436;48681;25524;8;9
112420;-170843;47986;26186;8;9
109502;-170516;47803;26206;2;9
108878;-169179;47764;26290;2;9
106426;-172881;47611;26058;1;9
125910;-172803;48829;26063;2;9
113227;-170600;48036;26201;2;9
109969;-170842;47833;26186;4;9
125790;-172948;48821;26054;8;9
111409;-167152;47923;26417;8;9
109197;-168445;47784;26336;4;9
108957;-169391;47769;26277;1;9
109679;-170396;47814;26214;8;9
123589;-181473;48684;25521;1;9
112482;-169854;47990;26248;1;9
111494;-168070;47928;26359;4;9
123506;-175093;48679;25920;1;9
110566;-168257;47870;26347;1;9
110265;-170239;47851;26224;1;9
110826;-170073;47886;26234;4;9
111281;-170677;47915;26196;2;9
109761;-170854;47820;26185;8;9
111157;-170605;47907;26201;2;9
108971;-169442;47770;26273;2;9
113125;-170949;48030;26179;4;9
110777;-168990;47883;26302;2;9
111149;-169014;47906;26300;2;9
111154;-166938;47907;26430;4;9
109294;-169080;47790;26296;4;9
109824;-169938;47824;26242;1;9
115328;-182448;48168;25461;2;9
110565;-169510;47870;26269;8;9
110438;-168690;47862;26320;4;9
109577;-176823;47808;25812;8;9
111691;-170565;47940;26203;8;9
113780;-170000;48071;26239;4;9
109293;-170319;47790;26219;2;9
125648;-172473;48813;26084;1;9
112163;-169078;47970;26296;8;9
112412;-169297;47985;26282;4;9
109939;-169058;47831;26297;8;9
113080;-170618;48027;26200;1;9
112075;-170133;47964;26230;1;9
111850;-168712;47950;26319;8;9
111534;-169897;47930;26245;8;9
108823;-168488;47761;26333;2;9
110680;-169577;47877;26265;1;9
113406;-170582;48047;26202;4;9
109493;-170274;47803;26221;8;9
110582;-170326;47871;26218;4;9
110740;-169065;47881;26297;1;9
111802;-168432;47947;26337;1;9
113028;-170002;48024;26238;4;9
125077;-173537;48777;26017;2;9
111988;-170528;47959;26206;8;9
124483;-173362;48740;26028;8;9
109952;-167574;47832;26390;8;9
112499;-170844;47991;26186;1;9
110362;-168761;47857;26316;4;9
109935;-168073;47830;26359;1;9
123347;-175229;48669;25912;8;9
112225;-167549;47974;26392;8;9
112593;-170870;47997;26184;2;9
111916;-167443;47954;26398;1;9
110589;-170070;47871;26234;1;9
109667;-167664;47814;26385;1;9
111260;-169193;47913;26289;4;9
109882;-169718;47827;26256;4;9
112261;-168422;47976;26337;4;9
112581;-169566;47996;26266;2;9
109795;-170785;47822;26189;1;9
111118;-167137;47904;26417;4;9
110168;-169134;47845;26293;4;9
107168;-165291;47658;26533;8;9
109799;-170668;47822;26197;4;9
109892;-168099;47828;26357;4;9
111921;-168835;47955;26311;2;9
109666;-170460;47814;26210;8;9
112855;-170665;48013;26197;1;9
111555;-168122;47932;26356;8;9
111311;-169232;47916;26287;2;9
110622;-167846;47873;26373;2;9
112429;-169952;47986;26242;1;9
112170;-169078;47970;26296;4;9
121566;-168354;48557;26341;1;9
110349;-169759;47856;26254;4;9
124773;-173202;48758;26038;4;9
113634;-169605;48062;26263;4;9
112161;-168506;47970;26332;4;9
125551;-172651;48806;26073;4;9
112048;-170426;47963;26212;4;9
110633;-170456;47874;26210;2;9
108755;-165541;47757;26517;4;9
123637;-182113;48687;25481;1;9
109652;-167972;47813;26365;8;9
119219;-168479;48411;26334;1;9
123624;-182062;48686;25485;1;9
111433;-168232;47924;26349;1;9
110964;-169236;47895;26286;1;9
110163;-169579;47845;26265;4;9
109007;-165008;47772;26551;8;9
110244;-170204;47850;26226;8;9
112623;-169805;47998;26251;8;9
109329;-170601;47793;26201;4;9
111934;-167524;47955;26393;8;9
110404;-167558;47860;26391;4;9
110243;-168679;47850;26321;2;9
119676;-181986;48439;25489;8;9
124117;-173784;48717;26002;1;9
125420;-172693;48798;26070;8;9
109663;-169699;47813;26257;4;9
110306;-169864;47854;26247;2;9
111075;-167645;47902;26386;2;9
124835;-173165;48762;26041;4;9
111567;-169555;47932;26266;8;9
111599;-166983;47934;26427;4;9
110062;-169226;47838;26287;1;9
110124;-169895;47842;26245;4;9
113047;-170075;48025;26234;8;9
109699;-170950;47816;26179;8;9
111022;-170723;47898;26193;4;9
120381;-168546;48483;26329;4;9
112297;-167647;47978;26386;1;9
112742;-169543;48006;26267;8;9
111939;-168642;47956;26323;8;9
110306;-169847;47854;26248;8;9
109245;-169194;47787;26289;1;9
109734;-168140;47818;26355;1;9
113668;-170022;48064;26237;2;9
111528;-170101;47930;26232;4;9
109423;-168622;47798;26325;4;9
109486;-169092;47802;26295;2;9
109396;-170911;47797;26182;1;9
109481;-167513;47802;26394;2;9
107944;-165381;47706;26527;1;9
124833;-173721;48762;26006;1;9
111092;-169661;47903;26260;1;9
109576;-169209;47808;26288;2;9
110273;-171006;47852;26176;8;9
112216;-169770;47973;26253;1;9
109635;-170300;47812;26220;1;9
108973;-168125;47770;26356;8;9
109498;-168324;47803;26343;1;9
108826;-167952;47761;26367;8;9
108847;-168965;47762;26303;1;9
110877;-169096;47889;26295;2;9
109616;-170247;47811;26223;2;9
109665;-168732;47814;26318;2;9
110300;-167647;47853;26386;2;9
112853;-169963;48013;26241;1;9
110808;-167937;47885;26367;8;9
109388;-168332;47796;26343;8;9
111711;-170085;47941;26233;4;9
109958;-170512;47832;26207;8;9
109504;-170751;47804;26192;4;9
112912;-169283;48017;26283;1;9
109040;-169348;47775;26279;2;9
109921;-168439;47830;26336;1;9
105700;-172669;47566;26072;1;9
109541;-168907;47806;26307;2;9
111875;-168388;47952;26339;2;9
111359;-169497;47919;26270;4;9
112694;-170591;48003;26202;2;9
115986;-181123;48209;25543;8;9
111639;-168968;47937;26303;1;9
110102;-169585;47841;26264;8;9
116161;-177291;48220;25783;2;9
111273;-167544;47914;26392;8;9
111671;-167737;47939;26380;4;9
110433;-170769;47862;26190;4;9
110694;-168115;47878;26356;2;9
111667;-169079;47939;26296;4;9
112268;-168126;47976;26356;2;9
110945;-169520;47894;26269;2;9
112375;-167290;47983;26408;8;9
109031;-170416;47774;26213;2;9
111352;-169675;47919;26259;8;9
110537;-167399;47868;26401;1;9
111997;-168192;47959;26352;1;9
115968;-181166;48208;25541;8;9
109938;-168912;47831;26307;4;9
110187;-170737;47846;26192;1;9
110733;-170078;47880;26234;8;9
108959;-169878;47769;26246;8;9
119985;-168533;48459;26330;4;9
112439;-169972;47987;26240;4;9
109529;-170230;47805;26224;2;9
113119;-170390;48029;26214;8;9
112124;-169578;47967;26265;2;9
111107;-169331;47904;26280;4;9
112795;-171005;48009;26176;1;9
109242;-170205;47787;26226;2;9
111726;-167322;47942;26406;2;9
109456;-170815;47801;26188;4;9
123564;-181570;48682;25515;1;9
109835;-168526;47824;26331;4;9
112445;-170534;47987;26205;8;9
108201;-174332;47722;25968;4;9
123980;-181586;48708;25514;1;9
109441;-168674;47800;26321;4;9
125885;-173047;48827;26048;4;9
109882;-168372;47827;26340;4;9
111708;-168078;47941;26359;4;9
110842;-169541;47887;26267;2;9
123152;-175108;48657;25919;4;9
109409;-176838;47798;25811;4;9
109039;-168387;47774;26339;1;9
117360;-183029;48295;25424;4;9
111092;-168965;47903;26303;2;9
108902;-168512;47766;26332;2;9
109809;-167569;47823;26390;2;9
109494;-169821;47803;26250;8;9
109208;-176649;47785;25823;8;9
109512;-169587;47804;26264;2;9
113012;-169755;48023;26254;1;9
108435;-165581;47737;26515;1;9
108621;-165099;47748;26545;1;9
125585;-173182;48809;26040;1;9
113089;-170510;48028;26207;8;9
109908;-168945;47829;26304;8;9
109885;-169050;47827;26298;1;9
111505;-167812;47929;26375;1;9
125169;-173595;48783;26014;2;9
105779;-172658;47571;26072;1;9
110499;-169559;47866;26266;4;9
109079;-170627;47777;26199;1;9
109827;-169462;47824;26272;2;9
113086;-170525;48027;26206;1;9
109769;-167937;47820;26367;8;9
111164;-169090;47907;26295;1;9
112240;-168693;47975;26320;2;9
111217;-170588;47911;26202;4;9
113236;-170532;48037;26205;1;9
109303;-168591;47791;26327;8;9
113479;-170668;48052;26197;8;9
109861;-170708;47826;26194;2;9
110791;-169312;47884;26282;2;9
124566;-173439;48745;26024;8;9
108992;-168928;47772;26306;2;9
109156;-168806;47782;26313;4;9
112761;-170913;48007;26181;4;9
109040;-170859;47775;26185;8;9
109068;-167593;47776;26389;8;9
112032;-169310;47962;26282;2;9
112636;-169761;47999;26253;8;9
112118;-169166;47967;26291;1;9
125100;-173661;48778;26010;2;9
110987;-168899;47896;26307;2;9
123954;-182012;48707;25488;1;9
109095;-169843;47778;26248;2;9
111733;-169784;47943;26252;1;9
112869;-169688;48014;26258;8;9
113775;-169611;48070;26263;8;9
118852;-168583;48388;26327;4;9
112194;-169763;47972;26253;1;9
111244;-166851;47912;26435;1;9
111221;-170724;47911;26193;2;9
109691;-168061;47815;26360;1;9
109323;-168493;47792;26333;1;9
109115;-169213;47779;26288;4;9
109754;-170955;47819;26179;1;9
110180;-168739;47846;26317;4;9
109440;-168139;47800;26355;8;9
110436;-169899;47862;26245;1;9
112914;-169939;48017;26242;2;9
109742;-170740;47818;26192;8;9
108829;-168743;47761;26317;1;9
109736;-167819;47818;26375;4;9
111269;-168669;47914;26322;4;9
109977;-169399;47833;26276;2;9
105805;-172625;47572;26074;4;9
109116;-176619;47779;25825;1;9
111386;-168585;47921;26327;1;9
109188;-167672;47784;26384;1;9
113684;-169980;48065;26240;4;9
125987;-172820;48834;26062;4;9
109220;-169032;47786;26299;1;9
109809;-165043;47823;26548;4;9
111255;-168250;47913;26348;8;9
113379;-169585;48046;26264;2;9
112286;-170718;47977;26194;8;9
111814;-169252;47948;26285;2;9
112137;-167398;47968;26401;1;9
113290;-169277;48040;26284;4;9
111999;-168215;47959;26350;8;9
110229;-169783;47849;26252;1;9
111857;-168469;47951;26334;8;9
119939;-168474;48456;26334;1;9
109468;-168790;47801;26314;8;9
114753;-179979;48132;25615;1;9
111913;-170581;47954;26202;8;9
110480;-170222;47865;26225;1;9
111244;-169093;47912;26295;2;9
111440;-168270;47925;26347;8;9
112175;-168273;47970;26346;4;9
109043;-168398;47775;26339;1;9
110010;-169543;47835;26267;4;9
125840;-172865;48825;26059;1;9
111600;-170377;47935;26215;4;9
108967;-170051;47770;26235;2;9
111903;-168054;47953;26360;2;9
110964;-167799;47895;26376;1;9
123477;-175069;48677;25922;4;9
112297;-168703;47978;26320;8;9
109364;-168278;47795;26346;2;9
109813;-168419;47823;26337;4;9
109372;-165094;47795;26545;8;9
109553;-168532;47807;26330;1;9
120827;-188153;48511;25104;4;9
110192;-169603;47847;26263;4;9
112410;-170952;47985;26179;4;9
113168;-170155;48033;26229;4;9
109202;-165011;47785;26550;8;9
119826;-181979;48449;25490;8;9
111848;-167576;47950;26390;1;9
108840;-169905;47762;26244;8;9
112791;-169868;48009;26247;2;9
119042;-168602;48400;26326;8;9
108805;-168003;47760;26363;4;9
119688;-168507;48440;26332;2;9
113057;-170268;48026;26222;1;9
111202;-169915;47910;26244;1;9
113147;-170307;48031;26219;4;9
107773;-165289;47695;26533;1;9
107892;-165263;47703;26535;2;9
113133;-170561;48030;26203;1;9
111853;-167593;47950;26389;1;9
110294;-167536;47853;26393;1;9
110982;-170681;47896;26196;4;9
110968;-167955;47895;26366;1;9
109792;-165093;47822;26545;1;9
111962;-168482;47957;26333;4;9
112616;-169958;47998;26241;4;9
111754;-169165;47944;26291;1;9
112093;-169016;47965;26300;8;9
107324;-165284;47667;26533;1;9
109253;-165525;47788;26518;4;9
107904;-165308;47704;26532;1;9
123558;-174526;48682;25956;2;9
111808;-170564;47948;26203;2;9
110988;-169775;47896;26253;1;9
109698;-170343;47816;26217;2;9
110080;-170990;47840;26177;8;9
111840;-168995;47950;26301;2;9
112992;-169849;48022;26248;4;9
112073;-168210;47964;26350;2;9
110536;-170050;47868;26235;8;9
109951;-165046;47831;26548;1;9
111666;-169289;47939;26283;8;9
111828;-168233;47949;26349;4;9
109406;-168216;47797;26350;2;9
109500;-169499;47803;26270;2;9
113756;-170023;48069;26237;4;9
109705;-168446;47816;26336;1;9
108899;-170267;47766;26222;1;9
108881;-170122;47765;26231;1;9
110266;-167693;47851;26383;2;9
110215;-167655;47848;26385;4;9
108463;-165517;47738;26519;4;9
110485;-168475;47865;26334;2;9
110733;-168180;47880;26352;8;9
109519;-169173;47804;26290;4;9
111587;-169799;47934;26251;2;9
113770;-170231;48070;26224;4;9
110631;-170948;47874;26179;4;9
112349;-167889;47981;26370;1;9
110036;-169825;47837;26249;4;9
109886;-169850;47827;26248;1;9
112468;-169579;47989;26265;4;9
109388;-168944;47796;26305;4;9
111739;-169902;47943;26245;4;9
112721;-170674;48005;26196;1;9
112317;-170591;47979;26202;1;9
112488;-169599;47990;26264;8;9
115771;-181428;48195;25524;8;9
109157;-169276;47782;26284;2;9
112208;-167921;47973;26368;8;9
112037;-170013;47962;26238;2;9
112777;-170750;48008;26192;1;9
120213;-168545;48473;26329;1;9
125156;-173500;48782;26020;1;9
111482;-168351;47927;26342;4;9
109580;-169829;47808;26249;4;9
123997;-181848;48709;25498;2;9
111485;-166682;47927;26446;2;9
109125;-167868;47780;26372;2;9
108580;-165597;47746;26514;1;9
111329;-168279;47918;26346;1;9
109683;-169783;47815;26252;8;9
111137;-169641;47906;26261;1;9
110039;-169465;47837;26272;8;9
110198;-170535;47847;26205;4;9
109132;-168375;47780;26340;1;9
112257;-168183;47976;26352;1;9
106625;-173531;47624;26018;8;9
109635;-168003;47812;26363;8;9
112305;-169649;47979;26260;8;9
112256;-167801;47976;26376;1;9
112335;-169132;47980;26293;4;9
113585;-169590;48059;26264;1;9
111450;-168891;47925;26308;4;9
111649;-167942;47938;26367;8;9
111380;-168951;47921;26304;8;9
115733;-181470;48193;25522;2;9
113235;-169545;48037;26267;4;9
123612;-181645;48685;25511;8;9
111161;-169110;47907;26294;2;9
112414;-170992;47985;26177;4;9
109804;-170276;47822;26221;8;9
113769;-170195;48070;26226;1;9
111829;-170621;47949;26200;2;9
111262;-169800;47913;26251;2;9
115427;-182427;48174;25462;4;9
111992;-170897;47959;26182;8;9
111007;-169162;47897;26291;8;9
110799;-170318;47884;26219;4;9
110753;-169656;47882;26260;8;9
110386;-170203;47859;26226;4;9
107907;-165501;47704;26520;1;9
108284;-174145;47727;25979;1;9
111213;-170319;47910;26219;2;9
111876;-170146;47952;26229;1;9
111310;-169134;47916;26293;1;9
108841;-168990;47762;26302;1;9
110454;-170802;47863;26188;1;9
110516;-167325;47867;26406;4;9
110313;-168336;47854;26343;8;9
110592;-170057;47872;26235;4;9
110063;-167959;47838;26366;1;9
110176;-169643;47846;26261;8;9
123566;-181510;48682;25519;8;9
112369;-167406;47983;26401;4;9
112168;-167059;47970;26422;1;9
111950;-168083;47956;26358;2;9
111366;-168051;47920;26360;1;9
111929;-167768;47955;26378;4;9
125274;-173523;48789;26018;8;9
111924;-169010;47955;26300;2;9
108922;-170708;47767;26194;2;9
110808;-167765;47885;26378;1;9
110111;-170611;47841;26200;4;9
110023;-168107;47836;26357;1;9
121153;-168415;48532;26338;1;9
110478;-169985;47864;26239;2;9
111597;-169147;47934;26292;8;9
109634;-167691;47812;26383;2;9
112258;-167248;47976;26411;8;9
107970;-165321;47708;26531;4;9
111865;-167738;47951;26380;1;9
108870;-168723;47764;26318;2;9
111027;-168839;47899;26311;4;9
110927;-170346;47892;26217;4;9
112205;-170173;47972;26228;8;9
107902;-172566;47703;26078;2;9
120015;-168534;48460;26330;2;9
126207;-172701;48847;26070;2;9
112899;-171008;48016;26176;4;9
108553;-165510;47744;26519;2;9
108871;-167439;47764;26399;4;9
123949;-181933;48706;25493;2;9
113530;-170826;48055;26187;1;9
120391;-168549;48484;26329;8;9
109461;-168414;47801;26338;8;9
110536;-170243;47868;26223;2;9
111739;-168988;47943;26302;4;9
109117;-169914;47779;26244;2;9
110045;-169316;47837;26281;1;9
110113;-167832;47842;26374;4;9
121055;-188210;48525;25100;8;9
109171;-167687;47783;26383;8;9
113372;-169231;48045;26287;1;9
111217;-168649;47911;26323;1;9
112089;-169296;47965;26283;4;9
113112;-170479;48029;26209;2;9
111626;-170464;47936;26210;8;9
111912;-170486;47954;26208;2;9
109351;-170610;47794;26200;1;9
111187;-168938;47909;26305;8;9
109421;-168548;47798;26329;8;9
111817;-168943;47948;26305;8;9
109952;-170612;47832;26200;2;9
110398;-170344;47859;26217;8;9
113377;-169714;48046;26256;4;9
109709;-167613;47816;26388;8;9
108928;-168168;47768;26353;1;9
112072;-168324;47964;26343;1;9
109791;-167968;47821;26366;8;9
106492;-175052;47615;25923;2;9
109873;-168888;47827;26308;4;9
109936;-170442;47831;26211;4;9
109579;-168651;47808;26323;1;9
111251;-168498;47913;26332;1;9
111893;-168884;47953;26308;2;9
111371;-170499;47920;26207;8;9
109542;-167607;47806;26388;4;9
110595;-168058;47872;26360;4;9
111646;-170008;47937;26238;1;9
123573;-181390;48683;25527;8;9
110721;-168116;47880;26356;4;9
108265;-174160;47726;25979;4;9
110850;-169603;47888;26263;4;9
109842;-169733;47825;26255;4;9
109577;-168050;47808;26360;2;9
109655;-167676;47813;26384;8;9
111929;-168877;47955;26309;8;9
109184;-176658;47784;25822;1;9
111446;-168855;47925;26310;8;9
106493;-172817;47615;26062;1;9
107753;-165362;47694;26528;8;9
112038;-169223;47962;26287;1;9
116142;-177532;48218;25768;1;9
110675;-168335;47877;26343;1;9
112214;-168314;47973;26344;8;9
115786;-183500;48196;25395;1;9
110855;-168716;47888;26319;2;9
109771;-168463;47820;26335;8;9
111878;-168417;47952;26337;8;9
111616;-167403;47936;26401;2;9
112147;-168432;47969;26337;4;9
111669;-170445;47939;26211;1;9
112506;-170762;47991;26191;1;9
123360;-175193;48670;25914;1;9
108983;-168681;47771;26321;8;9
111290;-168677;47915;26321;4;9
109294;-167799;47790;26376;4;9
108590;-165509;47746;26519;4;9
111244;-169100;47912;26295;2;9
123430;-174588;48674;25952;1;9
110218;-168680;47848;26321;1;9
110355;-170042;47857;26236;1;9
114492;-178191;48115;25727;1;9
111441;-166831;47925;26437;8;9
109551;-169751;47806;26254;1;9
111457;-168676;47926;26321;8;9
109001;-170045;47772;26236;4;9
110287;-168367;47852;26341;8;9
109484;-170589;47802;26202;8;9
116173;-177292;48220;25783;8;9
111812;-169553;47948;26266;8;9
110085;-165021;47840;26550;1;9
108865;-169538;47764;26267;4;9
117307;-182945;48291;25429;4;9
112782;-169983;48008;26240;8;9
108913;-170550;47767;26204;4;9
110077;-167460;47839;26397;8;9
111671;-169841;47939;26248;1;9
111139;-170102;47906;26232;8;9
113339;-170493;48043;26208;2;9
112213;-170323;47973;26218;2;9
111342;-166898;47918;26432;1;9
113142;-169905;48031;26244;2;9
109837;-167798;47824;26376;4;9
111919;-167423;47954;26400;2;9
109120;-170914;47780;26181;4;9
109150;-167854;47781;26373;1;9
112269;-169650;47976;26260;1;9
111485;-167948;47927;26367;1;9
112146;-169012;47969;26300;2;9
111236;-167465;47912;26397;2;9
110409;-170365;47860;26216;2;9
109322;-167514;47792;26394;8;9
123953;-181742;48707;25505;2;9
110357;-170774;47857;26190;8;9
112082;-170315;47965;26219;2;9
109290;-167587;47790;26389;8;9
121263;-188291;48538;25095;2;9
113470;-170557;48051;26204;2;9
111729;-168337;47943;26342;2;9
109375;-167881;47795;26371;8;9
124336;-174155;48731;25979;1;9
112542;-170917;47993;26181;8;9
108974;-168471;47770;26334;2;9
111689;-170656;47940;26198;4;9
109708;-170606;47816;26201;1;9
124732;-173252;48755;26035;2;9
111472;-169529;47927;26268;2;9
110343;-167520;47856;26394;1;9
111574;-169753;47933;26254;1;9
123940;-181737;48706;25505;2;9
110796;-168104;47884;26357;2;9
109687;-169152;47815;26292;4;9
110239;-169828;47849;26249;1;9
111216;-167629;47911;26387;1;9
110111;-167698;47841;26382;1;9
111690;-168860;47940;26310;4;9
109796;-167655;47822;26385;1;9
113710;-169508;48066;26269;8;9
111108;-170475;47904;26209;2;9
110116;-167804;47842;26376;1;9
109482;-170979;47802;26177;4;9
109774;-168371;47820;26340;8;9
112170;-170190;47970;26227;8;9
113738;-169343;48068;26280;4;9
112265;-168884;47976;26308;4;9
111009;-166669;47898;26447;8;9
109051;-168892;47775;26308;8;9
109078;-169775;47777;26253;4;9
109577;-168728;47808;26318;8;9
111579;-169113;47933;26294;4;9
112958;-170883;48019;26183;4;9
110656;-168384;47876;26340;4;9
110701;-168256;47878;26348;8;9
112004;-169544;47960;26267;1;9
111319;-169778;47917;26252;1;9
109153;-167659;47782;26385;8;9
112383;-168377;47983;26340;1;9
109630;-167434;47811;26399;8;9
113224;-170005;48036;26238;8;9
109882;-168442;47827;26336;4;9
121078;-188189;48527;25102;4;9
110499;-168615;47866;26325;1;9
109144;-176607;47781;25826;4;9
109562;-170784;47807;26190;2;9
112101;-170912;47966;26182;2;9
109240;-168846;47787;26311;8;9
125693;-172504;48815;26082;8;9
109319;-165105;47792;26544;1;9
110006;-169054;47835;26298;8;9
108911;-165564;47766;26516;1;9
109702;-168482;47816;26333;4;9
112586;-169841;47996;26248;8;9
113089;-169236;48028;26286;8;9
110721;-167916;47880;26369;2;9
112345;-169612;47981;26263;8;9
110712;-170256;47879;26223;8;9
110099;-170736;47841;26193;4;9
109785;-169616;47821;26263;8;9
112593;-170618;47997;26200;4;9
112104;-169166;47966;26291;1;9
109384;-170075;47796;26234;8;9
109976;-168997;47833;26301;2;9
109952;-170919;47832;26181;4;9
115721;-181300;48192;25532;1;9
112230;-168582;47974;26327;8;9
112601;-170618;47997;26200;1;9
110722;-167494;47880;26395;4;9
108411;-174260;47735;25972;2;9
112726;-169874;48005;26246;8;9
106751;-173527;47631;26018;2;9
111389;-169810;47921;26250;1;9
109569;-167856;47808;26373;4;9
112347;-168265;47981;26347;2;9
110287;-170993;47852;26176;4;9
109452;-165105;47800;26544;8;9
109066;-170218;47776;26225;1;9
110762;-169082;47882;26296;8;9
109566;-170162;47807;26228;2;9
108809;-168008;47760;26363;8;9
109674;-169563;47814;26266;8;9
110148;-169580;47844;26265;1;9
109770;-169832;47820;26249;2;9
110433;-167623;47862;26387;1;9
109081;-170562;47777;26203;2;9
110308;-167567;47854;26391;2;9
123606;-182064;48685;25485;2;9
109663;-169580;47813;26265;1;9
115783;-181405;48196;25526;1;9
110145;-167502;47844;26395;2;9
114757;-180049;48132;25610;2;9
110586;-167923;47871;26368;1;9
125277;-173446;48789;26023;2;9
111979;-169041;47958;26298;1;9
111445;-169760;47925;26254;1;9
109421;-168391;47798;26339;2;9
110895;-168786;47890;26314;4;9
111597;-169327;47934;26281;1;9
109240;-169194;47787;26289;8;9
110023;-169462;47836;26272;8;9
106647;-173457;47625;26022;2;9
109732;-167659;47818;26385;2;9
111304;-167853;47916;26373;8;9
111089;-169718;47903;26256;8;9
119664;-168532;48439;26330;4;9
119147;-168463;48406;26335;4;9
106413;-172814;47610;26063;4;9
111819;-167892;47948;26370;2;9
110757;-169987;47882;26239;4;9
124176;-173629;48721;26012;8;9
111012;-168853;47898;26310;4;9
110391;-170153;47859;26229;2;9
110951;-170479;47894;26209;1;9
111710;-168311;47941;26344;8;9
108959;-165554;47769;26516;4;9
111303;-167294;47916;26408;1;9
124535;-173346;48743;26029;4;9
113167;-170955;48032;26179;1;9
111841;-167493;47950;26395;2;9
109209;-170956;47785;26179;2;9
109687;-170738;47815;26192;4;9
112798;-170706;48009;26194;8;9
109382;-170975;47796;26178;8;9
111641;-170729;47937;26193;1;9
109300;-170007;47791;26238;8;9
111709;-168736;47941;26318;2;9
108959;-170769;47769;26190;1;9
109399;-170914;47797;26181;2;9
109564;-170769;47807;26190;4;9
109124;-170890;47780;26183;1;9
112604;-169258;47997;26285;8;9
110455;-168460;47863;26335;1;9
109175;-165578;47783;26515;4;9
111110;-168599;47904;26326;2;9
108906;-168142;47766;26355;2;9
108973;-170157;47770;26229;2;9
108688;-165120;47753;26544;1;9
108821;-170257;47761;26222;1;9
109174;-168462;47783;26335;8;9
110750;-168979;47881;26302;8;9
113164;-170200;48032;26226;4;9
111309;-170748;47916;26192;4;9
110099;-167796;47841;26376;4;9
113446;-169504;48050;26270;8;9
108089;-165247;47715;26536;1;9
109767;-169626;47820;26262;8;9
108961;-170406;47770;26213;1;9
111107;-168701;47904;26320;1;9
107720;-165280;47692;26534;2;9
113529;-169484;48055;26271;4;9
113308;-169657;48041;26260;1;9
109541;-169615;47806;26263;1;9
109602;-167566;47810;26391;1;9
109520;-170137;47805;26230;8;9
109704;-170823;47816;26187;8;9
124707;-173928;48754;25993;1;9
109510;-169466;47804;26272;1;9
109376;-167804;47796;26376;4;9
109827;-168951;47824;26304;1;9
110562;-170963;47870;26178;8;9
109336;-170009;47793;26238;4;9
111445;-169014;47925;26300;4;9
108996;-169670;47772;26259;8;9
112268;-170217;47976;26225;4;9
111433;-170680;47924;26196;2;9
109468;-167550;47801;26392;2;9
109347;-167598;47794;26389;2;9
109802;-169059;47822;26297;1;9
109852;-168279;47825;26346;4;9
111478;-169639;47927;26261;1;9
111572;-167153;47933;26416;4;9
111879;-169524;47952;26268;4;9
111364;-169045;47920;26298;8;9
108955;-168664;47769;26322;4;9
108981;-168465;47771;26334;2;9
123987;-181685;48709;25508;4;9
116029;-181127;48211;25543;1;9
111890;-170525;47953;26206;2;9
112504;-170605;47991;26201;1;9
111135;-167174;47905;26415;8;9
112200;-167714;47972;26381;8;9
112545;-170592;47994;26202;4;9
109429;-168938;47799;26305;8;9
109959;-167778;47832;26377;8;9
110550;-167814;47869;26375;1;9
112650;-170008;48000;26238;1;9
109831;-170743;47824;26192;4;9
112322;-169735;47980;26255;2;9
112721;-169690;48005;26258;8;9
111655;-168810;47938;26313;2;9
109093;-176578;47778;25827;1;9
112620;-169278;47998;26284;1;9
109515;-170966;47804;26178;4;9
109206;-168574;47785;26328;4;9
110010;-169725;47835;26256;8;9
110417;-167434;47861;26399;1;9
109394;-167584;47797;26390;8;9
115806;-183451;48197;25398;1;9
113372;-169310;48045;26282;1;9
123591;-181975;48684;25490;8;9
109543;-170505;47806;26207;2;9
108837;-168574;47762;26328;8;9
110130;-169667;47843;26259;8;9
112026;-170188;47961;26227;2;9
111295;-170038;47915;26236;8;9
111525;-166940;47930;26430;2;9
110574;-167333;47870;26405;1;9
109613;-168646;47810;26323;4;9
119626;-182107;48436;25482;2;9
110822;-170119;47886;26231;1;9
109762;-167427;47820;26399;1;9
111709;-168365;47941;26341;2;9
112893;-169891;48015;26245;8;9
111359;-169681;47919;26258;1;9
109635;-176815;47812;25813;2;9
115782;-181220;48196;25537;2;9
110792;-170412;47884;26213;8;9
109333;-165048;47793;26548;8;9
109075;-167507;47777;26394;2;9
114510;-178198;48116;25726;4;9
109738;-170656;47818;26198;4;9
110850;-168892;47888;26308;8;9
111729;-167808;47943;26376;1;9
123655;-174754;48688;25941;2;9
111897;-168447;47953;26336;4;9
111200;-168626;47910;26324;2;9
111340;-169182;47918;26290;8;9
113016;-169942;48023;26242;2;9
108803;-165580;47760;26515;1;9
110560;-168489;47870;26333;8;9
111849;-168329;47950;26343;2;9
112267;-170915;47976;26181;2;9
109877;-170655;47827;26198;1;9
111137;-168921;47906;26306;4;9
110869;-169140;47889;26292;8;9
105543;-172566;47556;26078;2;9
124165;-173970;48720;25990;1;9
113593;-169227;48059;26287;2;9
113604;-170010;48060;26238;8;9
125864;-173013;48826;26050;2;9
106169;-172718;47595;26069;4;9
109116;-170154;47779;26229;2;9
111356;-168707;47919;26319;8;9
111289;-168293;47915;26345;1;9
111644;-170475;47937;26209;1;9
109889;-167743;47828;26380;4;9
111739;-167795;47943;26376;8;9
109178;-169884;47783;26246;1;9
109622;-167568;47811;26391;1;9
108974;-170147;47770;26229;2;9
111644;-168940;47937;26305;1;9
110254;-165098;47850;26545;8;9
108857;-170809;47763;26188;1;9
111992;-169121;47959;26293;2;9
111672;-169278;47939;26284;2;9
110719;-169147;47879;26292;1;9
105537;-172591;47556;26077;1;9
109757;-168486;47819;26333;8;9
113327;-169804;48042;26251;4;9
111544;-170587;47931;26202;8;9
112541;-170046;47993;26236;1;9
110810;-169006;47885;26301;4;9
110540;-169580;47868;26265;8;9
112769;-170879;48008;26184;8;9
111946;-167010;47956;26425;1;9
113166;-170094;48032;26233;1;9
111653;-169801;47938;26251;4;9
109772;-169185;47820;26289;2;9
109583;-168739;47808;26317;8;9
109559;-167774;47807;26378;8;9
125502;-173296;48803;26033;2;9
112325;-170516;47980;26206;8;9
120976;-188165;48521;25103;4;9
119637;-168530;48437;26330;4;9
109392;-170299;47797;26220;4;9
112139;-167945;47968;26367;2;9
109554;-170788;47807;26189;1;9
113780;-169832;48071;26249;4;9
109197;-168933;47784;26305;1;9
109982;-165005;47833;26551;2;9
110725;-167490;47880;26395;1;9
120199;-168523;48472;26331;4;9
109236;-170464;47787;26210;2;9
111443;-167215;47925;26413;1;9
123583;-181250;48683;25535;1;9
126038;-172855;48837;26060;2;9
111274;-170082;47914;26233;4;9
113339;-169730;48043;26255;4;9
107933;-165159;47705;26541;1;9
109314;-168004;47792;26363;8;9
111707;-168142;47941;26355;1;9
125690;-172436;48815;26086;4;9
109215;-168126;47785;26356;8;9
111236;-168833;47912;26311;1;9
109690;-169613;47815;26263;2;9
111509;-166719;47929;26444;2;9
109287;-165102;47790;26545;8;9
121261;-188396;48538;25089;1;9
123527;-174505;48680;25957;2;9
108903;-170544;47766;26205;4;9
111074;-168960;47902;26304;8;9
111061;-169484;47901;26271;1;9
111180;-166987;47908;26427;4;9
109594;-169282;47809;26283;1;9
108870;-170315;47764;26219;2;9
111634;-169709;47937;26257;8;9
108974;-167662;47770;26385;8;9
110912;-167429;47892;26399;8;9
111786;-168142;47946;26355;1;9
112122;-167802;47967;26376;8;9
112175;-170269;47970;26222;1;9
112284;-168723;47977;26318;8;9
111905;-169679;47954;26259;2;9
109594;-168496;47809;26333;2;9
112209;-168686;47973;26321;2;9
113172;-170380;48033;26215;1;9
108829;-168350;47761;26342;2;9
109700;-169546;47816;26267;4;9
111315;-169872;47917;26247;4;9
110118;-168000;47842;26364;1;9
111497;-167994;47928;26364;2;9
111928;-169592;47955;26264;1;9
108941;-168078;47768;26359;1;9
111112;-169128;47904;26293;8;9
109937;-170714;47831;26194;1;9
113438;-170707;48049;26194;4;9
113649;-169833;48063;26249;1;9
111455;-166750;47925;26442;4;9
110904;-170403;47891;26213;4;9
109359;-170548;47794;26204;8;9
109783;-170837;47821;26186;2;9
112280;-168056;47977;26360;2;9
110709;-169651;47879;26260;2;9
110824;-170315;47886;26219;4;9
115334;-182409;48168;25463;8;9
121566;-168397;48557;26339;2;9
108046;-165110;47712;26544;2;9
111046;-167342;47900;26405;1;9
107872;-172606;47702;26076;2;9
108947;-169666;47769;26259;8;9
116131;-177443;48218;25773;2;9
110195;-169538;47847;26267;1;9
110907;-169146;47891;26292;1;9
107428;-165299;47674;26532;2;9
109577;-169855;47808;26248;1;9
111115;-168649;47904;26323;4;9
112131;-170362;47968;26216;8;9
124113;-173963;48717;25991;8;9
109104;-170131;47779;26230;2;9
111360;-167038;47920;26424;2;9
112031;-168123;47961;26356;2;9
124811;-173152;48760;26042;4;9
109849;-169965;47825;26241;1;9
124022;-181794;48711;25501;2;9
109492;-167670;47803;26384;4;9
109198;-168553;47784;26329;4;9
110107;-167791;47841;26377;1;9
113401;-170331;48047;26218;1;9
112660;-169714;48001;26256;4;9
109211;-168212;47785;26350;2;9
108394;-165565;47734;26516;1;9
124543;-173410;48743;26025;2;9
111288;-168212;47915;26350;1;9
110512;-168074;47867;26359;8;9
110540;-167552;47868;26392;2;9
111080;-170695;47902;26195;2;9
125743;-173039;48818;26049;8;9
112541;-170015;47993;26238;4;9
111538;-169808;47931;26251;8;9
109973;-165097;47833;26545;8;9
111493;-169495;47928;26270;8;9
123646;-181287;48687;25533;4;9
109705;-169068;47816;26297;8;9
119231;-168553;48411;26329;2;9
111723;-169258;47942;26285;1;9
109399;-168853;47797;26310;8;9
109408;-168216;47798;26350;1;9
110486;-168580;47865;26327;1;9
112213;-170108;47973;26232;4;9
108560;-165624;47745;26512;2;9
109436;-167507;47799;26394;4;9
109878;-168215;47827;26350;4;9
113043;-170263;48025;26222;2;9
110510;-170341;47866;26217;4;9
110561;-167950;47870;26367;2;9
108897;-169191;47766;26289;8;9
109231;-170764;47786;26191;2;9
109361;-168491;47795;26333;2;9
111140;-169879;47906;26246;8;9
108947;-167908;47769;26369;8;9
110818;-168021;47886;26362;8;9
124123;-173818;48717;26000;4;9
112117;-169148;47967;26292;8;9
111078;-168661;47902;26322;1;9
109312;-167479;47792;26396;1;9
111524;-169628;47930;26262;2;9
106649;-173546;47625;26017;2;9
109119;-170595;47779;26201;1;9
110037;-168684;47837;26321;4;9
111719;-166658;47942;26447;4;9
108810;-169681;47760;26258;8;9
108940;-169534;47768;26268;2;9
113649;-169518;48063;26269;4;9
116166;-177557;48220;25766;1;9
113072;-170276;48027;26221;2;9
108864;-167464;47764;26397;2;9
115812;-181287;48198;25533;8;9
112988;-169236;48021;26286;4;9
112176;-169153;47971;26291;1;9
110153;-170871;47844;26184;1;9
125774;-173007;48820;26051;8;9
112151;-168140;47969;26355;2;9
108558;-165599;47744;26514;1;9
109071;-168204;47776;26351;2;9
115748;-181238;48194;25536;4;9
112520;-170960;47992;26179;1;9
111444;-169321;47925;26281;2;9
109290;-168002;47790;26363;8;9
109920;-168901;47830;26307;1;9
111609;-166689;47935;26445;2;9
109205;-168940;47785;26305;2;9
115716;-181146;48192;25542;8;9
109566;-168953;47807;26304;8;9
108848;-169698;47763;26257;1;9
109652;-168822;47813;26312;8;9
108447;-165037;47737;26549;2;9
110610;-170149;47873;26229;1;9
109119;-168836;47779;26311;8;9
112378;-167609;47983;26388;4;9
112131;-170984;47968;26177;4;9
111301;-169598;47916;26264;8;9
112242;-168277;47975;26346;1;9
109687;-169264;47815;26285;4;9
109859;-168258;47826;26347;4;9
124195;-174020;48722;25987;4;9
112732;-169908;48005;26244;4;9
113380;-169494;48046;26270;1;9
109359;-168035;47794;26361;2;9
108903;-165030;47766;26549;2;9
110904;-168817;47891;26312;1;9
113282;-169607;48040;26263;4;9
111665;-167706;47939;26382;4;9
112456;-169955;47988;26241;1;9
124138;-174099;48718;25982;4;9
124088;-174137;48715;25980;2;9
111503;-169940;47928;26242;1;9
112088;-170117;47965;26231;1;9
113481;-170540;48052;26205;8;9
110503;-170794;47866;26189;8;9
113601;-169335;48060;26280;4;9
112003;-168898;47960;26307;2;9
109268;-168107;47789;26357;1;9
124019;-181677;48711;25509;8;9
109592;-167926;47809;26368;2;9
110814;-170391;47885;26214;2;9
108804;-169163;47760;26291;8;9
109027;-168571;47774;26328;4;9
123613;-174482;48685;25958;8;9
108813;-170137;47760;26230;2;9
110097;-167942;47841;26367;4;9
113303;-169697;48041;26257;1;9
123508;-174571;48679;25953;4;9
108942;-165599;47768;26514;4;9
110286;-168454;47852;26335;1;9
108815;-170284;47760;26221;1;9
111262;-168393;47913;26339;4;9
110778;-169080;47883;26296;4;9
110138;-168730;47843;26318;4;9
109140;-168214;47781;26350;4;9
109746;-169302;47819;26282;4;9
111544;-170422;47931;26212;8;9
111145;-167104;47906;26420;2;9
111731;-170543;47943;26205;8;9
113172;-170960;48033;26179;2;9
111998;-169087;47959;26296;2;9
109204;-167455;47785;26398;4;9
124573;-173333;48745;26030;2;9
110237;-170635;47849;26199;8;9
107615;-165250;47685;26535;8;9
112130;-169266;47968;26284;8;9
112012;-167379;47960;26402;4;9
109735;-168343;47818;26342;4;9
112708;-170553;48004;26204;2;9
110010;-168112;47835;26357;1;9
113490;-169489;48053;26270;1;9
112342;-169759;47981;26254;8;9
105780;-172611;47571;26075;4;9
112648;-170787;48000;26189;1;9
113348;-170438;48044;26211;8;9
124129;-173735;48718;26005;2;9
110282;-167681;47852;26383;2;9
109579;-167487;47808;26396;8;9
110600;-167829;47872;26374;8;9
112988;-170922;48021;26181;1;9
112532;-170792;47993;26189;2;9
111429;-166665;47924;26447;4;9
111012;-170526;47898;26206;1;9
110296;-169946;47853;26242;8;9
109143;-170442;47781;26211;2;9
110862;-167303;47888;26407;4;9
108053;-165178;47713;26540;1;9
113287;-169322;48040;26281;4;9
110421;-168548;47861;26329;4;9
108952;-168327;47769;26343;2;9
112116;-168780;47967;26315;4;9
109122;-170297;47780;26220;2;9
113002;-170962;48022;26178;1;9
112702;-169271;48003;26284;2;9
110925;-167255;47892;26410;4;9
110916;-170320;47892;26219;8;9
115742;-181305;48193;25532;1;9
109066;-168253;47776;26348;1;9
110910;-169704;47891;26257;4;9
124932;-173674;48768;26009;8;9
111067;-169978;47901;26240;1;9
112903;-170253;48016;26223;4;9
111458;-167952;47926;26367;8;9
110083;-168148;47840;26354;8;9
123369;-175117;48670;25919;8;9
111148;-170408;47906;26213;8;9
109400;-170683;47797;26196;1;9
108802;-168738;47760;26317;8;9
123550;-181765;48681;25503;4;9
111287;-167455;47915;26398;8;9
110616;-167714;47873;26381;2;9
108969;-169314;47770;26281;1;9
121278;-188382;48539;25090;8;9
111593;-166809;47934;26438;1;9
111376;-166881;47921;26433;1;9
110051;-167563;47838;26391;2;9
109162;-168360;47782;26341;8;9
111023;-170718;47898;26194;4;9
110004;-167861;47835;26372;1;9
113651;-169986;48063;26239;1;9
111423;-167253;47923;26410;2;9
111631;-168984;47936;26302;8;9
111711;-169671;47941;26259;4;9
110094;-170656;47840;26198;1;9
111147;-167425;47906;26399;4;9
123754;-181280;48694;25534;4;9
126151;-172686;48844;26071;8;9
112080;-168823;47965;26312;8;9
112062;-168535;47963;26330;8;9
111905;-167926;47954;26368;8;9
109825;-165115;47824;26544;4;9
124744;-173205;48756;26038;2;9
111754;-170700;47944;26195;4;9
113490;-169806;48053;26251;8;9
121181;-188403;48533;25088;4;9
110155;-169583;47844;26265;2;9
111163;-169205;47907;26288;1;9
111842;-168081;47950;26358;2;9
110855;-167826;47888;26374;4;9
109682;-167509;47815;26394;2;9
110487;-167501;47865;26395;4;9
113669;-169677;48064;26259;8;9
113054;-170276;48025;26221;4;9
109586;-165576;47809;26515;8;9
109499;-169545;47803;26267;4;9
112352;-170104;47982;26232;1;9
109391;-167501;47796;26395;4;9
111447;-168980;47925;26302;4;9
109301;-170564;47791;26203;1;9
112846;-170087;48012;26233;4;9
109527;-168208;47805;26351;4;9
112285;-167621;47977;26387;8;9
108948;-168869;47769;26309;2;9
109026;-170441;47774;26211;8;9
109004;-169270;47772;26284;8;9
109116;-167963;47779;26366;2;9
125611;-173063;48810;26047;4;9
124335;-173501;48730;26020;1;9
111936;-168950;47956;26304;1;9
112540;-169993;47993;26239;8;9
108993;-169808;47772;26251;8;9
112180;-168512;47971;26332;2;9
112226;-168196;47974;26351;2;9
111881;-170221;47952;26225;2;9
114559;-178253;48119;25723;1;9
125718;-173005;48817;26051;8;9
110327;-167656;47855;26385;2;9
109472;-168144;47802;26355;2;9
108939;-170094;47768;26233;2;9
112111;-169163;47966;26291;8;9
110706;-167788;47879;26377;1;9
113779;-170082;48071;26233;4;9
112353;-168762;47982;26316;1;9
109480;-165036;47802;26549;1;9
112326;-169903;47980;26245;4;9
110596;-170005;47872;26238;1;9
108842;-168386;47762;26339;4;9
110342;-168306;47856;26344;2;9
111560;-168752;47932;26317;1;9
112104;-170905;47966;26182;2;9
111292;-169507;47915;26269;8;9
108909;-168136;47766;26355;1;9
109575;-168319;47808;26344;2;9
109965;-169354;47832;26279;2;9
110270;-170156;47851;26229;4;9
109354;-168196;47794;26351;2;9
110422;-170780;47861;26190;8;9
111421;-170713;47923;26194;4;9
109729;-168152;47818;26354;8;9
111535;-166978;47930;26427;4;9
112058;-168735;47963;26318;8;9
109678;-170255;47814;26223;8;9
115084;-180067;48152;25609;8;9
111937;-170423;47956;26212;4;9
110297;-168726;47853;26318;8;9
109269;-170977;47789;26177;2;9
111820;-169536;47948;26268;8;9
108825;-167588;47761;26389;4;9
109823;-170595;47823;26201;1;9
109542;-170920;47806;26181;1;9
109642;-168566;47812;26328;2;9
109702;-167718;47816;26381;4;9
109121;-169261;47780;26285;4;9
110888;-167782;47890;26377;2;9
109149;-169780;47781;26252;1;9
109923;-165026;47830;26549;1;9
112444;-169904;47987;26245;2;9
109025;-167645;47774;26386;8;9
112869;-170300;48014;26220;8;9
112391;-169654;47984;26260;1;9
113724;-169251;48067;26285;2;9
124104;-174202;48716;25976;8;9
109258;-170467;47788;26209;8;9
111713;-168883;47942;26308;4;9
111959;-167634;47957;26386;1;9
110152;-169827;47844;26249;1;9
109860;-170444;47826;26211;2;9
110526;-168496;47867;26333;4;9
109577;-167964;47808;26366;4;9
109069;-168290;47776;26345;8;9
115786;-181223;48196;25537;8;9
109774;-168403;47820;26338;2;9
113211;-170745;48035;26192;2;9
112187;-167809;47971;26375;4;9
111947;-168487;47956;26333;1;9
125107;-173659;48779;26010;2;9
111971;-169342;47958;26280;8;9
109266;-167945;47789;26367;1;9
109022;-168408;47773;26338;8;9
111227;-167321;47911;26406;4;9
111957;-168970;47957;26303;1;9
112098;-169498;47966;26270;2;9
113000;-169228;48022;26287;2;9
107802;-165156;47697;26541;1;9
115448;-182444;48175;25461;2;9
111156;-170436;47907;26211;1;9
109265;-168232;47789;26349;8;9
124249;-174071;48725;25984;1;9
109077;-168631;47777;26324;8;9
112796;-170360;48009;26216;1;9
111312;-169824;47917;26250;8;9
111177;-171000;47908;26176;8;9
110160;-168133;47845;26355;4;9
124437;-173327;48737;26031;8;9
112245;-168877;47975;26309;1;9
112002;-170364;47960;26216;4;9
109014;-168183;47773;26352;1;9
112100;-168039;47966;26361;1;9
110245;-168609;47850;26325;2;9
109322;-167588;47792;26389;1;9
108098;-165630;47716;26512;1;9
109714;-168339;47817;26342;8;9
109287;-165064;47790;26547;4;9
109626;-169309;47811;26282;1;9
111160;-169755;47907;26254;8;9
111709;-169042;47941;26298;8;9
123556;-182271;48682;25472;4;9
111621;-168489;47936;26333;8;9
111734;-168565;47943;26328;2;9
109096;-165072;47778;26547;4;9
110377;-168684;47858;26321;2;9
125090;-173626;48778;26012;2;9
109422;-170081;47798;26233;8;9
111880;-169264;47952;26285;4;9
111639;-168255;47937;26348;4;9
112187;-169782;47971;26252;1;9
113015;-169941;48023;26242;1;9
110958;-167592;47894;26389;4;9
109624;-170816;47811;26188;4;9
113253;-170424;48038;26212;2;9
111496;-168802;47928;26313;8;9
112128;-168217;47968;26350;4;9
109018;-169456;47773;26273;8;9
111904;-167392;47954;26402;1;9
110311;-170168;47854;26228;2;9
125070;-173512;48776;26019;1;9
112553;-169781;47994;26252;1;9
114792;-180090;48134;25608;8;9
108952;-170152;47769;26229;8;9
110450;-167596;47863;26389;1;9
111202;-169080;47910;26296;1;9
111910;-168538;47954;26330;1;9
111945;-170393;47956;26214;1;9
111187;-169956;47909;26241;8;9
111602;-166564;47935;26453;2;9
111745;-168858;47944;26310;2;9
111343;-170554;47918;26204;8;9
109616;-170449;47811;26210;4;9
112967;-169960;48020;26241;4;9
111515;-166712;47929;26444;2;9
110716;-169701;47879;26257;8;9
123905;-181550;48704;25517;4;9
111723;-169746;47942;26254;4;9
109625;-165519;47811;26519;4;9
111930;-170586;47955;26202;8;9
111878;-170485;47952;26208;4;9
108852;-169723;47763;26256;2;9
111932;-168001;47955;26363;8;9
108928;-167530;47768;26393;2;9
112401;-170065;47985;26234;1;9
109886;-167885;47827;26371;2;9
112987;-170970;48021;26178;4;9
124103;-173776;48716;26003;2;9
109757;-168126;47819;26356;4;9
109726;-169062;47817;26297;2;9
107937;-165236;47706;26536;4;9
111757;-168746;47944;26317;8;9
110095;-167932;47840;26368;4;9
109461;-169822;47801;26250;4;9
109885;-168018;47827;26362;2;9
109160;-167623;47782;26387;8;9
109891;-169025;47828;26299;4;9
124111;-174143;48716;25980;8;9
109005;-168596;47772;26326;8;9
109268;-170849;47789;26185;2;9
111849;-169475;47950;26271;4;9
112650;-170860;48000;26185;1;9
109696;-168362;47816;26341;2;9
110985;-167051;47896;26423;1;9
110316;-170827;47854;26187;4;9
112257;-169175;47976;26290;2;9
109386;-168385;47796;26339;8;9
112030;-169273;47961;26284;8;9
123661;-174368;48688;25966;4;9
121063;-188185;48526;25102;8;9
111384;-168988;47921;26302;4;9
112219;-168208;47973;26351;8;9
107597;-165285;47684;26533;1;9
108807;-170319;47760;26219;8;9
125100;-172863;48778;26060;1;9
108877;-169097;47764;26295;4;9
111881;-166934;47952;26430;4;9
112157;-167268;47969;26409;2;9
109654;-168112;47813;26357;8;9
111688;-168618;47940;26325;1;9
112637;-169488;47999;26271;2;9
112218;-169170;47973;26290;4;9
109504;-170313;47804;26219;8;9
112914;-169892;48017;26245;1;9
109154;-170223;47782;26225;4;9
112678;-169523;48002;26268;4;9
111998;-167812;47959;26375;4;9
111680;-169740;47940;26255;2;9
112739;-169665;48006;26259;2;9
123964;-174196;48707;25976;4;9
110854;-170252;47888;26223;8;9
112007;-168720;47960;26319;2;9
109566;-169734;47807;26255;4;9
111447;-167319;47925;26406;8;9
105996;-172784;47584;26065;2;9
110819;-170427;47886;26212;1;9
111361;-168110;47920;26357;2;9
113253;-170179;48038;26227;1;9
109977;-168895;47833;26308;8;9
108903;-168618;47766;26325;8;9
108983;-167730;47771;26380;4;9
109104;-167659;47779;26385;1;9
111860;-168493;47951;26333;4;9
110221;-168699;47848;26320;4;9
111529;-166924;47930;26431;2;9
110825;-167753;47886;26379;1;9
109954;-169809;47832;26250;1;9
109104;-168647;47779;26323;2;9
108900;-168004;47766;26363;1;9
111351;-166736;47919;26443;4;9
112855;-170950;48013;26179;4;9
109250;-167916;47788;26369;4;9
111314;-167903;47917;26370;1;9
111412;-167319;47923;26406;2;9
110342;-169783;47856;26252;2;9
111344;-169627;47919;26262;8;9
109165;-169215;47782;26288;2;9
111883;-168319;47952;26344;2;9
110249;-169848;47850;26248;4;9
109120;-176559;47780;25829;1;9
106680;-173549;47627;26017;1;9
110103;-165041;47841;26548;2;9
109502;-169637;47803;26261;4;9
109043;-165512;47775;26519;1;9
110215;-168648;47848;26323;4;9
112540;-169566;47993;26266;2;9
111406;-168449;47922;26335;2;9
109726;-169692;47817;26258;1;9
112731;-169677;48005;26259;4;9
108970;-170797;47770;26189;8;9
110208;-168728;47848;26318;8;9
111942;-168913;47956;26306;4;9
111475;-168526;47927;26331;8;9
112696;-169717;48003;26256;4;9
112034;-170164;47962;26228;2;9
109273;-170315;47789;26219;1;9
112283;-168034;47977;26361;2;9
123434;-174990;48674;25927;8;9
109032;-169672;47774;26259;1;9
111708;-170463;47941;26210;1;9
111567;-167892;47932;26370;8;9
121006;-168419;48522;26337;8;9
112670;-170047;48001;26236;1;9
113434;-169762;48049;26253;2;9
107400;-165274;47672;26534;4;9
108835;-170118;47762;26231;4;9
108094;-165029;47715;26549;2;9
111462;-168406;47926;26338;4;9
108955;-168630;47769;26324;1;9
109222;-168225;47786;26349;1;9
110563;-167523;47870;26393;2;9
109006;-168528;47772;26331;2;9
108655;-165597;47750;26514;8;9
112084;-168199;47965;26351;2;9
109616;-167700;47811;26382;2;9
111940;-168614;47956;26325;8;9
108924;-176272;47767;25847;8;9
109776;-167603;47821;26388;4;9
111372;-170456;47920;26210;4;9
125247;-173517;48787;26019;1;9
112079;-170936;47964;26180;2;9
109234;-168661;47787;26322;1;9
111977;-167957;47958;26366;8;9
109211;-168078;47785;26359;4;9
112135;-169215;47968;26288;4;9
111241;-169509;47912;26269;2;9
111178;-167323;47908;26406;2;9
111617;-168946;47936;26304;2;9
110497;-170010;47866;26238;4;9
110981;-169617;47896;26262;2;9
108282;-174130;47727;25980;4;9
111628;-167325;47936;26406;4;9
109833;-165064;47824;26547;1;9
117370;-179950;48295;25617;1;9
110931;-167355;47893;26404;2;9
108131;-165632;47718;26512;1;9
111478;-169767;47927;26253;4;9
123349;-175091;48669;25920;8;9
111195;-167571;47909;26390;1;9
109469;-168457;47801;26335;8;9
110215;-168890;47848;26308;1;9
109851;-167784;47825;26377;4;9
112145;-167576;47969;26390;8;9
109200;-168015;47785;26363;4;9
110471;-167353;47864;26404;1;9
112160;-170754;47970;26191;8;9
111220;-167468;47911;26397;2;9
109210;-170462;47785;26210;2;9
108959;-169806;47769;26251;1;9
111364;-168681;47920;26321;2;9
112224;-167129;47974;26418;2;9
110316;-170676;47854;26196;4;9
111099;-167208;47903;26413;4;9
110748;-168049;47881;26360;1;9
109564;-169391;47807;26277;1;9
112118;-170907;47967;26182;1;9
108966;-165102;47770;26545;8;9
111050;-169951;47900;26242;8;9
108827;-170625;47761;26199;4;9
111882;-167596;47952;26389;1;9
109453;-169259;47800;26285;2;9
110986;-169606;47896;26263;2;9
111343;-168776;47918;26315;8;9
111140;-167219;47906;26412;4;9
109273;-167438;47789;26399;4;9
113290;-170558;48040;26204;8;9
113293;-169252;48040;26285;1;9
110432;-168253;47862;26348;8;9
111591;-166789;47934;26439;2;9
109032;-170061;47774;26235;8;9
111379;-169865;47921;26247;1;9
110315;-167536;47854;26393;2;9
109173;-170328;47783;26218;8;9
112160;-167410;47970;26400;1;9
123583;-174513;48683;25956;1;9
112530;-170085;47993;26233;4;9
111777;-168684;47946;26321;1;9
110031;-168729;47836;26318;4;9
109871;-170587;47826;26202;4;9
112608;-170875;47998;26184;8;9
109646;-170899;47812;26182;8;9
110814;-169249;47885;26285;4;9
112345;-167854;47981;26373;8;9
112593;-169606;47997;26263;1;9
108928;-170859;47768;26185;4;9
110048;-170956;47838;26179;8;9
110713;-170052;47879;26235;8;9
109677;-165119;47814;26544;8;9
109305;-168352;47791;26342;1;9
112148;-170280;47969;26221;4;9
108968;-165576;47770;26515;4;9
109398;-168867;47797;26309;2;9
109694;-170989;47815;26177;2;9
109226;-167461;47786;26397;4;9
112821;-169636;48011;26261;2;9
112261;-170049;47976;26235;2;9
108871;-168142;47764;26355;2;9
107691;-165354;47690;26529;2;9
107980;-165211;47708;26538;1;9
112068;-169062;47964;26297;4;9
111527;-170094;47930;26233;2;9
111412;-169922;47923;26243;2;9
121052;-168421;48525;26337;8;9
125957;-172901;48832;26057;1;9
116112;-177579;48217;25765;2;9
112144;-170876;47969;26184;8;9
108989;-170306;47771;26219;4;9
110020;-168022;47836;26362;8;9
109528;-167923;47805;26368;2;9
111180;-170402;47908;26213;4;9
110476;-167943;47864;26367;1;9
111867;-169560;47951;26266;8;9
109001;-168127;47772;26356;4;9
106490;-172831;47615;26062;2;9
108924;-168767;47767;26316;8;9
109549;-165008;47806;26551;2;9
109987;-167949;47834;26367;8;9
110201;-170550;47847;26204;4;9
112379;-168632;47983;26324;1;9
105607;-172580;47560;26077;4;9
110705;-169099;47879;26295;1;9
109045;-176412;47775;25838;2;9
111915;-170592;47954;26202;2;9
110881;-169228;47890;26287;8;9
111089;-170552;47903;26204;4;9
123627;-174886;48686;25933;8;9
113021;-169915;48023;26244;8;9
111085;-170750;47902;26192;2;9
111653;-170399;47938;26214;2;9
111713;-167358;47942;26404;2;9
109096;-169898;47778;26245;8;9
115788;-183449;48196;25398;4;9
126137;-172747;48843;26067;8;9
111490;-168416;47928;26338;8;9
110483;-170861;47865;26185;4;9
112266;-169877;47976;26246;8;9
109360;-170156;47795;26229;1;9
112256;-169906;47976;26244;4;9
112816;-169801;48011;26251;1;9
112229;-170883;47974;26183;8;9
108121;-165290;47717;26533;1;9
111680;-170680;47940;26196;8;9
109554;-170220;47807;26225;8;9
111099;-169141;47903;26292;2;9
112172;-169339;47970;26280;2;9
111461;-167369;47926;26403;2;9
111934;-170503;47955;26207;2;9
110671;-169217;47876;26287;2;9
111530;-168073;47930;26359;4;9
111253;-169091;47913;26295;1;9
110894;-170119;47890;26231;4;9
111691;-168748;47940;26317;2;9
114765;-179995;48132;25614;1;9
109961;-170955;47832;26179;8;9
112906;-169887;48016;26246;1;9
112260;-168315;47976;26344;1;9
111693;-168662;47940;26322;4;9
109153;-168528;47782;26331;8;9
112044;-168264;47962;26347;2;9
108972;-167651;47770;26385;4;9
111624;-169060;47936;26297;4;9
110608;-167267;47873;26409;2;9
109124;-170091;47780;26233;2;9
110300;-167594;47853;26389;1;9
110013;-169796;47835;26251;1;9
109930;-169013;47830;26300;1;9
108827;-167554;47761;26391;8;9
112417;-170950;47986;26179;2;9
109643;-170293;47812;26220;4;9
109307;-167656;47791;26385;4;9
110842;-169206;47887;26288;2;9
112218;-167431;47973;26399;8;9
120145;-168501;48469;26332;8;9
124740;-173209;48756;26038;1;9
110078;-170505;47839;26207;4;9
112905;-169275;48016;26284;8;9
113412;-170473;48048;26209;2;9
112276;-169184;47977;26290;2;9
108927;-168166;47767;26353;4;9
109906;-168968;47829;26303;8;9
111185;-168472;47909;26334;2;9
109283;-168673;47790;26321;4;9
109191;-170259;47784;26222;8;9
109047;-169836;47775;26249;2;9
111937;-170276;47956;26221;1;9
111207;-168430;47910;26337;2;9
113516;-170666;48054;26197;8;9
109080;-170460;47777;26210;4;9
112233;-167142;47974;26417;4;9
112173;-167637;47970;26386;8;9
111167;-169314;47907;26281;1;9
111843;-167914;47950;26369;1;9
110648;-167754;47875;26379;1;9
123936;-181834;48706;25499;2;9
109681;-167957;47815;26366;4;9
112133;-168915;47968;26306;2;9
111923;-170155;47955;26229;2;9
112363;-170964;47982;26178;4;9
109499;-170973;47803;26178;1;9
109663;-168602;47813;26326;2;9
121105;-168404;48529;26338;2;9
105515;-172647;47554;26073;8;9
111570;-166778;47933;26440;4;9
109661;-169820;47813;26250;1;9
111743;-166722;47943;26443;8;9
108820;-167635;47761;26386;2;9
109143;-165093;47781;26545;1;9
109860;-169905;47826;26244;8;9
111977;-170235;47958;26224;4;9
112173;-169005;47970;26301;2;9
110772;-167938;47883;26367;4;9
123556;-182163;48682;25478;1;9
109159;-170413;47782;26213;2;9
124795;-173230;48759;26037;2;9
110379;-167658;47858;26385;2;9
112228;-168883;47974;26308;1;9
112286;-169795;47977;26251;8;9
113429;-169341;48049;26280;4;9
109381;-170244;47796;26223;8;9
112955;-170017;48019;26237;2;9
109544;-170343;47806;26217;8;9
124274;-174151;48727;25979;1;9
110299;-169844;47853;26248;1;9
109889;-170933;47828;26180;4;9
111477;-168607;47927;26326;4;9
110750;-169076;47881;26296;2;9
112168;-168234;47970;26349;4;9
110079;-170711;47839;26194;4;9
109798;-169387;47822;26277;1;9
108993;-167425;47772;26399;4;9
109655;-167494;47813;26395;1;9
109049;-169738;47775;26255;2;9
111314;-168570;47917;26328;8;9
110491;-167420;47865;26400;2;9
124291;-174131;48728;25980;1;9
111263;-167296;47913;26408;2;9
121509;-168360;48554;26341;4;9
109224;-170837;47786;26186;2;9
115989;-181170;48209;25540;8;9
109422;-168669;47798;26322;1;9
112472;-170940;47989;26180;4;9
111779;-168663;47946;26322;2;9
110242;-167630;47850;26387;8;9
110824;-169565;47886;26266;1;9
123570;-181738;48683;25505;1;9
110420;-168744;47861;26317;2;9
109795;-167794;47822;26376;8;9
110245;-169080;47850;26296;4;9
106141;-172755;47593;26066;4;9
111520;-166820;47930;26437;4;9
108895;-168415;47765;26338;1;9
109245;-169943;47787;26242;4;9
111822;-169113;47948;26294;2;9
109722;-169758;47817;26254;2;9
109045;-170926;47775;26181;2;9
110595;-170959;47872;26179;1;9
110124;-167687;47842;26383;4;9
111911;-167916;47954;26369;2;9
109936;-167958;47831;26366;4;9
111850;-168285;47950;26346;1;9
110886;-167595;47890;26389;4;9
109499;-169673;47803;26259;4;9
112015;-168054;47960;26360;2;9
111261;-170466;47913;26209;1;9
107985;-165147;47709;26542;8;9
110897;-168866;47891;26309;2;9
111177;-167201;47908;26413;2;9
110458;-169945;47863;26242;2;9
123968;-173971;48708;25990;4;9
112134;-168927;47968;26306;2;9
109324;-167911;47792;26369;1;9
110431;-170050;47861;26235;2;9
109682;-168169;47815;26353;8;9
109470;-168177;47801;26352;8;9
110016;-169857;47836;26247;1;9
112593;-170913;47997;26181;4;9
109776;-171006;47821;26176;2;9
123926;-181656;48705;25510;2;9
123631;-181357;48686;25529;1;9
105475;-172670;47552;26072;8;9
111205;-169482;47910;26271;1;9
108893;-168461;47765;26335;8;9
113133;-170450;48030;26210;8;9
110908;-169549;47891;26267;8;9
110093;-169810;47840;26250;1;9
110308;-168374;47854;26340;4;9
112346;-170120;47981;26231;8;9
110147;-169146;47844;26292;1;9
113734;-169870;48068;26247;4;9
110405;-169933;47860;26243;2;9
108919;-168407;47767;26338;8;9
123659;-181252;48688;25535;2;9
109229;-170633;47786;26199;4;9
110522;-170107;47867;26232;4;9
111883;-167591;47952;26389;4;9
109454;-176805;47800;25813;1;9
107843;-165354;47700;26529;8;9
110258;-167465;47851;26397;2;9
109637;-168389;47812;26339;2;9
109051;-168947;47775;26304;1;9
111795;-169495;47947;26270;2;9
111515;-169314;47929;26281;8;9
109180;-168368;47783;26341;8;9
123389;-175127;48671;25918;4;9
109140;-167646;47781;26386;8;9
111691;-168199;47940;26351;4;9
113173;-170966;48033;26178;1;9
110138;-169669;47843;26259;1;9
110141;-167456;47843;26398;8;9
116207;-177541;48222;25767;2;9
110663;-167820;47876;26375;4;9
109852;-167748;47825;26379;1;9
110044;-168242;47837;26348;1;9
112351;-168769;47981;26315;4;9
110080;-167635;47840;26386;4;9
111288;-169640;47915;26261;1;9
112390;-170648;47984;26198;2;9
108983;-170611;47771;26200;4;9
113693;-169619;48065;26262;2;9
110932;-167381;47893;26402;4;9
110161;-170076;47845;26234;2;9
111003;-169945;47897;26242;2;9
112256;-170805;47976;26188;4;9
109161;-168195;47782;26351;8;9
112191;-168265;47971;26347;1;9
108804;-168983;47760;26302;8;9
109998;-169939;47834;26242;1;9
109063;-167680;47776;26384;1;9
111737;-168502;47943;26332;8;9
112851;-169792;48013;26252;4;9
110190;-167872;47846;26372;2;9
109434;-167594;47799;26389;4;9
112462;-170597;47988;26201;8;9
111676;-167824;47939;26375;4;9
111631;-169231;47936;26287;8;9
123862;-174283;48701;25971;4;9
111428;-166954;47924;26429;8;9
112985;-170931;48021;26180;8;9
124389;-173505;48734;26019;1;9
109468;-168871;47801;26309;2;9
109437;-168239;47799;26349;2;9
109167;-169271;47782;26284;4;9
110765;-168057;47882;26360;8;9
120232;-168563;48474;26328;8;9
111516;-170568;47929;26203;2;9
111609;-168088;47935;26358;8;9
109969;-168617;47833;26325;1;9
111655;-166684;47938;26446;8;9
110628;-169489;47874;26270;8;9
110271;-169769;47851;26253;4;9
109599;-167655;47809;26385;2;9
112200;-168788;47972;26314;4;9
111410;-166677;47923;26446;1;9
111551;-169263;47931;26285;8;9
110179;-168803;47846;26313;2;9
111090;-167707;47903;26382;1;9
112445;-169693;47987;26258;4;9
111036;-168730;47899;26318;2;9
110756;-167598;47882;26389;8;9
113363;-169537;48045;26267;4;9
124889;-173754;48765;26004;1;9
123859;-174308;48701;25969;8;9
112374;-169309;47983;26282;4;9
110714;-168164;47879;26353;4;9
113205;-169489;48035;26270;8;9
111695;-169643;47940;26261;4;9
105925;-172658;47580;26072;8;9
111453;-170652;47925;26198;4;9
110110;-169111;47841;26294;1;9
108980;-168172;47771;26353;2;9
111372;-169649;47920;26260;2;9
113502;-170370;48053;26215;1;9
124895;-173112;48765;26044;4;9
111810;-167731;47948;26380;8;9
110360;-170175;47857;26228;2;9
112466;-170543;47989;26205;1;9
111034;-167213;47899;26413;2;9
111456;-168620;47926;26325;4;9
116180;-177507;48221;25769;2;9
111635;-167416;47937;26400;2;9
110434;-170783;47862;26190;2;9
111785;-169065;47946;26297;1;9
111795;-168000;47947;26364;2;9
112028;-168835;47961;26311;2;9
108856;-170896;47763;26183;1;9
113145;-170965;48031;26178;1;9
108918;-170483;47767;26208;1;9
113345;-170209;48044;26225;8;9
112383;-169142;47983;26292;8;9
113007;-169308;48022;26282;8;9
111512;-168134;47929;26355;4;9
113429;-169484;48049;26271;2;9
109577;-168729;47808;26318;2;9
111345;-169658;47919;26260;2;9
108991;-165081;47771;26546;1;9
111522;-169136;47930;26293;8;9
112212;-168688;47973;26321;1;9
109751;-169693;47819;26258;8;9
111786;-169771;47946;26253;8;9
112487;-169513;47990;26269;2;9
110079;-168072;47839;26359;4;9
113015;-170165;48023;26228;4;9
107817;-172568;47698;26078;2;9
111751;-167631;47944;26387;2;9
109494;-169825;47803;26249;1;9
113480;-169478;48052;26271;8;9
109502;-169277;47803;26284;4;9
111398;-168821;47922;26312;1;9
110163;-170815;47845;26188;2;9
109552;-170242;47807;26223;1;9
112331;-170889;47980;26183;8;9
115986;-181151;48209;25542;4;9
109473;-168735;47802;26318;1;9
109833;-167966;47824;26366;2;9
109784;-170937;47821;26180;2;9
124113;-173770;48717;26003;8;9
110501;-168000;47866;26364;4;9
112167;-167808;47970;26376;2;9
110159;-167460;47844;26397;4;9
111322;-167299;47917;26407;4;9
111606;-168357;47935;26341;8;9
112399;-169277;47984;26284;1;9
110616;-168337;47873;26342;2;9
109921;-168018;47830;26362;2;9
108925;-169336;47767;26280;4;9
108947;-168757;47769;26316;2;9
120720;-188128;48505;25106;2;9
110163;-165001;47845;26551;8;9
108938;-170591;47768;26202;4;9
109489;-168132;47803;26355;4;9
114524;-178298;48117;25720;1;9
111387;-167331;47921;26405;1;9
109451;-167704;47800;26382;4;9
108850;-169580;47763;26265;4;9
111800;-170737;47947;26192;4;9
105794;-172565;47572;26078;2;9
108833;-168473;47762;26334;8;9
111863;-170447;47951;26211;2;9
110375;-170124;47858;26231;2;9
107988;-165165;47709;26541;4;9
108833;-168450;47762;26335;2;9
110064;-169170;47839;26290;2;9
111712;-168100;47942;26357;1;9
113385;-170180;48046;26227;2;9
110902;-170446;47891;26211;8;9
111931;-170313;47955;26219;4;9
110241;-169056;47850;26298;1;9
113507;-170699;48054;26195;4;9
111278;-169882;47914;26246;2;9
109649;-165563;47813;26516;8;9
110263;-167691;47851;26383;1;9
109029;-169498;47774;26270;2;9
110526;-168231;47867;26349;4;9
112324;-167240;47980;26411;2;9
108977;-167730;47771;26380;8;9
110043;-167611;47837;26388;1;9
110628;-168086;47874;26358;2;9
112508;-170909;47991;26182;2;9
121064;-168331;48526;26343;4;9
111825;-170489;47949;26208;2;9
112280;-170816;47977;26188;8;9
109704;-170561;47816;26203;8;9
109586;-170941;47809;26180;4;9
112226;-167985;47974;26364;1;9
112981;-170463;48021;26210;2;9
113122;-170537;48030;26205;8;9
112144;-167514;47969;26394;4;9
111280;-168276;47915;26346;8;9
112728;-170561;48005;26203;4;9
110042;-169011;47837;26300;1;9
111309;-166916;47916;26431;8;9
111669;-167870;47939;26372;1;9
109215;-168014;47785;26363;4;9
110386;-167445;47859;26398;2;9
110847;-170084;47887;26233;1;9
110977;-167201;47896;26413;1;9
111138;-167558;47906;26391;1;9
111616;-168176;47936;26353;4;9
110797;-170277;47884;26221;4;9
111980;-170460;47958;26210;4;9
111400;-166987;47922;26427;1;9
108829;-169421;47761;26275;4;9
109510;-169613;47804;26263;1;9
111086;-167787;47902;26377;1;9
109923;-170592;47830;26202;8;9
109313;-167833;47792;26374;8;9
113580;-169558;48058;26266;2;9
108880;-167957;47765;26366;4;9
123502;-174586;48678;25952;1;9
109602;-176788;47810;25814;1;9
110112;-169917;47842;26244;8;9
108660;-165056;47751;26548;4;9
124287;-173667;48727;26009;4;9
109335;-169541;47793;26267;4;9
109279;-168678;47789;26321;1;9
113420;-170870;48048;26184;8;9
110127;-169947;47842;26242;8;9
119081;-168695;48402;26320;4;9
110816;-167739;47886;26380;2;9
109665;-165511;47814;26519;1;9
111733;-169899;47943;26245;4;9
110092;-170744;47840;26192;1;9
112151;-167479;47969;26396;4;9
112521;-169695;47992;26258;1;9
113309;-170393;48041;26214;1;9
109969;-167740;47833;26380;2;9
113070;-169249;48026;26285;2;9
119950;-181921;48456;25493;2;9
110755;-170490;47882;26208;4;9
112273;-170201;47977;26226;2;9
124727;-173284;48755;26033;8;9
115748;-181432;48194;25524;1;9
124408;-173502;48735;26020;2;9
111881;-168532;47952;26330;4;9
125040;-173046;48775;26048;1;9
112340;-167426;47981;26399;4;9
109539;-168436;47806;26336;2;9
112998;-170010;48022;26238;4;9
108862;-170009;47763;26238;4;9
118722;-168703;48380;26320;8;9
111040;-166759;47900;26441;4;9
124101;-173961;48716;25991;4;9
109245;-170630;47787;26199;4;9
111377;-170454;47921;26210;8;9
111647;-169004;47937;26301;1;9
112238;-168784;47974;26315;1;9
113774;-170355;48070;26216;4;9
109655;-170368;47813;26216;4;9
112812;-170212;48010;26225;1;9
123626;-182261;48686;25472;2;9
109930;-170411;47830;26213;8;9
111666;-167702;47939;26382;1;9
109407;-170294;47797;26220;1;9
109275;-169129;47789;26293;8;9
111740;-168645;47943;26323;4;9
108899;-168122;47766;26356;8;9
109039;-167493;47774;26395;8;9
111611;-170071;47935;26234;2;9
109848;-169943;47825;26242;4;9
110873;-169571;47889;26265;1;9
111664;-167821;47939;26375;4;9
113475;-169593;48052;26264;2;9
112235;-170193;47974;26226;2;9
109637;-169443;47812;26273;4;9
123998;-181507;48709;25519;2;9
109178;-170762;47783;26191;1;9
119667;-182122;48439;25481;8;9
112828;-170848;48011;26186;4;9
111655;-169774;47938;26253;2;9
112658;-169951;48001;26242;1;9
109892;-170569;47828;26203;4;9
123399;-174536;48672;25955;2;9
112077;-170975;47964;26178;1;9
110329;-167619;47855;26387;8;9
109425;-168407;47799;26338;1;9
111580;-169299;47933;26282;4;9
110813;-168026;47885;26362;2;9
112052;-167870;47963;26372;4;9
108995;-170214;47772;26225;4;9
111072;-166698;47902;26445;8;9
109466;-169541;47801;26267;4;9
110683;-170484;47877;26208;4;9
124872;-173176;48764;26040;2;9
109953;-167842;47832;26373;1;9
109497;-168045;47803;26361;1;9
111880;-170273;47952;26221;8;9
109653;-167918;47813;26369;1;9
109594;-168557;47809;26329;4;9
119857;-168543;48451;26330;1;9
111143;-168445;47906;26336;8;9
110115;-167904;47842;26370;2;9
112782;-170779;48008;26190;4;9
111823;-167977;47948;26365;4;9
109130;-170767;47780;26191;1;9
112212;-171004;47973;26176;4;9
110246;-167511;47850;26394;8;9
114998;-180071;48147;25609;4;9
109467;-170914;47801;26181;1;9
109860;-167844;47826;26373;2;9
109206;-168537;47785;26330;2;9
108812;-167995;47760;26364;2;9
110471;-168552;47864;26329;8;9
124830;-173797;48761;26001;4;9
108884;-168319;47765;26344;8;9
109041;-169679;47775;26259;8;9
111762;-168663;47945;26322;2;9
111388;-168364;47921;26341;8;9
109545;-164999;47806;26551;1;9
113448;-170269;48050;26222;4;9
108833;-170175;47762;26228;2;9
109638;-170548;47812;26204;8;9
109901;-170530;47828;26205;8;9
110904;-167879;47891;26371;4;9
108879;-168761;47764;26316;4;9
109787;-169312;47821;26282;8;9
109103;-169907;47778;26244;2;9
111376;-168651;47921;26323;4;9
113694;-169936;48065;26243;4;9
109699;-168544;47816;26330;8;9
111520;-169695;47930;26258;8;9
110549;-170235;47869;26224;4;9
106260;-172841;47601;26061;4;9
111352;-169652;47919;26260;4;9
114798;-180021;48134;25612;8;9
110372;-167509;47858;26394;4;9
115765;-183437;48195;25399;2;9
108852;-167856;47763;26373;1;9
111945;-167739;47956;26380;2;9
109514;-165097;47804;26545;1;9
109252;-165576;47788;26515;1;9
123567;-182095;48682;25483;4;9
111589;-169633;47934;26261;1;9
112871;-169987;48014;26239;4;9
112049;-170415;47963;26213;4;9
109186;-165008;47784;26551;8;9
111585;-169487;47934;26271;2;9
112098;-167767;47966;26378;4;9
113439;-170508;48049;26207;1;9
109479;-168000;47802;26364;1;9
108904;-170711;47766;26194;1;9
111650;-168893;47938;26308;4;9
109915;-170391;47829;26214;2;9
109841;-168392;47825;26339;8;9
111429;-167131;47924;26418;8;9
109316;-168801;47792;26313;8;9
111280;-168624;47915;26325;8;9
112069;-169239;47964;26286;2;9
111172;-169035;47908;26299;1;9
111176;-169721;47908;26256;4;9
110460;-170906;47863;26182;8;9
110512;-170901;47867;26182;1;9
111712;-168696;47942;26320;1;9
108976;-168183;47771;26352;2;9
110307;-167593;47854;26389;4;9
123425;-174559;48674;25954;8;9
109914;-167973;47829;26365;4;9
111848;-170722;47950;26193;2;9
125764;-172980;48820;26052;8;9
112412;-170979;47985;26177;2;9
109355;-170006;47794;26238;2;9
113357;-170430;48044;26212;1;9
110207;-170760;47847;26191;4;9
112456;-169693;47988;26258;4;9
110121;-168573;47842;26328;1;9
112934;-170335;48018;26218;8;9
111452;-168649;47925;26323;8;9
108999;-169609;47772;26263;8;9
109694;-170710;47815;26194;2;9
105944;-172575;47581;26078;8;9
112050;-168677;47963;26321;8;9
110540;-170300;47868;26220;4;9
112319;-168140;47979;26355;1;9
114520;-178255;48117;25723;8;9
112877;-169951;48014;26242;8;9
110067;-167921;47839;26368;1;9
110329;-167486;47855;26396;2;9
111714;-169567;47942;26266;1;9
109936;-167613;47831;26388;2;9
110207;-170021;47847;26237;4;9
113172;-170935;48033;26180;1;9
109883;-169306;47827;26282;4;9
109892;-169006;47828;26301;1;9
113773;-169719;48070;26256;1;9
109057;-168241;47776;26348;8;9
113174;-170992;48033;26177;2;9
109033;-176396;47774;25839;8;9
110701;-169709;47878;26257;2;9
109949;-167740;47831;26380;1;9
112207;-168832;47972;26312;2;9
112232;-169936;47974;26243;4;9
112843;-170981;48012;26177;4;9
113513;-169891;48054;26245;2;9
109411;-168396;47798;26339;4;9
109542;-167526;47806;26393;2;9
109901;-167979;47828;26365;2;9
109597;-170657;47809;26197;1;9
109770;-169143;47820;26292;8;9
110528;-167412;47868;26400;8;9
109049;-168199;47775;26351;2;9
110399;-168705;47859;26319;4;9
110880;-169119;47890;26294;2;9
108932;-169372;47768;26278;4;9
111946;-168759;47956;26316;4;9
109502;-170694;47803;26195;8;9
124882;-173085;48765;26046;4;9
114698;-180014;48128;25613;8;9
112106;-170156;47966;26229;2;9
112679;-170850;48002;26185;2;9
109949;-169444;47831;26273;8;9
108979;-176460;47771;25835;8;9
109357;-170436;47794;26211;1;9
112308;-167970;47979;26365;2;9
111441;-170496;47925;26208;8;9
109050;-168404;47775;26338;1;9
109104;-168384;47779;26340;2;9
124773;-173879;48758;25996;1;9
111750;-168077;47944;26359;2;9
108917;-168338;47767;26342;4;9
109045;-167709;47775;26382;8;9
120769;-188040;48508;25111;2;9
110137;-170780;47843;26190;2;9
109364;-170403;47795;26213;4;9
111041;-170292;47900;26220;4;9
108580;-165014;47746;26550;1;9
112334;-168721;47980;26318;4;9
119733;-182003;48443;25488;4;9
110167;-169088;47845;26296;4;9
109098;-167504;47778;26395;4;9
109600;-168439;47810;26336;4;9
111365;-169205;47920;26288;8;9
109111;-165046;47779;26548;1;9
108941;-170800;47768;26189;8;9
111269;-169604;47914;26263;8;9
111280;-169568;47915;26266;2;9
109013;-169689;47773;26258;2;9
118758;-168601;48382;26326;4;9
115802;-183505;48197;25394;8;9
125205;-173529;48785;26018;2;9
109097;-170557;47778;26204;1;9
110986;-169154;47896;26291;2;9
109631;-169593;47811;26264;8;9
113511;-170611;48054;26200;1;9
113551;-169777;48056;26252;2;9
108146;-165460;47719;26522;4;9
108928;-168770;47768;26315;8;9
111010;-170370;47898;26215;2;9
109194;-168024;47784;26362;4;9
119049;-168505;48400;26332;4;9
112375;-168104;47983;26357;2;9
110475;-168370;47864;26340;1;9
110143;-170646;47843;26198;1;9
111510;-170649;47929;26198;8;9
109323;-168476;47792;26334;8;9
110056;-169622;47838;26262;2;9
112657;-169885;48001;26246;2;9
109123;-165553;47780;26516;2;9
109524;-169500;47805;26270;2;9
109699;-169789;47816;26252;4;9
123625;-174520;48686;25956;2;9
109635;-170391;47812;26214;4;9
112351;-168292;47981;26345;2;9
112001;-170407;47960;26213;2;9
108809;-170178;47760;26227;2;9
106060;-172758;47588;26066;2;9
110400;-168735;47860;26318;4;9
111902;-168259;47953;26347;8;9
109229;-168566;47786;26328;2;9
113102;-170081;48028;26233;4;9
108857;-167651;47763;26385;1;9
119739;-168573;48443;26328;8;9
109323;-170152;47792;26229;2;9
112042;-167944;47962;26367;8;9
111936;-168019;47956;26362;4;9
110008;-168704;47835;26320;4;9
124000;-181861;48710;25497;4;9
112399;-169614;47984;26263;8;9
111251;-170010;47913;26238;8;9
110685;-167791;47877;26377;2;9
110209;-165103;47848;26545;4;9
111367;-166872;47920;26434;2;9
111985;-168441;47959;26336;2;9
110810;-168046;47885;26361;1;9
111720;-170419;47942;26212;1;9
109212;-168173;47785;26353;2;9
111151;-167080;47906;26421;4;9
109861;-169554;47826;26266;2;9
113774;-170352;48070;26217;1;9
109784;-169171;47821;26290;4;9
112247;-170799;47975;26189;2;9
109397;-170500;47797;26207;8;9
109439;-169497;47799;26270;2;9
119061;-168641;48401;26323;4;9
109682;-169798;47815;26251;8;9
111946;-167400;47956;26401;8;9
111137;-169150;47906;26292;1;9
109179;-167882;47783;26371;2;9
111702;-166768;47941;26441;4;9
110359;-168644;47857;26323;1;9
109070;-169882;47776;26246;4;9
111003;-167360;47897;26404;8;9
108229;-174159;47724;25979;8;9
108877;-168255;47764;26348;2;9
115757;-181263;48194;25535;4;9
109610;-170879;47810;26184;2;9
110799;-169212;47884;26288;1;9
109272;-167486;47789;26396;1;9
110229;-170892;47849;26183;1;9
109206;-170618;47785;26200;1;9
112029;-167345;47961;26404;1;9
111877;-167460;47952;26397;8;9
112273;-170607;47977;26201;4;9
109551;-169675;47806;26259;1;9
111688;-168011;47940;26363;1;9
109616;-169281;47811;26283;1;9
111531;-168045;47930;26361;8;9
110897;-169133;47891;26293;8;9
111040;-169318;47900;26281;8;9
125161;-172887;48782;26058;4;9
112313;-168076;47979;26359;2;9
123543;-182004;48681;25488;4;9
111698;-168230;47941;26349;1;9
109787;-168410;47821;26338;1;9
110995;-169742;47897;26255;8;9
111721;-170622;47942;26200;2;9
108822;-169960;47761;26241;2;9
110807;-170492;47885;26208;2;9
111027;-169718;47899;26256;1;9
111422;-168482;47923;26333;8;9
111848;-168244;47950;26348;4;9
112065;-167396;47964;26401;8;9
110528;-169484;47868;26271;4;9
109799;-169703;47822;26257;4;9
111374;-169722;47920;26256;2;9
112277;-168772;47977;26315;8;9
107822;-172587;47698;26077;4;9
109546;-168727;47806;26318;8;9
112812;-170711;48010;26194;2;9
112345;-170981;47981;26177;1;9
111038;-170529;47899;26205;1;9
110031;-167532;47836;26393;8;9
125558;-173221;48807;26037;4;9
111269;-169789;47914;26252;8;9
111040;-169117;47900;26294;2;9
109642;-169193;47812;26289;8;9
110514;-168087;47867;26358;4;9
110179;-169566;47846;26266;4;9
108830;-168907;47761;26307;2;9
124201;-174021;48722;25987;4;9
108769;-165609;47758;26513;1;9
111692;-169596;47940;26264;1;9
111867;-168875;47951;26309;1;9
124061;-173974;48713;25990;1;9
113244;-170994;48037;26176;1;9
110352;-170105;47857;26232;8;9
108919;-170342;47767;26217;2;9
109750;-168411;47819;26338;1;9
111828;-168676;47949;26321;2;9
111391;-167023;47921;26425;2;9
113431;-169314;48049;26281;8;9
110770;-168079;47883;26359;1;9
115331;-182435;48168;25461;2;9
110433;-169733;47862;26255;2;9
111601;-169801;47935;26251;1;9
109149;-168419;47781;26337;1;9
109758;-168352;47819;26342;1;9
113419;-169834;48048;26249;4;9
111801;-169007;47947;26301;8;9
112245;-169083;47975;26296;1;9
113739;-170119;48068;26231;1;9
112334;-169098;47980;26295;8;9
110743;-170352;47881;26217;2;9
119691;-182007;48440;25488;1;9
109926;-167686;47830;26383;1;9
108806;-170924;47760;26181;1;9
113425;-170505;48049;26207;8;9
112325;-168565;47980;26328;2;9
112232;-170794;47974;26189;1;9
111559;-166749;47932;26442;4;9
113407;-170609;48047;26200;1;9
110047;-167457;47837;26397;2;9
110098;-167648;47841;26386;8;9
108959;-169116;47769;26294;8;9
111572;-168229;47933;26349;4;9
109002;-170000;47772;26239;4;9
110032;-168725;47837;26318;2;9
109424;-167946;47799;26367;4;9
113050;-170283;48025;26221;2;9
110732;-167556;47880;26391;2;9
112570;-170975;47995;26178;1;9
112286;-168717;47977;26319;2;9
119125;-168497;48405;26332;8;9
109008;-168456;47773;26335;8;9
111767;-169076;47945;26296;1;9
108842;-169344;47762;26280;4;9
112212;-168774;47973;26315;2;9
112041;-170963;47962;26178;4;9
112311;-168694;47979;26320;1;9
120806;-188033;48510;25111;8;9
111038;-169778;47899;26252;2;9
110454;-169759;47863;26254;1;9
112124;-167360;47967;26404;4;9
119698;-168515;48441;26331;2;9
110624;-167942;47874;26367;2;9
110076;-165045;47839;26548;4;9
109447;-169547;47800;26267;4;9
110929;-167959;47893;26366;2;9
112994;-170281;48022;26221;1;9
111257;-168289;47913;26345;8;9
112577;-169826;47996;26249;2;9
111490;-167887;47928;26371;4;9
113200;-169333;48035;26280;2;9
112151;-168138;47969;26355;8;9
107922;-165339;47705;26530;4;9
109435;-170344;47799;26217;8;9
113667;-169927;48064;26243;8;9
111043;-170355;47900;26216;1;9
111363;-169157;47920;26291;1;9
109608;-169431;47810;26274;1;9
112506;-169571;47991;26265;8;9
123587;-181758;48684;25504;8;9
111137;-170476;47906;26209;4;9
110572;-170057;47870;26235;1;9
120979;-168418;48521;26337;4;9
124089;-173895;48715;25995;8;9
123506;-174720;48679;25944;4;9
109307;-170389;47791;26214;2;9
108909;-176334;47766;25843;2;9
110871;-169183;47889;26290;1;9
109818;-170971;47823;26178;2;9
110839;-167538;47887;26392;2;9
110778;-167552;47883;26392;4;9
125054;-173052;48775;26048;8;9
111779;-168057;47946;26360;1;9
112279;-168137;47977;26355;1;9
110583;-168328;47871;26343;1;9
108824;-169640;47761;26261;8;9
124831;-173078;48761;26046;2;9
108142;-165133;47718;26543;2;9
111770;-170395;47945;26214;1;9
111598;-168674;47934;26321;8;9
110146;-169036;47844;26299;8;9
110097;-167733;47841;26380;4;9
108587;-165519;47746;26519;4;9
124612;-173225;48748;26037;2;9
111575;-170656;47933;26198;1;9
109523;-169555;47805;26266;4;9
110058;-168964;47838;26303;8;9
109430;-170630;47799;26199;4;9
109601;-170990;47810;26177;8;9
111253;-168296;47913;26345;1;9
120147;-168481;48469;26333;2;9
111662;-168669;47938;26322;2;9
111244;-167411;47912;26400;4;9
109158;-168969;47782;26303;1;9
125594;-173158;48809;26041;8;9
111016;-167191;47898;26414;2;9
115820;-181369;48198;25528;8;9
109660;-169544;47813;26267;2;9
108911;-168389;47766;26339;4;9
111144;-167273;47906;26409;1;9
109158;-168678;47782;26321;8;9
109777;-169231;47821;26287;8;9
114912;-180050;48142;25610;4;9
110402;-169943;47860;26242;4;9
119607;-181946;48435;25492;1;9
112018;-170920;47961;26181;8;9
109197;-168367;47784;26341;4;9
109014;-169555;47773;26266;2;9
108912;-168013;47767;26363;8;9
112198;-169152;47972;26292;4;9
111136;-169116;47906;26294;1;9
112767;-170741;48007;26192;4;9
125015;-172964;48773;26053;8;9
109214;-168704;47785;26320;1;9
110607;-169496;47872;26270;8;9
109286;-168345;47790;26342;4;9
111990;-166925;47959;26431;2;9
120288;-168460;48478;26335;2;9
119618;-182070;48436;25484;2;9
113750;-170438;48069;26211;1;9
111673;-169164;47939;26291;1;9
115820;-181220;48198;25537;1;9
108001;-165332;47710;26530;2;9
109279;-176678;47789;25821;2;9
111285;-168638;47915;26324;4;9
111166;-167495;47907;26395;8;9
110632;-169195;47874;26289;8;9
111556;-169077;47932;26296;2;9
109683;-167895;47815;26370;4;9
110295;-169844;47853;26248;8;9
120043;-181894;48462;25495;4;9
110741;-167083;47881;26421;1;9
110690;-168291;47878;26345;1;9
111169;-169195;47908;26289;4;9
113115;-170359;48029;26216;4;9
111807;-169490;47947;26270;2;9
110267;-170906;47851;26182;8;9
124963;-173038;48770;26049;2;9
108879;-169665;47764;26259;1;9
111214;-170889;47910;26183;2;9
111472;-169819;47927;26250;8;9
112004;-169573;47960;26265;8;9
108800;-170636;47760;26199;4;9
111539;-170716;47931;26194;4;9
111404;-169499;47922;26270;8;9
109229;-165073;47786;26546;2;9
109166;-170867;47782;26184;1;9
110463;-169730;47863;26255;8;9
110947;-167704;47894;26382;4;9
110346;-168767;47856;26316;8;9
112663;-170966;48001;26178;2;9
110302;-168395;47853;26339;2;9
111633;-169794;47937;26251;8;9
109817;-170697;47823;26195;8;9
111921;-168664;47955;26322;8;9
109437;-167529;47799;26393;8;9
110650;-168341;47875;26342;1;9
110539;-170343;47868;26217;1;9
109128;-167675;47780;26384;4;9
112367;-170856;47982;26185;2;9
111645;-166761;47937;26441;8;9
111529;-168503;47930;26332;4;9
112655;-170769;48000;26190;8;9
109391;-176783;47796;25815;2;9
112000;-170245;47960;26223;8;9
112257;-168040;47976;26361;4;9
110117;-165025;47842;26549;4;9
125691;-172496;48815;26083;1;9
110491;-170022;47865;26237;1;9
109002;-170226;47772;26224;8;9
111235;-169934;47912;26243;1;9
111624;-170019;47936;26237;1;9
115825;-183529;48199;25393;8;9
111275;-169755;47914;26254;4;9
119096;-168629;48403;26324;8;9
111125;-167443;47905;26398;2;9
109973;-170577;47833;26202;4;9
109678;-169494;47814;26270;1;9
110602;-168233;47872;26349;1;9
111206;-170990;47910;26177;1;9
109072;-170332;47777;26218;4;9
123456;-175072;48676;25922;2;9
110493;-170967;47865;26178;4;9
124112;-173704;48717;26007;4;9
109079;-170303;47777;26220;2;9
108555;-165601;47744;26513;2;9
112886;-170772;48015;26190;8;9
125070;-173652;48776;26010;1;9
110759;-169339;47882;26280;1;9
111444;-167081;47925;26421;8;9
111386;-166789;47921;26439;4;9
119484;-182072;48427;25484;2;9
112382;-169759;47983;26254;1;9
111742;-170688;47943;26196;2;9
113338;-170724;48043;26193;8;9
109518;-169390;47804;26277;1;9
114554;-178296;48119;25720;1;9
113319;-170642;48042;26198;2;9
108098;-165548;47716;26517;1;9
110875;-167686;47889;26383;4;9
114996;-179992;48147;25614;2;9
110421;-168579;47861;26327;1;9
111283;-167524;47915;26393;4;9
111192;-167321;47909;26406;8;9
110021;-169655;47836;26260;4;9
113036;-170056;48024;26235;8;9
110939;-169821;47893;26250;4;9
111304;-170068;47916;26234;4;9
110818;-170215;47886;26225;2;9
111422;-168557;47923;26329;4;9
112133;-168651;47968;26323;1;9
111028;-170289;47899;26220;8;9
110655;-167984;47875;26365;2;9
113378;-169708;48046;26257;8;9
108842;-169078;47762;26296;2;9
110771;-170385;47883;26214;2;9
111037;-169546;47899;26267;2;9
112883;-170723;48015;26193;1;9
112165;-168270;47970;26347;8;9
111429;-170700;47924;26195;1;9
125112;-172851;48779;26060;1;9
111611;-167143;47935;26417;2;9
112043;-167382;47962;26402;1;9
111609;-169108;47935;26294;1;9
109133;-170489;47780;26208;8;9
112637;-169613;47999;26263;2;9
109124;-168627;47780;26324;4;9
109632;-168712;47812;26319;2;9
113107;-170927;48029;26181;8;9
111902;-170153;47953;26229;2;9
109616;-171007;47811;26176;4;9
124284;-173644;48727;26011;1;9
110122;-170849;47842;26185;4;9
115435;-182497;48174;25457;2;9
111763;-169154;47945;26291;8;9
109270;-170126;47789;26231;2;9
110260;-167692;47851;26383;4;9
108883;-165553;47765;26516;8;9
109931;-168883;47830;26308;4;9
111319;-168620;47917;26325;4;9
110748;-167970;47881;26365;8;9
112934;-170355;48018;26216;8;9
111451;-168012;47925;26363;4;9
123570;-181610;48683;25513;1;9
110361;-168399;47857;26339;8;9
112885;-170298;48015;26220;2;9
112556;-169991;47994;26239;2;9
113408;-170877;48048;26184;2;9
112315;-168278;47979;26346;8;9
111196;-168404;47909;26338;4;9
111614;-166559;47935;26454;4;9
111938;-169217;47956;26287;8;9
110760;-169545;47882;26267;1;9
111640;-170418;47937;26212;2;9
110381;-169960;47858;26241;8;9
108714;-165067;47754;26547;4;9
111402;-169184;47922;26290;2;9
111679;-168676;47939;26321;4;9
119916;-181993;48454;25489;8;9
110662;-167228;47876;26412;2;9
109526;-168588;47805;26327;2;9
112126;-169328;47967;26281;4;9
108958;-168147;47769;26354;2;9
111598;-169805;47934;26251;4;9
109807;-168033;47822;26361;8;9
109176;-169239;47783;26286;2;9
124905;-173147;48766;26042;4;9
123899;-174269;48703;25972;4;9
119864;-168450;48451;26335;8;9
111297;-170384;47916;26215;4;9
108887;-168665;47765;26322;4;9
123706;-181256;48691;25535;8;9
111624;-167964;47936;26366;8;9
121103;-168433;48528;26336;2;9
109085;-165579;47777;26515;2;9
112068;-170247;47964;26223;1;9
112830;-170259;48011;26222;2;9
108405;-165547;47735;26517;4;9
108824;-170978;47761;26177;8;9
111867;-170474;47951;26209;8;9
110207;-170723;47847;26193;8;9
107913;-165212;47704;26538;4;9
112200;-170888;47972;26183;8;9
110240;-168945;47850;26304;1;9
111213;-169927;47910;26243;1;9
107896;-165182;47703;26540;4;9
112038;-169146;47962;26292;2;9
109254;-170003;47788;26238;4;9
109542;-168831;47806;26312;1;9
112634;-170081;47999;26233;1;9
111275;-170731;47914;26193;2;9
110999;-168974;47897;26303;1;9
123736;-174746;48693;25942;4;9
109528;-169181;47805;26290;2;9
108969;-170255;47770;26223;4;9
113771;-169522;48070;26268;4;9
110063;-169042;47838;26298;8;9
110016;-168276;47836;26346;2;9
111018;-169700;47898;26257;1;9
109482;-176850;47802;25810;4;9
109120;-170960;47780;26179;1;9
112248;-167390;47975;26402;4;9
110817;-169644;47886;26261;1;9
109114;-169365;47779;26278;2;9
108907;-169393;47766;26276;4;9
112476;-170172;47989;26228;4;9
111681;-168276;47940;26346;1;9
109542;-169107;47806;26294;2;9
111465;-168646;47926;26323;4;9
112267;-168612;47976;26325;2;9
112065;-170913;47964;26181;4;9
109052;-170683;47775;26196;1;9
124637;-173198;48749;26039;2;9
112705;-169969;48004;26240;2;9
113772;-170113;48070;26231;2;9
112933;-170417;48018;26212;1;9
112372;-169281;47983;26283;1;9
111233;-169304;47912;26282;8;9
109828;-169383;47824;26277;4;9
109214;-176750;47785;25817;8;9
110053;-169014;47838;26300;1;9
113648;-169221;48063;26287;1;9
109613;-169206;47810;26288;4;9
123563;-181516;48682;25519;4;9
110136;-168728;47843;26318;2;9
124838;-173769;48762;26003;8;9
109201;-169881;47785;26246;4;9
111325;-170421;47917;26212;2;9
113513;-169850;48054;26248;8;9
113452;-169605;48050;26263;2;9
111627;-168401;47936;26338;2;9
109783;-170342;47821;26217;8;9
110248;-167772;47850;26378;4;9
112022;-167909;47961;26369;8;9
111502;-168003;47928;26363;8;9
107802;-165203;47697;26538;8;9
110940;-170259;47893;26222;4;9
111259;-169197;47913;26289;2;9
123619;-181293;48686;25533;2;9
110894;-167924;47890;26368;2;9
109772;-170689;47820;26195;8;9
111536;-169574;47931;26265;4;9
111940;-170204;47956;26226;4;9
110437;-170919;47862;26181;4;9
109445;-176895;47800;25808;4;9
112291;-167265;47978;26409;2;9
105862;-173787;47576;26002;4;9
110294;-168824;47853;26312;2;9
109396;-168352;47797;26342;8;9
119482;-182027;48427;25487;2;9
111682;-170577;47940;26202;2;9
109204;-169967;47785;26241;1;9
109176;-170560;47783;26204;1;9
109281;-170001;47790;26238;2;9
108034;-165238;47712;26536;4;9
111383;-167201;47921;26413;8;9
109853;-168213;47825;26350;2;9
121066;-168440;48526;26336;8;9
123369;-175178;48670;25915;4;9
109580;-167817;47808;26375;2;9
109031;-168363;47774;26341;8;9
111003;-169157;47897;26291;4;9
111672;-167690;47939;26383;8;9
110242;-168463;47850;26335;4;9
111556;-168977;47932;26302;4;9
110117;-167866;47842;26372;8;9
121243;-188296;48537;25095;4;9
124236;-173621;48724;26012;4;9
111571;-170565;47933;26203;4;9
110004;-168892;47835;26308;8;9
110232;-170178;47849;26227;4;9
109280;-170183;47790;26227;8;9
110074;-168002;47839;26363;4;9
112934;-169976;48018;26240;8;9
112355;-168716;47982;26319;2;9
109216;-169089;47786;26295;8;9
110257;-170986;47851;26177;4;9
124289;-173500;48728;26020;8;9
110876;-167348;47889;26404;8;9
123326;-175194;48667;25914;8;9
111813;-169268;47948;26284;4;9
112373;-168432;47983;26337;2;9
109316;-170742;47792;26192;8;9
108817;-168420;47761;26337;2;9
111447;-168099;47925;26357;8;9
109236;-168509;47787;26332;1;9
108807;-165552;47760;26517;8;9
109812;-168617;47823;26325;1;9
110286;-168727;47852;26318;1;9
109667;-170723;47814;26193;2;9
115913;-181196;48204;25539;8;9
111196;-170955;47909;26179;4;9
109712;-167826;47817;26374;8;9
109073;-170087;47777;26233;8;9
110937;-168763;47893;26316;4;9
123814;-174270;48698;25972;8;9
113465;-169269;48051;26284;1;9
111818;-167549;47948;26392;2;9
124106;-173753;48716;26004;1;9
109732;-167968;47818;26366;8;9
108647;-165582;47750;26515;4;9
110293;-170157;47853;26229;8;9
110150;-169989;47844;26239;4;9
110238;-168548;47849;26329;2;9
120954;-168413;48519;26338;2;9
109019;-168585;47773;26327;4;9
109275;-170284;47789;26221;2;9
108834;-168389;47762;26339;4;9
112985;-169939;48021;26242;2;9
111691;-167700;47940;26382;8;9
113634;-169912;48062;26244;1;9
109147;-168966;47781;26303;8;9
111049;-169550;47900;26267;8;9
124056;-173740;48713;26005;4;9
110599;-170087;47872;26233;8;9
109306;-167915;47791;26369;8;9
112276;-169299;47977;26282;8;9
109562;-168415;47807;26338;4;9
109455;-168409;47800;26338;8;9
112763;-170836;48007;26186;8;9
109613;-168674;47810;26321;4;9
109515;-168184;47804;26352;8;9
111015;-167218;47898;26412;4;9
123606;-181614;48685;25513;1;9
123645;-181292;48687;25533;8;9
111428;-168027;47924;26362;1;9
112078;-168058;47964;26360;1;9
113250;-170518;48038;26206;2;9
108239;-165526;47724;26518;8;9
108098;-165165;47716;26541;1;9
108959;-168523;47769;26331;8;9
108502;-165089;47741;26545;4;9
111176;-169185;47908;26289;1;9
110114;-169898;47842;26245;2;9
110313;-168550;47854;26329;4;9
112260;-170679;47976;26196;1;9
125647;-173062;48812;26047;8;9
109359;-167682;47794;26383;8;9
121340;-188298;48543;25095;2;9
111300;-170624;47916;26200;8;9
125048;-173052;48775;26048;1;9
113045;-170153;48025;26229;4;9
107432;-165312;47674;26532;2;9
111275;-168226;47914;26349;4;9
112168;-170326;47970;26218;8;9
111716;-168389;47942;26339;8;9
109570;-169723;47808;26256;4;9
113231;-170892;48036;26183;8;9
113560;-170017;48057;26237;8;9
111519;-168183;47929;26352;4;9
110126;-169650;47842;26260;8;9
113473;-170300;48052;26220;2;9
124527;-173372;48742;26028;2;9
112126;-170277;47967;26221;4;9
109314;-170442;47792;26211;2;9
113758;-169895;48069;26245;2;9
109439;-167875;47799;26371;4;9
108805;-170725;47760;26193;2;9
113254;-169488;48038;26271;1;9
110858;-168036;47888;26361;4;9
111862;-168846;47951;26311;2;9
110564;-167454;47870;26398;2;9
108927;-168614;47767;26325;2;9
110064;-165074;47839;26546;4;9
108161;-165622;47720;26512;4;9
107405;-165351;47672;26529;4;9
108951;-170101;47769;26232;4;9
109090;-170556;47778;26204;8;9
109456;-176813;47801;25813;2;9
109728;-170635;47818;26199;1;9
110668;-168099;47876;26357;2;9
111225;-168418;47911;26337;8;9
110887;-169757;47890;26254;8;9
110305;-170740;47854;26192;2;9
107981;-165170;47708;26540;8;9
123623;-181384;48686;25527;1;9
113284;-170377;48040;26215;2;9
109491;-167833;47803;26374;8;9
109345;-170293;47794;26220;1;9
119255;-168481;48413;26333;8;9
111737;-168435;47943;26336;2;9
111615;-168737;47935;26317;1;9
111984;-170165;47959;26228;8;9
109262;-170671;47788;26197;4;9
111322;-169144;47917;26292;1;9
110709;-169281;47879;26283;1;9
111492;-169760;47928;26254;4;9
118832;-168627;48387;26324;1;9
110960;-169502;47895;26270;1;9
116088;-181230;48215;25537;1;9
112644;-169959;48000;26241;8;9
112287;-167233;47977;26411;2;9
108966;-167836;47770;26374;2;9
124272;-173583;48727;26015;1;9
110217;-169029;47848;26299;8;9
111580;-167839;47933;26374;1;9
109935;-167527;47830;26393;2;9
108890;-167602;47765;26388;4;9
108932;-169614;47768;26263;8;9
113211;-170473;48035;26209;4;9
111340;-167378;47918;26402;2;9
112103;-167387;47966;26402;8;9
109260;-165086;47788;26546;2;9
123193;-175153;48659;25916;4;9
110181;-169202;47846;26288;1;9
110975;-167798;47895;26376;4;9
111233;-168675;47912;26321;1;9
110901;-170418;47891;26212;2;9
111116;-170623;47904;26200;8;9
112188;-170232;47971;26224;8;9
113774;-169842;48070;26248;1;9
110342;-169733;47856;26255;1;9
109917;-170383;47829;26215;8;9
111028;-170628;47899;26199;4;9
111272;-170410;47914;26213;4;9
113010;-170126;48023;26231;1;9
109662;-169122;47813;26293;1;9
109476;-167932;47802;26368;8;9
110424;-168655;47861;26323;2;9
119584;-182024;48434;25487;2;9
109435;-169553;47799;26266;2;9
112321;-170691;47980;26195;1;9
109521;-169323;47805;26281;1;9
113250;-170321;48038;26218;1;9
110966;-167624;47895;26387;1;9
110098;-170523;47841;26206;1;9
109515;-168577;47804;26327;2;9
110850;-169713;47888;26256;4;9
112355;-167805;47982;26376;2;9
111367;-166846;47920;26436;2;9
109939;-169798;47831;26251;8;9
113032;-170271;48024;26222;4;9
111361;-168968;47920;26303;8;9
124899;-173814;48766;26000;1;9
111399;-168856;47922;26310;1;9
112675;-170836;48002;26186;8;9
109151;-170954;47781;26179;2;9
119645;-181900;48437;25495;8;9
108990;-170378;47771;26215;2;9
109966;-167891;47832;26370;2;9
113152;-170655;48032;26198;4;9
111692;-168654;47940;26323;4;9
115149;-179970;48156;25615;2;9
112266;-168316;47976;26344;1;9
111427;-166961;47924;26428;8;9
106371;-172839;47608;26061;2;9
123567;-181923;48682;25493;1;9
107299;-165259;47666;26535;4;9
111704;-166706;47941;26444;8;9
112431;-170650;47986;26198;8;9
109054;-170314;47775;26219;1;9
111579;-166583;47933;26452;8;9
112969;-170253;48020;26223;8;9
108813;-170336;47760;26218;8;9
105564;-172615;47557;26075;2;9
112443;-170569;47987;26203;4;9
112121;-168795;47967;26314;2;9
111583;-168792;47933;26314;2;9
111974;-169062;47958;26297;2;9
109255;-176733;47788;25818;8;9
111612;-166949;47935;26429;8;9
111171;-170592;47908;26202;1;9
111403;-170019;47922;26237;4;9
111201;-169289;47910;26283;8;9
109655;-167828;47813;26374;1;9
110035;-169729;47837;26255;8;9
110198;-169834;47847;26249;1;9
112301;-168919;47978;26306;2;9
112189;-168947;47971;26304;8;9
109448;-169528;47800;26268;1;9
124108;-173999;48716;25989;2;9
109607;-170716;47810;26194;1;9
109465;-168680;47801;26321;8;9
120051;-168545;48463;26329;1;9
111686;-168531;47940;26330;4;9
106067;-172719;47589;26069;4;9
110873;-167605;47889;26388;4;9
110756;-168181;47882;26352;2;9
109527;-171005;47805;26176;4;9
111709;-168846;47941;26311;1;9
110100;-168490;47841;26333;8;9
115164;-180054;48157;25610;1;9
109088;-168578;47778;26327;1;9
109807;-168350;47822;26342;1;9
110487;-168685;47865;26321;2;9
123799;-174222;48697;25975;4;9
111115;-167598;47904;26389;1;9
109245;-165080;47787;26546;4;9
111604;-167886;47935;26371;1;9
110279;-168901;47852;26307;8;9
111131;-169074;47905;26296;2;9
116201;-177712;48222;25757;1;9
109115;-176545;47779;25829;4;9
109914;-168452;47829;26335;1;9
111966;-169579;47957;26265;2;9
111114;-170347;47904;26217;8;9
108952;-167473;47769;26396;4;9
109672;-170680;47814;26196;1;9
109136;-169020;47781;26300;2;9
109366;-168771;47795;26315;4;9
112329;-169888;47980;26246;1;9
111339;-170643;47918;26198;1;9
110181;-168568;47846;26328;4;9
123585;-182002;48684;25488;2;9
123911;-181543;48704;25517;8;9
110897;-170463;47891;26210;8;9
109444;-169128;47800;26293;1;9
113497;-169764;48053;26253;1;9
111325;-167926;47917;26368;4;9
110827;-169256;47886;26285;4;9
112046;-170303;47962;26220;8;9
111523;-169745;47930;26254;2;9
107997;-165356;47709;26529;8;9
112217;-168522;47973;26331;4;9
108291;-165549;47728;26517;8;9
123574;-181249;48683;25535;8;9
108800;-167916;47760;26369;4;9
110807;-167901;47885;26370;4;9
109816;-170459;47823;26210;4;9
108812;-170936;47760;26180;8;9
125257;-173555;48788;26016;1;9
110423;-170167;47861;26228;8;9
109145;-170791;47781;26189;4;9
110863;-167449;47888;26398;8;9
109720;-165018;47817;26550;2;9
109728;-170243;47818;26223;8;9
112538;-170676;47993;26196;8;9
109512;-168837;47804;26311;8;9
111506;-166841;47929;26436;8;9
111226;-167621;47911;26387;1;9
119796;-181920;48447;25494;1;9
111175;-170247;47908;26223;8;9
111974;-170198;47958;26226;8;9
111106;-168998;47904;26301;2;9
112096;-170023;47966;26237;8;9
111106;-170247;47904;26223;8;9
109026;-168871;47774;26309;8;9
109994;-169664;47834;26260;2;9
112031;-170042;47961;26236;1;9
109438;-176872;47799;25809;2;9
112120;-167322;47967;26406;1;9
111144;-167575;47906;26390;1;9
123516;-174504;48679;25957;1;9
111585;-166937;47934;26430;8;9
111673;-167750;47939;26379;8;9
111545;-169951;47931;26242;2;9
111879;-170315;47952;26219;8;9
113287;-170426;48040;26212;4;9
112527;-170014;47992;26238;8;9
111186;-169077;47909;26296;1;9
108842;-168372;47762;26340;2;9
109595;-168828;47809;26312;1;9
111745;-168111;47944;26357;8;9
107928;-165339;47705;26530;2;9
111069;-169573;47901;26265;2;9
113058;-170522;48026;26206;4;9
110994;-168935;47897;26305;2;9
109802;-168991;47822;26302;8;9
112530;-170980;47993;26177;8;9
110311;-168378;47854;26340;8;9
110914;-167610;47892;26388;8;9
126031;-172928;48836;26056;8;9
111114;-167641;47904;26386;8;9
109092;-168083;47778;26358;1;9
110159;-170906;47844;26182;4;9
110112;-167441;47842;26398;8;9
110528;-170760;47868;26191;2;9
113200;-170417;48035;26212;2;9
112100;-168922;47966;26306;1;9
109440;-169493;47800;26270;4;9
126015;-172917;48835;26056;2;9
109677;-168690;47814;26320;1;9
110187;-168726;47846;26318;8;9
108613;-165036;47748;26549;2;9
123961;-181973;48707;25490;1;9
116194;-177453;48222;25773;2;9
110986;-169480;47896;26271;4;9
109894;-167927;47828;26368;2;9
111887;-170409;47952;26213;2;9
123941;-181899;48706;25495;1;9
111887;-169297;47952;26282;8;9
109169;-176568;47783;25828;2;9
113211;-170709;48035;26194;4;9
110253;-167790;47850;26377;8;9
109374;-167563;47795;26391;8;9
123650;-181358;48688;25529;4;9
109366;-170026;47795;26237;4;9
112910;-170202;48016;26226;2;9
110155;-165115;47844;26544;4;9
111670;-169908;47939;26244;8;9
119862;-181920;48451;25494;8;9
108868;-167475;47764;26396;2;9
110436;-168283;47862;26346;1;9
111531;-168269;47930;26347;2;9
108865;-168718;47764;26319;2;9
105808;-172634;47573;26074;4;9
111207;-169731;47910;26255;8;9
109300;-167804;47791;26376;4;9
108161;-165537;47720;26517;2;9
110327;-168778;47855;26315;8;9
109901;-167940;47828;26367;8;9
111558;-168185;47932;26352;8;9
106226;-172719;47599;26069;2;9
111552;-168444;47932;26336;1;9
114991;-180063;48146;25610;2;9
109301;-169917;47791;26244;2;9
108832;-170313;47762;26219;8;9
109940;-169676;47831;26259;8;9
111578;-170575;47933;26203;4;9
111296;-167259;47916;26410;8;9
112009;-167307;47960;26407;1;9
108876;-165623;47764;26512;1;9
112301;-169096;47978;26295;8;9
111335;-168724;47918;26318;8;9
110440;-168677;47862;26321;8;9
109031;-169995;47774;26239;2;9
108083;-165462;47715;26522;2;9
109763;-167646;47820;26386;4;9
109978;-168243;47833;26348;8;9
109018;-167943;47773;26367;1;9
109939;-167936;47831;26368;1;9
109996;-169066;47834;26297;8;9
112372;-168653;47983;26323;2;9
112178;-168073;47971;26359;8;9
123602;-181501;48685;25520;4;9
111511;-166732;47929;26443;4;9
108939;-170580;47768;26202;2;9
111855;-169629;47950;26262;4;9
113134;-170029;48030;26237;8;9
111096;-166719;47903;26444;2;9
121190;-188382;48534;25090;8;9
108291;-174272;47728;25972;4;9
108727;-165045;47755;26548;1;9
111750;-169120;47944;26294;1;9
111209;-169938;47910;26242;1;9
109709;-170832;47816;26187;4;9
108058;-165073;47713;26546;2;9
113210;-170646;48035;26198;2;9
109258;-176755;47788;25816;1;9
112387;-169266;47984;26284;2;9
123981;-174127;48708;25981;2;9
111401;-167181;47922;26415;4;9
111446;-170734;47925;26193;8;9
111250;-170612;47913;26200;1;9
112285;-169024;47977;26300;4;9
112573;-169619;47995;26262;2;9
108842;-169283;47762;26283;4;9
109911;-170558;47829;26204;4;9
110465;-170054;47864;26235;2;9
109551;-170304;47806;26220;4;9
109508;-165067;47804;26547;2;9
109589;-168056;47809;26360;1;9
112803;-170891;48010;26183;8;9
112188;-170206;47971;26226;1;9
109878;-165505;47827;26519;2;9
112057;-170347;47963;26217;8;9
111055;-170388;47900;26214;2;9
109925;-169067;47830;26297;8;9
111416;-169184;47923;26290;4;9
112848;-169761;48013;26253;4;9
124322;-174128;48730;25981;2;9
110192;-170626;47847;26199;4;9
113035;-170954;48024;26179;8;9
109826;-170597;47824;26201;2;9
110428;-169876;47861;26246;4;9
109201;-176729;47785;25818;8;9
109689;-167774;47815;26378;4;9
111305;-168455;47916;26335;2;9
113667;-170317;48064;26219;8;9
108670;-165554;47751;26516;4;9
108876;-167573;47764;26390;1;9
111152;-166934;47907;26430;8;9
108979;-168597;47771;26326;1;9
111157;-167503;47907;26395;1;9
113166;-170498;48032;26207;8;9
109841;-167826;47825;26374;1;9
112175;-170351;47970;26217;2;9
109429;-168272;47799;26347;1;9
110054;-169195;47838;26289;1;9
108913;-170204;47767;26226;2;9
110631;-168026;47874;26362;1;9
112355;-168370;47982;26340;8;9
114482;-178285;48115;25721;4;9
106422;-172815;47611;26063;8;9
110098;-167662;47841;26385;4;9
123531;-181979;48680;25490;1;9
110707;-170207;47879;26226;2;9
112608;-170758;47998;26191;8;9
109190;-168111;47784;26357;1;9
109711;-170919;47816;26181;2;9
109350;-176864;47794;25810;4;9
112284;-169822;47977;26250;8;9
111515;-170632;47929;26199;2;9
113117;-170601;48029;26201;8;9
109565;-167861;47807;26372;1;9
110678;-170137;47877;26230;4;9
111723;-170391;47942;26214;4;9
112323;-169605;47980;26263;1;9
111948;-170970;47956;26178;1;9
112148;-167833;47969;26374;2;9
123978;-181790;48708;25502;8;9
113409;-169603;48048;26263;8;9
112322;-168568;47980;26328;4;9
110377;-169779;47858;26252;8;9
110773;-168054;47883;26360;2;9
123413;-174601;48673;25951;4;9
111873;-167011;47952;26425;1;9
124166;-174175;48720;25978;2;9
112322;-170980;47980;26177;4;9
112322;-167840;47980;26374;8;9
113255;-170905;48038;26182;2;9
109414;-167771;47798;26378;2;9
111580;-167879;47933;26371;2;9
109693;-176838;47815;25811;4;9
110453;-167626;47863;26387;1;9
109502;-167902;47803;26370;1;9
111588;-169797;47934;26251;4;9
109307;-169005;47791;26301;4;9
109397;-176872;47797;25809;1;9
123523;-181999;48680;25489;1;9
110518;-169941;47867;26242;8;9
112117;-167959;47967;26366;4;9
113355;-170593;48044;26201;1;9
111473;-169237;47927;26286;8;9
112025;-170916;47961;26181;4;9
109676;-168445;47814;26336;4;9
123522;-181367;48680;25528;8;9
113391;-170122;48046;26231;1;9
109091;-169793;47778;26251;8;9
113077;-170120;48027;26231;4;9
112375;-168551;47983;26329;4;9
110449;-170755;47863;26191;2;9
109912;-169501;47829;26270;8;9
112039;-167661;47962;26385;2;9
109822;-169463;47823;26272;4;9
111421;-167329;47923;26405;1;9
108985;-170625;47771;26199;8;9
112097;-170117;47966;26231;1;9
120019;-181982;48461;25490;2;9
108399;-174308;47734;25969;4;9
108963;-169291;47770;26283;2;9
125881;-172828;48827;26062;1;9
112248;-167300;47975;26407;1;9
109392;-170039;47797;26236;2;9
111449;-168862;47925;26310;1;9
111333;-167497;47918;26395;2;9
113773;-169723;48070;26256;4;9
110426;-167603;47861;26388;1;9
108969;-168407;47770;26338;2;9
111883;-170542;47952;26205;1;9
112130;-169958;47968;26241;2;9
111386;-168849;47921;26310;4;9
110952;-167509;47894;26394;1;9
111087;-169976;47902;26240;1;9
109896;-170793;47828;26189;8;9
111919;-168785;47954;26314;2;9
112306;-169821;47979;26250;8;9
125007;-173000;48772;26051;1;9
109454;-170309;47800;26219;8;9
107656;-165266;47688;26534;1;9
119137;-168478;48406;26334;1;9
109401;-167962;47797;26366;1;9
109573;-169339;47808;26280;1;9
110960;-167416;47895;26400;4;9
110067;-167876;47839;26371;8;9
109068;-169274;47776;26284;8;9
108821;-167807;47761;26376;1;9
111218;-168499;47911;26332;1;9
115773;-181166;48195;25541;1;9
111597;-166746;47934;26442;8;9
109154;-168908;47782;26307;1;9
125704;-172930;48816;26055;4;9
110668;-168274;47876;26346;1;9
110172;-165066;47845;26547;1;9
112443;-170163;47987;26228;1;9
111044;-167275;47900;26409;1;9
111357;-168802;47919;26313;4;9
109117;-170417;47779;26212;1;9
108845;-167867;47762;26372;1;9
109513;-167534;47804;26393;2;9
109629;-170384;47811;26215;2;9
108853;-170732;47763;26193;8;9
110173;-169487;47845;26271;1;9
109275;-169997;47789;26239;2;9
111329;-170073;47918;26234;8;9
111410;-168916;47923;26306;1;9
109793;-165547;47822;26517;8;9
109239;-167715;47787;26381;8;9
119746;-181992;48444;25489;4;9
109018;-170832;47773;26187;8;9
110331;-170854;47855;26185;8;9
110679;-168366;47877;26341;1;9
113770;-170111;48070;26232;2;9
109444;-168104;47800;26357;4;9
113162;-170125;48032;26231;4;9
112227;-167419;47974;26400;1;9
111663;-168598;47938;26326;4;9
113113;-170552;48029;26204;8;9
109165;-171004;47782;26176;4;9
111491;-168196;47928;26351;4;9
109310;-170546;47791;26204;1;9
112353;-170616;47982;26200;4;9
123634;-182193;48687;25476;1;9
109073;-165063;47777;26547;4;9
110585;-168130;47871;26355;2;9
111391;-168771;47921;26315;1;9
112844;-170295;48012;26220;8;9
110339;-169945;47856;26242;1;9
111016;-169006;47898;26301;8;9
111965;-168824;47957;26312;4;9
109458;-169708;47801;26257;4;9
111696;-168631;47941;26324;1;9
111768;-170581;47945;26202;1;9
109436;-165076;47799;26546;8;9
109762;-169065;47820;26297;4;9
108021;-165415;47711;26525;8;9
109110;-167490;47779;26395;4;9
109184;-170993;47784;26176;1;9
109477;-170275;47802;26221;2;9
111424;-166820;47924;26437;1;9
112374;-167818;47983;26375;4;9
110357;-167537;47857;26392;1;9
113309;-170579;48041;26202;4;9
112431;-170643;47986;26198;1;9
111534;-169628;47930;26262;4;9
108855;-169471;47763;26272;2;9
110821;-169632;47886;26262;4;9
112286;-167826;47977;26374;8;9
111513;-168677;47929;26321;2;9
111531;-170471;47930;26209;2;9
109305;-165583;47791;26515;1;9
108880;-169027;47765;26299;4;9
110945;-167973;47894;26365;8;9
111571;-168291;47933;26345;1;9
109014;-170820;47773;26187;2;9
110997;-169063;47897;26297;1;9
110587;-170190;47871;26227;1;9
109992;-168144;47834;26355;4;9
111370;-169182;47920;26290;2;9
108168;-174267;47720;25972;2;9
109721;-168202;47817;26351;8;9
109253;-170969;47788;26178;4;9
110658;-169582;47876;26265;8;9
109875;-169291;47827;26283;1;9
110762;-168068;47882;26359;2;9
109336;-168890;47793;26308;4;9
107200;-165357;47660;26529;1;9
111886;-170301;47952;26220;8;9
109556;-169792;47807;26252;8;9
109378;-168115;47796;26356;4;9
121022;-188274;48523;25096;2;9
109067;-168628;47776;26324;4;9
111826;-167633;47949;26386;8;9
109652;-169722;47813;26256;8;9
109542;-168306;47806;26344;1;9
111064;-170343;47901;26217;1;9
111522;-168604;47930;26326;8;9
112187;-167598;47971;26389;2;9
109309;-168748;47791;26317;8;9
108129;-165523;47718;26518;8;9
125622;-173162;48811;26041;8;9
109075;-168915;47777;26306;1;9
111808;-168115;47948;26356;8;9
106317;-172885;47604;26058;1;9
112096;-170453;47966;26210;8;9
109680;-168155;47815;26354;8;9
111461;-169835;47926;26249;2;9
112127;-167889;47967;26370;2;9
111630;-168596;47936;26326;8;9
112638;-169841;47999;26248;8;9
111578;-168924;47933;26306;1;9
113518;-170877;48054;26184;8;9
110496;-168115;47866;26356;2;9
112216;-167798;47973;26376;4;9
110654;-170939;47875;26180;2;9
110699;-170345;47878;26217;4;9
110283;-168846;47852;26311;2;9
111862;-168463;47951;26335;1;9
112897;-169849;48016;26248;8;9
111124;-170415;47905;26213;8;9
112198;-169979;47972;26240;2;9
111084;-167723;47902;26381;1;9
112063;-167709;47963;26382;1;9
109206;-170125;47785;26231;8;9
110109;-167779;47841;26377;2;9
112163;-167904;47970;26370;2;9
111305;-167196;47916;26414;8;9
116103;-177784;48216;25752;4;9
110242;-170704;47850;26195;8;9
111500;-169656;47928;26260;1;9
111471;-169552;47926;26267;4;9
109219;-170879;47786;26184;4;9
112326;-168559;47980;26329;1;9
109943;-169781;47831;26252;4;9
111091;-167546;47903;26392;8;9
110328;-168595;47855;26326;1;9
111599;-167093;47934;26420;8;9
110056;-165076;47838;26546;2;9
112101;-168036;47966;26361;2;9
109010;-168115;47773;26356;1;9
108801;-170172;47760;26228;2;9
111514;-167892;47929;26370;8;9
111593;-168005;47934;26363;2;9
112035;-169107;47962;26294;4;9
108955;-167540;47769;26392;4;9
123629;-181656;48686;25510;1;9
110835;-169149;47887;26292;4;9
112499;-170094;47991;26233;1;9
112055;-170908;47963;26182;2;9
110991;-168758;47896;26316;4;9
109396;-165097;47797;26545;2;9
109915;-167533;47829;26393;4;9
111297;-169161;47916;26291;4;9
108988;-169597;47771;26264;2;9
112036;-167343;47962;26405;8;9
109070;-169321;47776;26281;1;9
111184;-170300;47909;26220;8;9
123478;-174681;48677;25946;2;9
108941;-170405;47768;26213;8;9
124291;-173562;48728;26016;8;9
113531;-170497;48055;26207;1;9
112138;-169212;47968;26288;8;9
111609;-166993;47935;26426;8;9
109994;-165069;47834;26547;4;9
109661;-165566;47813;26516;8;9
109540;-167994;47806;26364;2;9
108843;-169858;47762;26247;1;9
112671;-170562;48001;26203;2;9
109177;-165119;47783;26544;1;9
109397;-168006;47797;26363;1;9
110268;-169064;47851;26297;4;9
110162;-168891;47845;26308;2;9
119047;-168555;48400;26329;4;9
109523;-170226;47805;26224;2;9
112814;-170879;48010;26184;1;9
112815;-169696;48010;26258;1;9
112791;-170324;48009;26218;4;9
110423;-170940;47861;26180;8;9
108963;-170726;47770;26193;4;9
109170;-165581;47783;26515;8;9
112378;-168437;47983;26336;1;9
111618;-169032;47936;26299;1;9
124189;-173983;48721;25990;8;9
111833;-168710;47949;26319;8;9
109336;-176805;47793;25813;2;9
111200;-166913;47910;26431;1;9
109379;-167499;47796;26395;4;9
112753;-169739;48007;26255;2;9
111071;-167045;47901;26423;1;9
110914;-170291;47892;26220;8;9
109112;-168168;47779;26353;1;9
121174;-168432;48533;26337;1;9
124984;-172935;48771;26055;1;9
111599;-167855;47934;26373;8;9
112779;-170252;48008;26223;4;9
111671;-167917;47939;26369;2;9
109768;-168990;47820;26302;8;9
113379;-170347;48046;26217;2;9
112417;-170678;47986;26196;8;9
109176;-168654;47783;26323;2;9
111943;-170588;47956;26202;4;9
108892;-167432;47765;26399;1;9
111330;-168584;47918;26327;8;9
111562;-170607;47932;26201;1;9
112184;-168628;47971;26324;2;9
108920;-167986;47767;26364;4;9
111156;-170968;47907;26178;2;9
124942;-173017;48768;26050;2;9
112535;-170859;47993;26185;1;9
111271;-167053;47914;26423;2;9
109888;-170766;47828;26191;1;9
111447;-169174;47925;26290;1;9
112050;-168882;47963;26308;1;9
113704;-169621;48066;26262;8;9
111964;-169539;47957;26267;2;9
110520;-170799;47867;26189;2;9
112206;-167072;47972;26422;1;9
109658;-169536;47813;26268;2;9
109604;-168423;47810;26337;1;9
110249;-169889;47850;26245;4;9
109732;-168108;47818;26357;4;9
111562;-168331;47932;26343;1;9
110438;-168555;47862;26329;8;9
112039;-168918;47962;26306;8;9
108906;-168320;47766;26344;4;9
112926;-170401;48017;26213;2;9
109600;-170813;47810;26188;1;9
124193;-174109;48722;25982;2;9
110085;-167455;47840;26398;2;9
109123;-168178;47780;26352;8;9
125112;-172837;48779;26061;8;9
107360;-165329;47670;26530;1;9
111724;-170506;47942;26207;2;9
111103;-170515;47903;26206;1;9
109793;-169204;47822;26288;1;9
108965;-169180;47770;26290;1;9
126064;-172901;48839;26057;8;9
112204;-167290;47972;26408;2;9
111190;-169787;47909;26252;4;9
109749;-170802;47819;26188;1;9
124201;-174130;48722;25980;8;9
109918;-169612;47829;26263;8;9
109230;-168909;47786;26307;4;9
116148;-177552;48219;25767;1;9
110371;-168652;47858;26323;8;9
118749;-168684;48381;26321;1;9
109779;-169755;47821;26254;8;9
109797;-170810;47822;26188;2;9
113617;-169938;48061;26242;1;9
109476;-167833;47802;26374;2;9
110329;-170675;47855;26196;1;9
112549;-169878;47994;26246;4;9
113535;-169887;48055;26246;2;9
124925;-173099;48767;26045;8;9
110969;-170492;47895;26208;4;9
109819;-169706;47823;26257;2;9
111186;-170988;47909;26177;4;9
111512;-167933;47929;26368;1;9
109629;-169836;47811;26249;1;9
107582;-165262;47683;26535;1;9
109604;-168157;47810;26354;4;9
112335;-169822;47980;26250;2;9
112481;-169690;47990;26258;2;9
123269;-175004;48664;25926;2;9
112752;-170739;48007;26192;2;9
109946;-168245;47831;26348;4;9
110572;-167853;47870;26373;2;9
110422;-170928;47861;26181;2;9
110894;-167619;47890;26387;1;9
112357;-168922;47982;26306;2;9
108197;-174320;47722;25969;2;9
110617;-169560;47873;26266;8;9
109604;-169385;47810;26277;2;9
121175;-168402;48533;26338;1;9
110367;-170012;47857;26238;4;9
112195;-169284;47972;26283;1;9
108913;-165540;47767;26517;2;9
110605;-169156;47872;26291;1;9
108897;-170851;47766;26185;4;9
113253;-170016;48038;26238;2;9
113791;-169530;48071;26268;4;9
108912;-167695;47767;26383;2;9
112094;-169494;47965;26270;2;9
110880;-170228;47890;26224;4;9
109133;-167560;47780;26391;8;9
112661;-169697;48001;26257;2;9
110573;-169343;47870;26280;2;9
112092;-170028;47965;26237;2;9
109140;-165101;47781;26545;8;9
109658;-170376;47813;26215;8;9
111678;-168965;47939;26303;8;9
112227;-169964;47974;26241;4;9
111474;-168422;47927;26337;4;9
112050;-168992;47963;26302;4;9
109181;-176557;47783;25829;2;9
113440;-170426;48050;26212;4;9
125589;-172427;48809;26087;8;9
112162;-168000;47970;26364;8;9
113445;-170582;48050;26202;8;9
109040;-167472;47775;26397;8;9
113238;-170972;48037;26178;8;9
113166;-170229;48032;26224;2;9
109930;-168467;47830;26334;2;9
109440;-170467;47800;26209;2;9
107792;-165186;47697;26539;2;9
115131;-180048;48155;25611;8;9
108823;-167770;47761;26378;8;9
109715;-170295;47817;26220;2;9
112340;-169147;47981;26292;4;9
111906;-168157;47954;26354;8;9
110395;-169806;47859;26251;2;9
111331;-170663;47918;26197;4;9
110612;-170885;47873;26183;4;9
112318;-169749;47979;26254;2;9
111386;-169797;47921;26251;2;9
111389;-166806;47921;26438;2;9
109070;-167900;47776;26370;2;9
111654;-169915;47938;26244;4;9
109291;-168087;47790;26358;2;9
108811;-170638;47760;26199;8;9
109287;-168887;47790;26308;8;9
109689;-167785;47815;26377;8;9
109051;-168849;47775;26310;4;9
109901;-169950;47828;26242;4;9
113426;-169615;48049;26263;1;9
111571;-168257;47933;26347;2;9
109653;-168362;47813;26341;2;9
110210;-167612;47848;26388;8;9
110601;-169501;47872;26270;2;9
109172;-165043;47783;26548;8;9
109362;-170073;47795;26234;4;9
105984;-172754;47584;26066;4;9
111924;-168931;47955;26305;2;9
109204;-168363;47785;26341;2;9
112083;-170449;47965;26210;2;9
111929;-168899;47955;26307;4;9
112157;-170290;47969;26220;8;9
112282;-168013;47977;26363;4;9
112494;-170069;47990;26234;2;9
108141;-165025;47718;26549;8;9
108984;-167968;47771;26366;4;9
110499;-168026;47866;26362;2;9
109052;-168707;47775;26319;1;9
108811;-169479;47760;26271;4;9
112316;-168656;47979;26323;4;9
112178;-167233;47971;26411;4;9
109512;-170203;47804;26226;8;9
110484;-167418;47865;26400;8;9
106080;-172790;47590;26064;1;9
112165;-167692;47970;26383;1;9
111492;-168785;47928;26314;2;9
111594;-166808;47934;26438;4;9
109602;-167824;47810;26375;4;9
108914;-170250;47767;26223;2;9
111996;-167716;47959;26381;1;9
112153;-169161;47969;26291;2;9
110068;-169480;47839;26271;8;9
109382;-168478;47796;26334;1;9
108999;-170092;47772;26233;8;9
109955;-168702;47832;26320;8;9
109354;-167711;47794;26382;2;9
119815;-181975;48448;25490;8;9
109189;-165065;47784;26547;8;9
109576;-168562;47808;26328;2;9
112384;-169851;47984;26248;1;9
110665;-169213;47876;26288;4;9
109544;-170254;47806;26223;1;9
109945;-169254;47831;26285;2;9
109479;-170935;47802;26180;8;9
107251;-165287;47663;26533;8;9
112308;-167277;47979;26409;1;9
112744;-169828;48006;26249;1;9
110110;-168783;47841;26315;2;9
109972;-169664;47833;26260;4;9
111637;-169728;47937;26256;4;9
111494;-168138;47928;26355;2;9
110105;-168758;47841;26316;2;9
109460;-169124;47801;26293;1;9
112315;-169147;47979;26292;1;9
111700;-166750;47941;26442;4;9
111662;-168179;47938;26352;1;9
109257;-168279;47788;26346;2;9
110712;-168367;47879;26341;2;9
109602;-170290;47810;26220;8;9
109819;-170359;47823;26216;1;9
109766;-170333;47820;26218;2;9
110459;-169771;47863;26253;2;9
112006;-167714;47960;26381;2;9
113376;-169802;48046;26251;1;9
110330;-168995;47855;26301;8;9
111458;-168778;47926;26315;8;9
108914;-169004;47767;26301;2;9
111152;-168714;47907;26319;2;9
109276;-170974;47789;26178;4;9
110667;-168270;47876;26347;1;9
110973;-167283;47895;26408;2;9
110919;-168907;47892;26307;1;9
109557;-168456;47807;26335;4;9
110666;-169149;47876;26292;2;9
109731;-168053;47818;26360;8;9
109832;-165609;47824;26513;4;9
109359;-167932;47794;26368;8;9
110030;-169551;47836;26267;8;9
109098;-169325;47778;26281;8;9
115027;-180001;48149;25613;8;9
110195;-167573;47847;26390;2;9
111473;-168760;47927;26316;2;9
109905;-170863;47829;26185;2;9
111712;-169967;47942;26241;1;9
109806;-170945;47822;26179;8;9
109499;-168728;47803;26318;8;9
111799;-168050;47947;26360;1;9
108911;-170509;47766;26207;2;9
109435;-170572;47799;26203;4;9
115398;-182492;48172;25458;1;9
111658;-167908;47938;26369;4;9
108948;-170241;47769;26223;2;9
116184;-177558;48221;25766;2;9
111620;-167802;47936;26376;2;9
111404;-167084;47922;26421;2;9
109345;-168903;47794;26307;1;9
113267;-170027;48039;26237;1;9
123960;-181942;48707;25492;1;9
111849;-168685;47950;26321;8;9
113730;-169951;48068;26242;4;9
109754;-165565;47819;26516;1;9
109392;-168271;47797;26347;2;9
109961;-167484;47832;26396;1;9
109900;-169387;47828;26277;8;9
118755;-168591;48382;26327;8;9
109175;-170347;47783;26217;8;9
108526;-165096;47742;26545;8;9
109754;-170988;47819;26177;2;9
111353;-170440;47919;26211;2;9
111202;-170617;47910;26200;1;9
111256;-167057;47913;26422;1;9
111530;-166948;47930;26429;1;9
112767;-169605;48007;26263;8;9
125233;-173527;48787;26018;1;9
112124;-168882;47967;26308;1;9
112274;-168732;47977;26318;1;9
110150;-169687;47844;26258;8;9
110008;-168678;47835;26321;1;9
108834;-170536;47762;26205;2;9
107462;-165315;47676;26531;8;9
111918;-167671;47954;26384;8;9
110066;-167759;47839;26379;1;9
109289;-168990;47790;26302;4;9
109567;-168790;47807;26314;1;9
111727;-170705;47942;26194;1;9
119778;-168532;48446;26330;8;9
111208;-167240;47910;26411;4;9
109194;-170342;47784;26217;8;9
109249;-170396;47788;26214;2;9
108977;-168981;47771;26302;4;9
110567;-167481;47870;26396;8;9
112375;-167875;47983;26371;1;9
109151;-169785;47781;26252;2;9
110851;-169525;47888;26268;8;9
111796;-167658;47947;26385;4;9
109474;-169178;47802;26290;4;9
110868;-168709;47889;26319;8;9
111667;-169022;47939;26300;4;9
109908;-170957;47829;26179;8;9
118690;-168679;48378;26321;4;9
111068;-169042;47901;26298;1;9
109150;-169244;47781;26286;2;9
111494;-170560;47928;26204;8;9
111104;-169753;47904;26254;1;9
113446;-169925;48050;26243;4;9
113491;-169510;48053;26269;8;9
110390;-168770;47859;26315;4;9
111212;-168999;47910;26301;8;9
110143;-169211;47843;26288;2;9
109352;-170147;47794;26229;8;9
112472;-170184;47989;26227;2;9
110510;-170945;47866;26179;1;9
111742;-168501;47943;26332;1;9
108183;-165602;47721;26513;4;9
111453;-169588;47925;26264;8;9
108938;-169114;47768;26294;8;9
112085;-167756;47965;26379;4;9
108885;-167482;47765;26396;4;9
109252;-167900;47788;26370;2;9
113262;-170205;48038;26226;4;9
110389;-168294;47859;26345;2;9
110826;-170435;47886;26211;8;9
111330;-167425;47918;26399;1;9
123543;-181542;48681;25517;4;9
110302;-169024;47853;26300;8;9
110930;-170575;47893;26203;1;9
110337;-170188;47856;26227;2;9
109611;-170404;47810;26213;2;9
110284;-168871;47852;26309;8;9
113492;-170512;48053;26207;4;9
112979;-170059;48021;26235;1;9
112499;-170884;47991;26183;2;9
110657;-169985;47876;26239;4;9
109591;-169709;47809;26257;2;9
109726;-169747;47817;26254;1;9
111383;-167229;47921;26412;1;9
111047;-169823;47900;26250;2;9
112494;-170943;47990;26180;4;9
111454;-169727;47925;26256;4;9
109908;-167437;47829;26399;8;9
108921;-170101;47767;26232;1;9
108927;-167539;47767;26392;4;9
111147;-170039;47906;26236;8;9
109713;-170290;47817;26220;2;9
110845;-170322;47887;26218;2;9
126033;-172874;48837;26059;1;9
110108;-170683;47841;26196;2;9
123573;-181634;48683;25511;1;9
112177;-168400;47971;26339;1;9
112378;-170506;47983;26207;1;9
112481;-169742;47990;26255;8;9
108813;-170628;47760;26199;1;9
113094;-169878;48028;26246;4;9
123947;-182011;48706;25488;4;9
108146;-165525;47719;26518;2;9
112504;-170939;47991;26180;8;9
113791;-169919;48071;26244;1;9
110577;-168221;47871;26350;1;9
111144;-168381;47906;26340;4;9
108860;-170303;47763;26220;1;9
108026;-165290;47711;26533;2;9
109241;-170075;47787;26234;4;9
113159;-170600;48032;26201;1;9
112961;-170416;48020;26213;2;9
112988;-169747;48021;26254;2;9
110866;-170167;47889;26228;8;9
113220;-171005;48036;26176;8;9
111946;-169652;47956;26260;4;9
112366;-170906;47982;26182;8;9
109042;-169913;47775;26244;1;9
109175;-168113;47783;26356;2;9
111533;-167813;47930;26375;1;9
110175;-169902;47845;26245;4;9
108842;-169683;47762;26258;8;9
111008;-169974;47898;26240;8;9
109921;-170938;47830;26180;1;9
111781;-168420;47946;26337;2;9
111660;-168292;47938;26345;1;9
110762;-168100;47882;26357;1;9
109672;-165084;47814;26546;1;9
109008;-169249;47773;26285;1;9
112686;-169640;48002;26261;4;9
110473;-168682;47864;26321;8;9
113168;-170168;48033;26228;4;9
109446;-167915;47800;26369;2;9
113270;-170123;48039;26231;4;9
108943;-170907;47768;26182;4;9
109115;-169056;47779;26298;4;9
109435;-168241;47799;26348;1;9
126035;-172848;48837;26061;2;9
109893;-170904;47828;26182;2;9
111516;-166794;47929;26439;1;9
112191;-167810;47971;26375;1;9
108996;-169516;47772;26269;4;9
108927;-170880;47767;26184;8;9
107339;-165338;47668;26530;1;9
110528;-168171;47868;26353;8;9
124939;-173571;48768;26015;2;9
119636;-182107;48437;25482;4;9
112412;-170037;47985;26236;4;9
123929;-181609;48705;25513;8;9
110355;-168284;47857;26346;8;9
113109;-169304;48029;26282;8;9
110932;-167833;47893;26374;8;9
111688;-169074;47940;26296;4;9
109333;-168238;47793;26349;8;9
110960;-169640;47895;26261;2;9
110986;-167782;47896;26377;4;9
113175;-170596;48033;26201;1;9
110144;-167513;47844;26394;2;9
120162;-168553;48470;26329;8;9
113160;-170147;48032;26229;8;9
109428;-169573;47799;26265;8;9
109117;-168688;47779;26321;4;9
111880;-167420;47952;26400;4;9
110094;-167529;47840;26393;1;9
112214;-170139;47973;26230;2;9
108989;-170323;47771;26218;4;9
109911;-168126;47829;26356;8;9
111741;-170083;47943;26233;4;9
112649;-169848;48000;26248;8;9
112286;-169839;47977;26249;1;9
124155;-173985;48719;25989;1;9
109927;-165073;47830;26546;4;9
109700;-169500;47816;26270;1;9
110292;-170770;47853;26190;4;9
111111;-169659;47904;26260;2;9
109284;-168778;47790;26315;2;9
111877;-170316;47952;26219;2;9
111380;-170060;47921;26235;2;9
106302;-172897;47603;26057;8;9
111919;-168937;47954;26305;8;9
125489;-172655;48803;26073;2;9
111665;-170082;47939;26233;8;9
110002;-170613;47835;26200;1;9
119291;-168497;48415;26332;1;9
109201;-168608;47785;26326;8;9
109601;-168545;47810;26329;8;9
123990;-181915;48709;25494;8;9
109907;-169485;47829;26271;8;9
108996;-167747;47772;26379;4;9
108188;-174241;47721;25973;1;9
111202;-168959;47910;26304;8;9
113572;-169313;48058;26281;8;9
123527;-174525;48680;25956;1;9
110070;-167461;47839;26397;8;9
109025;-169770;47774;26253;1;9
110629;-169544;47874;26267;4;9
111571;-169837;47933;26249;2;9
111106;-168576;47904;26328;1;9
125521;-173260;48805;26035;1;9
112513;-170712;47992;26194;8;9
111200;-170412;47910;26213;1;9
112104;-170009;47966;26238;4;9
109467;-168297;47801;26345;4;9
121040;-168364;48525;26341;4;9
112908;-170897;48016;26182;4;9
124246;-174071;48725;25984;4;9
111695;-170631;47940;26199;1;9
115144;-180033;48156;25611;1;9
124354;-174114;48732;25981;2;9
111533;-169057;47930;26297;4;9
124131;-173943;48718;25992;8;9
112644;-170549;48000;26204;1;9
112192;-167443;47972;26398;2;9
112045;-167910;47962;26369;8;9
124288;-174123;48728;25981;8;9
111179;-167191;47908;26414;8;9
111127;-168866;47905;26309;2;9
109135;-168744;47780;26317;2;9
124486;-173379;48740;26027;1;9
110573;-169508;47870;26269;8;9
109213;-168481;47785;26333;4;9
109212;-169893;47785;26245;1;9
123347;-175125;48669;25918;1;9
124271;-174199;48726;25976;1;9
111306;-168410;47916;26338;2;9
111072;-169791;47902;26252;4;9
112113;-168465;47967;26334;8;9
111310;-169978;47916;26240;4;9
108868;-168937;47764;26305;4;9
110078;-168287;47839;26346;2;9
109489;-170135;47803;26230;4;9
111732;-170064;47943;26235;1;9
109688;-169473;47815;26271;8;9
111889;-169332;47953;26280;4;9
112128;-169116;47968;26294;2;9
112183;-170171;47971;26228;1;9
108858;-168926;47763;26306;4;9
113773;-169841;48070;26248;1;9
111727;-168871;47942;26309;8;9
112929;-170202;48018;26226;4;9
111067;-167715;47901;26381;4;9
111379;-167022;47921;26425;8;9
111107;-168664;47904;26322;2;9
113760;-170220;48070;26225;1;9
111802;-168022;47947;26362;1;9
109558;-168455;47807;26335;4;9
115341;-182408;48168;25463;8;9
111519;-168641;47929;26323;1;9
110465;-167337;47864;26405;8;9
123799;-174317;48697;25969;2;9
110168;-169925;47845;26243;4;9
109060;-170780;47776;26190;1;9
111560;-169067;47932;26297;1;9
109279;-170902;47789;26182;1;9
111263;-167055;47913;26423;1;9
111191;-169318;47909;26281;1;9
108816;-167625;47761;26387;2;9
109371;-168194;47795;26351;8;9
124164;-173577;48720;26015;1;9
111595;-168927;47934;26306;2;9
109834;-168138;47824;26355;4;9
110115;-168622;47842;26325;1;9
123932;-181735;48705;25505;4;9
113552;-169233;48057;26286;2;9
109055;-168359;47775;26341;4;9
109685;-169556;47815;26266;8;9
109498;-168255;47803;26348;1;9
109367;-167944;47795;26367;4;9
109591;-168518;47809;26331;1;9
113653;-169559;48063;26266;2;9
108012;-165177;47710;26540;8;9
109986;-169953;47834;26241;8;9
112779;-170067;48008;26234;8;9
111114;-167400;47904;26401;2;9
108625;-165575;47749;26515;8;9
109855;-168496;47825;26333;4;9
112864;-170302;48014;26220;1;9
110964;-167568;47895;26391;8;9
111601;-166790;47935;26439;4;9
109878;-168254;47827;26348;8;9
110897;-167449;47891;26398;4;9
112098;-169046;47966;26298;1;9
108818;-165043;47761;26548;4;9
110429;-170144;47861;26230;1;9
108870;-168315;47764;26344;4;9
112267;-168712;47976;26319;2;9
110523;-169338;47867;26280;1;9
110455;-167581;47863;26390;1;9
110222;-170718;47848;26194;8;9
109278;-170815;47789;26188;4;9
110817;-167977;47886;26365;1;9
109311;-170495;47791;26208;2;9
111805;-170587;47947;26202;8;9
111209;-167127;47910;26418;2;9
109808;-170846;47823;26186;2;9
110147;-169805;47844;26251;1;9
111054;-167607;47900;26388;1;9
112773;-169902;48008;26245;8;9
109990;-169367;47834;26278;8;9
112106;-169568;47966;26266;8;9
109870;-168907;47826;26307;8;9
110110;-168779;47841;26315;2;9
110162;-168107;47845;26357;8;9
111590;-169267;47934;26284;1;9
112453;-170842;47988;26186;8;9
109085;-167488;47777;26396;2;9
111605;-170710;47935;26194;8;9
112258;-168226;47976;26349;1;9
111725;-168349;47942;26342;8;9
110766;-167526;47882;26393;4;9
120301;-168493;48478;26333;2;9
110842;-169723;47887;26256;1;9
111357;-169576;47919;26265;4;9
109443;-170626;47800;26199;8;9
110350;-170984;47856;26177;8;9
109304;-170849;47791;26185;2;9
111000;-167215;47897;26413;8;9
109160;-170529;47782;26205;1;9
109060;-170467;47776;26209;2;9
111980;-169307;47958;26282;4;9
119440;-182090;48425;25483;4;9
109643;-170598;47812;26201;2;9
110116;-168730;47842;26318;1;9
109918;-169031;47829;26299;2;9
105977;-172566;47583;26078;8;9
119279;-168510;48414;26332;4;9
111498;-167099;47928;26420;2;9
113377;-169805;48046;26251;4;9
110243;-167463;47850;26397;4;9
113333;-169632;48043;26262;4;9
112368;-169086;47983;26296;1;9
109559;-168926;47807;26306;8;9
108944;-176501;47769;25832;2;9
111803;-170464;47947;26210;2;9
109970;-169979;47833;26240;1;9
123202;-175173;48660;25915;1;9
110820;-168079;47886;26359;4;9
106286;-172928;47602;26056;8;9
111335;-170634;47918;26199;2;9
112647;-170761;48000;26191;1;9
109957;-169323;47832;26281;2;9
112145;-169811;47969;26250;4;9
107145;-165259;47656;26535;1;9
124987;-173684;48771;26008;1;9
110109;-167715;47841;26381;2;9
117323;-182976;48292;25428;1;9
108618;-164993;47748;26551;8;9
109359;-168439;47794;26336;2;9
107793;-165145;47697;26542;8;9
112019;-167813;47961;26375;4;9
111366;-169894;47920;26245;4;9
124467;-173416;48739;26025;2;9
109981;-170761;47833;26191;1;9
108905;-168201;47766;26351;8;9
109833;-167616;47824;26388;4;9
108036;-165585;47712;26514;8;9
112357;-170841;47982;26186;8;9
109149;-169245;47781;26286;8;9
108984;-169039;47771;26299;2;9
109620;-169788;47811;26252;2;9
110137;-167430;47843;26399;8;9
109538;-168242;47806;26348;1;9
109512;-167553;47804;26391;2;9
109526;-169650;47805;26260;4;9
120419;-168470;48486;26334;8;9
124281;-173650;48727;26010;8;9
109755;-169477;47819;26271;4;9
109085;-168720;47777;26319;4;9
124907;-173797;48766;26001;1;9
117368;-179938;48295;25617;2;9
108965;-170417;47770;26212;1;9
111276;-169956;47914;26241;8;9
105582;-172651;47558;26073;2;9
111343;-167366;47918;26403;2;9
117296;-182999;48291;25426;2;9
109897;-168491;47828;26333;2;9
106381;-175096;47608;25920;2;9
123623;-181797;48686;25501;8;9
108989;-170836;47771;26186;8;9
109864;-170558;47826;26204;1;9
111934;-168646;47955;26323;4;9
108942;-176459;47768;25835;8;9
109990;-169591;47834;26264;4;9
105800;-172563;47572;26078;4;9
112113;-168110;47967;26357;1;9
109546;-168650;47806;26323;2;9
110250;-167654;47850;26385;8;9
116211;-177504;48223;25770;1;9
109433;-168714;47799;26319;4;9
111993;-167404;47959;26401;4;9
111513;-170629;47929;26199;1;9
116005;-181226;48210;25537;2;9
111214;-168484;47910;26333;1;9
119724;-168491;48442;26333;2;9
111661;-169291;47938;26283;4;9
110941;-167578;47893;26390;8;9
111303;-168224;47916;26350;8;9
111591;-168787;47934;26314;1;9
110492;-170865;47865;26184;1;9
115029;-180083;48149;25608;1;9
112806;-170296;48010;26220;4;9
109940;-170828;47831;26187;1;9
110848;-170253;47888;26223;4;9
110891;-170297;47890;26220;8;9
111486;-168682;47927;26321;2;9
112119;-168350;47967;26342;4;9
124917;-173725;48767;26006;1;9
109346;-169589;47794;26264;1;9
111285;-167120;47915;26419;2;9
110725;-170330;47880;26218;8;9
112382;-168950;47983;26304;2;9
123990;-181837;48709;25499;1;9
110297;-170714;47853;26194;1;9
111338;-168516;47918;26331;4;9
116153;-177365;48219;25778;1;9
110361;-169746;47857;26254;2;9
111008;-168577;47898;26327;1;9
111927;-168355;47955;26341;1;9
108631;-165027;47749;26549;8;9
110036;-167519;47837;26394;2;9
113626;-169589;48061;26264;8;9
110584;-167546;47871;26392;1;9
111817;-168601;47948;26326;2;9
109099;-176532;47778;25830;4;9
112982;-170442;48021;26211;8;9
110676;-170112;47877;26232;1;9
113437;-170558;48049;26204;8;9
112095;-167805;47965;26376;1;9
111434;-167955;47924;26366;4;9
110001;-167968;47835;26366;8;9
109350;-168898;47794;26307;8;9
110526;-168119;47867;26356;4;9
121030;-168402;48524;26338;1;9
111325;-169962;47917;26241;1;9
109088;-170416;47778;26213;2;9
111094;-167452;47903;26398;4;9
109767;-169417;47820;26275;8;9
110069;-170667;47839;26197;1;9
111611;-168378;47935;26340;1;9
109460;-169440;47801;26274;2;9
111804;-168761;47947;26316;1;9
111673;-169503;47939;26270;8;9
112350;-169803;47981;26251;8;9
109436;-170672;47799;26197;1;9
110656;-167752;47876;26379;4;9
110894;-168014;47890;26363;1;9
111753;-168383;47944;26340;4;9
111960;-170454;47957;26210;4;9
110146;-170613;47844;26200;2;9
112782;-170967;48008;26178;8;9
109200;-168632;47785;26324;8;9
109642;-167576;47812;26390;8;9
109420;-168633;47798;26324;4;9
112149;-169839;47969;26249;8;9
114910;-179987;48141;25614;2;9
124377;-173540;48733;26017;4;9
112326;-170101;47980;26232;2;9
124600;-173245;48747;26036;8;9
110047;-169130;47837;26293;2;9
109213;-170847;47785;26186;4;9
112262;-167958;47976;26366;8;9
109986;-167833;47834;26374;2;9
110820;-167454;47886;26398;1;9
119949;-168573;48456;26328;8;9
113499;-170877;48053;26184;2;9
109887;-169445;47827;26273;1;9
110983;-168733;47896;26318;1;9
113360;-170546;48045;26204;1;9
110981;-168970;47896;26303;1;9
109800;-169519;47822;26269;1;9
113366;-170412;48045;26213;2;9
111797;-167581;47947;26390;8;9
110135;-170001;47843;26238;2;9
111130;-168505;47905;26332;1;9
110310;-168663;47854;26322;2;9
109434;-167599;47799;26389;2;9
108837;-170197;47762;26226;2;9
110315;-168624;47854;26325;4;9
109554;-169241;47807;26286;4;9
117338;-182954;48293;25429;4;9
109979;-169317;47833;26281;4;9
108898;-167731;47766;26380;1;9
109544;-170683;47806;26196;4;9
111624;-169557;47936;26266;4;9
113673;-170086;48064;26233;1;9
111626;-168800;47936;26314;4;9
120253;-168543;48475;26330;8;9
111242;-168433;47912;26336;1;9
108353;-165073;47732;26546;4;9
113718;-170211;48067;26225;1;9
109954;-168764;47832;26316;4;9
112658;-169702;48001;26257;1;9
108127;-165278;47717;26534;4;9
110234;-167611;47849;26388;4;9
109869;-170378;47826;26215;8;9
109649;-169396;47813;26276;4;9
125773;-172982;48820;26052;4;9
121044;-168388;48525;26339;8;9
110198;-170030;47847;26237;8;9
111383;-168491;47921;26333;1;9
109193;-168528;47784;26331;2;9
112800;-169656;48010;26260;2;9
107849;-165218;47700;26537;8;9
113330;-170489;48043;26208;8;9
108008;-165163;47710;26541;4;9
109463;-169438;47801;26274;4;9
113479;-170374;48052;26215;8;9
109239;-168004;47787;26363;2;9
109893;-165054;47828;26548;2;9
110471;-168644;47864;26323;1;9
109053;-170923;47775;26181;1;9
110859;-167866;47888;26372;8;9
109676;-165116;47814;26544;1;9
108885;-169777;47765;26252;4;9
111130;-169740;47905;26255;8;9
112475;-170824;47989;26187;4;9
111949;-170385;47956;26214;2;9
116147;-177349;48219;25779;2;9
109184;-168332;47784;26343;8;9
109412;-167888;47798;26371;4;9
111471;-168491;47926;26333;8;9
112032;-167894;47962;26370;1;9
113594;-170015;48059;26238;2;9
124403;-173545;48735;26017;1;9
111779;-169829;47946;26249;4;9
112857;-169929;48013;26243;2;9
111283;-169292;47915;26283;1;9
111750;-169528;47944;26268;1;9
112814;-170306;48010;26219;8;9
111745;-167523;47944;26393;8;9
109114;-168929;47779;26305;4;9
110967;-168711;47895;26319;1;9
111273;-170438;47914;26211;8;9
112131;-167061;47968;26422;4;9
112763;-169859;48007;26247;4;9
110233;-168585;47849;26327;2;9
109894;-169397;47828;26276;1;9
112376;-167336;47983;26405;8;9
110531;-170296;47868;26220;2;9
110033;-168752;47837;26317;8;9
112499;-170874;47991;26184;4;9
111426;-170749;47924;26192;1;9
112136;-167391;47968;26402;4;9
111573;-168335;47933;26343;4;9
109587;-168798;47809;26314;8;9
124103;-173872;48716;25997;2;9
109667;-169646;47814;26261;4;9
109172;-168659;47783;26322;4;9
109248;-165090;47788;26545;2;9
110588;-169941;47871;26242;4;9
109697;-170377;47816;26215;1;9
111498;-168948;47928;26304;2;9
124025;-181850;48711;25498;4;9
124192;-174030;48722;25987;2;9
123665;-174449;48689;25960;2;9
125896;-172933;48828;26055;4;9
111290;-168824;47915;26312;4;9
110996;-166701;47897;26445;2;9
113745;-170105;48069;26232;2;9
109334;-168526;47793;26331;1;9
111701;-167975;47941;26365;4;9
109400;-170511;47797;26207;1;9
112254;-170860;47975;26185;4;9
110173;-165118;47845;26544;4;9
109064;-168639;47776;26324;4;9
111433;-169790;47924;26252;8;9
109497;-165084;47803;26546;8;9
111209;-168381;47910;26340;8;9
108927;-169889;47767;26245;4;9
109468;-168286;47801;26346;1;9
112302;-170763;47978;26191;2;9
112432;-169692;47987;26258;1;9
112316;-170037;47979;26236;2;9
110412;-170114;47860;26231;1;9
111870;-168853;47951;26310;1;9
124884;-173106;48765;26044;1;9
124014;-181978;48710;25490;2;9
112280;-169920;47977;26244;2;9
110400;-167559;47860;26391;4;9
109043;-168700;47775;26320;1;9
111486;-169130;47927;26293;1;9
109021;-165624;47773;26512;8;9
112340;-168831;47981;26312;8;9
125958;-172911;48832;26057;8;9
108838;-170594;47762;26201;2;9
111697;-168947;47941;26304;2;9
111527;-168405;47930;26338;2;9
111350;-170079;47919;26234;4;9
112138;-168334;47968;26343;8;9
109284;-170166;47790;26228;8;9
105682;-172646;47565;26073;1;9
109697;-167588;47816;26389;1;9
109673;-165006;47814;26551;1;9
111116;-167099;47904;26420;1;9
112998;-170316;48022;26219;4;9
109427;-168396;47799;26339;1;9
110132;-168031;47843;26362;1;9
120049;-168484;48463;26333;1;9
109503;-168698;47803;26320;8;9
113416;-169741;48048;26255;8;9
110085;-165028;47840;26549;8;9
109062;-168694;47776;26320;1;9
124022;-181617;48711;25512;1;9
112378;-168803;47983;26313;1;9
110951;-169648;47894;26261;2;9
111472;-169017;47927;26300;8;9
110928;-167457;47893;26397;2;9
111852;-168052;47950;26360;2;9
109746;-169750;47819;26254;2;9
109570;-167625;47808;26387;2;9
111847;-168338;47950;26342;1;9
112141;-168224;47968;26350;8;9
112697;-170726;48003;26193;8;9
111475;-168373;47927;26340;2;9
112755;-170847;48007;26186;4;9
111324;-167840;47917;26374;1;9
112665;-170078;48001;26234;4;9
109553;-168832;47807;26312;4;9
109641;-168601;47812;26326;4;9
112682;-170631;48002;26199;2;9
109386;-168827;47796;26312;4;9
113762;-169790;48070;26252;2;9
111162;-170571;47907;26203;4;9
111042;-169190;47900;26289;4;9
110865;-169089;47889;26295;2;9
110655;-167692;47875;26383;4;9
121060;-168408;48526;26338;1;9
111110;-170736;47904;26193;8;9
109305;-167565;47791;26391;1;9
109884;-167613;47827;26388;1;9
110548;-168113;47869;26356;8;9
109883;-169681;47827;26258;4;9
110687;-169337;47877;26280;4;9
109824;-167616;47824;26388;1;9
109606;-167710;47810;26382;2;9
111831;-170394;47949;26214;8;9
110567;-168154;47870;26354;4;9
112790;-170992;48009;26177;2;9
110074;-168907;47839;26307;4;9
109094;-169143;47778;26292;2;9
109250;-168061;47788;26360;8;9
112156;-170787;47969;26189;8;9
109647;-169203;47812;26288;8;9
111292;-169502;47915;26270;2;9
111069;-170664;47901;26197;1;9
108822;-168689;47761;26320;2;9
109523;-168181;47805;26352;8;9
111018;-168970;47898;26303;4;9
110524;-170150;47867;26229;1;9
111359;-168508;47919;26332;2;9
112382;-167230;47983;26412;1;9
108805;-168851;47760;26310;8;9
111657;-167739;47938;26380;8;9
111856;-168561;47951;26328;4;9
110117;-170934;47842;26180;8;9
109601;-169688;47810;26258;4;9
110687;-169220;47877;26287;8;9
111112;-169034;47904;26299;2;9
110097;-170802;47841;26188;8;9
109472;-176849;47802;25810;8;9
107351;-165308;47669;26532;8;9
111702;-167692;47941;26383;4;9
109908;-169677;47829;26259;1;9
108857;-176266;47763;25847;2;9
110577;-168626;47871;26324;8;9
115175;-179997;48158;25614;1;9
111167;-167021;47907;26425;2;9
124342;-173512;48731;26019;1;9
112711;-170809;48004;26188;2;9
110861;-167629;47888;26387;1;9
112041;-168282;47962;26346;8;9
112085;-169241;47965;26286;4;9
113245;-170180;48037;26227;2;9
105548;-172655;47556;26073;4;9
110899;-170562;47891;26203;1;9
110681;-170126;47877;26231;1;9
119136;-168515;48406;26331;8;9
108840;-169843;47762;26248;2;9
110917;-169668;47892;26259;8;9
111192;-167129;47909;26418;1;9
112659;-169986;48001;26239;8;9
123610;-181434;48685;25524;4;9
110472;-167333;47864;26405;8;9
111505;-170044;47929;26236;1;9
108846;-170837;47762;26186;8;9
109831;-170902;47824;26182;2;9
109285;-170300;47790;26220;2;9
124403;-173564;48735;26016;1;9
113216;-170501;48036;26207;2;9
111319;-169586;47917;26264;8;9
112651;-169520;48000;26269;2;9
111195;-170751;47909;26192;4;9
110485;-168249;47865;26348;2;9
110252;-170663;47850;26197;2;9
111931;-169030;47955;26299;8;9
112500;-169981;47991;26240;8;9
112030;-168912;47961;26307;1;9
110632;-168043;47874;26361;2;9
111553;-167859;47932;26372;2;9
125586;-173163;48809;26041;1;9
110924;-167556;47892;26391;8;9
113722;-170344;48067;26217;1;9
108801;-169124;47760;26293;1;9
110016;-169211;47836;26288;4;9
111887;-167463;47952;26397;1;9
111021;-167493;47898;26395;4;9
111358;-167198;47919;26414;2;9
118819;-168689;48386;26320;2;9
111015;-169884;47898;26246;1;9
115823;-181383;48198;25527;4;9
113449;-170566;48050;26203;2;9
112195;-168858;47972;26310;8;9
110078;-168911;47839;26307;2;9
112197;-167147;47972;26417;8;9
108891;-168255;47765;26348;2;9
111112;-168583;47904;26327;2;9
111540;-168820;47931;26312;1;9
111268;-170669;47914;26197;4;9
112205;-168236;47972;26349;8;9
112614;-170569;47998;26203;8;9
109651;-168554;47813;26329;4;9
108983;-168679;47771;26321;4;9
111845;-167876;47950;26371;2;9
111369;-168193;47920;26351;4;9
109235;-168876;47787;26309;1;9
109632;-169647;47812;26261;2;9
108901;-169844;47766;26248;2;9
113406;-170161;48047;26228;4;9
109442;-168481;47800;26333;4;9
112026;-167457;47961;26397;8;9
111152;-170080;47907;26234;1;9
111230;-170310;47911;26219;8;9
110603;-170956;47872;26179;8;9
111381;-169260;47921;26285;1;9
114433;-178231;48112;25724;1;9
111981;-167794;47958;26376;8;9
111417;-167276;47923;26409;1;9
109091;-170618;47778;26200;8;9
111799;-167442;47947;26398;8;9
115970;-181128;48208;25543;1;9
109258;-169168;47788;26291;4;9
114503;-178487;48116;25708;8;9
124774;-173224;48758;26037;1;9
109860;-170604;47826;26201;8;9
108866;-165547;47764;26517;2;9
109278;-167466;47789;26397;4;9
110266;-169063;47851;26297;2;9
110920;-170207;47892;26226;1;9
108361;-174224;47732;25975;1;9
112969;-170393;48020;26214;4;9
116202;-177387;48222;25777;4;9
109208;-168618;47785;26325;1;9
110972;-169582;47895;26265;8;9
108874;-167926;47764;26368;4;9
123946;-181976;48706;25490;1;9
112563;-170882;47995;26183;2;9
109002;-169593;47772;26264;1;9
109663;-168442;47813;26336;2;9
112034;-168291;47962;26345;4;9
106265;-172819;47601;26062;4;9
113783;-169773;48071;26253;4;9
110883;-170437;47890;26211;1;9
105952;-173799;47582;26001;4;9
120144;-168557;48469;26329;2;9
110926;-169194;47892;26289;2;9
125834;-173043;48824;26048;8;9
109154;-168530;47782;26330;1;9
109875;-165582;47827;26515;2;9
113655;-169659;48063;26260;2;9
109998;-168027;47834;26362;4;9
111656;-168983;47938;26302;1;9
110482;-168622;47865;26325;1;9
124716;-173839;48754;25999;1;9
113507;-169684;48054;26258;4;9
111554;-170098;47932;26232;2;9
113688;-169296;48065;26283;4;9
110361;-169891;47857;26245;8;9
109155;-165566;47782;26516;1;9
108835;-169337;47762;26280;8;9
112236;-167368;47974;26403;8;9
110806;-170380;47885;26215;1;9
112949;-169277;48019;26284;4;9
111468;-168711;47926;26319;4;9
111858;-169285;47951;26283;2;9
111098;-167662;47903;26385;2;9
110137;-169792;47843;26252;4;9
111001;-167561;47897;26391;2;9
124316;-173553;48729;26016;8;9
110232;-167666;47849;26384;2;9
110178;-167943;47846;26367;1;9
112846;-169985;48012;26239;4;9
109069;-170454;47776;26210;1;9
121497;-168348;48553;26342;1;9
109120;-168337;47780;26342;2;9
123632;-182057;48687;25485;8;9
123501;-174560;48678;25954;4;9
115118;-180061;48154;25610;1;9
123246;-175222;48662;25912;1;9
113090;-170478;48028;26209;8;9
111935;-168675;47955;26321;2;9
111849;-167458;47950;26397;4;9
112697;-169966;48003;26241;8;9
109035;-169202;47774;26288;8;9
121216;-188397;48536;25089;1;9
123521;-181750;48680;25504;2;9
111504;-168231;47929;26349;8;9
112442;-170032;47987;26237;1;9
125998;-172904;48834;26057;4;9
112199;-168852;47972;26310;2;9
109428;-168363;47799;26341;4;9
119477;-182066;48427;25484;2;9
109748;-170834;47819;26186;1;9
115141;-180075;48156;25609;1;9
111283;-170589;47915;26202;4;9
110488;-171004;47865;26176;2;9
112354;-168019;47982;26362;8;9
111021;-167780;47898;26377;8;9
111061;-168888;47901;26308;8;9
110632;-170390;47874;26214;2;9
113723;-169924;48067;26243;4;9
108955;-165535;47769;26518;4;9
119502;-182108;48428;25482;8;9
125150;-173453;48781;26023;1;9
110942;-170350;47893;26217;1;9
112161;-168285;47970;26346;4;9
109499;-167621;47803;26387;2;9
111795;-169069;47947;26297;4;9
112361;-169893;47982;26245;4;9
111246;-170629;47912;26199;4;9
112115;-169510;47967;26269;2;9
113177;-169600;48033;26264;4;9
112789;-170334;48009;26218;4;9
113620;-169986;48061;26239;1;9
108263;-174149;47726;25979;4;9
109990;-167739;47834;26380;4;9
111914;-168094;47954;26358;4;9
109073;-168743;47777;26317;8;9
123629;-181825;48686;25499;8;9
109365;-167895;47795;26370;1;9
109220;-170931;47786;26180;8;9
110285;-165109;47852;26544;4;9
110152;-169585;47844;26264;1;9
109309;-170792;47791;26189;4;9
109613;-167829;47810;26374;2;9
110403;-170035;47860;26236;2;9
111082;-170375;47902;26215;1;9
112374;-168801;47983;26313;1;9
124385;-173529;48734;26018;4;9
111391;-169969;47921;26240;2;9
109535;-169192;47805;26289;8;9
108962;-168584;47770;26327;4;9
111637;-169868;47937;26247;2;9
109769;-170341;47820;26217;2;9
109153;-168629;47782;26324;2;9
112709;-169290;48004;26283;2;9
111432;-167418;47924;26400;4;9
111472;-168120;47927;26356;2;9
110903;-167259;47891;26410;1;9
111483;-169975;47927;26240;1;9
110728;-168147;47880;26354;8;9
111396;-168865;47922;26309;8;9
125638;-172459;48812;26085;1;9
110623;-169479;47873;26271;8;9
108876;-168098;47764;26357;2;9
110785;-170071;47884;26234;2;9
119664;-168486;48439;26333;8;9
110008;-169165;47835;26291;8;9
108925;-169409;47767;26275;4;9
110546;-168090;47869;26358;2;9
111275;-167313;47914;26406;1;9
111537;-170566;47931;26203;4;9
111380;-169233;47921;26286;8;9
108918;-167924;47767;26368;8;9
111451;-167375;47925;26403;8;9
111533;-166767;47930;26441;8;9
110954;-170394;47894;26214;2;9
111093;-169102;47903;26295;2;9
110427;-170836;47861;26186;1;9
109064;-169263;47776;26285;8;9
113526;-170560;48055;26204;1;9
114481;-178534;48115;25705;4;9
113276;-170623;48039;26200;1;9
113220;-170010;48036;26238;4;9
111219;-167149;47911;26417;1;9
109102;-165106;47778;26544;8;9
112794;-169313;48009;26281;1;9
109233;-169928;47787;26243;2;9
119689;-181981;48440;25490;2;9
111593;-168934;47934;26305;4;9
110943;-169322;47893;26281;4;9
109499;-176840;47803;25811;1;9
110592;-168016;47872;26363;8;9
109321;-168540;47792;26330;4;9
120995;-188225;48522;25099;8;9
112824;-170164;48011;26228;4;9
124611;-173345;48748;26029;8;9
111065;-166701;47901;26445;8;9
114446;-178194;48112;25726;2;9
119641;-181950;48437;25492;2;9
124495;-173371;48740;26028;4;9
109766;-168575;47820;26328;4;9
109152;-170651;47782;26198;1;9
110320;-169004;47855;26301;8;9
124463;-173440;48738;26024;8;9
112711;-169817;48004;26250;2;9
112401;-169979;47985;26240;2;9
113611;-169698;48060;26257;2;9
110203;-170024;47847;26237;2;9
111030;-169867;47899;26247;4;9
116154;-177721;48219;25756;2;9
109192;-168089;47784;26358;4;9
110117;-169570;47842;26265;8;9
110823;-170396;47886;26214;4;9
109482;-167785;47802;26377;2;9
110015;-167595;47835;26389;1;9
112552;-170084;47994;26233;8;9
111980;-168239;47958;26349;1;9
108879;-176274;47764;25846;8;9
109956;-170919;47832;26181;4;9
112237;-168461;47974;26335;2;9
113400;-169681;48047;26258;2;9
109246;-168403;47787;26338;8;9
110269;-167664;47851;26385;8;9
111213;-168908;47910;26307;4;9
112207;-170223;47972;26225;1;9
110155;-169660;47844;26260;8;9
124624;-173303;48749;26032;8;9
109094;-168482;47778;26333;1;9
111079;-169481;47902;26271;1;9
109530;-176797;47805;25814;1;9
112095;-170363;47965;26216;1;9
110495;-170929;47865;26180;8;9
109500;-170195;47803;26226;4;9
112042;-168812;47962;26313;2;9
123265;-175219;48664;25912;8;9
112267;-169875;47976;26246;1;9
111686;-168262;47940;26347;4;9
112166;-168762;47970;26316;4;9
109795;-169673;47822;26259;2;9
108036;-165380;47712;26527;2;9
110991;-167382;47896;26402;1;9
112200;-170899;47972;26182;8;9
109836;-165570;47824;26515;4;9
109742;-169850;47818;26248;8;9
110716;-167802;47879;26376;2;9
106070;-172704;47589;26070;4;9
114957;-180046;48144;25611;1;9
108831;-169256;47761;26285;1;9
107489;-165354;47678;26529;2;9
108964;-170835;47770;26186;8;9
110635;-168287;47874;26346;2;9
109900;-167462;47828;26397;8;9
111306;-169043;47916;26298;2;9
109661;-169500;47813;26270;4;9
111655;-167335;47938;26405;2;9
109846;-168128;47825;26356;4;9
109031;-170773;47774;26190;2;9
112863;-170172;48013;26228;8;9
111612;-168987;47935;26302;2;9
123429;-174982;48674;25927;2;9
114837;-180067;48137;25609;1;9
121014;-188276;48523;25096;2;9
108922;-168361;47767;26341;1;9
109283;-170899;47790;26182;8;9
112815;-169672;48010;26259;1;9
112255;-167523;47975;26393;2;9
111287;-166895;47915;26433;8;9
109788;-170561;47821;26203;4;9
110030;-167564;47836;26391;4;9
110865;-167185;47889;26414;4;9
110775;-170031;47883;26237;4;9
111612;-169872;47935;26247;2;9
109528;-167690;47805;26383;1;9
107854;-165278;47700;26534;4;9
109540;-168104;47806;26357;4;9
108130;-165213;47718;26538;4;9
111330;-169661;47918;26260;2;9
109084;-169254;47777;26285;1;9
112235;-167332;47974;26405;4;9
108933;-168864;47768;26310;4;9
110367;-170833;47857;26186;4;9
123387;-175191;48671;25914;8;9
110190;-170730;47846;26193;4;9
112569;-170568;47995;26203;8;9
111446;-170669;47925;26197;4;9
109878;-165004;47827;26551;4;9
111211;-169816;47910;26250;8;9
113437;-169570;48049;26265;2;9
112720;-169770;48005;26253;1;9
110347;-169790;47856;26252;1;9
111201;-170558;47910;26204;1;9
109463;-165040;47801;26549;8;9
109638;-165080;47812;26546;8;9
111681;-170063;47940;26235;8;9
108863;-169221;47763;26287;4;9
110155;-169749;47844;26254;8;9
108923;-168588;47767;26327;1;9
109688;-169385;47815;26277;2;9
109258;-170319;47788;26219;8;9
112111;-168454;47966;26335;4;9
111700;-170451;47941;26210;8;9
112348;-170814;47981;26188;8;9
109640;-168673;47812;26321;2;9
110942;-169522;47893;26268;2;9
111847;-168497;47950;26332;8;9
111434;-168097;47924;26357;2;9
112352;-170203;47982;26226;4;9
108853;-167837;47763;26374;2;9
110623;-168445;47873;26336;1;9
112033;-170061;47962;26235;4;9
113359;-170616;48044;26200;1;9
111419;-167084;47923;26421;8;9
108891;-168179;47765;26352;1;9
112368;-167741;47983;26380;4;9
110194;-167571;47847;26390;2;9
109039;-167751;47774;26379;8;9
109126;-169267;47780;26284;2;9
110712;-168291;47879;26345;8;9
113399;-169549;48047;26267;2;9
113700;-169586;48066;26264;8;9
110104;-170681;47841;26196;1;9
112048;-169051;47963;26298;2;9
109966;-170647;47832;26198;2;9
109543;-167765;47806;26378;4;9
111136;-170572;47906;26203;1;9
105677;-172585;47564;26077;4;9
111014;-167479;47898;26396;2;9
108897;-169899;47766;26245;4;9
111945;-168239;47956;26349;8;9
109888;-168134;47828;26355;2;9
108887;-167984;47765;26365;4;9
110772;-167862;47883;26372;1;9
107842;-165127;47700;26543;8;9
110527;-170244;47867;26223;1;9
108997;-168168;47772;26353;8;9
108836;-176380;47762;25840;8;9
109590;-170591;47809;26202;8;9
113253;-170328;48038;26218;2;9
109653;-168621;47813;26325;8;9
109302;-168462;47791;26335;1;9
109771;-169138;47820;26292;1;9
109102;-169038;47778;26299;4;9
109188;-169042;47784;26298;1;9
111915;-168344;47954;26342;2;9
112257;-168392;47976;26339;4;9
108834;-170664;47762;26197;2;9
113417;-169655;48048;26260;2;9
123600;-181467;48685;25522;1;9
110902;-168017;47891;26362;2;9
111715;-169579;47942;26265;1;9
105574;-172548;47558;26079;2;9
110434;-170880;47862;26184;2;9
109062;-168514;47776;26331;4;9
109164;-168565;47782;26328;1;9
109490;-170836;47803;26186;2;9
108844;-170792;47762;26189;2;9
108876;-169924;47764;26243;8;9
109949;-170927;47831;26181;4;9
124900;-173158;48766;26041;4;9
111198;-170922;47909;26181;1;9
113313;-170532;48042;26205;8;9
112068;-170995;47964;26176;2;9
111431;-167115;47924;26419;8;9
113770;-169624;48070;26262;1;9
108942;-165532;47768;26518;8;9
108159;-165335;47719;26530;4;9
113395;-170286;48047;26221;2;9
109280;-168767;47790;26316;8;9
109945;-169663;47831;26260;1;9
109271;-167775;47789;26378;4;9
109484;-167695;47802;26383;2;9
108904;-168500;47766;26332;1;9
109460;-169227;47801;26287;8;9
110003;-169441;47835;26273;1;9
109416;-171001;47798;26176;4;9
108190;-174207;47721;25976;4;9
108970;-170639;47770;26199;2;9
125176;-173455;48783;26023;4;9
112170;-168468;47970;26334;8;9
124133;-173822;48718;26000;4;9
111370;-169533;47920;26268;4;9
111342;-168979;47918;26302;8;9
109373;-168794;47795;26314;8;9
109718;-167663;47817;26385;2;9
110477;-170358;47864;26216;8;9
109912;-169882;47829;26246;8;9
109109;-168328;47779;26343;1;9
108992;-165508;47772;26519;4;9
123958;-174092;48707;25983;8;9
108891;-169137;47765;26292;8;9
108861;-165101;47763;26545;1;9
109295;-168761;47790;26316;1;9
109760;-169773;47820;26253;2;9
109525;-169409;47805;26275;1;9
113146;-170401;48031;26213;8;9
113598;-170044;48059;26236;4;9
111602;-166848;47935;26436;1;9
110022;-167700;47836;26382;4;9
108086;-165365;47715;26528;2;9
109576;-168011;47808;26363;8;9
111573;-166582;47933;26452;8;9
111835;-169272;47949;26284;1;9
113585;-169492;48059;26270;8;9
111977;-168249;47958;26348;8;9
111811;-167644;47948;26386;1;9
112003;-167642;47960;26386;2;9
113272;-169554;48039;26266;8;9
110739;-167933;47881;26368;8;9
113334;-169653;48043;26260;2;9
109690;-170504;47815;26207;8;9
110166;-169645;47845;26261;8;9
112315;-168610;47979;26325;2;9
113019;-170002;48023;26238;8;9
110524;-169501;47867;26270;2;9
109300;-167614;47791;26388;1;9
108868;-169529;47764;26268;8;9
111026;-169273;47899;26284;4;9
109102;-170131;47778;26230;2;9
107628;-165367;47686;26528;4;9
111454;-170543;47925;26205;1;9
108833;-168924;47762;26306;1;9
111338;-170438;47918;26211;2;9
109342;-168882;47793;26308;2;9
112242;-167048;47975;26423;1;9
112301;-168674;47978;26321;8;9
113749;-170318;48069;26219;2;9
111468;-168704;47926;26320;1;9
110159;-170846;47844;26186;1;9
105552;-172644;47557;26073;4;9
110082;-167542;47840;26392;4;9
109037;-170422;47774;26212;2;9
111796;-169319;47947;26281;4;9
109824;-170775;47824;26190;4;9
124896;-173178;48766;26040;8;9
109743;-170973;47818;26178;8;9
111999;-169293;47959;26283;4;9
110768;-167476;47883;26396;2;9
111107;-168712;47904;26319;4;9
108138;-165361;47718;26528;8;9
109135;-165613;47780;26513;4;9
110203;-170023;47847;26237;2;9
109880;-169734;47827;26255;1;9
112302;-167426;47978;26399;4;9
114834;-180091;48137;25608;4;9
123601;-181390;48685;25527;8;9
111435;-170491;47924;26208;8;9
110072;-164995;47839;26551;2;9
109170;-169786;47783;26252;4;9
111885;-167674;47952;26384;2;9
111989;-170357;47959;26216;2;9
109100;-169200;47778;26289;2;9
109769;-165021;47820;26550;2;9
109367;-170684;47795;26196;2;9
113236;-170191;48037;26227;8;9
111951;-170931;47956;26180;1;9
109776;-168232;47821;26349;1;9
110949;-169647;47894;26261;4;9
108486;-165548;47740;26517;4;9
121252;-188318;48538;25094;8;9
109224;-170319;47786;26219;4;9
107699;-165279;47691;26534;1;9
111142;-170901;47906;26182;8;9
109947;-167918;47831;26369;4;9
111753;-168650;47944;26323;4;9
109129;-167531;47780;26393;1;9
111596;-170016;47934;26238;4;9
112966;-170393;48020;26214;2;9
113728;-170157;48068;26229;8;9
109348;-167635;47794;26386;1;9
108846;-170358;47762;26216;4;9
109644;-167551;47812;26392;8;9
109474;-167653;47802;26385;2;9
110289;-167801;47853;26376;4;9
109550;-167717;47806;26381;2;9
111501;-169910;47928;26244;1;9
109046;-169771;47775;26253;2;9
113522;-170859;48055;26185;8;9
110947;-167462;47894;26397;1;9
113630;-170083;48061;26233;2;9
111081;-170284;47902;26221;2;9
111724;-168764;47942;26316;8;9
109662;-169564;47813;26266;4;9
112529;-169272;47993;26284;8;9
111988;-167821;47959;26375;1;9
109749;-169419;47819;26275;2;9
109555;-165014;47807;26550;4;9
112724;-169887;48005;26246;8;9
109046;-169531;47775;26268;8;9
109420;-170687;47798;26196;4;9
112120;-170301;47967;26220;8;9
111566;-167873;47932;26371;4;9
109951;-169778;47831;26252;8;9
110031;-167532;47836;26393;4;9
113442;-169251;48050;26285;1;9
111083;-169290;47902;26283;8;9
107346;-165278;47669;26534;2;9
111480;-168950;47927;26304;4;9
111673;-167405;47939;26401;4;9
109077;-170611;47777;26200;2;9
113108;-169334;48029;26280;1;9
108999;-167892;47772;26370;1;9
110035;-170687;47837;26196;4;9
110576;-170311;47871;26219;2;9
111082;-169762;47902;26253;1;9
125374;-172745;48795;26067;1;9
110449;-169887;47863;26246;2;9
110301;-168744;47853;26317;1;9
110564;-168189;47870;26352;8;9
109552;-169608;47807;26263;8;9
110375;-168289;47858;26345;1;9
116185;-177660;48221;25760;1;9
112681;-170914;48002;26181;8;9
109978;-168648;47833;26323;2;9
109433;-169545;47799;26267;8;9
109661;-169598;47813;26264;1;9
109402;-168141;47797;26355;8;9
109254;-168909;47788;26307;8;9
111122;-170899;47905;26182;8;9
110492;-167930;47865;26368;8;9
111144;-167649;47906;26385;8;9
109686;-168398;47815;26339;4;9
112883;-169620;48015;26262;2;9
109608;-170376;47810;26215;1;9
111178;-169513;47908;26269;2;9
109980;-168681;47833;26321;2;9
110448;-170322;47863;26218;8;9
110190;-170063;47846;26235;2;9
124131;-173816;48718;26000;2;9
110492;-167835;47865;26374;2;9
111171;-170552;47908;26204;8;9
109221;-165554;47786;26516;1;9
109814;-169115;47823;26294;8;9
110087;-167907;47840;26369;8;9
111773;-168946;47945;26304;1;9
108926;-168698;47767;26320;1;9
106460;-172919;47613;26056;1;9
109426;-168801;47799;26313;4;9
108368;-165004;47733;26551;2;9
113248;-169339;48038;26280;8;9
112055;-168532;47963;26330;2;9
111744;-168334;47944;26343;1;9
109252;-170996;47788;26176;8;9
113099;-170971;48028;26178;1;9
111097;-169619;47903;26262;8;9
113078;-170527;48027;26206;1;9
108840;-168728;47762;26318;2;9
112432;-170769;47987;26190;4;9
108922;-167588;47767;26389;4;9
108963;-169842;47770;26248;2;9
111405;-166698;47922;26445;4;9
110895;-167494;47890;26395;4;9
110892;-167933;47890;26368;1;9
112849;-170050;48013;26235;1;9
112117;-170242;47967;26223;8;9
112428;-169298;47986;26282;2;9
123616;-181971;48686;25490;8;9
113542;-169520;48056;26269;4;9
123646;-182084;48687;25483;1;9
112462;-169321;47988;26281;8;9
111058;-167188;47901;26414;8;9
108995;-170917;47772;26181;2;9
109735;-170615;47818;26200;4;9
109842;-170752;47825;26192;2;9
110348;-168447;47856;26336;8;9
108094;-165348;47715;26529;8;9
110918;-169800;47892;26251;8;9
109672;-170421;47814;26212;4;9
111979;-170534;47958;26205;1;9
112447;-169624;47987;26262;4;9
112543;-170788;47993;26189;8;9
108895;-169873;47765;26246;2;9
109052;-169116;47775;26294;1;9
112151;-170081;47969;26233;1;9
108839;-169780;47762;26252;1;9
109691;-168002;47815;26363;4;9
105970;-172612;47583;26075;4;9
111289;-167449;47915;26398;4;9
111115;-166929;47904;26430;1;9
110866;-168930;47889;26305;8;9
113059;-170429;48026;26212;8;9
110609;-170004;47873;26238;2;9
111480;-169311;47927;26282;8;9
110933;-167934;47893;26368;4;9
112425;-171006;47986;26176;1;9
111554;-170416;47932;26213;2;9
111222;-170917;47911;26181;1;9
111812;-170732;47948;26193;1;9
111426;-170073;47924;26234;4;9
111608;-166743;47935;26442;4;9
114966;-180014;48145;25613;2;9
109015;-170650;47773;26198;2;9
108854;-169288;47763;26283;4;9
111704;-170611;47941;26200;4;9
109710;-167453;47816;26398;2;9
112280;-169881;47977;26246;8;9
108949;-169456;47769;26273;8;9
109660;-170996;47813;26176;4;9
109928;-165112;47830;26544;8;9
109659;-168307;47813;26344;4;9
111582;-168963;47933;26303;4;9
110503;-168500;47866;26332;4;9
111364;-170491;47920;26208;2;9
109458;-170534;47801;26205;8;9
108280;-165532;47727;26518;8;9
110932;-168799;47893;26314;2;9
110946;-169053;47894;26298;4;9
112298;-168796;47978;26314;8;9
112469;-169914;47989;26244;2;9
119957;-168488;48457;26333;1;9
110859;-167932;47888;26368;4;9
113749;-170341;48069;26217;1;9
111706;-167875;47941;26371;2;9
111529;-167955;47930;26366;4;9
110292;-167590;47853;26389;8;9
111523;-169938;47930;26242;4;9
116205;-177446;48222;25773;2;9
110388;-167624;47859;26387;1;9
109235;-168290;47787;26345;1;9
110905;-169695;47891;26258;4;9
111637;-168939;47937;26305;1;9
111654;-170581;47938;26202;2;9
114870;-180005;48139;25613;1;9
112649;-169733;48000;26255;1;9
108307;-174251;47729;25973;2;9
112104;-170427;47966;26212;2;9
108143;-165606;47718;26513;2;9
111829;-168077;47949;26359;8;9
114465;-178268;48114;25722;4;9
109608;-169566;47810;26266;1;9
112625;-169799;47999;26251;1;9
113403;-170140;48047;26230;2;9
125892;-172966;48828;26053;4;9
110944;-167517;47894;26394;2;9
112587;-169851;47996;26248;8;9
113228;-170624;48036;26200;4;9
108389;-165632;47734;26512;2;9
111192;-167243;47909;26411;4;9
111886;-170454;47952;26210;1;9
108841;-170791;47762;26189;8;9
123597;-181630;48684;25512;8;9
111172;-167596;47908;26389;1;9
110726;-167706;47880;26382;1;9
109714;-168538;47817;26330;4;9
112702;-170880;48003;26184;8;9
113350;-169688;48044;26258;4;9
110988;-167173;47896;26415;1;9
112342;-167646;47981;26386;4;9
108923;-170059;47767;26235;2;9
111127;-167404;47905;26401;1;9
113732;-170144;48068;26230;8;9
112756;-170957;48007;26179;8;9
109119;-169196;47779;26289;8;9
112068;-167530;47964;26393;4;9
108994;-167514;47772;26394;2;9
112493;-169804;47990;26251;1;9
111411;-166749;47923;26442;2;9
110670;-167739;47876;26380;8;9
111541;-168538;47931;26330;2;9
126108;-172756;48841;26066;1;9
111914;-169256;47954;26285;4;9
109784;-170326;47821;26218;8;9
109369;-168010;47795;26363;8;9
109869;-169807;47826;26251;1;9
111151;-170917;47906;26181;2;9
109595;-169375;47809;26278;4;9
112074;-170937;47964;26180;1;9
111621;-168093;47936;26358;8;9
119564;-181905;48432;25494;4;9
109237;-170155;47787;26229;4;9
111912;-169499;47954;26270;1;9
111539;-168250;47931;26348;4;9
111189;-167529;47909;26393;1;9
108188;-174272;47721;25972;4;9
111126;-169638;47905;26261;4;9
111442;-168516;47925;26331;1;9
115830;-181274;48199;25534;8;9
111269;-170745;47914;26192;2;9
113436;-169711;48049;26257;2;9
115832;-181148;48199;25542;1;9
111757;-168815;47944;26313;2;9
111558;-170615;47932;26200;1;9
108834;-168111;47762;26357;2;9
112667;-170102;48001;26232;2;9
111136;-168397;47906;26339;1;9
112052;-170061;47963;26235;2;9
111934;-168928;47955;26306;1;9
113048;-170437;48025;26211;1;9
111390;-169246;47921;26286;2;9
112146;-168560;47969;26329;4;9
111800;-169136;47947;26293;8;9
110694;-168204;47878;26351;2;9
119980;-168501;48458;26332;8;9
109854;-168209;47825;26350;2;9
112778;-170775;48008;26190;4;9
110622;-170176;47873;26228;2;9
110028;-169833;47836;26249;8;9
111571;-169049;47933;26298;2;9
109961;-165089;47832;26545;4;9
113077;-170110;48027;26232;1;9
112552;-169966;47994;26241;8;9
110674;-167208;47877;26413;8;9
112139;-167393;47968;26401;4;9
124742;-173915;48756;25994;1;9
125128;-173512;48780;26019;1;9
110180;-168889;47846;26308;8;9
112363;-169820;47982;26250;1;9
123630;-182238;48686;25474;4;9
113755;-170389;48069;26214;8;9
112159;-168262;47969;26347;2;9
112231;-169795;47974;26251;2;9
108937;-176387;47768;25839;2;9
112319;-169755;47979;26254;4;9
110826;-169231;47886;26287;1;9
110439;-168602;47862;26326;1;9
120280;-168546;48477;26329;2;9
109417;-170887;47798;26183;2;9
110403;-168436;47860;26336;8;9
112969;-170391;48020;26214;8;9
117363;-179944;48295;25617;8;9
111265;-169318;47914;26281;2;9
111584;-168021;47934;26362;8;9
108886;-168052;47765;26360;1;9
108984;-176478;47771;25834;1;9
111296;-168815;47916;26313;8;9
109944;-167698;47831;26382;2;9
111336;-169303;47918;26282;1;9
123516;-175089;48679;25920;8;9
124549;-173309;48744;26032;1;9
110433;-170769;47862;26190;8;9
110609;-167936;47873;26368;8;9
111444;-168778;47925;26315;1;9
110703;-170980;47878;26177;1;9
111150;-167301;47906;26407;8;9
112309;-170508;47979;26207;8;9
109092;-169332;47778;26280;1;9
112033;-169099;47962;26295;8;9
109766;-169848;47820;26248;4;9
112051;-168928;47963;26306;8;9
113571;-169614;48058;26263;2;9
107922;-165258;47705;26535;2;9
109604;-169452;47810;26273;4;9
119745;-181981;48444;25490;2;9
109666;-167804;47814;26376;8;9
108895;-171005;47765;26176;8;9
112397;-170553;47984;26204;4;9
110089;-168038;47840;26361;4;9
111900;-170586;47953;26202;2;9
112059;-168848;47963;26311;1;9
111739;-169743;47943;26255;8;9
112376;-170510;47983;26207;1;9
111798;-168600;47947;26326;4;9
110386;-170054;47859;26235;8;9
111600;-167098;47935;26420;2;9
109084;-170596;47777;26201;4;9
109328;-168805;47793;26313;4;9
111193;-169720;47909;26256;2;9
109192;-170765;47784;26191;1;9
111595;-169480;47934;26271;4;9
110026;-170962;47836;26178;4;9
113685;-169903;48065;26245;4;9
110622;-170349;47873;26217;2;9
109786;-168234;47821;26349;8;9
113767;-170142;48070;26230;4;9
109096;-168631;47778;26324;2;9
112809;-170012;48010;26238;8;9
109004;-170675;47772;26196;8;9
109939;-169273;47831;26284;4;9
110303;-169829;47853;26249;2;9
108991;-169847;47771;26248;2;9
110261;-167781;47851;26377;2;9
111719;-168952;47942;26304;2;9
111982;-167413;47958;26400;8;9
110571;-169533;47870;26268;2;9
110512;-170062;47867;26235;2;9
108932;-168720;47768;26319;8;9
108947;-169863;47769;26247;2;9
109602;-176813;47810;25813;2;9
112525;-169970;47992;26240;1;9
109154;-167909;47782;26369;4;9
111761;-168329;47945;26343;2;9
111323;-169792;47917;26252;8;9
111322;-168760;47917;26316;8;9
111410;-166720;47923;26444;8;9
108995;-168921;47772;26306;2;9
121117;-188390;48529;25089;8;9
111860;-170400;47951;26214;2;9
111696;-167875;47941;26371;1;9
124558;-173368;48744;26028;8;9
109720;-165117;47817;26544;1;9
112541;-170771;47993;26190;8;9
120959;-168446;48519;26336;2;9
109347;-170796;47794;26189;4;9
113635;-169255;48062;26285;1;9
109928;-169470;47830;26272;2;9
111353;-168846;47919;26311;2;9
109429;-167805;47799;26376;1;9
112754;-170035;48007;26236;4;9
111199;-170405;47909;26213;2;9
113310;-169792;48041;26252;2;9
108898;-169097;47766;26295;1;9
124372;-173524;48733;26018;4;9
111631;-168225;47936;26349;2;9
110599;-169587;47872;26264;8;9
112113;-169998;47967;26239;1;9
110983;-167088;47896;26421;8;9
109419;-170771;47798;26190;4;9
108119;-165529;47717;26518;2;9
113574;-170069;48058;26234;2;9
111470;-169308;47926;26282;2;9
111456;-167020;47926;26425;8;9
112659;-169947;48001;26242;4;9
110785;-170063;47884;26235;1;9
108919;-170268;47767;26222;8;9
117348;-179954;48294;25616;1;9
113758;-169825;48069;26249;8;9
111712;-169910;47942;26244;1;9
112234;-168892;47974;26308;1;9
110924;-167573;47892;26390;4;9
106156;-172794;47594;26064;2;9
110090;-167699;47840;26382;8;9
113762;-169736;48070;26255;4;9
109603;-168643;47810;26323;8;9
110892;-169499;47890;26270;8;9
111383;-167146;47921;26417;8;9
110457;-170189;47863;26227;1;9
110019;-170555;47836;26204;1;9
109532;-169400;47805;26276;1;9
111850;-169810;47950;26250;4;9
110663;-170914;47876;26181;2;9
112381;-170543;47983;26205;1;9
108970;-168132;47770;26355;1;9
113210;-170654;48035;26198;2;9
108135;-165369;47718;26528;1;9
112602;-169673;47997;26259;4;9
123958;-174173;48707;25978;2;9
111205;-168858;47910;26310;2;9
111883;-170390;47952;26214;2;9
109458;-169559;47801;26266;1;9
112585;-169937;47996;26242;2;9
110831;-170362;47886;26216;1;9
109994;-167849;47834;26373;1;9
110848;-169301;47888;26282;1;9
125012;-173680;48773;26009;1;9
112001;-168516;47960;26331;4;9
111408;-168764;47923;26316;2;9
109623;-170268;47811;26222;8;9
109512;-170487;47804;26208;1;9
110370;-168819;47858;26312;2;9
108896;-170998;47766;26176;8;9
113302;-169705;48041;26257;8;9
109568;-168695;47808;26320;4;9
108262;-174313;47726;25969;2;9
108882;-170773;47765;26190;1;9
112317;-167533;47979;26393;4;9
111974;-170517;47958;26206;4;9
109147;-167637;47781;26386;2;9
111154;-169791;47907;26252;4;9
112706;-169538;48004;26267;1;9
111713;-170373;47942;26215;8;9
125157;-173572;48782;26015;8;9
108935;-167931;47768;26368;4;9
112073;-170208;47964;26226;4;9
111526;-170474;47930;26209;1;9
110488;-169970;47865;26240;1;9
109065;-168741;47776;26317;2;9
108954;-168193;47769;26351;4;9
124106;-173923;48716;25993;1;9
111310;-170374;47916;26215;1;9
108814;-168116;47760;26356;1;9
111889;-169215;47953;26288;4;9
110719;-167998;47879;26364;2;9
113729;-169588;48068;26264;2;9
106229;-172736;47599;26068;8;9
111804;-168723;47947;26318;2;9
112077;-168104;47964;26357;4;9
110286;-165049;47852;26548;1;9
109778;-167427;47821;26399;1;9
125539;-172584;48806;26077;8;9
108971;-168955;47770;26304;8;9
111954;-168336;47957;26343;4;9
111983;-167910;47958;26369;8;9
111476;-169213;47927;26288;1;9
110597;-169576;47872;26265;2;9
109383;-170700;47796;26195;2;9
111562;-168540;47932;26330;4;9
109710;-170636;47816;26199;4;9
112248;-167645;47975;26386;1;9
109440;-170605;47800;26201;1;9
109473;-170946;47802;26179;8;9
111843;-168760;47950;26316;4;9
109102;-169014;47778;26300;8;9
109309;-170428;47791;26212;1;9
109192;-167604;47784;26388;1;9
112469;-169898;47989;26245;8;9
108996;-169350;47772;26279;4;9
119152;-168522;48407;26331;4;9
124866;-173757;48764;26004;8;9
109953;-168111;47832;26357;1;9
109108;-168334;47779;26343;1;9
113255;-170429;48038;26212;4;9
113188;-170148;48034;26229;8;9
109754;-167540;47819;26392;2;9
111062;-167385;47901;26402;4;9
111916;-168224;47954;26350;1;9
115758;-183531;48194;25393;2;9
112788;-170729;48009;26193;2;9
110036;-169481;47837;26271;4;9
111574;-168909;47933;26307;2;9
109285;-168434;47790;26336;2;9
111114;-168617;47904;26325;1;9
111925;-168425;47955;26337;4;9
110774;-170253;47883;26223;4;9
109104;-169145;47779;26292;4;9
114525;-178273;48117;25721;8;9
110274;-168564;47852;26328;4;9
110748;-170101;47881;26232;8;9
112967;-170441;48020;26211;4;9
112526;-169720;47992;26256;4;9
109604;-168290;47810;26345;8;9
108654;-165100;47750;26545;1;9
112199;-168653;47972;26323;8;9
112035;-168423;47962;26337;8;9
111060;-168800;47901;26314;2;9
125151;-173610;48781;26013;1;9
123729;-174734;48693;25943;1;9
110980;-170652;47896;26198;1;9
111717;-168772;47942;26315;4;9
109977;-168641;47833;26323;1;9
110563;-170806;47870;26188;8;9
123226;-175154;48661;25916;1;9
110207;-168785;47847;26314;2;9
109184;-168941;47784;26305;4;9
113770;-169979;48070;26240;4;9
112899;-169753;48016;26254;2;9
113694;-170072;48065;26234;4;9
111539;-169486;47931;26271;2;9
109520;-167587;47805;26389;2;9
112122;-168152;47967;26354;2;9
108954;-168021;47769;26362;8;9
111803;-167906;47947;26369;1;9
109306;-167779;47791;26377;4;9
108817;-168551;47761;26329;8;9
110343;-168338;47856;26342;8;9
109708;-168269;47816;26347;1;9
109633;-168758;47812;26316;4;9
113309;-170437;48041;26211;8;9
111329;-169158;47918;26291;8;9
109334;-167577;47793;26390;1;9
125033;-173002;48774;26051;2;9
113470;-169846;48051;26248;2;9
109453;-170911;47800;26182;4;9
110632;-167899;47874;26370;2;9
111458;-169976;47926;26240;2;9
111116;-169131;47904;26293;2;9
106632;-173503;47624;26020;2;9
110060;-169540;47838;26267;1;9
110114;-169735;47842;26255;2;9
112041;-169567;47962;26266;1;9
111209;-169025;47910;26299;4;9
109270;-168877;47789;26309;4;9
111144;-167435;47906;26399;4;9
111517;-166853;47929;26435;1;9
107236;-165311;47662;26532;4;9
110240;-169845;47850;26248;4;9
112407;-170604;47985;26201;4;9
111635;-170537;47937;26205;8;9
109599;-167535;47809;26393;1;9
110371;-169873;47858;26246;1;9
109007;-169154;47772;26291;4;9
109880;-170409;47827;26213;8;9
108891;-176257;47765;25847;8;9
111126;-169830;47905;26249;8;9
109095;-168826;47778;26312;2;9
109445;-170227;47800;26224;8;9
108826;-170068;47761;26234;2;9
112457;-169643;47988;26261;8;9
111915;-170560;47954;26204;4;9
111879;-169187;47952;26289;4;9
111282;-166890;47915;26433;1;9
110640;-170436;47875;26211;1;9
109246;-168709;47787;26319;1;9
110486;-168480;47865;26334;4;9
110614;-170163;47873;26228;2;9
112040;-168706;47962;26319;4;9
110060;-170873;47838;26184;8;9
110117;-170547;47842;26204;8;9
113599;-169552;48059;26267;4;9
112137;-170806;47968;26188;4;9
112247;-169859;47975;26247;2;9
111577;-169963;47933;26241;4;9
109348;-168022;47794;26362;1;9
108885;-169973;47765;26240;1;9
111055;-168811;47900;26313;1;9
111896;-168683;47953;26321;1;9
111640;-167330;47937;26405;2;9
110262;-168689;47851;26320;1;9
111410;-169175;47923;26290;8;9
109058;-165571;47776;26515;2;9
109377;-167503;47796;26395;4;9
111868;-168296;47951;26345;1;9
108922;-168480;47767;26334;1;9
113171;-170961;48033;26178;8;9
110264;-170803;47851;26188;1;9
111107;-168384;47904;26340;8;9
110318;-169858;47854;26247;2;9
113390;-169309;48046;26282;8;9
110597;-167978;47872;26365;4;9
110469;-170203;47864;26226;2;9
123495;-174532;48678;25955;8;9
109526;-170546;47805;26204;8;9
109649;-167541;47813;26392;2;9
112655;-169803;48000;26251;1;9
111544;-169010;47931;26300;8;9
110594;-169181;47872;26290;8;9
109521;-169235;47805;26286;8;9
109572;-169592;47808;26264;1;9
112072;-170294;47964;26220;8;9
109378;-168077;47796;26359;1;9
108940;-167724;47768;26381;8;9
109403;-170694;47797;26195;4;9
110015;-168636;47835;26324;4;9
111248;-169926;47913;26243;4;9
113226;-170265;48036;26222;2;9
112190;-168356;47971;26341;4;9
111068;-167208;47901;26413;1;9
109791;-169432;47821;26274;2;9
111757;-168965;47944;26303;8;9
110327;-170833;47855;26186;8;9
111291;-169758;47915;26254;1;9
112050;-168949;47963;26304;4;9
109864;-167830;47826;26374;8;9
109805;-169410;47822;26275;8;9
109238;-167542;47787;26392;2;9
113299;-170249;48041;26223;1;9
116101;-177342;48216;25780;1;9
113715;-169247;48067;26286;2;9
115956;-181226;48207;25537;4;9
110635;-167893;47874;26370;1;9
111144;-170090;47906;26233;8;9
112034;-168862;47962;26310;8;9
109977;-170591;47833;26202;8;9
110194;-169624;47847;26262;8;9
113085;-170147;48027;26229;2;9
111903;-168326;47953;26343;2;9
111372;-169891;47920;26245;1;9
123543;-181914;48681;25494;4;9
111422;-168246;47923;26348;1;9
109028;-168233;47774;26349;2;9
111830;-167736;47949;26380;8;9
110044;-170674;47837;26196;2;9
125646;-173077;48812;26046;2;9
110572;-167478;47870;26396;4;9
110776;-167974;47883;26365;4;9
112357;-170812;47982;26188;1;9
113044;-170490;48025;26208;8;9
111859;-169076;47951;26296;8;9
110531;-169968;47868;26241;1;9
113713;-170370;48067;26215;2;9
111706;-168573;47941;26328;1;9
109685;-170621;47815;26200;2;9
108849;-168778;47763;26315;4;9
108868;-167487;47764;26396;1;9
111531;-168608;47930;26326;8;9
109015;-168623;47773;26325;4;9
109677;-168188;47814;26352;2;9
112468;-170809;47989;26188;1;9
109401;-168016;47797;26363;8;9
110260;-169881;47851;26246;1;9
109296;-168333;47791;26343;8;9
112876;-170960;48014;26179;1;9
109467;-170798;47801;26189;1;9
111401;-168432;47922;26337;8;9
109512;-169844;47804;26248;1;9
110700;-167820;47878;26375;1;9
111271;-169062;47914;26297;4;9
108834;-171008;47762;26176;8;9
112909;-170271;48016;26222;4;9
109002;-170974;47772;26178;8;9
111886;-167343;47952;26405;2;9
109226;-170602;47786;26201;1;9
111298;-169071;47916;26297;2;9
112241;-167495;47975;26395;1;9
111665;-167754;47939;26379;4;9
106131;-172722;47593;26068;1;9
113344;-170730;48044;26193;4;9
109450;-168484;47800;26333;8;9
110219;-168851;47848;26310;1;9
108940;-167630;47768;26387;8;9
111458;-168017;47926;26362;1;9
111020;-167586;47898;26389;8;9
115358;-182473;48169;25459;8;9
123592;-181556;48684;25516;8;9
112784;-170292;48009;26220;2;9
125094;-173623;48778;26012;4;9
111716;-170498;47942;26207;2;9
111863;-168270;47951;26347;2;9
121296;-188416;48541;25088;1;9
111227;-170426;47911;26212;4;9
109071;-168100;47776;26357;2;9
112211;-168988;47973;26302;2;9
110694;-169726;47878;26256;8;9
109665;-167521;47814;26393;8;9
110807;-169263;47885;26285;1;9
108905;-167856;47766;26373;1;9
109195;-170320;47784;26219;8;9
111998;-169090;47959;26295;8;9
110428;-169957;47861;26241;2;9
123948;-173953;48706;25991;2;9
111355;-167862;47919;26372;4;9
110844;-167578;47887;26390;2;9
109322;-168692;47792;26320;2;9
107909;-165250;47704;26535;8;9
115102;-180031;48153;25612;1;9
109326;-168774;47792;26315;1;9
110061;-169217;47838;26287;1;9
110965;-170269;47895;26222;1;9
111375;-167383;47920;26402;2;9
112273;-170641;47977;26198;1;9
109070;-170028;47776;26237;1;9
112128;-168496;47968;26333;4;9
110215;-168762;47848;26316;1;9
109647;-169244;47812;26286;4;9
123617;-181631;48686;25512;1;9
109716;-169115;47817;26294;2;9
125049;-172937;48775;26055;4;9
108922;-168570;47767;26328;4;9
112101;-170013;47966;26238;4;9
112218;-170354;47973;26216;8;9
110903;-169571;47891;26265;1;9
108835;-170202;47762;26226;4;9
111875;-167882;47952;26371;2;9
110034;-170755;47837;26191;8;9
124839;-173081;48762;26046;8;9
112114;-167336;47967;26405;8;9
109221;-168789;47786;26314;4;9
107707;-165270;47691;26534;1;9
111928;-166922;47955;26431;1;9
109949;-170472;47831;26209;2;9
110826;-167093;47886;26420;2;9
108872;-169059;47764;26297;8;9
109406;-170970;47797;26178;4;9
111458;-166691;47926;26445;8;9
124379;-173549;48733;26017;4;9
112927;-170219;48017;26225;4;9
110647;-170330;47875;26218;1;9
107872;-165175;47702;26540;4;9
111100;-169509;47903;26269;2;9
109506;-168380;47804;26340;8;9
112283;-170190;47977;26227;8;9
111229;-167048;47911;26423;8;9
111791;-168394;47946;26339;8;9
110240;-165108;47850;26544;8;9
108926;-169521;47767;26268;4;9
108834;-167897;47762;26370;4;9
109378;-167794;47796;26376;8;9
113450;-170437;48050;26211;8;9
109095;-168649;47778;26323;1;9
110570;-167503;47870;26395;1;9
109404;-167840;47797;26374;8;9
109859;-170495;47826;26208;4;9
109004;-168153;47772;26354;2;9
123973;-174112;48708;25982;2;9
111572;-169715;47933;26256;2;9
109274;-168382;47789;26340;1;9
109725;-169225;47817;26287;2;9
109753;-168278;47819;26346;4;9
112441;-169243;47987;26286;1;9
111613;-170715;47935;26194;4;9
124082;-173805;48715;26001;2;9
110752;-169026;47882;26299;1;9
124912;-173062;48767;26047;2;9
113308;-169593;48041;26264;1;9
110703;-170482;47878;26208;2;9
110297;-170750;47853;26192;4;9
110923;-167996;47892;26364;8;9
110482;-169974;47865;26240;2;9
125163;-173481;48782;26021;1;9
109187;-170693;47784;26195;4;9
112693;-169252;48003;26285;2;9
112418;-170842;47986;26186;1;9
123554;-181485;48682;25521;2;9
111012;-167295;47898;26408;2;9
111008;-170667;47898;26197;4;9
119837;-168478;48449;26334;4;9
108813;-176262;47760;25847;4;9
110807;-169986;47885;26239;4;9
109064;-168183;47776;26352;4;9
110312;-168754;47854;26316;2;9
111329;-167368;47918;26403;4;9
113514;-169574;48054;26265;8;9
119922;-168449;48455;26335;8;9
120787;-188111;48509;25107;4;9
109795;-169151;47822;26292;8;9
124756;-173919;48757;25994;8;9
109950;-168576;47831;26328;1;9
124029;-181822;48711;25500;4;9
110795;-167156;47884;26416;2;9
111338;-167164;47918;26416;8;9
107990;-165290;47709;26533;2;9
109828;-169636;47824;26261;8;9
110317;-165059;47854;26547;8;9
112690;-170628;48003;26199;8;9
110177;-168751;47846;26317;2;9
112283;-167640;47977;26386;4;9
109411;-170137;47798;26230;8;9
109293;-171008;47790;26176;2;9
113694;-170484;48065;26208;2;9
109182;-169789;47783;26252;1;9
112538;-169940;47993;26242;4;9
109982;-167719;47833;26381;8;9
108821;-170353;47761;26216;2;9
109116;-165605;47779;26513;1;9
110580;-169579;47871;26265;2;9
123661;-174825;48688;25937;4;9
111825;-170411;47949;26213;1;9
109537;-169139;47806;26292;8;9
115060;-179990;48151;25614;8;9
111746;-167571;47944;26390;1;9
109145;-165100;47781;26545;2;9
112713;-170819;48004;26187;2;9
111044;-170563;47900;26203;4;9
108426;-165603;47736;26513;8;9
109170;-170780;47783;26190;2;9
108105;-165518;47716;26519;1;9
111829;-169840;47949;26249;1;9
109197;-170689;47784;26195;1;9
112763;-170513;48007;26206;1;9
110790;-169322;47884;26281;1;9
108977;-176389;47771;25839;4;9
108108;-165153;47716;26541;4;9
111490;-169867;47928;26247;4;9
111096;-170524;47903;26206;1;9
111536;-166651;47931;26448;4;9
110463;-170153;47863;26229;8;9
111193;-169486;47909;26271;1;9
108803;-170802;47760;26188;2;9
123746;-174426;48694;25962;8;9
106654;-173487;47625;26021;2;9
123668;-174841;48689;25936;8;9
109389;-165076;47796;26546;4;9
111010;-167190;47898;26414;2;9
108852;-169590;47763;26264;4;9
109063;-170204;47776;26226;2;9
113144;-170357;48031;26216;2;9
110036;-169314;47837;26281;2;9
110963;-167753;47895;26379;4;9
111032;-169854;47899;26248;8;9
111749;-170735;47944;26193;8;9
109402;-168415;47797;26338;2;9
111959;-167395;47957;26401;4;9
109788;-168998;47821;26301;2;9
109452;-168221;47800;26350;2;9
116215;-177645;48223;25761;4;9
111300;-167919;47916;26369;1;9
111442;-168645;47925;26323;2;9
112001;-167421;47960;26400;8;9
108849;-169767;47763;26253;8;9
109893;-165072;47828;26547;4;9
111599;-168286;47934;26346;8;9
117352;-182947;48294;25429;8;9
111588;-166737;47934;26442;2;9
111097;-168827;47903;26312;4;9
112134;-168848;47968;26311;8;9
115805;-181368;48197;25528;2;9
108824;-168729;47761;26318;1;9
108044;-165461;47712;26522;2;9
112105;-167339;47966;26405;4;9
111057;-170307;47901;26219;8;9
109875;-165622;47827;26512;1;9
111371;-167418;47920;26400;2;9
109067;-165580;47776;26515;4;9
110575;-167857;47870;26372;1;9
107974;-165253;47708;26535;1;9
111422;-166690;47923;26445;4;9
110659;-169689;47876;26258;1;9
124996;-172962;48772;26053;8;9
111227;-170078;47911;26234;4;9
109543;-169600;47806;26264;8;9
110764;-169503;47882;26270;1;9
112081;-170263;47965;26222;2;9
112301;-169249;47978;26285;4;9
123966;-181515;48707;25519;2;9
112606;-169925;47997;26243;1;9
112004;-168749;47960;26317;2;9
110080;-170107;47840;26232;8;9
108588;-165593;47746;26514;8;9
112728;-169225;48005;26287;2;9
112443;-169719;47987;26256;1;9
110842;-168143;47887;26355;4;9
109115;-168766;47779;26316;2;9
111313;-170659;47917;26197;1;9
109389;-167664;47796;26385;8;9
110908;-167580;47891;26390;4;9
110882;-169639;47890;26261;2;9
123577;-181935;48683;25493;1;9
109687;-170259;47815;26222;2;9
109084;-168172;47777;26353;2;9
109112;-170208;47779;26226;2;9
124719;-173203;48754;26038;8;9
108856;-167835;47763;26374;8;9
111206;-170031;47910;26237;8;9
110602;-170373;47872;26215;4;9
109448;-165091;47800;26545;2;9
109677;-170396;47814;26214;2;9
111135;-167157;47905;26416;4;9
110141;-169052;47843;26298;2;9
109722;-168415;47817;26338;8;9
109693;-168093;47815;26358;1;9
110019;-169699;47836;26257;8;9
111210;-170481;47910;26208;4;9
111730;-170508;47943;26207;2;9
120750;-188067;48506;25109;4;9
110948;-169609;47894;26263;4;9
111188;-168857;47909;26310;8;9
109189;-168797;47784;26314;4;9
126138;-172795;48843;26064;8;9
113721;-169340;48067;26280;8;9
111508;-170009;47929;26238;2;9
111339;-168780;47918;26315;1;9
112420;-169950;47986;26242;1;9
108299;-165098;47728;26545;4;9
108921;-169012;47767;26300;4;9
110760;-169573;47882;26265;8;9
111280;-168309;47915;26344;4;9
109437;-168753;47799;26316;8;9
109978;-168996;47833;26301;4;9
109049;-167474;47775;26396;8;9
111719;-170109;47942;26232;2;9
112261;-167244;47976;26411;1;9
111960;-170318;47957;26219;1;9
106630;-173539;47624;26017;2;9
111298;-166734;47916;26443;1;9
112190;-168432;47971;26337;4;9
109009;-176454;47773;25835;2;9
112619;-169790;47998;26252;8;9
111560;-170748;47932;26192;4;9
107937;-165404;47706;26526;1;9
115359;-182425;48169;25462;2;9
109821;-168449;47823;26335;1;9
112741;-169339;48006;26280;1;9
120824;-188038;48511;25111;8;9
109062;-168909;47776;26307;8;9
111248;-168626;47913;26324;1;9
113302;-170696;48041;26195;2;9
109099;-168634;47778;26324;2;9
111487;-166866;47927;26434;1;9
109800;-169167;47822;26291;2;9
109682;-167428;47815;26399;8;9
109944;-170537;47831;26205;1;9
110925;-167220;47892;26412;4;9
112863;-170266;48013;26222;1;9
112650;-170029;48000;26237;2;9
110037;-169810;47837;26250;8;9
111935;-168204;47955;26351;4;9
112359;-168950;47982;26304;1;9
111044;-167156;47900;26416;2;9
111068;-168680;47901;26321;4;9
110879;-167695;47889;26383;8;9
119436;-182023;48424;25487;2;9
111631;-170511;47936;26207;8;9
108834;-164993;47762;26551;1;9
109542;-170490;47806;26208;1;9
112191;-167152;47971;26417;4;9
112115;-168239;47967;26349;4;9
110495;-170906;47865;26182;8;9
111574;-170688;47933;26196;4;9
123975;-181564;48708;25516;1;9
111143;-170001;47906;26238;2;9
112379;-167964;47983;26366;1;9
124460;-173340;48738;26030;2;9
109573;-168092;47808;26358;8;9
112374;-168499;47983;26332;2;9
109890;-169486;47828;26271;2;9
125844;-172815;48825;26063;2;9
109012;-170991;47773;26177;1;9
108345;-165547;47731;26517;1;9
112348;-167598;47981;26389;4;9
111743;-170608;47943;26201;2;9
110611;-169682;47873;26258;4;9
109065;-170046;47776;26236;8;9
108032;-165531;47712;26518;4;9
112015;-168263;47960;26347;4;9
111304;-167143;47916;26417;4;9
109643;-170635;47812;26199;2;9
112723;-170657;48005;26197;1;9
114740;-180065;48131;25609;2;9
109704;-165048;47816;26548;4;9
109635;-168720;47812;26319;2;9
112368;-168098;47983;26357;8;9
110844;-167580;47887;26390;1;9
109561;-167578;47807;26390;2;9
111484;-170610;47927;26200;1;9
107188;-165288;47659;26533;4;9
110319;-170932;47854;26180;2;9
110802;-170031;47885;26237;1;9
110980;-167448;47896;26398;2;9
111621;-168765;47936;26316;8;9
111042;-168887;47900;26308;4;9
113136;-169919;48031;26244;8;9
112059;-168522;47963;26331;4;9
109587;-168705;47809;26319;2;9
109375;-167710;47795;26382;1;9
109568;-170569;47808;26203;1;9
111148;-170077;47906;26234;2;9
112255;-168326;47975;26343;1;9
111110;-167462;47904;26397;4;9
113335;-170200;48043;26226;8;9
111298;-166765;47916;26441;1;9
110443;-170869;47862;26184;2;9
109502;-169376;47803;26278;8;9
109515;-168441;47804;26336;2;9
115361;-182469;48170;25459;8;9
108963;-176404;47770;25838;2;9
117359;-183005;48294;25426;2;9
119601;-181998;48435;25489;4;9
110392;-167596;47859;26389;2;9
123634;-182079;48687;25484;8;9
119143;-168560;48406;26329;8;9
111223;-170273;47911;26221;8;9
113697;-169520;48066;26269;1;9
111730;-170515;47943;26206;2;9
109511;-168281;47804;26346;8;9
109403;-169512;47797;26269;4;9
108877;-168019;47764;26362;2;9
111552;-169223;47932;26287;8;9
110484;-170770;47865;26190;2;9
109281;-167627;47790;26387;2;9
111160;-170616;47907;26200;1;9
113497;-170615;48053;26200;4;9
113327;-170414;48042;26213;1;9
108858;-170998;47763;26176;2;9
109312;-168605;47792;26326;2;9
111022;-169287;47898;26283;2;9
110389;-170048;47859;26236;8;9
107906;-165287;47704;26533;8;9
124405;-173474;48735;26021;2;9
110349;-170180;47856;26227;2;9
110255;-167556;47850;26391;2;9
111888;-169040;47953;26299;2;9
108805;-170601;47760;26201;4;9
125063;-173632;48776;26012;4;9
109195;-170391;47784;26214;4;9
111411;-169528;47923;26268;1;9
109994;-169965;47834;26241;8;9
110100;-167483;47841;26396;8;9
112294;-169183;47978;26290;8;9
113224;-170704;48036;26195;4;9
113053;-170494;48025;26208;2;9
109532;-170875;47805;26184;1;9
111799;-169676;47947;26259;1;9
111309;-168660;47916;26322;8;9
112213;-169245;47973;26286;4;9
112983;-170112;48021;26232;4;9
113100;-170516;48028;26206;4;9
111142;-170408;47906;26213;4;9
112069;-167556;47964;26391;4;9
109565;-167602;47807;26388;8;9
113229;-170444;48036;26211;8;9
113279;-169513;48039;26269;1;9
109964;-170557;47832;26204;8;9
111740;-168909;47943;26307;4;9
107861;-165323;47701;26531;1;9
112004;-170213;47960;26225;1;9
111225;-169512;47911;26269;1;9
108930;-169854;47768;26248;1;9
108906;-169590;47766;26264;2;9
111943;-169108;47956;26294;2;9
119106;-168652;48404;26323;8;9
109570;-170281;47808;26221;1;9
108897;-168976;47766;26303;4;9
111975;-168415;47958;26338;4;9
109736;-169727;47818;26256;8;9
106495;-175078;47615;25921;8;9
109587;-165614;47809;26513;4;9
111886;-167397;47952;26401;4;9
110496;-168145;47866;26354;2;9
109495;-169159;47803;26291;8;9
108905;-169694;47766;26258;1;9
110881;-168055;47890;26360;2;9
110836;-167663;47887;26385;4;9
109686;-170664;47815;26197;1;9
109329;-176837;47793;25811;8;9
109835;-170910;47824;26182;1;9
109195;-168384;47784;26340;1;9
115057;-180050;48151;25610;4;9
110576;-170189;47871;26227;4;9
109999;-165063;47834;26547;8;9
113393;-170344;48047;26217;2;9
108987;-168819;47771;26312;4;9
111346;-167356;47919;26404;1;9
108142;-165628;47718;26512;8;9
109533;-168206;47805;26351;4;9
112146;-169879;47969;26246;8;9
124013;-174129;48710;25980;4;9
113449;-169248;48050;26286;8;9
124035;-173821;48712;26000;8;9
109811;-168024;47823;26362;1;9
108277;-174140;47727;25980;8;9
110096;-168848;47841;26311;2;9
111205;-169024;47910;26300;4;9
111809;-170681;47948;26196;2;9
113490;-170545;48053;26204;1;9
109927;-169235;47830;26286;2;9
111417;-169499;47923;26270;2;9
108232;-174165;47724;25978;8;9
110987;-167289;47896;26408;8;9
111420;-168454;47923;26335;8;9
111028;-169243;47899;26286;1;9
123979;-181603;48708;25513;1;9
109277;-169955;47789;26241;1;9
111866;-168974;47951;26303;2;9
113616;-169276;48061;26284;4;9
110690;-170305;47878;26219;4;9
111843;-169593;47950;26264;4;9
115991;-181180;48209;25540;2;9
110078;-169806;47839;26251;2;9
120424;-168549;48486;26329;8;9
112071;-170949;47964;26179;2;9
109765;-170477;47820;26209;4;9
109572;-168394;47808;26339;2;9
109533;-168273;47805;26346;8;9
111985;-169267;47959;26284;1;9
111751;-168292;47944;26345;2;9
123990;-181692;48709;25508;4;9
111215;-168373;47910;26340;1;9
112261;-168257;47976;26347;2;9
111220;-169624;47911;26262;8;9
123474;-175043;48677;25923;8;9
110079;-170603;47839;26201;1;9
112093;-170973;47965;26178;1;9
109363;-168621;47795;26325;4;9
124884;-173725;48765;26006;2;9
111874;-169612;47952;26263;4;9
111205;-167433;47910;26399;4;9
109698;-167999;47816;26364;1;9
112192;-167980;47972;26365;4;9
112082;-170058;47965;26235;4;9
112341;-169635;47981;26261;1;9
113257;-170141;48038;26230;8;9
111969;-170515;47958;26206;2;9
108994;-170424;47772;26212;1;9
110110;-167721;47841;26381;1;9
109216;-170391;47786;26214;4;9
115768;-181350;48195;25529;4;9
108950;-168708;47769;26319;8;9
109242;-170826;47787;26187;8;9
109135;-170805;47780;26188;8;9
113327;-170314;48042;26219;8;9
112549;-170511;47994;26207;8;9
124001;-174024;48710;25987;4;9
112387;-170603;47984;26201;4;9
112906;-170962;48016;26178;1;9
112190;-167718;47971;26381;1;9
106167;-172787;47595;26064;4;9
111316;-168724;47917;26318;2;9
109535;-170755;47805;26191;1;9
112569;-169664;47995;26260;4;9
110507;-170270;47866;26222;1;9
121277;-188373;48539;25090;8;9
110981;-169742;47896;26255;4;9
111947;-168809;47956;26313;8;9
112647;-170571;48000;26203;2;9
111745;-168845;47944;26311;4;9
111188;-167245;47909;26411;2;9
109024;-168661;47774;26322;8;9
110378;-168759;47858;26316;2;9
109464;-169147;47801;26292;8;9
110063;-167465;47838;26397;2;9
110972;-167367;47895;26403;2;9
110969;-169850;47895;26248;1;9
119060;-168591;48401;26327;1;9
111252;-166683;47913;26446;4;9
109271;-170241;47789;26223;4;9
108993;-170740;47772;26192;1;9
109729;-167920;47818;26369;1;9
125917;-173042;48829;26048;1;9
108841;-170358;47762;26216;2;9
111955;-167582;47957;26390;1;9
111730;-167683;47943;26383;4;9
109124;-167947;47780;26367;2;9
111913;-169638;47954;26261;8;9
109415;-170865;47798;26184;4;9
108259;-174296;47726;25970;1;9
112110;-167590;47966;26389;4;9
118658;-168615;48376;26325;2;9
112196;-169296;47972;26283;2;9
112787;-170835;48009;26186;2;9
112523;-169966;47992;26241;2;9
110334;-170661;47855;26197;8;9
111411;-168382;47923;26340;4;9
111589;-169152;47934;26292;2;9
110110;-170077;47841;26234;1;9
106030;-172689;47586;26070;4;9
109963;-167975;47832;26365;1;9
107824;-165128;47699;26543;1;9
109593;-170294;47809;26220;4;9
109361;-170958;47795;26179;2;9
111363;-166780;47920;26440;2;9
111364;-167012;47920;26425;2;9
110268;-170219;47851;26225;1;9
110687;-167990;47877;26364;1;9
112381;-167741;47983;26380;8;9
123563;-181816;48682;25500;2;9
111967;-169064;47957;26297;8;9
111294;-167220;47915;26412;1;9
109514;-169449;47804;26273;1;9
111223;-170440;47911;26211;4;9
109259;-165096;47788;26545;2;9
111451;-169287;47925;26283;8;9
111148;-168964;47906;26303;2;9
111091;-170361;47903;26216;1;9
113155;-170655;48032;26198;8;9
110938;-167182;47893;26415;1;9
110430;-167604;47861;26388;4;9
109422;-167974;47798;26365;2;9
113171;-170672;48033;26197;8;9
123934;-181693;48705;25508;2;9
107721;-165360;47692;26529;4;9
109554;-169463;47807;26272;1;9
110860;-167881;47888;26371;4;9
108816;-168152;47761;26354;2;9
110111;-167625;47841;26387;4;9
111649;-169176;47938;26290;2;9
112545;-169638;47994;26261;4;9
111497;-167018;47928;26425;1;9
110599;-171005;47872;26176;2;9
113339;-170255;48043;26223;4;9
125895;-172881;48828;26058;4;9
112785;-170869;48009;26184;2;9
112141;-169277;47968;26284;1;9
116118;-177448;48217;25773;4;9
111485;-170410;47927;26213;4;9
112024;-170284;47961;26221;1;9
112210;-168344;47973;26342;2;9
109757;-165624;47819;26512;1;9
109741;-167570;47818;26390;8;9
110065;-167460;47839;26397;8;9
123429;-175013;48674;25925;4;9
109939;-168403;47831;26338;8;9
109556;-169842;47807;26248;1;9
110333;-168760;47855;26316;8;9
111690;-167978;47940;26365;4;9
110795;-170138;47884;26230;4;9
110028;-167660;47836;26385;4;9
109388;-170322;47796;26218;8;9
113238;-169579;48037;26265;8;9
113128;-170580;48030;26202;2;9
111857;-168706;47951;26319;8;9
111443;-167949;47925;26367;8;9
110808;-169266;47885;26284;8;9
125720;-172981;48817;26052;2;9
111159;-170295;47907;26220;8;9
109156;-170974;47782;26178;8;9
112976;-170366;48021;26216;8;9
109817;-165545;47823;26517;1;9
109021;-170735;47773;26193;2;9
108821;-169309;47761;26282;8;9
110944;-168859;47894;26310;1;9
106161;-172729;47595;26068;1;9
112424;-170224;47986;26225;1;9
112298;-170806;47978;26188;2;9
109958;-168842;47832;26311;4;9
110359;-170123;47857;26231;2;9
111124;-168812;47905;26313;2;9
111065;-168654;47901;26323;8;9
110166;-170707;47845;26194;8;9
112174;-168589;47970;26327;4;9
108997;-170676;47772;26196;4;9
111501;-170499;47928;26207;8;9
109787;-168095;47821;26358;4;9
111923;-168545;47955;26329;2;9
109045;-167493;47775;26395;2;9
108938;-168804;47768;26313;4;9
109583;-169752;47808;26254;4;9
113154;-170326;48032;26218;1;9
109712;-168037;47817;26361;1;9
109959;-169893;47832;26245;8;9
112680;-170821;48002;26187;8;9
109717;-168083;47817;26358;8;9
110166;-168086;47845;26358;2;9
112450;-170238;47988;26224;1;9
108814;-170117;47760;26231;1;9
117352;-179957;48294;25616;8;9
111310;-169946;47916;26242;2;9
111224;-167182;47911;26415;2;9
110046;-168995;47837;26301;1;9
111369;-168322;47920;26343;2;9
111167;-169301;47907;26282;4;9
110070;-169486;47839;26271;8;9
109991;-168218;47834;26350;2;9
110723;-168083;47880;26358;4;9
112904;-170894;48016;26183;4;9
108994;-165063;47772;26547;1;9
109346;-170003;47794;26238;8;9
112178;-167586;47971;26389;1;9
108973;-170744;47770;26192;8;9
112094;-169999;47965;26239;8;9
108174;-174231;47720;25974;8;9
125572;-172443;48808;26086;4;9
112255;-167275;47975;26409;4;9
117352;-179887;48294;25621;1;9
111071;-169193;47901;26289;8;9
108907;-168375;47766;26340;8;9
111354;-169821;47919;26250;4;9
108805;-169193;47760;26289;1;9
113453;-169979;48050;26240;1;9
109166;-169399;47782;26276;4;9
112172;-167447;47970;26398;4;9
111587;-168787;47934;26314;2;9
110628;-167919;47874;26369;4;9
109695;-165535;47815;26518;1;9
109637;-167451;47812;26398;1;9
109007;-167491;47772;26395;1;9
107801;-165234;47697;26536;1;9
108811;-169967;47760;26241;1;9
113457;-170592;48051;26202;4;9
109733;-165097;47818;26545;2;9
109478;-167444;47802;26398;4;9
111457;-170708;47926;26194;1;9
110666;-169507;47876;26269;8;9
113392;-169559;48047;26266;4;9
111299;-168315;47916;26344;1;9
109616;-170788;47811;26189;4;9
113340;-170483;48043;26208;2;9
110755;-168040;47882;26361;8;9
110770;-167567;47883;26391;1;9
109540;-170568;47806;26203;4;9
111777;-169733;47946;26255;2;9
109171;-169799;47783;26251;4;9
111058;-169340;47901;26280;1;9
125544;-173252;48806;26035;8;9
109979;-170975;47833;26178;2;9
111074;-169706;47902;26257;4;9
123279;-175130;48664;25918;8;9
109055;-168694;47775;26320;1;9
108918;-169254;47767;26285;8;9
109353;-170644;47794;26198;2;9
112003;-167419;47960;26400;1;9
110135;-167902;47843;26370;8;9
119766;-181906;48445;25494;1;9
110095;-167686;47840;26383;4;9
108802;-168159;47760;26354;2;9
112374;-167373;47983;26403;1;9
111524;-169762;47930;26253;2;9
109803;-169440;47822;26274;8;9
110949;-169042;47894;26298;2;9
108065;-165506;47714;26519;8;9
111735;-170556;47943;26204;2;9
112924;-170061;48017;26235;2;9
109176;-170711;47783;26194;8;9
112190;-167854;47971;26373;8;9
113009;-169239;48023;26286;1;9
111310;-168515;47916;26331;2;9
110283;-168744;47852;26317;2;9
109909;-170673;47829;26196;1;9
112758;-169318;48007;26281;4;9
112280;-170063;47977;26235;1;9
115162;-180059;48157;25610;1;9
110304;-168435;47854;26336;1;9
110909;-170305;47891;26219;1;9
109743;-170431;47818;26212;1;9
110032;-170630;47837;26199;4;9
109410;-165118;47798;26544;2;9
109464;-169810;47801;26250;8;9
113352;-170193;48044;26226;1;9
124184;-173686;48721;26008;4;9
111015;-169553;47898;26266;2;9
110616;-169305;47873;26282;2;9
113410;-169642;48048;26261;8;9
123975;-181751;48708;25504;2;9
110036;-169322;47837;26281;8;9
110895;-169251;47890;26285;2;9
110566;-170118;47870;26231;2;9
110198;-170013;47847;26238;8;9
111853;-168326;47950;26343;8;9
109507;-169680;47804;26259;1;9
113054;-170265;48025;26222;1;9
109681;-170711;47815;26194;8;9
110878;-167223;47889;26412;4;9
123669;-174454;48689;25960;2;9
111306;-167271;47916;26409;1;9
109087;-168967;47777;26303;1;9
111612;-166837;47935;26436;8;9
113759;-169680;48069;26259;8;9
109888;-168332;47828;26343;8;9
107608;-165357;47685;26529;1;9
111917;-168644;47954;26323;1;9
108829;-168953;47761;26304;4;9
110120;-170698;47842;26195;4;9
112341;-170544;47981;26205;4;9
109107;-167486;47779;26396;8;9
111880;-168238;47952;26349;2;9
112827;-170625;48011;26199;4;9
111988;-170125;47959;26231;4;9
109824;-170933;47824;26180;8;9
111567;-166860;47932;26435;2;9
124614;-173340;48748;26030;4;9
113755;-169784;48069;26252;2;9
111935;-167641;47955;26386;4;9
110247;-167568;47850;26391;8;9
112778;-169801;48008;26251;4;9
109262;-170995;47788;26176;8;9
110174;-169795;47845;26251;8;9
109104;-169986;47779;26239;8;9
110859;-169712;47888;26257;8;9
109597;-168814;47809;26313;1;9
108989;-176495;47771;25833;2;9
117319;-182914;48292;25431;2;9
111848;-169310;47950;26282;2;9
109766;-167657;47820;26385;8;9
109109;-167843;47779;26373;4;9
124562;-173220;48745;26037;8;9
117351;-182979;48294;25427;1;9
108165;-174219;47720;25975;8;9
109882;-169407;47827;26276;1;9
115957;-181248;48207;25536;4;9
115737;-181406;48193;25526;1;9
112157;-168810;47969;26313;4;9
109075;-167824;47777;26375;8;9
111200;-170548;47910;26204;2;9
120822;-188053;48511;25110;8;9
109612;-167867;47810;26372;2;9
109670;-170647;47814;26198;1;9
110834;-169206;47887;26288;2;9
111789;-168533;47946;26330;8;9
112263;-169289;47976;26283;2;9
112544;-170785;47994;26189;4;9
112223;-170882;47973;26183;8;9
108291;-174216;47728;25975;8;9
109367;-168695;47795;26320;8;9
111110;-169065;47904;26297;8;9
109754;-168646;47819;26323;2;9
109106;-169734;47779;26255;4;9
112771;-169949;48008;26242;4;9
109469;-169394;47801;26276;4;9
110076;-170838;47839;26186;2;9
124188;-173955;48721;25991;8;9
121307;-188416;48541;25088;2;9
112693;-170555;48003;26204;1;9
108909;-168222;47766;26350;4;9
112329;-168894;47980;26308;4;9
110877;-170226;47889;26224;1;9
110333;-169965;47855;26241;4;9
108199;-174154;47722;25979;4;9
116116;-177481;48217;25771;4;9
110962;-167851;47895;26373;1;9
107661;-165319;47688;26531;1;9
109706;-168335;47816;26343;8;9
112692;-170564;48003;26203;1;9
111171;-170349;47908;26217;2;9
105514;-172630;47554;26074;2;9
109781;-169846;47821;26248;8;9
111301;-167931;47916;26368;4;9
108838;-170482;47762;26208;8;9
109466;-170869;47801;26184;8;9
109334;-168686;47793;26321;8;9
109142;-168760;47781;26316;4;9
111663;-169081;47938;26296;2;9
110848;-169758;47888;26254;2;9
112064;-168318;47964;26344;2;9
110856;-168004;47888;26363;1;9
109436;-170808;47799;26188;1;9
110045;-170541;47837;26205;2;9
105818;-172629;47573;26074;4;9
111905;-170939;47954;26180;4;9
111176;-168944;47908;26305;4;9
115860;-181173;48201;25540;2;9
110110;-170092;47841;26233;8;9
112400;-169561;47985;26266;8;9
109451;-168322;47800;26343;2;9
105859;-173786;47576;26002;1;9
111987;-168320;47959;26344;4;9
111416;-168580;47923;26327;4;9
111412;-170467;47923;26209;2;9
119703;-181917;48441;25494;8;9
109221;-169044;47786;26298;8;9
115772;-181235;48195;25536;1;9
108874;-169317;47764;26281;2;9
109594;-168332;47809;26343;2;9
113538;-169292;48056;26283;1;9
111143;-170628;47906;26199;1;9
110118;-170003;47842;26238;8;9
125471;-172566;48801;26078;4;9
109899;-170524;47828;26206;1;9
110612;-168174;47873;26353;8;9
109453;-169200;47800;26289;4;9
111824;-168278;47949;26346;4;9
109846;-170862;47825;26185;4;9
108080;-165313;47715;26531;2;9
110254;-168783;47850;26315;8;9
110591;-168473;47871;26334;4;9
113149;-170205;48031;26226;1;9
110199;-169908;47847;26244;2;9
111832;-167929;47949;26368;4;9
107331;-165283;47668;26533;8;9
125474;-173307;48802;26032;1;9
113242;-170256;48037;26223;8;9
112707;-170623;48004;26200;4;9
111391;-167971;47921;26365;4;9
110208;-168548;47848;26329;8;9
108864;-169964;47764;26241;1;9
121552;-168361;48557;26341;1;9
110684;-168267;47877;26347;1;9
109557;-168892;47807;26308;8;9
109594;-176830;47809;25812;8;9
111405;-166703;47922;26445;2;9
109071;-168302;47776;26345;8;9
111377;-169919;47921;26244;8;9
111114;-168782;47904;26315;1;9
110360;-170786;47857;26189;1;9
111698;-168495;47941;26333;2;9
112433;-169910;47987;26244;1;9
111164;-170934;47907;26180;2;9
109165;-167464;47782;26397;8;9
109539;-169422;47806;26275;1;9
110313;-169035;47854;26299;2;9
108350;-174330;47731;25968;4;9
109462;-170166;47801;26228;4;9
110457;-168750;47863;26317;8;9
109815;-169785;47823;26252;2;9
108928;-168422;47768;26337;8;9
113436;-170585;48049;26202;8;9
109513;-167768;47804;26378;1;9
110345;-168545;47856;26329;1;9
111695;-169777;47940;26252;8;9
111660;-168991;47938;26302;2;9
108932;-169886;47768;26246;2;9
110814;-170034;47885;26236;2;9
112032;-170378;47962;26215;1;9
109933;-169228;47830;26287;2;9
110184;-168644;47846;26323;4;9
111235;-168734;47912;26318;8;9
109071;-167970;47776;26365;2;9
112655;-170998;48000;26176;2;9
118895;-168592;48390;26327;1;9
113740;-170105;48068;26232;2;9
110671;-169099;47876;26295;1;9
112188;-167574;47971;26390;8;9
123973;-174090;48708;25983;1;9
113706;-169790;48066;26252;8;9
112196;-168788;47972;26314;8;9
111061;-170465;47901;26209;1;9
109924;-169736;47830;26255;8;9
109327;-170227;47792;26224;1;9
112376;-170058;47983;26235;4;9
109101;-168371;47778;26340;8;9
114865;-179980;48139;25615;4;9
111024;-169505;47899;26269;4;9
111247;-170392;47912;26214;2;9
112175;-168649;47970;26323;2;9
114474;-178497;48114;25707;1;9
112164;-168316;47970;26344;4;9
111501;-170069;47928;26234;8;9
123647;-181468;48687;25522;2;9
110176;-170921;47846;26181;2;9
119562;-182078;48432;25484;4;9
110211;-169908;47848;26244;1;9
111754;-168404;47944;26338;8;9
110085;-169742;47840;26255;8;9
111612;-170622;47935;26200;8;9
111530;-166915;47930;26431;1;9
113481;-170849;48052;26185;4;9
111650;-168083;47938;26358;4;9
111382;-168693;47921;26320;8;9
109343;-170777;47793;26190;2;9
118911;-168700;48391;26320;1;9
108841;-170659;47762;26197;4;9
113764;-170287;48070;26221;1;9
111494;-169011;47928;26300;4;9
111157;-170299;47907;26220;8;9
108918;-170922;47767;26181;4;9
109048;-170997;47775;26176;1;9
110036;-169538;47837;26267;1;9
109854;-168987;47825;26302;1;9
110475;-169518;47864;26269;2;9
111097;-169835;47903;26249;8;9
111578;-170040;47933;26236;2;9
112057;-167413;47963;26400;4;9
110973;-169194;47895;26289;8;9
110422;-168313;47861;26344;1;9
112241;-167249;47975;26410;2;9
108987;-168595;47771;26326;1;9
110440;-168810;47862;26313;2;9
124123;-174087;48717;25983;1;9
109450;-168804;47800;26313;4;9
109685;-170631;47815;26199;1;9
111988;-167801;47959;26376;8;9
111062;-169318;47901;26281;1;9
111526;-170748;47930;26192;2;9
120744;-188085;48506;25108;1;9
110714;-167238;47879;26411;4;9
112876;-169988;48014;26239;1;9
107358;-165341;47669;26530;2;9
113718;-170305;48067;26219;2;9
111861;-167453;47951;26398;8;9
110546;-167474;47869;26396;2;9
112235;-167785;47974;26377;8;9
109731;-170875;47818;26184;2;9
112249;-168905;47975;26307;8;9
110864;-168963;47889;26303;2;9
109503;-169553;47803;26266;1;9
109556;-168543;47807;26330;2;9
110973;-168930;47895;26305;4;9
111389;-169540;47921;26267;8;9
109449;-170839;47800;26186;2;9
106146;-172704;47594;26070;8;9
109079;-165024;47777;26550;1;9
124397;-173518;48734;26019;4;9
109528;-170982;47805;26177;4;9
112156;-167264;47969;26410;1;9
109546;-170812;47806;26188;8;9
109201;-168317;47785;26344;8;9
109562;-167849;47807;26373;1;9
109060;-176537;47776;25830;2;9
110137;-168483;47843;26333;8;9
111723;-167299;47942;26407;1;9
112205;-167194;47972;26414;2;9
111298;-169559;47916;26266;4;9
109386;-167716;47796;26381;8;9
116215;-177352;48223;25779;8;9
109731;-167555;47818;26391;2;9
109876;-170992;47827;26177;8;9
110070;-165102;47839;26545;2;9
123346;-175195;48669;25914;8;9
110629;-169486;47874;26271;2;9
108988;-168947;47771;26304;1;9
111989;-166916;47959;26431;4;9
112122;-169105;47967;26294;4;9
110502;-170100;47866;26232;1;9
110338;-168692;47856;26320;4;9
110675;-168026;47877;26362;8;9
111736;-168611;47943;26325;8;9
112332;-170551;47980;26204;8;9
108921;-170558;47767;26204;1;9
111913;-167924;47954;26368;1;9
112815;-169930;48010;26243;8;9
123454;-174664;48675;25947;8;9
111547;-168692;47931;26320;2;9
112315;-170574;47979;26203;2;9
112196;-169314;47972;26281;4;9
109933;-168469;47830;26334;8;9
113423;-170332;48048;26218;8;9
112388;-170166;47984;26228;1;9
110759;-167747;47882;26379;8;9
108941;-170145;47768;26229;1;9
112089;-169176;47965;26290;1;9
109099;-168029;47778;26362;1;9
110680;-168278;47877;26346;1;9
125187;-173535;48784;26018;2;9
108989;-170630;47771;26199;1;9
115906;-181142;48204;25542;4;9
110473;-169915;47864;26244;4;9
109212;-169890;47785;26245;8;9
111314;-166710;47917;26444;8;9
111495;-166844;47928;26436;4;9
108972;-168437;47770;26336;2;9
112787;-169825;48009;26249;2;9
111190;-168444;47909;26336;4;9
111505;-168997;47929;26301;2;9
109043;-170016;47775;26238;2;9
113723;-170341;48067;26217;2;9
112284;-168185;47977;26352;1;9
113680;-169787;48065;26252;2;9
120371;-168519;48483;26331;8;9
109965;-168963;47832;26303;1;9
111500;-168889;47928;26308;2;9
119649;-181999;48438;25489;2;9
109262;-167604;47788;26388;2;9
118774;-168702;48383;26320;2;9
110161;-169906;47845;26244;8;9
109988;-168000;47834;26364;8;9
108805;-169327;47760;26281;8;9
110880;-168918;47890;26306;2;9
113002;-170438;48022;26211;8;9
113756;-170115;48069;26231;4;9
121039;-188199;48524;25101;8;9
116209;-177635;48223;25761;1;9
114531;-178508;48118;25707;8;9
108977;-168180;47771;26352;2;9
110853;-167488;47888;26396;8;9
111303;-168954;47916;26304;8;9
112809;-169939;48010;26242;4;9
112678;-170967;48002;26178;1;9
119885;-168514;48452;26331;2;9
109376;-167512;47796;26394;1;9
109782;-167845;47821;26373;1;9
111498;-169285;47928;26283;2;9
108837;-169397;47762;26276;1;9
112088;-169040;47965;26299;4;9
109773;-168379;47820;26340;2;9
113716;-169764;48067;26253;2;9
112263;-168219;47976;26350;8;9
111925;-168493;47955;26333;1;9
109718;-168621;47817;26325;8;9
110611;-167983;47873;26365;8;9
111709;-170536;47941;26205;2;9
112347;-167482;47981;26396;4;9
108946;-170444;47769;26211;2;9
112158;-168438;47969;26336;2;9
110827;-170253;47886;26223;8;9
111580;-170582;47933;26202;1;9
111731;-169115;47943;26294;2;9
113260;-169255;48038;26285;2;9
108090;-165219;47715;26537;8;9
112655;-170544;48000;26205;8;9
111784;-170504;47946;26207;2;9
125582;-173099;48808;26045;2;9
112713;-169649;48004;26260;4;9
111384;-168849;47921;26310;4;9
109015;-170282;47773;26221;4;9
109487;-169538;47802;26267;2;9
109631;-169258;47811;26285;4;9
123812;-174260;48698;25972;1;9
113563;-170063;48057;26235;1;9
110627;-167742;47874;26380;4;9
111854;-168488;47950;26333;8;9
111236;-166667;47912;26447;8;9
125010;-172970;48773;26053;2;9
111961;-168459;47957;26335;2;9
124920;-173817;48767;26000;8;9
110273;-168754;47852;26316;2;9
112771;-170222;48008;26225;4;9
109798;-169717;47822;26256;8;9
115835;-181322;48199;25531;1;9
111451;-169887;47925;26246;1;9
113519;-169548;48054;26267;4;9
110370;-168409;47858;26338;8;9
112845;-169656;48012;26260;2;9
112727;-170862;48005;26185;4;9
109068;-165507;47776;26519;1;9
109050;-170252;47775;26223;2;9
112022;-168575;47961;26328;4;9
110729;-168115;47880;26356;8;9
123582;-181534;48683;25518;8;9
109951;-165072;47831;26547;2;9
111944;-166968;47956;26428;1;9
109102;-169383;47778;26277;4;9
109406;-168845;47797;26311;4;9
125127;-173621;48780;26012;8;9
113010;-169303;48023;26282;4;9
113529;-170275;48055;26221;1;9
109029;-176456;47774;25835;2;9
112072;-168902;47964;26307;8;9
112212;-167175;47973;26415;8;9
120035;-182010;48462;25488;1;9
108304;-165041;47729;26548;1;9
110956;-169840;47894;26249;4;9
111898;-168657;47953;26322;2;9
112001;-167301;47960;26407;1;9
109757;-170493;47819;26208;1;9
108884;-170845;47765;26186;8;9
111133;-170996;47905;26176;8;9
111851;-169055;47950;26298;1;9
111040;-167654;47900;26385;2;9
111789;-170376;47946;26215;2;9
111815;-167552;47948;26392;2;9
110556;-169872;47869;26247;2;9
119141;-168543;48406;26330;4;9
123956;-174191;48707;25977;1;9
111767;-168305;47945;26344;8;9
115835;-181129;48199;25543;2;9
111841;-168725;47950;26318;8;9
109008;-170524;47773;26206;4;9
109524;-169739;47805;26255;1;9
118775;-168608;48383;26326;4;9
111764;-169665;47945;26259;4;9
109922;-170600;47830;26201;8;9
111225;-167117;47911;26419;2;9
111176;-169580;47908;26265;8;9
110970;-167183;47895;26415;2;9
112446;-170138;47987;26230;8;9
111067;-169245;47901;26286;1;9
121335;-188336;48543;25093;2;9
112194;-169074;47972;26296;2;9
111230;-167146;47911;26417;4;9
109680;-167672;47815;26384;8;9
124698;-173185;48753;26039;2;9
109614;-170899;47810;26182;8;9
110006;-169789;47835;26252;8;9
109640;-169497;47812;26270;4;9
109983;-169247;47833;26286;2;9
110314;-170796;47854;26189;1;9
111339;-167171;47918;26415;2;9
110361;-168729;47857;26318;4;9
108413;-174285;47735;25971;4;9
111223;-167109;47911;26419;2;9
109646;-168751;47812;26317;2;9
110940;-167324;47893;26406;1;9
110742;-167992;47881;26364;4;9
109924;-170592;47830;26202;8;9
111472;-170041;47927;26236;4;9
110975;-167334;47895;26405;2;9
109773;-170479;47820;26209;4;9
110108;-170054;47841;26235;8;9
120144;-168454;48469;26335;4;9
111642;-170676;47937;26196;2;9
112278;-169965;47977;26241;2;9
111535;-169549;47930;26267;1;9
111089;-167346;47903;26404;4;9
115778;-181348;48196;25529;1;9
112251;-168020;47975;26362;2;9
111544;-169319;47931;26281;4;9
112258;-167178;47976;26415;1;9
107588;-165253;47684;26535;1;9
111041;-168889;47900;26308;8;9
109184;-167564;47784;26391;4;9
111398;-170009;47922;26238;4;9
109579;-168707;47808;26319;2;9
111057;-170243;47901;26223;8;9
110301;-168594;47853;26326;8;9
111277;-170478;47914;26209;1;9
110283;-169948;47852;26242;4;9
110306;-169779;47854;26252;1;9
109160;-168316;47782;26344;4;9
110230;-169850;47849;26248;1;9
109974;-167596;47833;26389;2;9
120125;-168561;48467;26328;8;9
110983;-170665;47896;26197;4;9
111599;-169899;47934;26245;1;9
109439;-168923;47799;26306;1;9
112564;-169895;47995;26245;4;9
108917;-170604;47767;26201;2;9
112825;-170182;48011;26227;8;9
108198;-174206;47722;25976;2;9
108809;-167632;47760;26387;8;9
112694;-170067;48003;26234;8;9
112625;-170835;47999;26186;2;9
113484;-169870;48052;26247;2;9
110259;-167641;47851;26386;8;9
112132;-167690;47968;26383;2;9
111944;-167916;47956;26369;2;9
111498;-170674;47928;26196;4;9
109670;-169446;47814;26273;1;9
123984;-181940;48709;25492;8;9
111131;-166965;47905;26428;2;9
110429;-170025;47861;26237;2;9
109158;-168341;47782;26342;8;9
123704;-174726;48691;25943;4;9
110677;-170481;47877;26208;1;9
113552;-169272;48057;26284;2;9
112201;-169039;47972;26299;4;9
112998;-170401;48022;26213;1;9
108870;-170239;47764;26224;1;9
112169;-168373;47970;26340;1;9
113367;-170243;48045;26223;8;9
112146;-170758;47969;26191;8;9
110596;-168175;47872;26353;4;9
110119;-168906;47842;26307;4;9
108195;-165512;47722;26519;4;9
125159;-173690;48782;26008;8;9
113587;-169244;48059;26286;2;9
112489;-169787;47990;26252;4;9
112777;-170182;48008;26227;2;9
112429;-169812;47986;26250;1;9
111291;-169727;47915;26256;8;9
113760;-170322;48070;26218;1;9
110749;-167940;47881;26367;8;9
110949;-170402;47894;26213;8;9
109075;-168628;47777;26324;4;9
113284;-170387;48040;26214;2;9
107148;-165355;47656;26529;2;9
108853;-170285;47763;26221;8;9
109452;-170359;47800;26216;2;9
109107;-168599;47779;26326;4;9
110628;-167686;47874;26383;4;9
109077;-167591;47777;26389;1;9
123594;-181381;48684;25527;2;9
112375;-167435;47983;26399;8;9
108947;-167854;47769;26373;1;9
112148;-168055;47969;26360;8;9
112121;-170276;47967;26221;8;9
119838;-181944;48449;25492;1;9
113460;-169566;48051;26266;1;9
106725;-173465;47630;26022;4;9
109675;-167536;47814;26393;4;9
110013;-170709;47835;26194;2;9
111795;-169128;47947;26293;4;9
110160;-170845;47845;26186;4;9
108995;-167620;47772;26387;4;9
125327;-172728;48792;26068;4;9
110484;-170164;47865;26228;8;9
109586;-169813;47809;26250;4;9
111342;-169896;47918;26245;8;9
113110;-169989;48029;26239;2;9
108897;-165615;47766;26513;2;9
110782;-170073;47883;26234;4;9
112667;-169956;48001;26241;8;9
116165;-177780;48220;25752;4;9
113724;-169898;48067;26245;4;9
114520;-178434;48117;25711;4;9
111450;-168862;47925;26310;2;9
109370;-167737;47795;26380;1;9
110473;-167936;47864;26368;1;9
112539;-170772;47993;26190;8;9
117292;-182951;48290;25429;8;9
109247;-168825;47787;26312;4;9
108094;-165552;47715;26517;8;9
111478;-167101;47927;26420;4;9
123437;-174688;48674;25946;4;9
112045;-167820;47962;26375;8;9
111728;-170067;47943;26234;8;9
108870;-168778;47764;26315;4;9
109837;-167595;47824;26389;2;9
109237;-165010;47787;26550;2;9
108826;-170788;47761;26189;1;9
109290;-169011;47790;26300;2;9
121124;-188342;48530;25092;8;9
110798;-170287;47884;26221;8;9
111842;-167763;47950;26378;4;9
109666;-168643;47814;26323;1;9
112327;-169641;47980;26261;4;9
108916;-165094;47767;26545;1;9
111306;-169035;47916;26299;8;9
108723;-165567;47755;26516;4;9
109917;-169285;47829;26283;8;9
112575;-169707;47995;26257;4;9
109087;-169187;47777;26289;1;9
112819;-170902;48011;26182;8;9
109237;-170304;47787;26220;8;9
111888;-169344;47953;26280;4;9
123659;-174363;48688;25966;1;9
111343;-167332;47918;26405;4;9
112382;-170010;47983;26238;1;9
112361;-167936;47982;26368;2;9
108819;-167986;47761;26364;4;9
125611;-173157;48810;26041;2;9
112174;-168200;47970;26351;2;9
109054;-169664;47775;26260;1;9
111185;-169605;47909;26263;1;9
109977;-170967;47833;26178;8;9
124211;-173958;48723;25991;1;9
109110;-168526;47779;26331;8;9
112342;-168602;47981;26326;2;9
110559;-167821;47869;26375;1;9
112298;-170138;47978;26230;2;9
113327;-170163;48042;26228;2;9
109947;-168850;47831;26310;1;9
123610;-182046;48685;25486;1;9
121026;-188245;48524;25098;1;9
112007;-170981;47960;26177;1;9
109557;-176863;47807;25810;4;9
124192;-173690;48722;26008;8;9
111844;-168579;47950;26327;1;9
110093;-170716;47840;26194;1;9
124208;-174111;48723;25982;1;9
112276;-168500;47977;26332;4;9
124029;-181727;48711;25506;1;9
109292;-167853;47790;26373;1;9
108724;-165027;47755;26549;8;9
109864;-167744;47826;26380;2;9
118848;-168672;48388;26322;4;9
112920;-169834;48017;26249;4;9
108969;-169330;47770;26280;8;9
111607;-168702;47935;26320;4;9
111717;-168365;47942;26341;4;9
113486;-170587;48052;26202;8;9
109144;-167774;47781;26378;8;9
108893;-169031;47765;26299;1;9
111805;-168122;47947;26356;8;9
110620;-170270;47873;26222;2;9
109364;-167600;47795;26389;4;9
109165;-170101;47782;26232;8;9
110414;-170144;47860;26230;2;9
107335;-165292;47668;26533;4;9
111280;-170621;47915;26200;4;9
112795;-169796;48009;26251;4;9
110177;-170582;47846;26202;8;9
112041;-168218;47962;26350;4;9
112017;-170328;47961;26218;2;9
108372;-165045;47733;26548;1;9
112143;-169339;47968;26280;4;9
110867;-170598;47889;26201;4;9
111473;-168762;47927;26316;1;9
113141;-169982;48031;26240;4;9
110604;-170380;47872;26215;2;9
110093;-167766;47840;26378;4;9
109857;-170631;47826;26199;8;9
108835;-169572;47762;26265;2;9
109085;-170684;47777;26196;8;9
111297;-168281;47916;26346;2;9
112339;-170646;47981;26198;1;9
109121;-170213;47780;26225;2;9
111970;-168653;47958;26323;8;9
112955;-170232;48019;26224;4;9
123189;-175106;48659;25919;8;9
109487;-170115;47802;26231;1;9
110479;-168523;47864;26331;1;9
111659;-168709;47938;26319;1;9
111797;-168092;47947;26358;2;9
111374;-169336;47920;26280;8;9
112606;-170921;47997;26181;1;9
110765;-167529;47882;26393;2;9
113413;-169932;48048;26243;4;9
110085;-165046;47840;26548;2;9
111235;-167057;47912;26422;2;9
109155;-167862;47782;26372;2;9
110703;-168196;47878;26351;2;9
112213;-168693;47973;26320;8;9
112111;-167849;47966;26373;2;9
113333;-170541;48043;26205;8;9
109429;-170063;47799;26235;1;9
109020;-169496;47773;26270;2;9
116217;-177361;48223;25778;8;9
109751;-169048;47819;26298;2;9
110718;-167908;47879;26369;2;9
111099;-170557;47903;26204;2;9
110720;-168174;47880;26353;4;9
109955;-169259;47832;26285;1;9
109775;-169274;47820;26284;8;9
112768;-169233;48008;26286;4;9
109434;-167848;47799;26373;8;9
109298;-168583;47791;26327;8;9
106429;-172871;47611;26059;4;9
110360;-169729;47857;26255;2;9
125131;-173480;48780;26021;8;9
109533;-167545;47805;26392;1;9
109492;-170613;47803;26200;1;9
108847;-170077;47762;26234;2;9
119625;-168549;48436;26329;2;9
109823;-168583;47823;26327;2;9
109593;-167815;47809;26375;1;9
115387;-182495;48171;25458;1;9
119746;-181922;48444;25493;2;9
111305;-167325;47916;26406;2;9
123580;-181952;48683;25492;1;9
105527;-172629;47555;26074;4;9
123609;-182131;48685;25480;2;9
109851;-167838;47825;26374;1;9
109340;-168892;47793;26308;4;9
111740;-167304;47943;26407;8;9
108302;-165118;47728;26544;2;9
111591;-170032;47934;26237;8;9
110769;-167597;47883;26389;8;9
111821;-170541;47948;26205;4;9
110854;-169124;47888;26293;4;9
110836;-167908;47887;26369;1;9
112679;-170640;48002;26199;1;9
111379;-170465;47921;26209;4;9
109301;-168420;47791;26337;4;9
111594;-169545;47934;26267;1;9
112165;-168687;47970;26321;4;9
109102;-169343;47778;26280;2;9
109459;-167970;47801;26365;4;9
111753;-169060;47944;26297;8;9
109060;-168639;47776;26324;4;9
109160;-167704;47782;26382;8;9
109984;-168808;47834;26313;1;9
110652;-167748;47875;26379;4;9
112288;-170745;47978;26192;1;9
111947;-169635;47956;26261;2;9
108801;-168269;47760;26347;1;9
110358;-170987;47857;26177;1;9
109951;-168203;47831;26351;2;9
110560;-167877;47870;26371;8;9
109904;-169848;47829;26248;1;9
109362;-170507;47795;26207;4;9
111266;-169661;47914;26260;8;9
109275;-170787;47789;26189;1;9
109031;-168123;47774;26356;4;9
111052;-169858;47900;26247;2;9
112899;-170017;48016;26237;8;9
111387;-169087;47921;26296;2;9
113612;-169525;48060;26268;1;9
113400;-169594;48047;26264;4;9
124069;-173836;48714;25999;8;9
108377;-165027;47733;26549;1;9
115815;-183450;48198;25398;2;9
110525;-168571;47867;26328;1;9
109439;-167821;47799;26375;4;9
111604;-170431;47935;26212;4;9
111877;-167606;47952;26388;2;9
119916;-182004;48454;25488;4;9
110203;-169551;47847;26267;4;9
112364;-168897;47982;26307;1;9
112007;-170916;47960;26181;1;9
109511;-167891;47804;26370;8;9
110875;-170443;47889;26211;2;9
112225;-169219;47974;26287;4;9
110291;-170692;47853;26195;2;9
111309;-170685;47916;26196;8;9
112401;-170827;47985;26187;1;9
109929;-167641;47830;26386;8;9
111153;-168736;47907;26318;4;9
110471;-167866;47864;26372;8;9
108828;-168734;47761;26318;8;9
109956;-167578;47832;26390;4;9
110793;-167740;47884;26380;1;9
109586;-167504;47809;26395;1;9
111515;-169848;47929;26248;8;9
111797;-167436;47947;26399;4;9
109334;-170934;47793;26180;8;9
109727;-169622;47817;26262;4;9
110998;-170595;47897;26201;1;9
125783;-173046;48821;26048;4;9
111075;-166745;47902;26442;4;9
111596;-170434;47934;26211;1;9
109304;-168976;47791;26303;1;9
109803;-170777;47822;26190;8;9
112018;-170904;47961;26182;8;9
109522;-168951;47805;26304;2;9
113418;-169314;48048;26281;2;9
116152;-177491;48219;25770;2;9
112196;-170132;47972;26230;8;9
107887;-165286;47702;26533;8;9
110919;-167656;47892;26385;2;9
108841;-165579;47762;26515;1;9
110746;-169604;47881;26263;2;9
114538;-178182;48118;25727;2;9
123607;-181328;48685;25531;8;9
111084;-168950;47902;26304;4;9
108845;-169840;47762;26249;8;9
110174;-169638;47845;26261;4;9
109068;-169436;47776;26274;4;9
111677;-168697;47939;26320;8;9
113145;-170483;48031;26208;4;9
111447;-170505;47925;26207;2;9
112441;-170962;47987;26178;4;9
111881;-167421;47952;26400;2;9
111792;-170732;47947;26193;8;9
113001;-169889;48022;26245;2;9
109874;-168304;47827;26345;2;9
109860;-170852;47826;26185;4;9
125663;-172498;48813;26082;2;9
109564;-170995;47807;26176;1;9
112380;-169813;47983;26250;4;9
109653;-167577;47813;26390;8;9
113207;-170261;48035;26222;1;9
110950;-167449;47894;26398;4;9
111088;-170560;47903;26204;8;9
111798;-170739;47947;26192;8;9
108865;-165598;47764;26514;2;9
110091;-167976;47840;26365;4;9
113058;-169293;48026;26283;4;9
109031;-170523;47774;26206;8;9
113082;-170234;48027;26224;2;9
120445;-168537;48487;26330;1;9
108847;-169604;47762;26263;2;9
112923;-170411;48017;26213;4;9
123659;-181287;48688;25533;1;9
111106;-170946;47904;26179;4;9
108867;-169597;47764;26264;1;9
109497;-168259;47803;26347;4;9
111136;-170024;47906;26237;1;9
110239;-168825;47849;26312;2;9
110216;-167448;47848;26398;8;9
111131;-170679;47905;26196;2;9
113064;-170347;48026;26217;4;9
109719;-170280;47817;26221;4;9
111171;-170449;47908;26210;4;9
109475;-169620;47802;26262;4;9
123545;-181425;48681;25524;8;9
110183;-169065;47846;26297;2;9
110943;-169046;47893;26298;8;9
108827;-170754;47761;26191;8;9
111464;-169681;47926;26258;1;9
108909;-167823;47766;26375;2;9
112016;-168086;47961;26358;2;9
111356;-169874;47919;26246;4;9
109308;-168013;47791;26363;8;9
111957;-166947;47957;26429;8;9
110673;-169591;47877;26264;2;9
111530;-168860;47930;26310;1;9
111005;-169544;47897;26267;2;9
119057;-168456;48401;26335;8;9
107919;-165278;47704;26534;2;9
109753;-167478;47819;26396;1;9
109728;-167537;47818;26392;2;9
111660;-167356;47938;26404;1;9
108947;-169580;47769;26265;2;9
109593;-170767;47809;26191;1;9
113270;-170548;48039;26204;1;9
110423;-167679;47861;26384;4;9
109110;-170220;47779;26225;1;9
109695;-168832;47815;26312;8;9
111910;-170591;47954;26202;4;9
110405;-169956;47860;26241;1;9
124390;-174116;48734;25981;4;9
110143;-169792;47843;26252;1;9
110443;-170172;47862;26228;8;9
110348;-170807;47856;26188;1;9
113664;-169733;48064;26255;1;9
112122;-167694;47967;26383;1;9
109573;-165018;47808;26550;4;9
109037;-170461;47774;26210;1;9
113268;-170408;48039;26213;4;9
109089;-167905;47778;26369;2;9
111717;-169220;47942;26287;8;9
110287;-170201;47852;26226;4;9
112283;-168032;47977;26362;1;9
110713;-169299;47879;26282;1;9
112835;-170731;48012;26193;4;9
113665;-170326;48064;26218;2;9
109222;-167903;47786;26370;2;9
114857;-180049;48138;25610;8;9
109749;-167995;47819;26364;4;9
113496;-170878;48053;26184;1;9
109230;-167706;47786;26382;4;9
112407;-169503;47985;26270;1;9
111162;-167460;47907;26397;2;9
114846;-180062;48137;25610;4;9
111820;-168852;47948;26310;2;9
110972;-170509;47895;26207;2;9
111818;-168125;47948;26356;1;9
109184;-168750;47784;26317;4;9
111072;-167123;47902;26418;4;9
109391;-167789;47796;26377;8;9
111873;-168829;47952;26312;4;9
108844;-169712;47762;26257;8;9
112356;-169973;47982;26240;4;9
111091;-170538;47903;26205;8;9
119573;-182125;48433;25481;2;9
112095;-168841;47965;26311;2;9
109719;-168595;47817;26326;2;9
118707;-168679;48379;26321;4;9
120353;-168488;48482;26333;8;9
110050;-168303;47838;26345;2;9
109235;-168529;47787;26330;8;9
109502;-169097;47803;26295;1;9
111568;-166936;47933;26430;8;9
112204;-167377;47972;26402;4;9
110093;-170524;47840;26206;2;9
109839;-169471;47824;26272;1;9
109423;-169518;47798;26269;4;9
110031;-168613;47836;26325;4;9
111557;-170065;47932;26234;1;9
124046;-173884;48712;25996;8;9
108377;-165507;47733;26519;4;9
109946;-170892;47831;26183;8;9
112915;-170013;48017;26238;2;9
111878;-170584;47952;26202;8;9
113442;-169843;48050;26248;2;9
112148;-170360;47969;26216;1;9
109203;-168322;47785;26343;4;9
114508;-178251;48116;25723;4;9
108948;-169140;47769;26292;2;9
111264;-167879;47914;26371;1;9
109588;-168091;47809;26358;8;9
109781;-170924;47821;26181;1;9
112195;-168875;47972;26309;4;9
109249;-170049;47788;26235;8;9
109094;-170813;47778;26188;4;9
111040;-169956;47900;26241;4;9
110796;-168996;47884;26301;8;9
112083;-167953;47965;26366;1;9
113100;-170097;48028;26232;4;9
110932;-168990;47893;26302;4;9
111509;-168663;47929;26322;1;9
110275;-170818;47852;26187;8;9
109455;-170295;47800;26220;4;9
113176;-170472;48033;26209;2;9
108803;-170283;47760;26221;1;9
109267;-170602;47789;26201;4;9
109937;-168371;47831;26340;8;9
112949;-169259;48019;26285;1;9
111575;-170606;47933;26201;2;9
123946;-174206;48706;25976;4;9
110621;-167966;47873;26366;2;9
113529;-169941;48055;26242;8;9
109095;-167464;47778;26397;1;9
111536;-169296;47931;26283;2;9
105962;-173760;47582;26004;8;9
107938;-165353;47706;26529;8;9
110058;-169705;47838;26257;2;9
108988;-170858;47771;26185;1;9
110727;-170286;47880;26221;2;9
109198;-168743;47784;26317;2;9
110884;-169650;47890;26260;8;9
112923;-170451;48017;26210;1;9
109883;-165091;47827;26545;4;9
109086;-170906;47777;26182;8;9
111523;-166865;47930;26434;4;9
111798;-168496;47947;26333;2;9
111141;-169181;47906;26290;8;9
108892;-168994;47765;26301;8;9
109511;-169486;47804;26271;8;9
108877;-170612;47764;26200;8;9
111890;-168918;47953;26306;8;9
113039;-170245;48024;26223;2;9
109391;-168192;47796;26352;2;9
123765;-174421;48695;25962;1;9
113718;-169646;48067;26261;4;9
109382;-168379;47796;26340;1;9
111500;-169323;47928;26281;4;9
112652;-170503;48000;26207;1;9
109607;-170602;47810;26201;8;9
118790;-168587;48384;26327;4;9
112089;-168025;47965;26362;8;9
112937;-170051;48018;26235;4;9
109482;-170907;47802;26182;8;9
112320;-170811;47980;26188;8;9
113252;-169565;48038;26266;4;9
121547;-168425;48556;26337;2;9
110217;-169059;47848;26297;4;9
110734;-168107;47880;26357;4;9
109733;-167845;47818;26373;4;9
109207;-170718;47785;26194;1;9
109886;-165005;47827;26551;1;9
124698;-173933;48753;25993;1;9
123667;-174763;48689;25941;1;9
111533;-166865;47930;26434;8;9
109693;-170509;47815;26207;1;9
108974;-170954;47770;26179;4;9
109726;-167531;47817;26393;2;9
110081;-169188;47840;26289;8;9
110248;-168337;47850;26342;1;9
112057;-168190;47963;26352;2;9
112592;-170011;47997;26238;4;9
113054;-169989;48025;26239;4;9
106628;-173463;47624;26022;2;9
123913;-181868;48704;25497;4;9
120383;-168568;48483;26328;1;9
113085;-170123;48027;26231;2;9
120886;-168419;48515;26337;4;9
109955;-169632;47832;26262;8;9
109367;-170300;47795;26220;4;9
109744;-170642;47819;26198;2;9
112241;-167108;47975;26419;1;9
123753;-181311;48694;25532;8;9
108994;-170990;47772;26177;2;9
125174;-172860;48783;26060;1;9
110533;-170324;47868;26218;1;9
108839;-167501;47762;26395;8;9
109328;-169540;47793;26267;8;9
110487;-168442;47865;26336;1;9
112699;-169256;48003;26285;8;9
119214;-168449;48410;26335;4;9
110556;-169913;47869;26244;8;9
120080;-168516;48465;26331;2;9
108810;-169299;47760;26282;1;9
110416;-170155;47861;26229;8;9
106489;-172809;47615;26063;4;9
110252;-168390;47850;26339;8;9
112243;-168967;47975;26303;2;9
111268;-168395;47914;26339;8;9
109023;-167487;47773;26396;1;9
112940;-169852;48018;26248;2;9
111588;-168874;47934;26309;4;9
119603;-182053;48435;25485;4;9
111096;-168957;47903;26304;2;9
123247;-175118;48662;25919;8;9
112978;-169266;48021;26284;4;9
111044;-168857;47900;26310;2;9
110495;-169563;47865;26266;4;9
112381;-168721;47983;26318;1;9
109516;-167951;47804;26367;2;9
110756;-167164;47882;26416;1;9
111478;-169324;47927;26281;8;9
112388;-169303;47984;26282;8;9
106472;-172849;47614;26060;1;9
110987;-170702;47896;26195;2;9
113043;-170568;48025;26203;8;9
109196;-167858;47784;26372;4;9
110161;-169588;47845;26264;8;9
112551;-169949;47994;26242;4;9
109172;-167430;47783;26399;4;9
123596;-181334;48684;25530;8;9
110991;-169925;47896;26243;4;9
110029;-169155;47836;26291;8;9
109242;-168811;47787;26313;8;9
111095;-167306;47903;26407;2;9
108845;-168225;47762;26349;8;9
110349;-167657;47856;26385;2;9
125453;-173289;48800;26033;1;9
109076;-168929;47777;26305;8;9
110100;-167427;47841;26399;8;9
110911;-168767;47891;26316;2;9
110101;-170818;47841;26187;4;9
109298;-170953;47791;26179;8;9
109442;-168385;47800;26339;1;9
110935;-168021;47893;26362;2;9
111395;-166975;47922;26428;8;9
110039;-167726;47837;26381;4;9
110270;-168632;47851;26324;2;9
109380;-167684;47796;26383;1;9
109537;-168412;47806;26338;8;9
110745;-167118;47881;26419;4;9
111599;-168009;47934;26363;8;9
112657;-169268;48001;26284;4;9
123342;-174990;48668;25927;8;9
110618;-170146;47873;26229;2;9
112694;-170707;48003;26194;4;9
112039;-167598;47962;26389;1;9
111161;-170007;47907;26238;8;9
109695;-167936;47815;26368;1;9
111461;-168993;47926;26301;8;9
111684;-169030;47940;26299;4;9
110229;-169814;47849;26250;8;9
110042;-169354;47837;26279;4;9
110868;-170483;47889;26208;4;9
111115;-167222;47904;26412;1;9
113564;-169585;48057;26264;4;9
113164;-170735;48032;26193;1;9
112633;-169311;47999;26282;2;9
125523;-172621;48805;26075;2;9
123768;-174461;48695;25960;1;9
111058;-167207;47901;26413;8;9
110964;-170438;47895;26211;2;9
109184;-165070;47784;26547;8;9
109838;-169709;47824;26257;4;9
108913;-165622;47767;26512;2;9
110457;-170293;47863;26220;1;9
110301;-167478;47853;26396;4;9
109865;-169462;47826;26272;8;9
123588;-181452;48684;25523;2;9
110804;-170161;47885;26228;1;9
110116;-170613;47842;26200;1;9
109220;-168582;47786;26327;1;9
110936;-170442;47893;26211;4;9
110095;-168989;47840;26302;2;9
108401;-174257;47735;25972;1;9
110667;-169585;47876;26264;8;9
111270;-167836;47914;26374;1;9
110433;-167628;47862;26387;8;9
109138;-168797;47781;26314;8;9
110013;-169023;47835;26300;1;9
109895;-170852;47828;26185;2;9
108842;-169132;47762;26293;4;9
109568;-169365;47808;26278;1;9
126198;-172780;48847;26065;2;9
110524;-168448;47867;26336;1;9
111882;-167343;47952;26405;1;9
109597;-168646;47809;26323;8;9
112211;-168858;47973;26310;2;9
109139;-167781;47781;26377;2;9
112100;-169326;47966;26281;1;9
111039;-170746;47899;26192;4;9
110066;-167782;47839;26377;2;9
111599;-170652;47934;26198;1;9
109443;-167590;47800;26389;1;9
113001;-170939;48022;26180;1;9
110885;-168028;47890;26362;2;9
109550;-170558;47806;26204;8;9
108936;-170941;47768;26180;4;9
113306;-169633;48041;26261;2;9
111482;-168970;47927;26303;4;9
110928;-169052;47893;26298;8;9
113700;-169258;48066;26285;4;9
110855;-169600;47888;26264;2;9
111016;-167235;47898;26411;4;9
111965;-169063;47957;26297;1;9
109393;-168467;47797;26334;2;9
125789;-172961;48821;26053;2;9
109398;-168263;47797;26347;4;9
121013;-188264;48523;25097;2;9
110827;-168975;47886;26303;2;9
111364;-170446;47920;26211;1;9
111037;-170419;47899;26212;2;9
110851;-167706;47888;26382;2;9
109299;-169061;47791;26297;4;9
112974;-170430;48020;26212;4;9
108965;-169453;47770;26273;1;9
110995;-168931;47897;26305;2;9
110171;-168698;47845;26320;1;9
109189;-168754;47784;26316;4;9
109020;-169422;47773;26275;8;9
111499;-170062;47928;26235;2;9
112082;-168884;47965;26308;8;9
111374;-166698;47920;26445;4;9
110026;-168672;47836;26322;8;9
111644;-168973;47937;26303;8;9
112289;-168202;47978;26351;8;9
109383;-167505;47796;26394;2;9
110858;-169296;47888;26283;1;9
112066;-170900;47964;26182;4;9
112266;-167692;47976;26383;4;9
108992;-168990;47772;26302;8;9
111742;-169108;47943;26294;2;9
115812;-181125;48198;25543;4;9
111716;-168605;47942;26326;4;9
111897;-169618;47953;26262;8;9
113680;-169622;48065;26262;2;9
113648;-170006;48063;26238;8;9
109694;-169851;47815;26248;4;9
109481;-165120;47802;26544;4;9
109580;-170673;47808;26196;8;9
123625;-181416;48686;25525;8;9
112950;-169252;48019;26285;2;9
108962;-170320;47770;26219;2;9
110980;-167740;47896;26380;1;9
111177;-170500;47908;26207;8;9
110477;-169585;47864;26264;1;9
111877;-168652;47952;26323;8;9
109227;-168233;47786;26349;8;9
123612;-181512;48685;25519;4;9
111380;-168643;47921;26323;2;9
109885;-168568;47827;26328;2;9
109745;-168460;47819;26335;1;9
110180;-169834;47846;26249;1;9
112007;-169989;47960;26239;8;9
116202;-177508;48222;25769;8;9
111127;-170914;47905;26181;4;9
109939;-165605;47831;26513;2;9
110125;-169668;47842;26259;2;9
110178;-169576;47846;26265;8;9
110908;-169675;47891;26259;2;9
108928;-168576;47768;26328;8;9
123580;-181454;48683;25523;1;9
110674;-169291;47877;26283;4;9
111601;-167161;47935;26416;4;9
111008;-167701;47898;26382;2;9
108358;-165044;47732;26548;4;9
124599;-173309;48747;26032;1;9
108839;-168144;47762;26355;1;9
111933;-169518;47955;26269;4;9
112499;-170185;47991;26227;8;9
113079;-170900;48027;26182;8;9
109355;-168810;47794;26313;4;9
111185;-167087;47909;26421;4;9
108909;-165537;47766;26517;4;9
110854;-170175;47888;26228;4;9
124300;-173452;48728;26023;8;9
109482;-170186;47802;26227;4;9
119604;-182005;48435;25488;8;9
109295;-170714;47790;26194;2;9
110166;-167632;47845;26387;4;9
124877;-173143;48764;26042;2;9
109583;-168092;47808;26358;2;9
111419;-170079;47923;26234;8;9
119092;-168598;48403;26326;2;9
109669;-167507;47814;26394;4;9
111494;-168911;47928;26307;4;9
111458;-170708;47926;26194;2;9
109631;-167580;47811;26390;1;9
112276;-170198;47977;26226;8;9
110270;-170143;47851;26230;2;9
110286;-169909;47852;26244;4;9
109741;-168031;47818;26362;2;9
108105;-165265;47716;26534;4;9
108811;-176259;47760;25847;1;9
111448;-168339;47925;26342;2;9
109283;-168825;47790;26312;4;9
109387;-168140;47796;26355;4;9
111836;-169515;47949;26269;2;9
109212;-168280;47785;26346;1;9
110245;-165020;47850;26550;4;9
112673;-169715;48002;26256;8;9
112313;-170692;47979;26195;4;9
109226;-168540;47786;26330;1;9
109217;-170527;47786;26206;4;9
111549;-168373;47931;26340;2;9
110346;-169895;47856;26245;2;9
108927;-169217;47767;26287;4;9
113017;-170455;48023;26210;8;9
112860;-170966;48013;26178;8;9
111273;-169140;47914;26292;2;9
110191;-169209;47846;26288;8;9
113211;-170361;48035;26216;8;9
112564;-169976;47995;26240;1;9
110601;-170117;47872;26231;4;9
109058;-169144;47776;26292;1;9
111195;-167550;47909;26392;1;9
110539;-168691;47868;26320;8;9
111604;-170432;47935;26212;1;9
110676;-170212;47877;26225;2;9
112207;-167655;47972;26385;2;9
111778;-168138;47946;26355;2;9
110976;-167642;47896;26386;4;9
110256;-168458;47851;26335;1;9
111661;-169138;47938;26292;4;9
110801;-168173;47885;26353;1;9
111257;-167393;47913;26401;4;9
109750;-170384;47819;26215;4;9
113377;-169770;48046;26253;4;9
111394;-167107;47922;26419;8;9
108833;-168380;47762;26340;4;9
110145;-168908;47844;26307;2;9
111388;-167066;47921;26422;2;9
111220;-166953;47911;26429;2;9
112192;-168046;47972;26361;4;9
124572;-173324;48745;26031;8;9
110052;-169876;47838;26246;8;9
112081;-169070;47965;26297;1;9
112243;-167331;47975;26405;2;9
112386;-170960;47984;26179;1;9
109526;-168930;47805;26305;2;9
109303;-169084;47791;26296;2;9
121042;-188195;48525;25101;4;9
110375;-170134;47858;26230;2;9
110048;-168883;47838;26308;8;9
111908;-167645;47954;26386;4;9
119117;-168558;48404;26329;4;9
109695;-168633;47815;26324;4;9
110095;-169760;47840;26254;1;9
111154;-168393;47907;26339;2;9
108822;-170995;47761;26176;1;9
109977;-168103;47833;26357;8;9
113283;-170407;48040;26213;2;9
107890;-165353;47703;26529;2;9
111056;-170389;47901;26214;1;9
112930;-170346;48018;26217;1;9
111033;-167322;47899;26406;2;9
109713;-167626;47817;26387;8;9
109436;-168227;47799;26349;2;9
108843;-168740;47762;26317;2;9
113017;-170483;48023;26208;4;9
109896;-170608;47828;26201;1;9
108107;-165420;47716;26525;1;9
110029;-169660;47836;26260;1;9
110895;-169754;47890;26254;4;9
110380;-169984;47858;26240;2;9
109534;-170917;47805;26181;8;9
109648;-170972;47813;26178;8;9
109715;-170337;47817;26217;4;9
111769;-167993;47945;26364;8;9
109993;-167773;47834;26378;1;9
110903;-170344;47891;26217;4;9
111203;-168813;47910;26313;2;9
114532;-178453;48118;25710;4;9
123651;-174832;48688;25937;1;9
109709;-169401;47816;26276;8;9
109418;-170993;47798;26176;8;9
109042;-167789;47775;26377;8;9
112201;-167098;47972;26420;4;9
123543;-174958;48681;25929;8;9
112038;-169487;47962;26271;1;9
111360;-169869;47920;26247;1;9
111483;-169178;47927;26290;2;9
113291;-170114;48040;26231;4;9
111153;-170647;47907;26198;2;9
105511;-172620;47554;26075;1;9
112369;-167604;47983;26388;4;9
111842;-170389;47950;26214;4;9
111107;-169337;47904;26280;2;9
109749;-168411;47819;26338;8;9
119687;-168538;48440;26330;4;9
108926;-169660;47767;26260;8;9
123557;-174880;48682;25934;1;9
110650;-169090;47875;26295;8;9
110098;-168603;47841;26326;4;9
109026;-170784;47774;26190;2;9
109159;-168392;47782;26339;4;9
111036;-167666;47899;26384;8;9
109058;-170095;47776;26233;1;9
112620;-170111;47998;26232;2;9
110689;-167955;47878;26366;1;9
109492;-170625;47803;26199;4;9
107669;-165342;47689;26530;8;9
108962;-170915;47770;26181;1;9
109520;-170519;47805;26206;8;9
110467;-170978;47864;26177;2;9
109634;-169216;47812;26288;1;9
109993;-169497;47834;26270;8;9
108866;-169365;47764;26278;8;9
109311;-167874;47791;26371;1;9
108966;-170578;47770;26202;2;9
110023;-169075;47836;26296;2;9
109372;-170800;47795;26189;8;9
112524;-169680;47992;26259;1;9
109015;-169824;47773;26250;1;9
108801;-168898;47760;26307;1;9
111959;-170225;47957;26224;1;9
111728;-167880;47943;26371;2;9
111950;-167985;47956;26364;8;9
109101;-169252;47778;26285;1;9
109642;-169697;47812;26257;4;9
120054;-182014;48463;25488;1;9
112164;-168622;47970;26325;8;9
108444;-165565;47737;26516;8;9
111856;-167833;47951;26374;8;9
109635;-170789;47812;26189;4;9
112041;-168368;47962;26341;8;9
124783;-173918;48758;25994;1;9
111808;-169199;47948;26289;2;9
110753;-167793;47882;26376;2;9
107873;-172614;47702;26075;1;9
116209;-177376;48223;25778;4;9
111042;-167782;47900;26377;2;9
111944;-167895;47956;26370;2;9
109219;-170672;47786;26197;4;9
113443;-169796;48050;26251;2;9
110870;-169277;47889;26284;8;9
109492;-169536;47803;26268;4;9
111954;-167616;47957;26388;2;9
109046;-170604;47775;26201;1;9
111095;-169618;47903;26262;4;9
109994;-170790;47834;26189;8;9
106282;-172856;47602;26060;1;9
105989;-172731;47584;26068;2;9
109351;-167907;47794;26369;1;9
110298;-169786;47853;26252;4;9
110384;-170260;47859;26222;8;9
110652;-170916;47875;26181;4;9
110940;-170281;47893;26221;1;9
121294;-188371;48540;25090;4;9
113688;-169764;48065;26253;8;9
111503;-168611;47928;26325;1;9
113260;-170468;48038;26209;8;9
111226;-167366;47911;26403;1;9
110968;-170329;47895;26218;8;9
110662;-170160;47876;26229;2;9
110276;-169916;47852;26244;4;9
109623;-168095;47811;26358;8;9
111387;-168506;47921;26332;1;9
112726;-170896;48005;26183;4;9
108911;-170776;47766;26190;2;9
107705;-165319;47691;26531;4;9
112076;-168326;47964;26343;2;9
109112;-168102;47779;26357;8;9
110727;-170007;47880;26238;1;9
110714;-169262;47879;26285;1;9
111430;-167948;47924;26367;1;9
113375;-169251;48045;26285;4;9
120128;-168449;48468;26335;1;9
110023;-170552;47836;26204;4;9
110212;-168837;47848;26311;8;9
110452;-168290;47863;26345;1;9
109652;-167908;47813;26369;2;9
113354;-169597;48044;26264;4;9
125426;-172707;48799;26069;2;9
110233;-168576;47849;26328;1;9
108803;-170620;47760;26200;1;9
110549;-168307;47869;26344;8;9
110553;-167299;47869;26407;8;9
109182;-168185;47783;26352;4;9
111134;-169203;47905;26288;2;9
108936;-167743;47768;26380;4;9
109407;-170530;47797;26205;8;9
109949;-169604;47831;26263;8;9
113186;-169310;48034;26282;2;9
109313;-165025;47792;26549;2;9
109858;-167939;47826;26367;4;9
113311;-169841;48041;26248;8;9
111014;-170257;47898;26222;2;9
113495;-170695;48053;26195;8;9
113197;-171007;48034;26176;4;9
109497;-170406;47803;26213;4;9
109113;-167732;47779;26380;2;9
111192;-169660;47909;26260;2;9
112606;-170565;47997;26203;2;9
113443;-170560;48050;26204;1;9
109813;-170660;47823;26197;8;9
114981;-180052;48146;25610;8;9
108808;-169516;47760;26269;2;9
110122;-167772;47842;26378;8;9
119784;-168555;48446;26329;4;9
109279;-170415;47789;26213;4;9
109770;-168244;47820;26348;4;9
113539;-169558;48056;26266;1;9
111445;-170596;47925;26201;8;9
111378;-170501;47921;26207;1;9
112327;-167955;47980;26366;8;9
109938;-169946;47831;26242;1;9
109509;-168592;47804;26327;1;9
109400;-169999;47797;26239;8;9
111686;-170405;47940;26213;4;9
110092;-169823;47840;26250;8;9
110622;-169171;47873;26290;1;9
113341;-170125;48043;26231;2;9
110991;-167245;47896;26411;1;9
107920;-165174;47705;26540;2;9
110756;-167747;47882;26379;4;9
106193;-172698;47597;26070;1;9
113751;-170024;48069;26237;8;9
119708;-181998;48441;25489;1;9
123308;-175083;48666;25921;1;9
112917;-170077;48017;26234;4;9
113504;-170581;48054;26202;8;9
112248;-168964;47975;26303;2;9
113487;-170310;48052;26219;4;9
112086;-168022;47965;26362;1;9
109972;-169890;47833;26245;1;9
124724;-173847;48755;25998;4;9
112605;-169239;47997;26286;2;9
112259;-170039;47976;26236;4;9
124183;-173666;48721;26009;2;9
110838;-168007;47887;26363;2;9
107799;-172597;47697;26076;8;9
110498;-170290;47866;26220;8;9
111743;-169584;47943;26265;2;9
113250;-169259;48038;26285;1;9
110890;-169023;47890;26300;2;9
120294;-168493;48478;26333;1;9
110964;-167524;47895;26393;1;9
109764;-167958;47820;26366;1;9
108913;-169553;47767;26266;2;9