124297;-176695;48728;25820;4;4
119336;-193951;48418;24742;8;4
129256;-183687;49038;25383;8;4
116633;-184396;48249;25339;1;4
129745;-182703;49069;25445;1;4
98956;-173197;47144;26039;2;4
128592;-182885;48997;25433;4;4
128093;-182502;48965;25457;4;4
107637;-176138;47687;25855;8;4
98987;-173045;47146;26048;8;4
120466;-185077;48489;25296;4;4
125921;-180372;48830;25590;1;4
120538;-193190;48493;24789;8;4
105654;-196431;47563;24587;4;4
99010;-173022;47148;26050;2;4
124148;-196368;48719;24591;8;4
99064;-173330;47151;26030;2;4
129391;-181944;49046;25492;1;4
105441;-195521;47550;24643;2;4
128926;-183405;49017;25401;8;4
110315;-174017;47854;25987;4;4
114885;-180269;48140;25597;8;4
120464;-184323;48489;25343;4;4
129089;-181706;49028;25507;8;4
117090;-178905;48278;25682;2;4
108173;-172588;47720;26077;2;4
108190;-172700;47721;26070;4;4
128862;-183156;49013;25416;1;4
120664;-186297;48501;25220;4;4
126366;-177098;48857;25795;1;4
129113;-181678;49029;25509;2;4
122143;-191980;48593;24865;8;4
121023;-187693;48523;25133;2;4
120340;-189131;48481;25043;2;4
123389;-193660;48671;24760;1;4
120488;-184599;48490;25326;4;4
120725;-184963;48505;25303;2;4
105251;-194938;47538;24680;2;4
109873;-173514;47827;26019;8;4
115084;-180330;48152;25593;2;4
120449;-184144;48488;25355;1;4
121425;-187664;48549;25135;4;4
127316;-176980;48917;25802;2;4
120612;-186125;48498;25231;2;4
122248;-191393;48600;24901;1;4
108165;-172546;47720;26079;4;4
114004;-171083;48085;26171;8;4
103832;-186129;47449;25230;4;4
123783;-195924;48696;24618;1;4
109810;-173559;47823;26016;1;4
111598;-173779;47934;26002;8;4
113962;-171115;48082;26169;2;4
126856;-175925;48888;25868;4;4
120514;-193267;48492;24784;4;4
120409;-189813;48485;25000;1;4
126822;-180042;48886;25611;2;4
111430;-173349;47924;26029;8;4
128956;-183370;49019;25403;1;4
121039;-185682;48524;25258;4;4
99259;-166899;47163;26432;1;4
122946;-181590;48644;25514;4;4
122040;-181342;48587;25530;1;4
111641;-173719;47937;26006;8;4
113696;-171452;48066;26148;1;4
120515;-184749;48492;25317;2;4
128100;-182459;48966;25460;8;4
120710;-185015;48504;25300;8;4
120474;-185321;48489;25281;8;4
120428;-189067;48486;25047;2;4
99290;-166881;47165;26433;4;4
130076;-186631;49089;25199;8;4
121028;-187725;48524;25131;1;4
120356;-189176;48482;25040;2;4
129257;-184023;49038;25362;4;4
120973;-187259;48520;25160;8;4
105201;-194742;47535;24692;4;4
129249;-184126;49038;25356;4;4
128980;-181729;49021;25505;4;4
108323;-172379;47730;26090;4;4
127350;-181720;48919;25506;1;4
120709;-184549;48504;25329;8;4
106596;-173829;47622;25999;1;4
129159;-185492;49032;25270;2;4
128646;-181715;49000;25506;8;4
99806;-185051;47197;25298;1;4
112939;-174963;48018;25928;8;4
112083;-173755;47965;26004;1;4
117237;-193796;48287;24751;4;4
105697;-196272;47566;24597;2;4
130110;-186682;49091;25196;2;4
103688;-185657;47440;25260;2;4
114818;-180323;48136;25593;4;4
120970;-187896;48520;25120;2;4
117733;-188309;48318;25094;8;4
114833;-180323;48137;25593;1;4
120562;-184125;48495;25356;1;4
98968;-173091;47145;26045;2;4
120618;-185960;48498;25241;2;4
120867;-187026;48514;25174;1;4
120530;-185574;48493;25265;4;4
120554;-184176;48494;25353;1;4
120553;-184401;48494;25338;1;4
120504;-184166;48491;25353;8;4
127277;-176720;48914;25819;4;4
117697;-188662;48316;25072;1;4
129214;-183839;49035;25374;4;4
105701;-196482;47566;24583;1;4
121224;-186930;48536;25180;2;4
106561;-173939;47620;25992;4;4
121071;-191005;48526;24926;8;4
120738;-184754;48506;25316;8;4
112056;-173797;47963;26001;1;4
107451;-176463;47675;25835;2;4
124462;-181781;48738;25502;4;4
120360;-189741;48482;25005;4;4
101854;-185566;47325;25266;8;4
105721;-196291;47567;24595;1;4
129775;-182766;49070;25441;4;4
120388;-189427;48484;25024;1;4
120549;-193566;48494;24766;4;4
129271;-184758;49039;25316;1;4
129258;-184733;49038;25318;4;4
129556;-182377;49057;25465;4;4
129700;-186455;49066;25210;4;4
121439;-187633;48549;25136;2;4
108174;-172551;47720;26079;8;4
105707;-196360;47566;24591;1;4
110227;-174043;47849;25986;1;4
122326;-191392;48605;24902;8;4
123246;-196086;48662;24608;2;4
120983;-187378;48521;25152;8;4
111839;-173787;47949;26002;4;4
124910;-177965;48766;25741;4;4
120369;-188931;48483;25055;4;4
119390;-194017;48421;24737;4;4
115145;-180274;48156;25596;8;4
122336;-191423;48606;24900;1;4
127660;-181080;48938;25546;8;4
120923;-186833;48517;25186;2;4
126836;-179993;48887;25614;1;4
112531;-173500;47993;26020;1;4
120532;-184250;48493;25348;8;4
127319;-181611;48917;25513;4;4
112994;-174957;48022;25929;4;4
127184;-176787;48909;25814;8;4
101823;-185558;47323;25266;8;4
100060;-185583;47213;25265;1;4
129204;-183708;49035;25382;8;4
115012;-180255;48148;25598;2;4
105378;-195465;47546;24647;2;4
120381;-189330;48483;25030;8;4
120980;-187859;48521;25122;8;4
129847;-183811;49075;25375;8;4
121077;-185883;48527;25246;4;4
116309;-184999;48229;25301;4;4
120613;-186313;48498;25219;2;4
114540;-179841;48118;25623;4;4
127304;-176952;48916;25804;4;4
123357;-193064;48669;24797;2;4
116608;-184445;48248;25336;2;4
129697;-183118;49066;25419;8;4
129077;-181753;49027;25504;4;4
104914;-194480;47517;24709;8;4
129494;-186231;49053;25224;2;4
117240;-193873;48287;24746;2;4
113669;-171426;48064;26149;4;4
111890;-173411;47953;26025;8;4
124344;-176696;48731;25820;8;4
129706;-183407;49066;25401;2;4
121021;-187229;48523;25162;8;4
129810;-183804;49073;25376;2;4
128237;-181577;48974;25515;8;4
123416;-177037;48673;25799;8;4
109784;-173496;47821;26020;8;4
120343;-189400;48481;25026;1;4
123575;-178188;48683;25727;1;4
125923;-180453;48830;25585;8;4
124481;-181840;48740;25499;1;4
115061;-193361;48151;24778;1;4
130343;-181063;49106;25547;4;4
129697;-183209;49066;25413;1;4
129821;-184520;49073;25331;1;4
109888;-174454;47828;25960;2;4
109881;-174392;47827;25964;1;4
130278;-194326;49102;24718;4;4
127259;-181721;48913;25506;1;4
120816;-184912;48511;25307;4;4
122141;-191926;48593;24868;8;4
120332;-188965;48480;25053;2;4
112156;-173315;47969;26031;8;4
121033;-185858;48524;25247;8;4
105377;-195432;47546;24649;4;4
124053;-196372;48713;24590;4;4
129261;-185105;49038;25294;2;4
124127;-196400;48717;24589;8;4
120513;-184769;48492;25315;8;4
109818;-173536;47823;26018;4;4
120492;-193241;48490;24786;2;4
123580;-178295;48683;25720;1;4
123632;-178252;48687;25723;8;4
126746;-179656;48881;25635;1;4
105448;-195329;47550;24655;8;4
127238;-181758;48912;25504;1;4
99312;-167356;47167;26404;2;4
120887;-186995;48515;25176;2;4
129722;-182995;49067;25426;8;4
107290;-175872;47665;25872;2;4
119838;-182156;48449;25479;4;4
120573;-184609;48495;25325;8;4
130100;-186695;49091;25195;2;4
111744;-173387;47944;26027;4;4
107387;-175866;47671;25872;8;4
120463;-193626;48488;24762;2;4
112256;-173373;47976;26028;8;4
122899;-181552;48641;25517;1;4
109926;-174435;47830;25961;8;4
105449;-195542;47550;24642;2;4
113512;-175910;48054;25869;8;4
124090;-196375;48715;24590;8;4
126850;-175926;48888;25868;8;4
122733;-191699;48630;24882;2;4
129896;-183857;49078;25372;8;4
117694;-188615;48315;25075;4;4
114024;-171097;48086;26170;1;4
121346;-187263;48544;25160;1;4
112179;-173761;47971;26003;1;4
121017;-187748;48523;25129;2;4
126826;-179651;48886;25635;4;4
120657;-186029;48501;25237;2;4
122494;-192172;48615;24853;8;4
113690;-171465;48065;26147;4;4
121364;-187673;48545;25134;8;4
127353;-176939;48919;25805;2;4
122095;-191274;48590;24909;1;4
108266;-172768;47726;26066;8;4
99974;-185641;47208;25261;8;4
128986;-181699;49021;25507;8;4
129179;-184856;49033;25310;4;4
129773;-183455;49070;25398;4;4
120991;-187635;48521;25136;2;4
111968;-173736;47958;26005;2;4
129725;-182842;49067;25436;2;4
120626;-185821;48499;25250;4;4
130502;-192713;49116;24819;8;4
129242;-185396;49037;25276;1;4
108266;-172369;47726;26090;1;4
109844;-174339;47825;25967;8;4
117145;-193915;48281;24744;4;4
117709;-188852;48316;25060;2;4
129889;-184449;49078;25335;4;4
129326;-185904;49042;25245;4;4
126781;-175972;48883;25865;8;4
114482;-179875;48115;25621;4;4
105038;-194599;47524;24701;1;4
99279;-167029;47164;26424;4;4
111989;-173746;47959;26004;4;4
121062;-187855;48526;25123;2;4
105075;-194570;47527;24703;4;4
121984;-191346;48584;24904;1;4
111942;-173354;47956;26029;8;4
107389;-175820;47671;25875;2;4
129150;-183448;49031;25398;4;4
123799;-177955;48697;25741;4;4
122660;-181192;48626;25539;8;4
121989;-191315;48584;24906;8;4
105221;-194878;47536;24684;8;4
122097;-191303;48591;24907;8;4
129009;-183421;49023;25400;4;4
99225;-167039;47161;26424;1;4
130161;-186663;49095;25197;4;4
99351;-168548;47169;26329;4;4
111673;-173753;47939;26004;8;4
122634;-181129;48624;25543;2;4
115186;-180314;48159;25594;4;4
120343;-189694;48481;25008;2;4
122145;-191989;48594;24864;8;4
130174;-186750;49095;25192;4;4
121390;-187622;48546;25137;1;4
121083;-187522;48527;25143;8;4
111695;-173722;47940;26006;4;4
121019;-187206;48523;25163;2;4
129749;-183441;49069;25398;1;4
122006;-191301;48585;24907;4;4
113984;-171121;48084;26168;4;4
108194;-172678;47722;26071;4;4
129274;-184163;49039;25353;8;4
129170;-184124;49033;25356;2;4
116620;-184326;48248;25343;2;4
99827;-185032;47199;25299;2;4
105405;-195601;47547;24638;1;4
123799;-195959;48697;24616;1;4
129767;-186420;49070;25212;2;4
121254;-186929;48538;25180;8;4
127299;-181587;48916;25514;1;4
123617;-178216;48686;25725;1;4
121317;-186911;48542;25182;2;4
124440;-181801;48737;25501;1;4
129888;-183825;49078;25374;8;4
126395;-177056;48859;25798;8;4
99062;-173082;47151;26046;1;4
120577;-186257;48496;25222;2;4
130568;-186313;49120;25219;2;4
105706;-196320;47566;24594;4;4
120356;-189566;48482;25016;2;4
124801;-178030;48760;25737;2;4
123822;-178016;48698;25738;8;4
129765;-182872;49070;25434;8;4
126338;-177071;48856;25797;8;4
121291;-186939;48540;25180;1;4
129818;-193528;49073;24768;1;4
129382;-181943;49046;25492;4;4
121068;-187687;48526;25133;4;4
105697;-196568;47566;24578;8;4
112382;-173406;47983;26026;8;4
128021;-181532;48961;25518;8;4
129154;-185191;49032;25289;2;4
130279;-194325;49102;24718;8;4
123464;-177028;48676;25799;8;4
129448;-186221;49050;25225;1;4
115161;-180275;48157;25596;1;4
120921;-186835;48517;25186;1;4
117758;-188942;48319;25055;2;4
114484;-179960;48115;25616;1;4
121036;-187828;48524;25124;8;4
112020;-173762;47961;26003;4;4
113730;-171491;48068;26145;4;4
105540;-195958;47556;24616;8;4
122400;-192139;48610;24855;8;4
99326;-166904;47167;26432;8;4
129392;-185959;49047;25241;4;4
122998;-181445;48647;25523;8;4
128043;-182462;48962;25460;1;4
114920;-182645;48142;25448;8;4
120414;-189314;48485;25031;8;4
127240;-181730;48912;25505;2;4
120950;-187004;48519;25176;1;4
128209;-181548;48973;25517;8;4
129759;-182770;49069;25440;4;4
113475;-173957;48052;25991;4;4
128042;-181510;48962;25519;2;4
128395;-181676;48984;25509;8;4
129914;-183907;49079;25369;8;4
123300;-193608;48666;24763;1;4
99019;-173010;47148;26050;1;4
129154;-183776;49032;25378;8;4
121258;-187916;48538;25119;2;4
124873;-178032;48764;25737;8;4
120358;-189889;48482;24995;8;4
122568;-191499;48620;24895;4;4
117710;-188655;48316;25073;2;4
109935;-174347;47830;25967;2;4
105708;-196101;47566;24607;1;4
130681;-187074;49127;25171;2;4
127285;-176741;48915;25817;2;4
122939;-181464;48643;25522;4;4
112380;-173432;47983;26024;8;4
121013;-191038;48523;24924;1;4
105078;-194644;47527;24698;1;4
111483;-173787;47927;26002;4;4
122975;-181620;48645;25512;1;4
129265;-184731;49039;25318;4;4
120672;-186269;48502;25222;4;4
108260;-172299;47726;26095;4;4
123286;-193762;48665;24753;4;4
129015;-181733;49023;25505;2;4
129566;-182365;49057;25466;8;4
99245;-167024;47162;26425;1;4
129224;-183998;49036;25364;8;4
117639;-188549;48312;25079;2;4
129623;-182470;49061;25459;1;4
120962;-187895;48520;25120;2;4
130407;-181056;49110;25548;8;4
119830;-182269;48449;25472;2;4
120891;-186631;48515;25199;1;4
120683;-185992;48502;25239;4;4
121087;-191047;48527;24923;2;4
122285;-191479;48602;24896;1;4
126803;-180068;48885;25609;8;4
105650;-196195;47563;24601;8;4
129199;-184018;49034;25362;2;4
120390;-189743;48484;25005;8;4
120436;-188884;48487;25058;4;4
122014;-191265;48585;24909;2;4
127727;-181162;48942;25541;4;4
105448;-195233;47550;24661;8;4
120530;-193165;48493;24791;8;4
129487;-186158;49052;25229;2;4
129689;-182936;49065;25430;1;4
112013;-173375;47960;26028;8;4
129081;-183431;49027;25399;8;4
106603;-173950;47622;25992;2;4
122094;-191296;48590;24908;2;4
120409;-189091;48485;25045;8;4
99004;-173319;47147;26031;4;4
128597;-182909;48997;25432;1;4
128753;-181681;49007;25508;1;4
120565;-184497;48495;25332;4;4
129848;-183716;49075;25381;8;4
122930;-181589;48643;25514;1;4
114816;-182553;48136;25454;8;4
127696;-181116;48941;25544;8;4
112143;-173752;47968;26004;1;4
130044;-184631;49087;25324;8;4
120580;-186099;48496;25232;1;4
109943;-174344;47831;25967;8;4
120572;-193220;48495;24787;2;4
120813;-184545;48510;25329;1;4
122016;-192778;48586;24815;4;4
129200;-183970;49035;25365;1;4
120964;-187771;48520;25128;8;4
121460;-187184;48551;25165;8;4
130331;-181015;49105;25550;4;4
120917;-187081;48517;25171;8;4
111954;-173403;47957;26026;1;4
126774;-179681;48883;25633;1;4
120392;-189529;48484;25018;4;4
112073;-173749;47964;26004;8;4
123005;-181627;48647;25512;8;4
120523;-185092;48492;25295;4;4
125865;-180401;48826;25588;8;4
114881;-182628;48140;25449;4;4
111389;-173732;47921;26005;2;4
117687;-188887;48315;25058;4;4
129168;-185148;49033;25292;2;4
108392;-172325;47734;26093;2;4
130109;-186627;49091;25199;4;4
105385;-195310;47546;24657;4;4
120501;-193186;48491;24789;8;4
106577;-173919;47621;25994;2;4
112161;-173363;47970;26028;1;4
127306;-181538;48916;25517;1;4
122704;-191726;48629;24881;8;4
122343;-191382;48606;24902;4;4
129818;-183706;49073;25382;2;4
108236;-172735;47724;26068;1;4
122636;-191716;48624;24881;1;4
129060;-181696;49026;25508;4;4
101777;-185600;47321;25264;8;4
121254;-188011;48538;25113;4;4
121444;-187701;48550;25132;1;4
121086;-185838;48527;25249;4;4
113778;-171500;48071;26145;1;4
113431;-175986;48049;25864;1;4
119386;-193964;48421;24741;2;4
112223;-173801;47973;26001;4;4
99037;-173319;47149;26031;1;4
122130;-191891;48593;24870;8;4
122107;-192837;48591;24811;8;4
120472;-185097;48489;25295;4;4
124800;-177934;48760;25743;2;4
105413;-195815;47548;24625;2;4
129355;-185821;49044;25250;2;4
129208;-183586;49035;25389;1;4
99257;-166796;47163;26439;1;4
105117;-194692;47529;24695;2;4
120654;-185914;48500;25244;8;4
121297;-186899;48541;25182;4;4
122019;-181305;48586;25532;1;4
122994;-181497;48647;25520;8;4
120463;-193648;48488;24761;1;4
110071;-173508;47839;26019;1;4
112202;-173411;47972;26025;2;4
120472;-185389;48489;25277;1;4
111459;-173701;47926;26007;1;4
98999;-173299;47147;26032;8;4
129253;-185226;49038;25287;1;4
105431;-195144;47549;24667;8;4
109768;-173529;47820;26018;4;4
100052;-185684;47213;25258;2;4
129221;-184706;49036;25319;4;4
111546;-173780;47931;26002;8;4
120599;-186202;48497;25226;2;4
123478;-177134;48677;25793;1;4
128744;-181678;49006;25509;1;4
120603;-186043;48497;25236;4;4
129364;-185832;49045;25249;8;4
130024;-184656;49086;25323;1;4
111828;-173775;47949;26003;2;4
103747;-185746;47444;25254;4;4
120760;-185080;48507;25296;4;4
103926;-186228;47455;25224;1;4
111759;-173365;47944;26028;4;4
126627;-179655;48874;25635;4;4
129343;-185884;49043;25246;8;4
121003;-185616;48522;25263;8;4
129165;-183578;49032;25390;4;4
129222;-185505;49036;25269;4;4
114828;-182586;48136;25452;1;4
115075;-179797;48152;25626;4;4
129276;-184989;49039;25302;4;4
105396;-195758;47547;24629;2;4
129575;-182419;49058;25462;4;4
122883;-181476;48640;25521;8;4
111812;-173811;47948;26000;8;4
126616;-179639;48873;25636;1;4
123548;-178194;48681;25726;4;4
113765;-171470;48070;26147;2;4
130670;-187033;49126;25174;8;4
121063;-185643;48526;25261;2;4
123480;-177044;48677;25798;1;4
120454;-185522;48488;25268;1;4
105189;-194806;47534;24688;2;4
121049;-187978;48525;25115;2;4
111278;-173754;47914;26004;8;4
108375;-172365;47733;26091;8;4
99287;-166813;47165;26438;1;4
123583;-178239;48683;25724;8;4
114965;-193373;48145;24778;8;4
104966;-194623;47520;24700;8;4
99343;-168534;47168;26330;1;4
124301;-176694;48728;25820;8;4
127345;-181513;48919;25519;4;4
130440;-186177;49112;25227;2;4
109996;-173508;47834;26019;4;4
105375;-195651;47545;24635;8;4
121467;-190778;48551;24940;8;4
121133;-186391;48530;25214;2;4
120969;-191033;48520;24924;4;4
127651;-181215;48938;25538;8;4
105406;-195839;47547;24624;2;4
126459;-177030;48863;25799;2;4
112155;-173702;47969;26007;8;4
121062;-187676;48526;25134;1;4
129686;-183087;49065;25421;2;4
105629;-196503;47561;24582;2;4
128693;-181746;49003;25504;1;4
130582;-187061;49121;25172;2;4
120440;-189882;48487;24996;8;4
129113;-181660;49029;25510;2;4
112171;-173703;47970;26007;1;4
129698;-183230;49066;25412;1;4
129814;-184515;49073;25331;8;4
126733;-179682;48880;25633;4;4
120550;-185100;48494;25295;4;4
128525;-182818;48992;25437;2;4
111747;-173315;47944;26031;4;4
109705;-173468;47816;26022;8;4
112068;-173757;47964;26004;2;4
129275;-185588;49039;25264;1;4
111948;-173373;47956;26028;1;4
128862;-181750;49013;25504;1;4
117648;-188510;48313;25082;1;4
129217;-184147;49036;25354;1;4
112360;-173336;47982;26030;4;4
129611;-182379;49060;25465;4;4
130583;-187021;49121;25175;2;4
108197;-172789;47722;26064;4;4
114865;-180266;48139;25597;8;4
129055;-183529;49025;25393;8;4
121061;-185981;48526;25240;8;4
120834;-186734;48512;25193;1;4
119898;-182247;48453;25473;4;4
112908;-174887;48016;25933;2;4
120388;-188978;48484;25052;8;4
99842;-185257;47200;25285;4;4
129832;-193438;49074;24774;8;4
114554;-179938;48119;25617;1;4
128872;-195963;49014;24616;8;4
111417;-173800;47923;26001;1;4
105110;-194764;47529;24691;1;4
126631;-179591;48874;25639;4;4
105645;-195987;47562;24614;2;4
129928;-184613;49080;25325;2;4
120968;-185751;48520;25254;1;4
112639;-173510;47999;26019;4;4
120413;-189020;48485;25050;2;4
121335;-188148;48543;25104;8;4
121286;-188057;48540;25110;4;4
127720;-181072;48942;25547;1;4
123276;-193048;48664;24798;2;4
128611;-181711;48998;25507;8;4
120330;-188899;48480;25057;8;4
123446;-177746;48675;25754;1;4
120954;-186872;48519;25184;2;4
125888;-176834;48828;25811;4;4
120467;-184630;48489;25324;4;4
99747;-184971;47194;25303;1;4
121078;-185403;48527;25276;4;4
120527;-185193;48492;25289;1;4
130664;-186321;49126;25218;4;4
128395;-181708;48984;25507;2;4
129006;-195034;49022;24674;4;4
99232;-166975;47162;26428;4;4
99306;-166879;47166;26434;2;4
128775;-183086;49008;25421;2;4
110063;-173452;47838;26023;8;4
113735;-171471;48068;26147;4;4
115105;-180231;48154;25599;2;4
113463;-175942;48051;25867;1;4
115007;-180336;48147;25593;1;4
120967;-187860;48520;25122;2;4
129193;-184926;49034;25306;4;4
108270;-172573;47726;26078;1;4
112044;-173721;47962;26006;2;4
127223;-176856;48911;25810;2;4
99051;-173188;47150;26039;4;4
99293;-167376;47165;26403;1;4
128721;-181676;49005;25509;4;4
120707;-184748;48504;25317;8;4
121375;-187732;48545;25130;2;4
120490;-184606;48490;25326;8;4
128773;-183140;49008;25417;8;4
120475;-185106;48489;25294;1;4
117696;-188462;48316;25085;1;4
99309;-167407;47166;26401;4;4
122091;-192879;48590;24809;4;4
128803;-181669;49010;25509;4;4
129772;-183341;49070;25405;2;4
129164;-184899;49032;25307;2;4
109719;-173505;47817;26019;1;4
120784;-184473;48509;25334;4;4
105433;-194951;47549;24679;1;4
119841;-182178;48450;25477;8;4
124820;-177954;48761;25741;1;4
129256;-183578;49038;25390;2;4
129219;-184643;49036;25323;8;4
120715;-184503;48504;25332;2;4
126346;-176925;48856;25806;1;4
105136;-194744;47531;24692;2;4
129195;-183662;49034;25385;2;4
122224;-191911;48599;24869;4;4
99887;-185321;47202;25281;4;4
128804;-195939;49010;24617;2;4
123419;-176905;48673;25807;2;4
105367;-195602;47545;24638;1;4
123367;-193603;48670;24763;8;4
120547;-184912;48494;25307;1;4
128242;-181621;48975;25512;4;4
127346;-176651;48919;25823;2;4
122974;-181519;48645;25519;1;4
127359;-176740;48919;25817;1;4
105394;-195211;47547;24663;1;4
128019;-181570;48961;25515;1;4
120575;-185403;48495;25276;4;4
120507;-185347;48491;25279;1;4
120486;-185127;48490;25293;8;4
105372;-195292;47545;24658;1;4
123227;-196068;48661;24609;8;4
127244;-181625;48912;25512;4;4
129216;-184948;49036;25304;8;4
120804;-184465;48510;25334;1;4
120680;-186189;48502;25227;1;4
121030;-190984;48524;24927;1;4
126444;-176986;48862;25802;4;4
121987;-181323;48584;25531;4;4
120392;-188986;48484;25052;8;4
117042;-178855;48275;25685;4;4
114989;-180295;48146;25595;4;4
121630;-191508;48561;24894;4;4
128134;-181627;48968;25512;8;4
114857;-182601;48138;25451;4;4
114902;-182615;48141;25450;8;4
126773;-179697;48883;25632;2;4
130656;-186339;49126;25217;8;4
123632;-177313;48687;25781;1;4
99396;-168568;47172;26328;4;4
120545;-184305;48494;25344;4;4
129262;-184481;49038;25333;2;4
120564;-185483;48495;25271;8;4
120551;-184586;48494;25327;8;4
120555;-185071;48494;25297;4;4
120505;-193578;48491;24765;2;4
105360;-195044;47545;24673;8;4
117742;-189051;48318;25048;1;4
116342;-185043;48231;25298;4;4
128924;-195035;49017;24674;8;4
129216;-184476;49036;25334;1;4
123413;-177950;48673;25742;1;4
116286;-185075;48227;25296;8;4
128569;-181725;48995;25506;2;4
108220;-174587;47723;25952;4;4
120844;-186948;48512;25179;8;4
120500;-185308;48491;25282;8;4
124378;-176727;48733;25818;2;4
120601;-186220;48497;25225;1;4
114014;-171082;48085;26171;4;4
117647;-188975;48312;25053;4;4
129042;-183468;49025;25397;2;4
113471;-175936;48051;25868;8;4
120935;-186699;48518;25195;4;4
111411;-173767;47923;26003;1;4
117648;-188549;48313;25079;1;4
113718;-171519;48067;26144;2;4
115107;-180232;48154;25599;2;4
120330;-189686;48480;25008;8;4
127290;-176941;48915;25805;2;4
121466;-187682;48551;25133;2;4
126348;-176948;48856;25804;2;4
105427;-195056;47549;24673;4;4
120356;-189771;48482;25003;8;4
129214;-185264;49035;25285;1;4
128806;-183056;49010;25423;1;4
101856;-185564;47326;25266;1;4
111605;-173749;47935;26004;8;4
103748;-185831;47444;25249;4;4
129711;-182660;49066;25447;2;4
126725;-180057;48880;25610;1;4
104079;-186405;47464;25213;2;4
121682;-191571;48565;24890;2;4
120897;-187095;48516;25170;2;4
120889;-186978;48515;25177;1;4
129753;-183175;49069;25415;1;4
120571;-193642;48495;24761;4;4
122711;-181217;48629;25537;2;4
129250;-183878;49038;25371;1;4
111918;-173356;47954;26029;2;4
120962;-187429;48520;25149;4;4
105438;-195368;47549;24653;4;4
117697;-188458;48316;25085;2;4
129837;-183851;49074;25373;2;4
120799;-185063;48509;25297;1;4
125945;-180368;48831;25591;8;4
124434;-181839;48737;25499;8;4
120538;-185459;48493;25272;4;4
127305;-177016;48916;25800;8;4
124440;-181865;48737;25497;4;4
129803;-184546;49072;25329;1;4
128884;-181634;49015;25511;2;4
129260;-183567;49038;25391;1;4
105341;-194898;47543;24682;2;4
121323;-188058;48542;25110;8;4
98985;-173067;47146;26047;2;4
109901;-173495;47828;26020;2;4
121648;-191556;48563;24891;1;4
120535;-184657;48493;25322;8;4
130143;-186641;49093;25198;4;4
105397;-195264;47547;24660;1;4
105675;-196261;47564;24597;8;4
99035;-172988;47149;26052;4;4
128181;-181592;48971;25514;4;4
114884;-180298;48140;25595;2;4
129893;-184573;49078;25328;8;4
108779;-172307;47758;26094;4;4
126379;-176920;48858;25806;8;4
117726;-188296;48317;25095;4;4
105628;-196199;47561;24601;4;4
114734;-180239;48130;25599;8;4
105658;-196309;47563;24594;1;4
112118;-173387;47967;26027;1;4
122406;-192239;48610;24849;2;4
120585;-186018;48496;25237;4;4
120995;-187207;48522;25163;2;4
108784;-172307;47759;26094;2;4
103887;-186233;47452;25224;8;4
128823;-195911;49011;24619;8;4
129404;-185975;49047;25240;8;4
105687;-196065;47565;24609;1;4
99245;-167308;47162;26407;1;4
129562;-182499;49057;25457;4;4
120405;-189715;48485;25006;4;4
121369;-190774;48545;24940;2;4
108253;-172670;47725;26072;4;4
129194;-183636;49034;25386;4;4
129694;-183034;49065;25424;2;4
120619;-186007;48498;25238;2;4
103790;-185734;47446;25255;4;4
124917;-178037;48767;25736;1;4
120367;-189626;48482;25012;2;4
115175;-180265;48158;25597;2;4
99255;-166851;47163;26435;4;4
111409;-173319;47923;26031;1;4
120402;-189883;48485;24996;8;4
105403;-195779;47547;24627;8;4
127642;-181207;48937;25538;4;4
120473;-184146;48489;25354;2;4
117724;-188899;48317;25057;2;4
123335;-193749;48668;24754;8;4
99310;-167357;47166;26404;1;4
129294;-181983;49040;25490;2;4
126350;-177103;48856;25795;8;4
128565;-182840;48995;25436;8;4
129188;-183908;49034;25369;4;4
105460;-195658;47551;24635;1;4
112036;-173760;47962;26004;4;4
120642;-185855;48500;25248;8;4
114688;-180294;48128;25595;4;4
121078;-185904;48527;25245;8;4
121198;-186470;48534;25209;4;4
100094;-185708;47215;25257;2;4
107320;-175849;47667;25873;2;4
103780;-185685;47446;25258;4;4
128634;-181717;48999;25506;8;4
114893;-180251;48140;25598;4;4
127175;-176782;48908;25815;2;4
123436;-177933;48674;25743;4;4
129395;-181977;49047;25490;8;4
120568;-184712;48495;25319;1;4
111747;-173814;47944;26000;1;4
105412;-195249;47548;24660;2;4
119848;-182212;48450;25475;8;4
129169;-185278;49033;25284;4;4
105436;-195442;47549;24648;2;4
100036;-185478;47212;25271;2;4
130347;-181011;49106;25550;2;4
129162;-184500;49032;25332;2;4
120489;-184127;48490;25356;4;4
121043;-187901;48525;25120;2;4
112279;-173427;47977;26024;8;4
107523;-176155;47680;25854;1;4
129070;-194987;49026;24677;2;4
129149;-183500;49031;25395;2;4
114907;-182538;48141;25455;1;4
107417;-176467;47673;25834;1;4
120678;-186056;48502;25235;1;4
120553;-184567;48494;25328;8;4
128784;-181669;49009;25509;4;4
112208;-173753;47973;26004;8;4
121225;-186958;48536;25179;2;4
121080;-187282;48527;25158;2;4
128907;-181731;49016;25505;2;4
127289;-181585;48915;25514;2;4
127241;-181592;48912;25514;4;4
105548;-195934;47556;24618;8;4
122161;-191877;48595;24871;2;4
129948;-184659;49081;25322;1;4
120922;-186771;48517;25190;2;4
126733;-179644;48880;25636;2;4
100007;-185487;47210;25271;4;4
117636;-188362;48312;25091;4;4
120966;-191035;48520;24924;2;4
111976;-173776;47958;26003;4;4
129829;-183687;49074;25383;4;4
124092;-196379;48715;24590;1;4
114762;-180227;48132;25599;4;4
111432;-173367;47924;26028;2;4
120408;-189237;48485;25036;8;4
129757;-182748;49069;25442;8;4
117757;-188639;48319;25074;1;4
129979;-184671;49083;25322;8;4
130162;-186640;49095;25199;2;4
129792;-193438;49072;24774;2;4
121020;-185556;48523;25266;2;4
106537;-173934;47618;25993;4;4
123142;-181680;48656;25509;2;4
129610;-182490;49060;25458;8;4
129191;-184752;49034;25317;2;4
120521;-193245;48492;24786;2;4
120474;-185094;48489;25295;4;4
128152;-181560;48969;25516;8;4
120532;-193546;48493;24767;4;4
120362;-189399;48482;25026;1;4
99821;-185037;47198;25299;2;4
121031;-187329;48524;25155;4;4
129141;-195033;49031;24674;4;4
120539;-184212;48493;25350;8;4
104143;-186392;47468;25214;1;4
117636;-188621;48312;25075;1;4
120379;-189415;48483;25025;8;4
113757;-171431;48069;26149;4;4
107514;-176462;47679;25835;4;4
129736;-183609;49068;25388;1;4
127254;-181672;48913;25509;8;4
123570;-178206;48683;25726;1;4
128773;-181688;49008;25508;4;4
127701;-181004;48941;25551;4;4
99067;-173368;47151;26028;8;4
99260;-167386;47163;26402;4;4
100076;-185490;47214;25270;8;4
126831;-179634;48886;25636;1;4
124364;-176652;48732;25823;4;4
123323;-193556;48667;24766;2;4
123461;-176942;48676;25805;4;4
105699;-196524;47566;24581;8;4
108283;-172413;47727;26088;2;4
129152;-184677;49032;25321;8;4
120485;-184700;48490;25320;2;4
120572;-193603;48495;24763;1;4
122002;-192849;48585;24810;8;4
111517;-173726;47929;26006;1;4
120882;-186872;48515;25184;1;4
127267;-181605;48914;25513;2;4
120497;-185321;48491;25281;2;4
128998;-195033;49022;24674;2;4
128734;-181645;49005;25511;4;4
114471;-179873;48114;25621;4;4
120342;-189541;48481;25017;2;4
124334;-176669;48730;25822;8;4
113997;-171058;48084;26172;2;4
98955;-172999;47144;26051;4;4
129364;-185838;49045;25249;2;4
121054;-185730;48525;25255;1;4
105658;-196577;47563;24577;4;4
125896;-180455;48828;25585;8;4
129336;-185882;49043;25246;8;4
129248;-185308;49038;25282;8;4
128586;-181644;48996;25511;8;4
110277;-174002;47852;25988;1;4
112248;-173765;47975;26003;8;4
120863;-186843;48513;25186;8;4
127265;-181516;48914;25519;4;4
123419;-177954;48673;25741;4;4
122697;-181195;48628;25539;8;4
120496;-193575;48491;24765;1;4
129665;-182686;49064;25446;8;4
120685;-186149;48502;25229;1;4
108408;-172361;47735;26091;8;4
129254;-184736;49038;25318;8;4
123417;-177024;48673;25800;4;4
103923;-186138;47455;25230;1;4
103827;-186228;47449;25224;1;4
120808;-184717;48510;25319;4;4
121262;-186897;48538;25182;1;4
117706;-188592;48316;25077;2;4
129204;-183774;49035;25378;4;4
100008;-185569;47210;25265;1;4
129214;-185267;49035;25284;2;4
128978;-183389;49021;25402;8;4
105713;-195971;47567;24615;8;4
121083;-187156;48527;25166;4;4
120571;-185239;48495;25286;4;4
120366;-188932;48482;25055;1;4
128550;-181644;48994;25511;8;4
112255;-173824;47975;26000;8;4
128984;-183352;49021;25404;2;4
111968;-173824;47958;26000;4;4
130122;-186626;49092;25199;2;4
122019;-191249;48586;24910;1;4
129721;-183092;49067;25420;2;4
127678;-181198;48939;25539;4;4
111807;-173811;47947;26000;4;4
129843;-193536;49075;24768;2;4
113469;-174074;48051;25984;8;4
120604;-186064;48497;25235;8;4
123869;-177952;48701;25742;4;4
114917;-182606;48142;25451;8;4
104940;-194467;47518;24709;8;4
122414;-192168;48610;24853;2;4
114761;-180320;48132;25594;2;4
121007;-185741;48522;25255;1;4
117158;-193875;48282;24746;4;4
120806;-184902;48510;25307;4;4
129185;-183916;49034;25369;8;4
129262;-183799;49038;25376;1;4
129215;-185180;49035;25290;8;4
105680;-196189;47565;24602;8;4
115045;-193365;48150;24778;8;4
98979;-173066;47146;26047;4;4
105441;-195775;47550;24628;8;4
103763;-185823;47445;25250;1;4
103788;-185711;47446;25257;2;4
121315;-188151;48542;25104;8;4
112063;-173703;47963;26007;2;4
123374;-193652;48670;24760;4;4
119891;-182201;48453;25476;4;4
99232;-166984;47162;26427;4;4
128146;-181568;48969;25516;2;4
114523;-179895;48117;25620;2;4
129760;-182740;49070;25442;4;4
113462;-175891;48051;25870;2;4
129051;-195003;49025;24676;2;4
121408;-187670;48548;25134;1;4
129018;-195006;49023;24676;1;4
123326;-193770;48667;24753;8;4
123163;-195989;48657;24614;1;4
108395;-172311;47734;26094;1;4
129723;-183568;49067;25391;2;4
123427;-177128;48674;25793;4;4
130633;-187020;49124;25175;1;4
130159;-186742;49094;25192;4;4
105446;-195236;47550;24661;2;4
129875;-184505;49077;25332;2;4
114490;-179885;48115;25621;2;4
129148;-183496;49031;25395;8;4
112298;-173358;47978;26029;8;4
123268;-193046;48664;24798;2;4
123438;-177721;48674;25756;4;4
129693;-183385;49065;25402;4;4
112576;-173481;47996;26021;1;4
129286;-181937;49040;25492;2;4
123396;-193992;48672;24739;8;4
129252;-183900;49038;25370;2;4
120970;-187145;48520;25167;4;4
103935;-186172;47455;25228;2;4
112242;-173756;47975;26004;4;4
117744;-188661;48319;25072;4;4
124917;-178031;48767;25737;2;4
98969;-173416;47145;26025;4;4
120441;-188929;48487;25055;8;4
129719;-183655;49067;25385;2;4
128087;-181627;48965;25512;1;4
126723;-175916;48880;25869;4;4
120499;-185098;48491;25295;4;4
128900;-181697;49016;25507;2;4
105672;-196197;47564;24601;2;4
129744;-183002;49069;25426;1;4
104925;-194465;47517;24709;2;4
120481;-184125;48490;25356;4;4
129847;-183802;49075;25376;2;4
115080;-180273;48152;25596;1;4
122534;-191492;48618;24895;8;4
121196;-186408;48534;25213;8;4
100000;-185628;47210;25262;8;4
117677;-188611;48314;25075;1;4
111464;-173739;47926;26005;1;4
120693;-185903;48503;25245;2;4
99206;-167014;47160;26425;4;4
112554;-173486;47994;26021;1;4
129219;-184516;49036;25331;1;4
128559;-182811;48994;25438;4;4
108327;-172327;47730;26093;4;4
125945;-180413;48831;25588;4;4
120552;-184514;48494;25331;8;4
105358;-195006;47544;24676;4;4
100005;-185531;47210;25268;4;4
129733;-183059;49068;25422;2;4
121359;-187257;48544;25160;2;4
121430;-187727;48549;25131;8;4
117670;-188685;48314;25071;1;4
120448;-193164;48488;24791;8;4
120457;-185466;48488;25272;1;4
129278;-184135;49039;25355;2;4
120455;-185480;48488;25271;4;4
109850;-174374;47825;25965;2;4
100029;-185592;47211;25264;8;4
112095;-173316;47965;26031;2;4
120854;-186991;48513;25177;8;4
130511;-186157;49116;25229;2;4
128089;-181530;48965;25518;8;4
120470;-193177;48489;24790;8;4
129112;-181748;49029;25504;8;4
126837;-179628;48887;25637;8;4
111962;-173796;47957;26001;4;4
99361;-168531;47170;26330;2;4
122557;-191493;48619;24895;2;4
123537;-178266;48681;25722;4;4
121061;-187343;48526;25155;8;4
120507;-184748;48491;25317;4;4
105539;-195915;47556;24619;1;4
129158;-184579;49032;25327;4;4
122268;-191425;48601;24899;1;4
129731;-182837;49068;25436;8;4
108289;-172377;47728;26090;1;4
120973;-185854;48520;25248;1;4
130127;-186643;49092;25198;4;4
103737;-185288;47443;25283;1;4
112146;-173365;47969;26028;8;4
117703;-188406;48316;25088;4;4
129741;-183083;49068;25421;4;4
129724;-186478;49067;25209;8;4
111828;-173405;47949;26026;2;4
115090;-179814;48153;25625;2;4
105380;-195314;47546;24656;2;4
105163;-194749;47532;24692;2;4
129049;-183496;49025;25395;1;4
120379;-189630;48483;25012;4;4
121083;-185442;48527;25273;1;4
119826;-182227;48449;25474;8;4
103712;-185779;47442;25252;8;4
108758;-172345;47757;26092;8;4
114977;-193332;48146;24780;4;4
120492;-184367;48490;25341;2;4
122135;-191923;48593;24868;1;4
129768;-183374;49070;25403;2;4
120929;-186739;48518;25192;2;4
125882;-180387;48827;25589;1;4
129725;-182740;49067;25442;2;4
109909;-174440;47829;25961;1;4
120487;-184358;48490;25341;1;4
120509;-193164;48491;24791;8;4
129852;-184465;49075;25334;8;4
129291;-182001;49040;25488;2;4
105350;-195665;47544;24634;8;4
129229;-184111;49036;25357;2;4
108320;-172321;47730;26093;8;4
107443;-176399;47675;25839;2;4
126463;-177148;48863;25792;8;4
108258;-172372;47726;26090;1;4
129788;-183416;49071;25400;1;4
120789;-184766;48509;25316;8;4
116302;-184996;48228;25301;1;4
129770;-182751;49070;25442;8;4
128136;-181570;48968;25515;1;4
120364;-189896;48482;24995;2;4
109924;-173463;47830;26022;2;4
129833;-193453;49074;24773;8;4
105468;-195744;47551;24630;8;4
107640;-176204;47687;25851;4;4
108219;-172414;47723;26088;2;4
123200;-196038;48660;24611;8;4
108727;-172309;47755;26094;4;4
126800;-175958;48885;25866;8;4
122208;-191982;48598;24865;2;4
115160;-179801;48157;25626;2;4
123478;-177008;48677;25801;2;4
120475;-185170;48489;25290;1;4
120518;-184513;48492;25331;8;4
120430;-189004;48486;25051;4;4
129700;-183317;49066;25406;2;4
109754;-173536;47819;26018;2;4
122186;-191899;48596;24870;1;4
120992;-187456;48522;25148;2;4
114920;-182595;48142;25451;1;4
120465;-184578;48489;25327;2;4
103703;-185319;47441;25281;2;4
99455;-168481;47175;26333;1;4
126785;-175992;48884;25864;4;4
123347;-193722;48669;24756;2;4
99062;-173198;47151;26039;4;4
109847;-174353;47825;25966;1;4
123471;-194007;48676;24738;2;4
107539;-176187;47681;25852;2;4
129543;-182307;49056;25469;1;4
99892;-185330;47203;25280;4;4
128117;-182483;48967;25458;2;4
116668;-184420;48251;25337;1;4
120343;-189387;48481;25027;1;4
111789;-173785;47946;26002;2;4
113416;-175909;48048;25869;2;4
120456;-184309;48488;25344;2;4
99227;-167415;47161;26400;8;4
115097;-179797;48153;25626;1;4
108266;-174478;47726;25959;2;4
129124;-183471;49030;25397;8;4
120965;-185859;48520;25247;4;4
129391;-185924;49046;25243;1;4
125938;-176874;48831;25809;1;4
129722;-183576;49067;25390;8;4
108233;-172358;47724;26091;2;4
123861;-177870;48701;25747;4;4
126955;-175896;48894;25870;4;4
105531;-195888;47555;24621;8;4
111383;-173707;47921;26007;4;4
115012;-193366;48148;24778;8;4
130371;-181002;49108;25551;8;4
108227;-172296;47724;26095;4;4
121031;-185757;48524;25254;2;4
117731;-188953;48318;25054;8;4
103685;-185263;47440;25285;1;4
111978;-173778;47958;26002;2;4
129368;-185781;49045;25252;8;4
112971;-174862;48020;25935;8;4
122075;-181316;48589;25531;8;4
120634;-186195;48499;25226;4;4
121246;-188082;48537;25108;4;4
129598;-182324;49059;25468;1;4
127254;-176643;48913;25823;1;4
117750;-188967;48319;25053;4;4
119892;-182184;48453;25477;2;4
124392;-176735;48734;25818;4;4
99256;-166942;47163;26430;4;4
103885;-186193;47452;25226;8;4
124493;-181781;48740;25502;1;4
121064;-187626;48526;25137;2;4
121399;-187209;48547;25163;2;4
126751;-180067;48881;25609;8;4
120522;-185325;48492;25281;2;4
99396;-168560;47172;26329;2;4
127649;-181139;48938;25542;2;4
120579;-185844;48496;25248;8;4
115095;-179742;48153;25630;1;4
111496;-173759;47928;26004;4;4
111520;-173750;47930;26004;1;4
129147;-195052;49031;24673;8;4
130441;-186146;49112;25229;1;4
120973;-185623;48520;25262;8;4
120995;-187544;48522;25142;1;4
120331;-188871;48480;25059;2;4
129223;-184036;49036;25361;1;4
105311;-194859;47541;24685;2;4
121432;-187658;48549;25135;1;4
117733;-188776;48318;25065;2;4
129678;-182892;49064;25433;2;4
120389;-189950;48484;24992;4;4
120763;-184556;48507;25329;2;4
105645;-196203;47562;24601;1;4
121013;-185587;48523;25264;2;4
121007;-191072;48522;24922;8;4
112263;-173397;47976;26026;8;4
104183;-186491;47471;25208;8;4
105173;-194743;47533;24692;1;4
104906;-194464;47516;24710;2;4
129617;-182522;49061;25456;2;4
128095;-182424;48965;25462;4;4
122707;-181191;48629;25539;4;4
122519;-191558;48617;24891;2;4
129206;-184000;49035;25364;2;4
129670;-183280;49064;25409;8;4
129268;-184632;49039;25324;4;4
112148;-173399;47969;26026;8;4
123563;-178202;48682;25726;1;4
125906;-176804;48829;25813;8;4
120497;-184573;48491;25328;2;4
112932;-174930;48018;25930;1;4
128746;-181648;49006;25511;1;4
129514;-186169;49054;25228;1;4
129018;-195061;49023;24672;1;4
120772;-184718;48508;25319;8;4
125939;-176869;48831;25809;8;4
124849;-177975;48763;25740;2;4
128177;-181549;48971;25517;2;4
123515;-194019;48679;24737;1;4
120406;-189611;48485;25013;2;4
126377;-176965;48858;25803;2;4
126744;-180070;48881;25609;2;4
123867;-177796;48701;25751;4;4
129220;-184072;49036;25359;4;4
99238;-167374;47162;26403;4;4
129823;-183903;49073;25370;8;4
105425;-195351;47549;24654;1;4
127706;-181074;48941;25546;1;4
122047;-191294;48587;24908;8;4
121347;-187680;48544;25134;8;4
123612;-178304;48685;25720;8;4
120555;-184117;48494;25356;4;4
117243;-193882;48287;24746;2;4
122274;-191486;48602;24896;4;4
122965;-181580;48645;25515;1;4
130602;-186364;49122;25216;4;4
127693;-181226;48940;25537;1;4
129059;-181747;49026;25504;2;4
129673;-183416;49064;25400;1;4
108413;-172317;47735;26094;4;4
120555;-193655;48494;24760;8;4
120875;-187046;48514;25173;1;4
121009;-185597;48523;25264;2;4
123901;-177927;48703;25743;1;4
124342;-176717;48731;25819;1;4
120668;-185777;48501;25252;4;4
122311;-191399;48604;24901;2;4
123440;-176964;48675;25803;8;4
105428;-195245;47549;24661;1;4
108180;-172389;47721;26089;8;4
129106;-183514;49029;25394;8;4
120649;-186285;48500;25221;4;4
128948;-183310;49019;25407;1;4
105346;-195338;47544;24655;4;4
129350;-181928;49044;25493;8;4
121034;-187616;48524;25138;4;4
105438;-195012;47549;24675;2;4
127631;-181046;48936;25548;8;4
107358;-175806;47669;25876;1;4
112017;-173730;47961;26005;2;4
121007;-185441;48522;25273;1;4
128622;-182890;48998;25433;1;4
127341;-176989;48918;25802;4;4
121347;-187703;48544;25132;1;4
127623;-181193;48936;25539;1;4
108797;-172370;47759;26090;1;4
127281;-181699;48915;25507;1;4
130581;-186358;49121;25216;8;4
108206;-172631;47722;26074;2;4
123276;-193103;48664;24795;4;4
117647;-188666;48312;25072;1;4
123536;-177342;48681;25780;8;4
113526;-175987;48055;25864;2;4
129480;-186147;49052;25229;2;4
129202;-183816;49035;25375;8;4
120366;-189670;48482;25009;2;4
129391;-185964;49046;25241;2;4
99401;-168455;47172;26335;2;4
129279;-183943;49039;25367;2;4
116709;-184437;48254;25336;8;4
124425;-181822;48736;25500;4;4
120877;-186964;48514;25178;1;4
129162;-184736;49032;25318;2;4
117680;-188602;48315;25076;2;4
126740;-179655;48881;25635;8;4
120798;-184908;48509;25307;2;4
127296;-176666;48916;25822;1;4
129039;-181757;49024;25504;8;4
119929;-182165;48455;25478;4;4
122104;-181359;48591;25529;2;4
105524;-195941;47555;24617;8;4
112172;-173718;47970;26006;4;4
117670;-188676;48314;25071;8;4
129148;-183543;49031;25392;1;4
125931;-176843;48830;25811;1;4
105173;-194717;47533;24694;4;4
127210;-176782;48910;25815;4;4
99946;-185340;47206;25280;2;4
108260;-174509;47726;25957;1;4
129277;-183643;49039;25386;4;4
120718;-184508;48504;25332;8;4
123374;-193036;48670;24799;1;4
108160;-174504;47720;25957;2;4
123462;-176897;48676;25807;1;4
120989;-185354;48521;25279;8;4
128928;-183346;49018;25404;8;4
114007;-171132;48085;26168;2;4
121280;-187972;48540;25115;2;4
107537;-176201;47681;25851;1;4
120498;-184368;48491;25341;8;4
120463;-184278;48488;25346;1;4
120875;-186776;48514;25190;8;4
120505;-193615;48491;24763;4;4
121468;-187724;48551;25131;8;4
110222;-174009;47848;25988;2;4
128557;-182852;48994;25435;2;4
123488;-177121;48678;25793;2;4
116633;-184414;48249;25338;1;4
123487;-177120;48677;25794;2;4
111831;-173702;47949;26007;1;4
103702;-185809;47441;25250;2;4
111949;-173723;47956;26006;2;4
112063;-173799;47963;26001;1;4
121031;-185614;48524;25263;8;4
123200;-181668;48660;25509;1;4
121062;-187660;48526;25135;4;4
121027;-187332;48524;25155;4;4
120590;-186244;48496;25223;8;4
111484;-173417;47927;26025;8;4
109859;-174388;47826;25964;8;4
120486;-185372;48490;25278;1;4
104965;-194614;47520;24700;2;4
129465;-186136;49051;25230;8;4
123346;-193604;48669;24763;1;4
120563;-185309;48495;25282;1;4
112048;-173771;47963;26003;2;4
121006;-187854;48522;25123;1;4
126729;-175920;48880;25869;8;4
128853;-181736;49013;25505;4;4
122948;-181481;48644;25521;1;4
129683;-182879;49065;25434;2;4
123519;-177067;48679;25797;1;4
99021;-173247;47148;26036;4;4
112930;-174936;48018;25930;1;4
128961;-181735;49020;25505;1;4
129728;-183053;49068;25423;2;4
121080;-190997;48527;24926;1;4
105383;-195002;47546;24676;2;4
111754;-173774;47944;26003;4;4
121016;-187415;48523;25150;2;4
117712;-188541;48317;25080;8;4
119325;-193959;48417;24741;8;4
130326;-181080;49105;25546;2;4
113018;-174899;48023;25932;2;4
123423;-177925;48673;25743;1;4
111845;-173357;47950;26029;8;4
120556;-184685;48494;25321;8;4
108219;-172359;47723;26091;4;4
103688;-185289;47440;25283;2;4
117703;-188611;48316;25075;4;4
128727;-181657;49005;25510;2;4
104097;-186452;47466;25210;2;4
119320;-194031;48417;24737;1;4
127355;-181702;48919;25507;1;4
120986;-187877;48521;25121;1;4
129269;-183908;49039;25369;4;4
128076;-182477;48964;25459;4;4
128582;-182834;48996;25436;2;4
108675;-172289;47752;26095;1;4
120435;-189103;48487;25045;1;4
121070;-187751;48526;25129;8;4
123001;-181432;48647;25524;2;4
107271;-175779;47664;25877;2;4
114887;-180320;48140;25594;4;4
120458;-184840;48488;25311;2;4
127272;-181542;48914;25517;2;4
122458;-192131;48613;24855;8;4
122441;-192237;48612;24849;1;4
115063;-193352;48151;24779;1;4
130091;-186714;49090;25194;8;4
112292;-173351;47978;26029;8;4
129714;-183169;49067;25415;8;4
122920;-181626;48642;25512;8;4
126813;-180039;48885;25611;8;4
105417;-195141;47548;24667;8;4
111780;-173398;47946;26026;8;4
120946;-187134;48519;25168;1;4
130519;-192666;49117;24822;4;4
130159;-186638;49094;25199;4;4
121205;-186471;48535;25209;1;4
120380;-189173;48483;25040;1;4
124464;-181858;48739;25497;8;4
128430;-181677;48986;25509;2;4
117058;-178875;48276;25684;2;4
120395;-189665;48484;25009;2;4
129264;-184908;49039;25307;8;4
129276;-184947;49039;25304;8;4
120483;-184829;48490;25312;1;4
129894;-183898;49078;25370;8;4
129025;-195010;49024;24675;1;4
120526;-193188;48492;24789;2;4
130481;-192658;49115;24822;8;4
123432;-177040;48674;25799;4;4
128035;-182442;48962;25461;8;4
123286;-193129;48665;24793;1;4
114553;-179913;48119;25619;2;4
120927;-186907;48517;25182;2;4
125862;-180368;48826;25591;4;4
121001;-187924;48522;25118;8;4
122984;-181579;48646;25515;4;4
123388;-193084;48671;24796;1;4
120487;-184280;48490;25346;1;4
99799;-185053;47197;25298;1;4
108215;-174589;47723;25952;1;4
129789;-183296;49071;25408;2;4
105433;-195082;47549;24671;1;4
130486;-186149;49115;25229;4;4
121001;-188029;48522;25112;1;4
105338;-194943;47543;24680;2;4
120378;-189841;48483;24998;4;4
120450;-184371;48488;25340;2;4
107599;-176255;47684;25848;2;4
121083;-187924;48527;25118;2;4
120835;-187012;48512;25175;1;4
129712;-183316;49067;25406;2;4
130071;-186649;49089;25198;8;4
119840;-182241;48450;25473;1;4
120441;-189172;48487;25040;1;4
129187;-184797;49034;25314;2;4
127333;-176967;48918;25803;1;4
121012;-187215;48523;25163;2;4
108186;-174565;47721;25953;1;4
111402;-173735;47922;26005;8;4
106538;-173943;47618;25992;4;4
121077;-187580;48527;25140;8;4
128964;-181692;49020;25508;4;4
108278;-172376;47727;26090;2;4
120605;-185842;48497;25248;1;4
105673;-196385;47564;24589;1;4
122995;-181513;48647;25519;1;4
121069;-187777;48526;25127;1;4
111485;-173355;47927;26029;4;4
127162;-176865;48907;25809;2;4
120527;-184911;48492;25307;1;4
123477;-177025;48677;25799;1;4
129371;-185770;49045;25253;4;4
128882;-181690;49015;25508;8;4
129713;-183623;49067;25387;8;4
130659;-187120;49126;25169;8;4
123596;-178239;48684;25724;4;4
129173;-184708;49033;25319;8;4
123158;-196064;48657;24610;8;4
129584;-182446;49059;25461;8;4
120497;-185104;48491;25295;1;4
130328;-181080;49105;25546;2;4
120553;-185227;48494;25287;8;4
120910;-186835;48516;25186;4;4
105522;-195876;47555;24621;4;4
124876;-178023;48764;25737;8;4
129233;-185572;49037;25265;8;4
122978;-181549;48646;25517;8;4
123571;-177406;48683;25776;1;4
129699;-186458;49066;25210;2;4
129262;-184083;49038;25358;8;4
105521;-195935;47555;24618;8;4
123495;-176906;48678;25807;8;4
120914;-186904;48517;25182;8;4
128866;-183143;49014;25417;8;4
129196;-184130;49034;25355;4;4
129167;-185467;49032;25272;1;4
120590;-185856;48496;25248;2;4
120494;-185516;48490;25269;8;4
123287;-193582;48665;24765;1;4
99792;-185059;47197;25297;4;4
120536;-184374;48493;25340;8;4
127246;-176703;48912;25820;4;4
128852;-183123;49013;25418;8;4
120492;-193172;48490;24790;1;4
127275;-176925;48914;25806;8;4
101775;-185483;47320;25271;4;4
104906;-194531;47516;24705;1;4
120504;-184346;48491;25342;8;4
127343;-176652;48918;25823;1;4
127322;-177023;48917;25800;8;4
120450;-184190;48488;25352;4;4
115133;-180251;48155;25598;1;4
129225;-184722;49036;25318;1;4
126808;-179980;48885;25615;4;4
120443;-189317;48487;25031;1;4
106555;-173937;47619;25992;1;4
129851;-183913;49075;25369;1;4
105201;-194768;47535;24691;1;4
129923;-184614;49080;25325;8;4
121392;-187633;48547;25136;2;4
129218;-184798;49036;25314;4;4
120667;-185924;48501;25243;1;4
129285;-185829;49040;25249;1;4
109879;-174428;47827;25962;8;4
99886;-185221;47202;25287;8;4
128618;-181740;48998;25505;1;4
112122;-173415;47967;26025;1;4
128639;-181658;48999;25510;8;4
121012;-185902;48523;25245;4;4
112528;-173566;47993;26016;4;4
121262;-187913;48538;25119;1;4
123425;-194046;48674;24736;8;4
120661;-186212;48501;25225;4;4
111682;-173777;47940;26002;1;4
103803;-185748;47447;25254;1;4
99013;-173213;47148;26038;4;4
114799;-180305;48134;25594;4;4
121006;-185700;48522;25257;8;4
129257;-185197;49038;25289;1;4
115032;-180268;48149;25597;1;4
121608;-191615;48560;24888;2;4
123411;-177757;48673;25754;8;4
107635;-176148;47687;25854;2;4
121400;-190787;48547;24939;2;4
129180;-185453;49033;25273;4;4
123007;-181522;48647;25518;4;4
130413;-181016;49110;25550;4;4
121256;-186982;48538;25177;2;4
128796;-195941;49009;24617;8;4
128758;-181673;49007;25509;2;4
108252;-172794;47725;26064;8;4
108331;-172354;47730;26091;2;4
112598;-173551;47997;26017;8;4
113443;-175960;48050;25866;4;4
109782;-173542;47821;26017;2;4
129523;-186237;49055;25224;4;4
129174;-184946;49033;25304;2;4
124308;-176699;48729;25820;1;4
109892;-173559;47828;26016;4;4
126367;-177052;48857;25798;4;4
105035;-194598;47524;24701;4;4
99868;-185276;47201;25284;1;4
113447;-174004;48050;25988;8;4
105601;-196522;47560;24581;8;4
129248;-183866;49038;25372;1;4
120508;-184916;48491;25306;4;4
117737;-188667;48318;25072;4;4
105448;-195390;47550;24652;4;4
103736;-185307;47443;25282;2;4
105462;-195800;47551;24626;4;4
119385;-194017;48421;24737;1;4
121294;-188100;48540;25107;2;4
125900;-180457;48828;25585;1;4
121244;-188032;48537;25112;1;4
121205;-186496;48535;25208;1;4
120471;-184653;48489;25323;1;4
105026;-194563;47524;24703;4;4
121303;-187968;48541;25116;8;4
122330;-191374;48605;24903;2;4
129670;-183056;49064;25423;8;4
129708;-183115;49066;25419;8;4
111482;-173363;47927;26028;8;4
117744;-188307;48319;25094;4;4
129179;-185037;49033;25299;1;4
105722;-196117;47567;24606;8;4
120719;-184553;48504;25329;4;4
121416;-190763;48548;24941;1;4
117727;-188715;48317;25069;1;4
127629;-181164;48936;25541;8;4
117714;-188520;48317;25081;4;4
107567;-176175;47682;25853;8;4
120668;-186153;48501;25229;4;4
129721;-183381;49067;25402;4;4
120959;-186775;48519;25190;4;4
120682;-186339;48502;25217;4;4
99269;-167033;47164;26424;2;4
105392;-195615;47547;24638;2;4
128113;-182438;48967;25461;4;4
121047;-187679;48525;25134;2;4
120544;-184996;48494;25301;8;4
120336;-189528;48481;25018;1;4
105602;-196004;47560;24613;1;4
119831;-182243;48449;25473;4;4
117734;-188432;48318;25087;4;4
129664;-186422;49064;25212;2;4
105469;-195511;47551;24644;1;4
121407;-187212;48547;25163;1;4
120889;-187051;48515;25173;4;4
123389;-193134;48671;24793;8;4
127166;-176777;48907;25815;4;4
99821;-185010;47198;25300;1;4
124137;-196381;48718;24590;1;4
123874;-177965;48702;25741;8;4
120589;-185933;48496;25243;8;4
108242;-174581;47725;25952;2;4
130480;-192652;49115;24823;1;4
120426;-188803;48486;25063;4;4
129191;-185198;49034;25289;2;4
126799;-175920;48884;25869;2;4
120435;-189183;48487;25040;1;4
129228;-184961;49036;25303;8;4
121052;-185568;48525;25266;8;4
124536;-181863;48743;25497;2;4
128787;-183041;49009;25423;1;4
125859;-176869;48826;25809;2;4
125875;-180467;48827;25584;2;4
104181;-186375;47471;25215;2;4
120897;-186664;48516;25197;4;4
105559;-195937;47557;24617;2;4
120473;-185407;48489;25276;1;4
120400;-189502;48485;25020;2;4
115171;-180225;48158;25599;1;4
120985;-185520;48521;25269;2;4
105376;-195228;47546;24662;1;4
124370;-176745;48733;25817;1;4
117712;-188554;48317;25079;2;4
120999;-187552;48522;25142;1;4
121032;-187992;48524;25114;1;4
120453;-184654;48488;25323;1;4
105660;-196046;47563;24611;4;4
120350;-189088;48481;25046;1;4
122205;-191983;48597;24865;2;4
117726;-188771;48317;25065;4;4
129359;-185837;49044;25249;4;4
129264;-183663;49039;25385;8;4
122104;-181313;48591;25531;1;4
120925;-186675;48517;25196;8;4
103784;-185637;47446;25261;1;4
99044;-173417;47150;26025;8;4
129036;-195033;49024;24674;4;4
108160;-174577;47720;25952;1;4
124849;-177994;48763;25739;2;4
129265;-185501;49039;25270;1;4
120332;-189225;48480;25037;1;4
122532;-191535;48618;24893;4;4
128039;-182468;48962;25459;2;4
126803;-179613;48885;25638;1;4
112555;-173509;47994;26019;1;4
99850;-185263;47200;25285;1;4
120981;-187992;48521;25114;8;4
120707;-184524;48504;25331;1;4
103772;-185747;47445;25254;1;4
105415;-195190;47548;24664;1;4
121026;-185874;48524;25246;1;4
126673;-179666;48877;25634;4;4
105455;-195378;47550;24652;4;4
120352;-189938;48482;24992;8;4
113769;-171451;48070;26148;1;4
98977;-173112;47146;26044;8;4
129261;-184536;49038;25330;8;4
128721;-181693;49005;25508;4;4
99305;-166909;47166;26432;1;4
105368;-194993;47545;24676;2;4
120558;-193549;48494;24767;1;4
117649;-188674;48313;25071;8;4
107382;-175829;47671;25874;4;4
121002;-187916;48522;25119;2;4
120767;-184880;48507;25309;2;4
129155;-183848;49032;25373;2;4
120903;-186905;48516;25182;2;4
123457;-177093;48676;25795;2;4
120652;-186091;48500;25233;1;4
128942;-183412;49018;25400;2;4
122720;-191638;48630;24886;2;4
113774;-171511;48070;26144;8;4
107478;-176443;47677;25836;4;4
105372;-195461;47545;24647;1;4
120503;-184591;48491;25327;2;4
123209;-181656;48660;25510;8;4
120480;-185207;48490;25288;1;4
120992;-185706;48522;25257;1;4
122365;-191457;48607;24897;2;4
129253;-184938;49038;25305;4;4
122487;-192176;48615;24853;1;4
128980;-183319;49021;25406;1;4
99845;-185247;47200;25286;4;4
129665;-183155;49064;25416;2;4
103851;-186155;47450;25229;8;4
123268;-193737;48664;24755;2;4
130362;-181110;49107;25544;8;4
105600;-196247;47560;24598;8;4
120333;-189473;48480;25021;4;4
129759;-182905;49069;25432;1;4
129387;-185733;49046;25255;2;4
128782;-183138;49008;25417;2;4
129007;-183351;49022;25404;2;4
121407;-190730;48547;24943;1;4
123420;-177133;48673;25793;4;4
105631;-196408;47561;24588;4;4
99066;-173199;47151;26039;8;4
126617;-179625;48873;25637;2;4
130651;-186356;49125;25216;2;4
108178;-172666;47721;26072;1;4
120337;-189679;48481;25009;4;4
105645;-196558;47562;24579;4;4
127236;-176696;48912;25820;4;4
112065;-173737;47964;26005;1;4
129807;-183708;49072;25382;8;4
121997;-191336;48584;24905;2;4
123438;-176960;48674;25804;4;4
127654;-181208;48938;25538;8;4
129653;-182518;49063;25456;2;4
117747;-188821;48319;25062;1;4
130593;-187088;49122;25171;1;4
98985;-173399;47146;26026;4;4
129293;-181945;49040;25492;1;4
129156;-183709;49032;25382;1;4
129274;-183791;49039;25377;4;4
120622;-185919;48498;25244;8;4
120379;-189288;48483;25033;8;4
120360;-189660;48482;25010;1;4
123517;-177933;48679;25743;4;4
121375;-190794;48545;24939;8;4
107385;-175843;47671;25873;1;4
129232;-184711;49037;25319;8;4
120491;-185552;48490;25267;8;4
105677;-196022;47564;24612;4;4
128579;-182790;48996;25439;4;4
119920;-182261;48455;25472;4;4
114821;-180315;48136;25594;2;4
120722;-184871;48505;25309;8;4
129286;-185959;49040;25241;8;4
120953;-186950;48519;25179;2;4
123370;-193126;48670;24793;8;4
105076;-194679;47527;24696;2;4
101827;-185584;47324;25265;4;4
129358;-181937;49044;25492;1;4
117754;-189054;48319;25048;4;4
115159;-179719;48157;25631;8;4
129527;-186119;49055;25231;2;4
127237;-181756;48912;25504;8;4
120993;-187457;48522;25147;8;4
120743;-184802;48506;25313;4;4
117694;-189040;48315;25049;2;4
122633;-191673;48624;24884;2;4
126837;-179673;48887;25634;2;4
124407;-176684;48735;25821;8;4
129257;-184922;49038;25306;1;4
127329;-177004;48918;25801;8;4
128879;-183139;49014;25417;2;4
99297;-166998;47166;26426;8;4
103710;-185608;47441;25263;1;4
126786;-179677;48884;25634;8;4
114534;-179905;48118;25619;2;4
105637;-196018;47562;24612;4;4
107499;-176444;47678;25836;2;4
110233;-173998;47849;25989;1;4
129708;-183588;49066;25389;2;4
120364;-189081;48482;25046;4;4
105458;-195355;47551;24654;4;4
122748;-191651;48631;24885;8;4
120545;-185546;48494;25267;8;4
121000;-185542;48522;25267;2;4
127686;-181236;48940;25536;2;4
129211;-184946;49035;25304;4;4
126727;-180056;48880;25610;8;4
128999;-183392;49022;25402;4;4
120583;-186334;48496;25218;2;4
106544;-173832;47619;25999;2;4
124493;-181820;48740;25500;8;4
109833;-174374;47824;25965;2;4
115054;-193382;48150;24777;1;4
105672;-196584;47564;24577;2;4
111994;-173372;47959;26028;2;4
112118;-173434;47967;26024;8;4
130301;-194305;49103;24719;8;4
129729;-182852;49068;25435;1;4
112173;-173805;47970;26001;8;4
117694;-189047;48315;25048;1;4
129269;-185412;49039;25275;2;4
105374;-195307;47545;24657;2;4
115105;-179766;48154;25628;8;4
120591;-186081;48496;25233;8;4
106509;-173840;47616;25999;8;4
129733;-182710;49068;25444;4;4
128813;-181748;49010;25504;2;4
128856;-183045;49013;25423;1;4
121354;-187211;48544;25163;4;4
105398;-195053;47547;24673;2;4
121033;-187675;48524;25134;8;4
124297;-176654;48728;25823;4;4
120467;-184265;48489;25347;8;4
111652;-173697;47938;26007;8;4
117694;-188846;48315;25061;8;4
129890;-183773;49078;25378;1;4
112005;-173313;47960;26031;4;4
117698;-188668;48316;25072;8;4
116708;-184339;48254;25342;8;4
128506;-181667;48991;25509;1;4
120574;-193550;48495;24767;2;4
120492;-185540;48490;25267;4;4
121657;-191600;48563;24889;1;4
129255;-184838;49038;25311;4;4
126611;-179653;48873;25635;1;4
105404;-195639;47547;24636;1;4
116679;-184388;48252;25339;4;4
122155;-191938;48594;24867;8;4
129575;-182449;49058;25460;1;4
121378;-190731;48546;24943;8;4
120488;-184310;48490;25344;2;4
122355;-191459;48607;24897;8;4
130461;-192694;49113;24820;8;4
120461;-185358;48488;25279;4;4
99975;-185528;47208;25268;8;4
99279;-167025;47164;26424;8;4
129604;-182350;49060;25467;4;4
120798;-184694;48509;25320;8;4
122349;-191441;48606;24898;1;4
124409;-176646;48735;25823;1;4
117163;-193899;48282;24745;8;4
111438;-173411;47924;26025;4;4
123345;-193579;48669;24765;1;4
112200;-173429;47972;26024;2;4
128780;-183109;49008;25419;8;4
121009;-185408;48523;25276;4;4
130369;-181091;49108;25545;1;4
114457;-179905;48113;25619;2;4
121013;-185442;48523;25273;2;4
128020;-182491;48961;25458;2;4
123320;-193541;48667;24767;4;4
120473;-185463;48489;25272;8;4
106515;-173886;47617;25996;1;4
103708;-185250;47441;25285;2;4
120762;-185031;48507;25299;1;4
123497;-193962;48678;24741;1;4
126833;-179659;48887;25635;8;4
128694;-181678;49003;25509;8;4
121408;-187732;48548;25130;8;4
120449;-185233;48488;25286;8;4
127315;-181523;48917;25518;4;4
121471;-190783;48551;24940;8;4
125829;-180480;48824;25584;8;4
120622;-186209;48498;25225;8;4
128497;-181741;48991;25505;4;4
123888;-195941;48703;24617;1;4
129878;-183735;49077;25380;2;4
108162;-172415;47720;26088;2;4
129262;-183606;49038;25388;2;4
120483;-184130;48490;25355;1;4
129207;-183805;49035;25376;8;4
129174;-183711;49033;25382;1;4
129358;-185833;49044;25249;8;4
129937;-184580;49081;25327;2;4
129675;-186415;49064;25213;2;4
124158;-196406;48719;24588;8;4
129282;-185807;49040;25251;4;4
108321;-172337;47730;26092;2;4
117752;-188586;48319;25077;4;4
121070;-185896;48526;25245;1;4
129120;-194979;49030;24677;2;4
121168;-186481;48533;25208;1;4
128634;-181747;48999;25504;2;4
111788;-173343;47946;26030;8;4
108219;-172713;47723;26069;2;4
120713;-184876;48504;25309;1;4
126747;-175982;48881;25865;1;4
129046;-183492;49025;25395;4;4
106584;-173945;47621;25992;4;4
111313;-173808;47917;26001;4;4
129291;-182007;49040;25488;1;4
116727;-184339;48255;25342;1;4
108353;-172316;47732;26094;4;4
119821;-182236;48448;25474;1;4
121255;-187944;48538;25117;2;4
123395;-176944;48672;25805;1;4
129274;-183877;49039;25371;1;4
111986;-173722;47959;26006;4;4
129234;-184066;49037;25359;2;4
105359;-195350;47544;24654;8;4
121010;-185932;48523;25243;2;4
120487;-185503;48490;25270;2;4
128569;-181735;48995;25505;8;4
120766;-184701;48507;25320;4;4
120959;-187041;48519;25173;2;4
129240;-185080;49037;25296;8;4
126757;-179680;48882;25634;8;4
122985;-181537;48646;25517;1;4
120536;-185427;48493;25274;4;4
128798;-195956;49009;24616;2;4
111944;-173333;47956;26030;8;4
120947;-186766;48519;25191;1;4
128038;-182519;48962;25456;4;4
120457;-184564;48488;25328;8;4
121662;-191543;48563;24892;8;4
120369;-189209;48483;25038;8;4
104918;-194509;47517;24707;4;4
120326;-189085;48480;25046;2;4
112524;-173455;47992;26023;2;4
120342;-189041;48481;25048;1;4
105463;-195290;47551;24658;4;4
129455;-186158;49050;25229;2;4
110239;-174062;47849;25985;1;4
105698;-196025;47566;24612;8;4
110246;-173974;47850;25990;4;4
123883;-195906;48702;24619;8;4
120436;-189039;48487;25049;4;4
117734;-188750;48318;25067;1;4
129468;-186175;49051;25228;8;4
120448;-185186;48488;25289;8;4
120373;-189748;48483;25004;4;4
120405;-189659;48485;25010;4;4
130111;-186642;49091;25198;8;4
120945;-187021;48519;25175;1;4
122616;-191522;48623;24893;2;4
99058;-173203;47151;26038;1;4
121011;-185534;48523;25268;8;4
130547;-192756;49119;24816;4;4
130455;-192647;49113;24823;2;4
127199;-176827;48909;25812;2;4
121466;-190829;48551;24937;1;4
120593;-185936;48497;25243;1;4
120883;-186905;48515;25182;8;4
121225;-187943;48536;25117;8;4
128579;-182889;48996;25433;8;4
103917;-186138;47454;25230;8;4
123529;-178211;48680;25725;1;4
128877;-181737;49014;25505;2;4
103694;-185796;47440;25251;2;4
116658;-184376;48251;25340;4;4
105410;-195233;47548;24661;8;4
127266;-181696;48914;25508;4;4
129133;-195043;49030;24673;2;4
119383;-193965;48421;24741;4;4
124144;-196422;48719;24587;4;4
109836;-174347;47824;25967;1;4
123327;-193673;48667;24759;8;4
99200;-167333;47160;26405;1;4
129335;-185747;49043;25254;1;4
98963;-173305;47145;26032;4;4
129885;-183926;49077;25368;1;4
112034;-173313;47962;26031;1;4
123819;-177905;48698;25744;1;4
114961;-193394;48145;24776;8;4
122088;-192813;48590;24813;4;4
99272;-167027;47164;26424;8;4
124294;-176689;48728;25820;4;4
128853;-183062;49013;25422;2;4
130039;-184615;49087;25325;2;4
129108;-183450;49029;25398;2;4
111462;-173424;47926;26025;4;4
129778;-183197;49071;25414;2;4
117635;-188504;48312;25082;2;4
128886;-195846;49015;24623;1;4
112348;-173345;47981;26029;2;4
123292;-193642;48665;24761;4;4
122323;-191385;48605;24902;4;4
124379;-176677;48733;25821;8;4
99732;-184999;47193;25301;1;4
114866;-182531;48139;25455;4;4
129833;-183848;49074;25373;2;4
108186;-172657;47721;26072;1;4
124856;-177939;48763;25742;2;4
117726;-188698;48317;25070;8;4
105686;-196387;47565;24589;1;4
123441;-176902;48675;25807;4;4
127341;-176955;48918;25804;2;4
112254;-173708;47975;26007;8;4
129175;-184085;49033;25358;4;4
111930;-173415;47955;26025;8;4
121044;-185686;48525;25258;1;4
130467;-186164;49114;25228;8;4
128924;-195017;49017;24675;8;4
127256;-176941;48913;25805;4;4
123826;-195857;48699;24622;1;4
127166;-176889;48907;25808;8;4
105640;-196417;47562;24587;4;4
126626;-179665;48874;25634;1;4
120653;-185866;48500;25247;1;4
127244;-181635;48912;25511;1;4
119362;-194015;48420;24738;8;4
123480;-177117;48677;25794;1;4
105271;-194944;47539;24680;2;4
117642;-188866;48312;25059;1;4
117077;-178838;48277;25686;2;4
123220;-181726;48661;25506;4;4
120405;-188984;48485;25052;8;4
111892;-173414;47953;26025;2;4
123347;-193632;48669;24762;2;4
128499;-181731;48991;25505;1;4
120395;-188925;48484;25056;1;4
120964;-191103;48520;24920;4;4
117669;-188917;48314;25056;4;4
101866;-185580;47326;25265;2;4
129810;-184543;49073;25330;2;4
129747;-183531;49069;25393;2;4
123501;-177787;48678;25752;1;4
115012;-180237;48148;25599;2;4
120344;-189762;48481;25003;2;4
109975;-173504;47833;26020;4;4
122508;-191561;48616;24891;8;4
129909;-183789;49079;25377;4;4
121452;-187602;48550;25138;4;4
111873;-173437;47952;26024;8;4
117741;-188439;48318;25086;1;4
120566;-184474;48495;25334;2;4
111403;-173327;47922;26031;8;4
123198;-181643;48659;25511;2;4
121012;-185382;48523;25277;8;4
120823;-184488;48511;25333;2;4
105092;-194782;47528;24690;8;4
108225;-172797;47724;26064;1;4
123788;-177861;48696;25747;2;4
99986;-185644;47209;25261;8;4
120739;-185038;48506;25299;4;4
120413;-189131;48485;25043;4;4
103810;-186239;47448;25224;2;4
123861;-177904;48701;25745;1;4
123482;-177074;48677;25796;2;4
111469;-173353;47926;26029;2;4
114455;-179960;48113;25616;1;4
127109;-176885;48904;25808;4;4
128573;-182879;48995;25434;1;4
120556;-185213;48494;25288;2;4
105391;-195092;47546;24670;2;4
103701;-185325;47441;25281;4;4
105371;-195322;47545;24656;4;4
117652;-188630;48313;25074;4;4
126815;-179998;48885;25614;2;4
129171;-184506;49033;25332;1;4
105440;-195497;47550;24645;4;4
108721;-172309;47755;26094;1;4
127267;-176974;48914;25803;4;4
112027;-173395;47961;26026;8;4
109798;-173501;47822;26020;8;4
120449;-184786;48488;25314;2;4
105466;-195241;47551;24661;2;4
121366;-190825;48545;24937;8;4
121010;-185392;48523;25277;4;4
121273;-188060;48539;25110;8;4
129238;-183695;49037;25383;1;4
130497;-186135;49116;25230;1;4
120990;-191032;48521;24924;1;4
120828;-184495;48511;25333;4;4
105549;-195948;47556;24617;2;4
129787;-182716;49071;25444;2;4
122151;-191946;48594;24867;2;4
123454;-177692;48675;25758;8;4
120797;-184796;48509;25314;8;4
109828;-174358;47824;25966;2;4
111292;-173732;47915;26005;4;4
124472;-181766;48739;25503;1;4
99306;-166927;47166;26431;8;4
111769;-173340;47945;26030;2;4
115136;-180350;48156;25592;2;4
104935;-194506;47518;24707;2;4
117154;-193919;48282;24744;2;4
120980;-187426;48521;25149;2;4
121234;-188062;48537;25110;2;4
99217;-167003;47161;26426;1;4
129758;-182909;49069;25432;1;4
117741;-188716;48318;25069;4;4
129730;-183607;49068;25388;8;4
129545;-182458;49056;25460;8;4
109881;-173516;47827;26019;1;4
105349;-195392;47544;24652;2;4
114042;-171017;48087;26175;2;4
130243;-194412;49100;24713;4;4
129320;-185850;49042;25248;2;4
120956;-186761;48519;25191;8;4
111368;-173783;47920;26002;1;4
99276;-166852;47164;26435;1;4
123393;-194042;48672;24736;8;4
103723;-185247;47442;25286;8;4
120361;-189744;48482;25005;8;4
111526;-173777;47930;26002;2;4
126759;-179612;48882;25638;8;4
122278;-191404;48602;24901;4;4
129123;-194949;49030;24679;2;4
99843;-185271;47200;25284;2;4
123168;-181644;48658;25511;4;4
114448;-179953;48113;25616;4;4
129371;-185811;49045;25250;1;4
129073;-181634;49027;25511;1;4
111321;-173757;47917;26004;2;4
122710;-181232;48629;25537;8;4
129170;-184157;49033;25354;2;4
126970;-175878;48895;25871;1;4
109994;-173565;47834;26016;1;4
116729;-184389;48255;25339;2;4
110316;-173980;47854;25990;4;4
117028;-178845;48274;25686;8;4
120512;-184359;48492;25341;2;4
126830;-175889;48886;25870;1;4
121060;-187541;48526;25142;8;4
120554;-184770;48494;25315;4;4
120504;-184276;48491;25346;4;4
128796;-181740;49009;25505;8;4
105717;-196301;47567;24595;1;4
120525;-184337;48492;25342;2;4
120420;-189569;48486;25015;1;4
126828;-179694;48886;25633;4;4
129184;-185246;49034;25286;1;4
130658;-187034;49126;25174;8;4
112280;-173418;47977;26025;4;4
129208;-184026;49035;25362;2;4
115095;-179717;48153;25631;8;4
105667;-196312;47564;24594;2;4
99921;-185254;47205;25285;8;4
122283;-191470;48602;24897;2;4
120551;-184442;48494;25336;8;4
121431;-187667;48549;25134;2;4
121046;-187475;48525;25146;4;4
109871;-174341;47826;25967;2;4
114448;-179855;48113;25623;1;4
99292;-167018;47165;26425;1;4
127252;-181592;48913;25514;4;4
98995;-173122;47147;26043;1;4
130084;-186670;49090;25197;4;4
129647;-182465;49062;25459;8;4
120990;-185708;48521;25257;4;4
121153;-186414;48532;25213;4;4
120476;-184122;48489;25356;2;4
111790;-173811;47946;26000;1;4
105416;-195546;47548;24642;8;4
129788;-183467;49071;25397;4;4
120463;-184926;48488;25306;8;4
123497;-177025;48678;25799;1;4
120815;-184497;48510;25332;2;4
120869;-186668;48514;25197;4;4
120975;-185822;48520;25250;2;4
120827;-184668;48511;25322;4;4
120712;-185020;48504;25300;4;4
99285;-166862;47165;26435;2;4
111236;-173786;47912;26002;2;4
108301;-172295;47728;26095;1;4
123833;-178048;48699;25736;8;4
109922;-174404;47830;25963;4;4
103686;-185678;47440;25259;2;4
129734;-183251;49068;25410;2;4
108279;-172604;47727;26076;2;4
127357;-181553;48919;25516;8;4
121411;-187184;48548;25165;4;4
129027;-181705;49024;25507;4;4
128886;-195869;49015;24622;1;4
128550;-182860;48994;25435;1;4
121011;-185716;48523;25256;4;4
130581;-186323;49121;25218;8;4
129599;-182511;49059;25457;8;4
120526;-184136;48492;25355;8;4
129263;-183826;49038;25374;1;4
103754;-185828;47444;25249;1;4
121299;-188117;48541;25106;4;4
129332;-185756;49043;25254;8;4
99973;-185679;47208;25259;4;4
128689;-181644;49003;25511;4;4
123191;-196025;48659;24612;2;4
114891;-182627;48140;25449;4;4
121055;-187167;48525;25166;2;4
122135;-191979;48593;24865;4;4
117662;-188390;48313;25089;4;4
117197;-193877;48284;24746;1;4
130527;-186186;49117;25227;8;4
126973;-175901;48895;25870;1;4
120676;-186158;48502;25229;8;4
123293;-193683;48665;24758;4;4
112122;-173398;47967;26026;8;4
103695;-185653;47440;25260;8;4
122673;-191655;48627;24885;4;4
105401;-195166;47547;24666;8;4
105615;-196269;47560;24597;4;4
123341;-193748;48668;24754;8;4
123872;-178020;48702;25737;8;4
129965;-184692;49082;25320;1;4
129339;-185917;49043;25244;1;4
121310;-186897;48541;25182;4;4
121232;-187972;48537;25115;1;4
122986;-181418;48646;25525;4;4
99406;-168456;47172;26335;8;4
113700;-171469;48066;26147;1;4
120544;-193260;48494;24785;2;4
129135;-181711;49030;25507;8;4
129887;-183681;49077;25383;4;4
129321;-185807;49042;25251;1;4
120332;-189288;48480;25033;8;4
117634;-188628;48312;25074;8;4
120666;-186360;48501;25216;8;4
129837;-193517;49074;24769;2;4
105349;-195341;47544;24655;2;4
103735;-185689;47443;25258;4;4
111342;-173720;47918;26006;4;4
109879;-173508;47827;26019;2;4
123397;-193944;48672;24742;8;4
129624;-182518;49061;25456;8;4
128244;-181527;48975;25518;4;4
129599;-182378;49059;25465;4;4
99052;-173273;47150;26034;4;4
114557;-179937;48119;25617;2;4
120795;-184477;48509;25334;1;4
120528;-184166;48493;25353;4;4
127620;-181094;48936;25545;2;4
108280;-174574;47727;25953;2;4
121453;-187753;48550;25129;1;4
120510;-184489;48491;25333;2;4
112200;-173386;47972;26027;2;4
99762;-185048;47195;25298;2;4
112188;-173813;47971;26000;4;4
103779;-185604;47446;25263;2;4
129217;-183615;49036;25388;2;4
120543;-185470;48493;25272;2;4
99291;-166840;47165;26436;1;4
115179;-179760;48158;25629;8;4
128182;-181577;48971;25515;1;4
114937;-182652;48143;25448;4;4
109784;-173524;47821;26018;8;4
129181;-185308;49033;25282;1;4
111732;-173815;47943;26000;8;4
99318;-166814;47167;26438;1;4
129246;-184755;49037;25316;2;4
99026;-173077;47149;26046;4;4
120523;-184709;48492;25319;2;4
105641;-196408;47562;24588;8;4
120958;-186673;48519;25196;2;4
105464;-194968;47551;24678;2;4
103760;-185763;47445;25253;8;4
105661;-196512;47563;24582;4;4
112043;-173704;47962;26007;4;4
114989;-180227;48146;25599;8;4
130279;-194353;49102;24716;2;4
108723;-172332;47755;26093;8;4
127334;-181546;48918;25517;8;4
105049;-194614;47525;24700;8;4
129496;-186231;49053;25224;4;4
105376;-195637;47546;24636;8;4
121009;-185462;48523;25272;8;4
129265;-183657;49039;25385;1;4
112257;-173403;47976;26026;4;4
111671;-173803;47939;26001;4;4
105708;-196499;47566;24582;8;4
122456;-192230;48613;24849;1;4
123879;-195949;48702;24617;2;4
107572;-176216;47683;25850;4;4
112092;-173395;47965;26026;2;4
128868;-181684;49014;25508;2;4
122375;-192169;48608;24853;4;4
126677;-179688;48877;25633;8;4
99844;-185229;47200;25287;1;4
127326;-181620;48917;25512;1;4
129221;-184055;49036;25360;2;4
128965;-181694;49020;25508;8;4
120613;-185885;48498;25246;4;4
99296;-167386;47166;26402;4;4
121000;-185586;48522;25264;1;4
115180;-179723;48158;25631;4;4
128473;-181682;48989;25508;2;4
105710;-196012;47566;24613;8;4
120990;-191056;48521;24923;4;4
123518;-177073;48679;25796;2;4
105645;-196101;47562;24607;4;4
99208;-167002;47160;26426;4;4
130497;-192705;49116;24819;4;4
120528;-184725;48493;25318;1;4
112106;-173824;47966;26000;8;4
126800;-175992;48885;25864;1;4
121025;-187285;48524;25158;8;4
120361;-189768;48482;25003;4;4
120931;-187031;48518;25174;4;4
130437;-186173;49112;25228;2;4
128409;-181731;48985;25505;8;4
120732;-184559;48505;25329;8;4
113454;-174015;48050;25988;2;4
111655;-173757;47938;26004;1;4
99225;-166807;47161;26438;4;4
105066;-194588;47526;24702;1;4
127128;-176865;48905;25809;1;4
111757;-173738;47944;26005;1;4
129061;-183429;49026;25399;4;4
129227;-185409;49036;25275;4;4
120554;-185526;48494;25268;4;4
120930;-186866;48518;25184;1;4
120372;-189782;48483;25002;8;4
126650;-179690;48875;25633;1;4
116682;-184431;48252;25337;2;4
120443;-189201;48487;25038;2;4
116288;-184966;48228;25303;8;4
108169;-172587;47720;26077;4;4
120346;-189436;48481;25024;1;4
123224;-196051;48661;24610;1;4
121395;-190730;48547;24943;4;4
103840;-186137;47450;25230;4;4
129764;-183186;49070;25414;2;4
120895;-186905;48515;25182;1;4
123798;-177967;48697;25741;1;4
129805;-193447;49072;24773;8;4
108215;-172295;47723;26095;2;4
124809;-177943;48760;25742;1;4
107556;-176247;47682;25848;4;4
129714;-183232;49067;25412;8;4
127179;-176889;48908;25808;2;4
129222;-184980;49036;25302;4;4
129167;-184033;49032;25361;1;4
111317;-173780;47917;26002;1;4
103692;-185822;47440;25250;8;4
120524;-184557;48492;25329;4;4
107407;-176512;47672;25832;8;4
111423;-173799;47923;26001;1;4
120562;-184939;48495;25305;2;4
109903;-174342;47828;25967;1;4
120458;-184345;48488;25342;1;4
120579;-186360;48496;25216;1;4
121021;-187176;48523;25165;2;4
105614;-196304;47560;24595;2;4
122512;-191529;48617;24893;8;4
105603;-196412;47560;24588;8;4
105719;-196443;47567;24586;1;4
129196;-184143;49034;25355;8;4
114717;-180249;48129;25598;4;4
116707;-184447;48254;25336;1;4
106607;-173837;47622;25999;2;4
110227;-174063;47849;25985;8;4
123006;-181443;48647;25523;4;4
129665;-183450;49064;25398;1;4
130165;-186730;49095;25193;2;4
121380;-187666;48546;25134;4;4
127178;-176790;48908;25814;1;4
129266;-183923;49039;25368;8;4
117702;-188912;48316;25057;8;4
112089;-173414;47965;26025;4;4
117652;-188862;48313;25060;2;4
98949;-173016;47144;26050;4;4
120698;-186281;48503;25221;4;4
129005;-183332;49022;25405;1;4
129700;-183239;49066;25411;4;4
120859;-186827;48513;25187;4;4
105375;-195192;47545;24664;8;4
130019;-184656;49086;25323;1;4
128122;-181597;48967;25514;1;4
129232;-184997;49037;25301;4;4
111981;-173815;47958;26000;4;4
129836;-184455;49074;25335;4;4
121047;-187683;48525;25133;1;4
121611;-191601;48560;24888;4;4
108378;-172346;47733;26092;2;4
120631;-186274;48499;25221;1;4
129668;-186450;49064;25210;1;4
115003;-193325;48147;24781;8;4
120421;-189650;48486;25010;4;4
122658;-191619;48626;24887;1;4
121031;-187590;48524;25139;4;4
122472;-192138;48614;24855;4;4
128795;-195870;49009;24622;1;4
121007;-185813;48522;25250;1;4
100015;-185501;47210;25270;4;4
120514;-193193;48492;24789;1;4
127237;-181556;48912;25516;4;4
114999;-193401;48147;24776;4;4
123152;-196023;48657;24612;2;4
121200;-186444;48535;25211;4;4
99054;-173374;47150;26028;4;4
113526;-174003;48055;25988;1;4
129255;-183783;49038;25377;2;4
121083;-185532;48527;25268;1;4
117736;-188661;48318;25072;8;4
121661;-191508;48563;24894;1;4
107571;-176132;47683;25855;2;4
128476;-181635;48989;25511;8;4
121052;-185401;48525;25276;8;4
123846;-195900;48700;24620;2;4
130655;-186356;49125;25216;1;4
123443;-177134;48675;25793;1;4
108177;-172410;47721;26088;1;4
108278;-172796;47727;26064;8;4
99047;-173255;47150;26035;2;4
105654;-196582;47563;24577;2;4
120828;-184655;48511;25323;8;4
105450;-195536;47550;24643;4;4
130561;-187128;49120;25168;1;4
127280;-181710;48915;25507;8;4
120990;-187752;48521;25129;1;4
117681;-188437;48315;25086;1;4
129091;-195026;49028;24674;8;4
123818;-195871;48698;24622;2;4
124152;-196425;48719;24587;4;4
123852;-177850;48700;25748;8;4
129752;-182959;49069;25429;4;4
129195;-184816;49034;25313;1;4
105616;-196555;47561;24579;4;4
112266;-173415;47976;26025;2;4
113944;-171114;48081;26169;4;4
120965;-187617;48520;25137;8;4
105598;-195900;47559;24620;4;4
120375;-189243;48483;25036;8;4
113941;-171126;48081;26168;1;4
117662;-188640;48313;25074;1;4
120507;-193562;48491;24766;8;4
114907;-180260;48141;25597;4;4
130059;-186660;49088;25197;1;4
129394;-181971;49047;25490;1;4
105510;-195890;47554;24620;4;4
105388;-195534;47546;24643;1;4
120888;-187116;48515;25169;2;4
124322;-176677;48730;25821;2;4
129582;-182498;49058;25457;2;4
121035;-185895;48524;25245;4;4
112204;-173389;47972;26027;2;4
105041;-194577;47525;24702;8;4
122532;-191506;48618;24894;8;4
103803;-185629;47447;25262;8;4
117149;-193810;48281;24750;4;4
123526;-178210;48680;25725;2;4
114452;-179961;48113;25616;2;4
122518;-191594;48617;24889;4;4
123311;-193663;48666;24760;8;4
128632;-181717;48999;25506;1;4
120363;-189644;48482;25011;8;4
117717;-188808;48317;25063;1;4
99814;-185045;47198;25298;1;4
105621;-196197;47561;24601;2;4
127143;-176769;48906;25815;4;4
121025;-185446;48524;25273;1;4
121057;-187506;48526;25144;2;4
99032;-173245;47149;26036;8;4
121010;-187343;48523;25155;4;4
120450;-185398;48488;25276;8;4
120441;-188825;48487;25062;8;4
107277;-175844;47664;25873;4;4
105451;-194946;47550;24679;4;4
123897;-177976;48703;25740;4;4
99220;-166983;47161;26427;2;4
130472;-192755;49114;24816;2;4
120325;-189200;48480;25039;1;4
120507;-184535;48491;25330;2;4
105617;-196531;47561;24580;8;4
114471;-179953;48114;25616;4;4
112018;-173697;47961;26007;4;4
103858;-186214;47451;25225;2;4
123473;-177982;48677;25740;4;4
128852;-181713;49013;25506;4;4
120789;-184955;48509;25304;8;4
112009;-173717;47960;26006;8;4
126972;-175986;48895;25864;1;4
116311;-185036;48229;25299;4;4
111913;-173348;47954;26029;8;4
128686;-181742;49002;25505;1;4
103717;-185246;47442;25286;1;4
111954;-173371;47957;26028;4;4
120890;-186924;48515;25181;4;4
129027;-181717;49024;25506;8;4
113691;-171464;48065;26147;8;4
123477;-176993;48677;25801;4;4
121679;-191567;48564;24891;2;4
129742;-182980;49068;25427;4;4
123806;-177992;48697;25739;4;4
128003;-182470;48960;25459;8;4
120455;-184630;48488;25324;8;4
129210;-185065;49035;25297;1;4
120530;-193228;48493;24787;4;4
128822;-195887;49011;24621;2;4
114001;-171102;48085;26170;4;4
109899;-174458;47828;25960;2;4
120806;-184989;48510;25302;1;4
120547;-193659;48494;24760;4;4
127730;-181068;48943;25547;4;4
121375;-187695;48545;25133;2;4
121049;-187935;48525;25118;1;4
128789;-195872;49009;24622;2;4
130418;-180995;49111;25551;8;4
111366;-173794;47920;26001;8;4
121361;-190786;48545;24939;1;4
129841;-183807;49075;25376;2;4
105398;-195053;47547;24673;2;4
121296;-186904;48541;25182;4;4
115104;-180270;48154;25597;8;4
121369;-187767;48545;25128;2;4
122095;-192782;48590;24815;2;4
129234;-183886;49037;25371;1;4
105691;-196375;47565;24590;2;4
105428;-194973;47549;24678;8;4
120859;-186742;48513;25192;1;4
123852;-177948;48700;25742;8;4
129784;-183117;49071;25419;1;4
121009;-187806;48523;25126;4;4
120488;-184918;48490;25306;4;4
129774;-183529;49070;25393;2;4
120493;-193554;48490;24766;1;4
121608;-191555;48560;24891;8;4
120570;-184665;48495;25322;4;4
104095;-186447;47465;25211;1;4
120535;-185272;48493;25284;1;4
124911;-178011;48766;25738;4;4
114925;-180342;48142;25592;2;4
117752;-189029;48319;25049;2;4
120793;-184499;48509;25332;8;4
120348;-189902;48481;24995;8;4
129749;-183269;49069;25409;2;4
120404;-188816;48485;25063;8;4
120547;-193592;48494;24764;2;4
105634;-196525;47562;24581;2;4
107403;-176487;47672;25833;2;4
105678;-196566;47564;24578;8;4
122384;-192241;48609;24848;2;4
103695;-185240;47440;25286;2;4
122007;-191359;48585;24904;4;4
117006;-178942;48272;25680;8;4
120841;-187056;48512;25173;4;4
120502;-184321;48491;25343;8;4
105113;-194752;47529;24692;8;4
128532;-181711;48993;25507;2;4
129532;-186144;49055;25230;2;4
120378;-188925;48483;25056;2;4
126348;-177088;48856;25796;2;4
120495;-184079;48490;25359;2;4
120506;-184281;48491;25346;1;4
121018;-187409;48523;25150;2;4
128215;-181522;48973;25518;1;4
120542;-185563;48493;25266;2;4
117682;-188554;48315;25079;2;4
128833;-195852;49012;24623;1;4
129204;-184769;49035;25315;1;4
99303;-166997;47166;26426;4;4
107455;-176412;47675;25838;4;4
123892;-195870;48703;24622;2;4
105604;-196314;47560;24594;8;4
129057;-181657;49026;25510;4;4
111786;-173394;47946;26026;1;4
128798;-195862;49009;24622;4;4
114894;-182585;48140;25452;8;4
111546;-173772;47931;26003;4;4
112150;-173699;47969;26007;8;4
107585;-176159;47684;25854;4;4
129879;-183901;49077;25370;4;4
121342;-186910;48543;25182;1;4
112909;-174904;48016;25932;4;4
128061;-182523;48963;25456;2;4
120863;-187114;48513;25169;1;4
121060;-191002;48526;24926;2;4
129218;-184101;49036;25357;8;4
129631;-182366;49061;25466;8;4
122015;-181294;48585;25533;8;4
128547;-182815;48994;25438;1;4
129668;-182729;49064;25443;2;4
113425;-174016;48049;25988;2;4
107646;-176129;47687;25855;8;4
114814;-180322;48135;25593;8;4
120705;-184782;48504;25315;4;4
123860;-177875;48701;25746;4;4
120780;-185081;48508;25296;2;4
122466;-192167;48614;24853;4;4
129765;-183086;49070;25421;2;4
121046;-185781;48525;25252;4;4
112931;-174857;48018;25935;1;4
99718;-185025;47192;25299;8;4
126436;-177107;48862;25794;1;4
127293;-181639;48915;25511;8;4
126782;-179974;48883;25615;1;4
112243;-173743;47975;26005;2;4
120418;-189451;48486;25023;4;4
116639;-184378;48249;25340;8;4
114831;-182530;48136;25455;1;4
129681;-183621;49065;25387;1;4
103910;-186193;47454;25226;4;4
124418;-181848;48736;25498;2;4
128098;-181620;48966;25512;8;4
117719;-188850;48317;25060;1;4
120547;-184534;48494;25330;4;4
120775;-184866;48508;25309;2;4
121359;-187561;48544;25141;2;4
115086;-179759;48152;25629;8;4
109996;-173516;47834;26019;8;4
123477;-177753;48677;25754;8;4
109876;-173487;47827;26021;4;4
109856;-174376;47826;25965;1;4
129185;-185052;49034;25298;2;4
103723;-185605;47442;25263;8;4
115129;-179816;48155;25625;4;4
129016;-183301;49023;25407;1;4
128222;-181618;48973;25512;1;4
122941;-181500;48643;25520;2;4
108390;-172289;47734;26095;2;4
122566;-191505;48620;24894;8;4
123463;-177092;48676;25795;8;4
112200;-173326;47972;26031;4;4
123270;-193060;48664;24797;2;4
107266;-175851;47664;25873;8;4
126727;-179591;48880;25639;1;4
120486;-185530;48490;25268;4;4
130647;-187095;49125;25170;8;4
105399;-195649;47547;24635;4;4
105401;-195531;47547;24643;8;4
105366;-195419;47545;24650;1;4
105542;-195892;47556;24620;2;4
120464;-184097;48489;25357;2;4
100084;-185698;47215;25257;1;4
111854;-173784;47950;26002;4;4
111976;-173800;47958;26001;8;4
121429;-187554;48549;25141;1;4
123599;-178208;48684;25726;4;4
121077;-185798;48527;25251;4;4
105390;-195489;47546;24645;4;4
123393;-193931;48672;24743;1;4
99050;-173366;47150;26028;2;4
107373;-175803;47670;25876;2;4
117135;-193881;48280;24746;1;4
114749;-180342;48131;25592;1;4
123431;-176912;48674;25807;1;4
129741;-183006;49068;25426;1;4
105130;-194761;47530;24691;1;4
129214;-183686;49035;25383;2;4
120731;-185007;48505;25301;4;4
123467;-177064;48676;25797;1;4
105508;-195895;47554;24620;8;4
115118;-180308;48154;25594;8;4
127339;-176923;48918;25806;4;4
128863;-183050;49013;25423;1;4
115130;-180294;48155;25595;2;4
122499;-191613;48616;24888;8;4
108169;-174495;47720;25958;8;4
113739;-171448;48068;26148;8;4
120594;-185978;48497;25240;8;4
120998;-185801;48522;25251;1;4
108223;-172783;47723;26065;4;4
120857;-186982;48513;25177;1;4
120520;-184320;48492;25344;2;4
123284;-193121;48665;24793;4;4
120540;-193610;48493;24763;1;4
120917;-186815;48517;25188;2;4
99406;-168478;47172;26334;2;4
120498;-184461;48491;25335;4;4
120982;-187253;48521;25160;1;4
105720;-196291;47567;24595;2;4
130681;-187110;49127;25169;1;4
112137;-173322;47968;26031;8;4
125927;-176868;48830;25809;4;4
114933;-180287;48143;25596;4;4
120538;-185363;48493;25278;1;4
129408;-186209;49048;25225;8;4
111279;-173720;47914;26006;1;4
105428;-195434;47549;24649;8;4
128531;-181638;48993;25511;4;4
127692;-181122;48940;25543;4;4
122215;-191952;48598;24867;8;4
123483;-194028;48677;24737;4;4
120352;-189948;48482;24992;1;4
121085;-187578;48527;25140;1;4
116712;-184402;48254;25338;2;4
122052;-191260;48588;24910;2;4
116265;-184966;48226;25303;2;4
111897;-173716;47953;26006;1;4
120508;-185499;48491;25270;1;4
120671;-185922;48501;25243;4;4
122728;-191737;48630;24880;8;4
120688;-186304;48503;25220;1;4
122639;-191618;48624;24887;4;4
123514;-177759;48679;25754;4;4
126805;-179997;48885;25614;4;4
127312;-176908;48917;25807;1;4
123453;-177147;48675;25792;2;4
120722;-184478;48505;25334;8;4
108334;-172312;47730;26094;8;4
110289;-173983;47853;25990;1;4
121076;-187386;48527;25152;2;4
129161;-184649;49032;25323;4;4
120339;-188937;48481;25055;1;4
105360;-195200;47545;24664;1;4
120567;-184729;48495;25318;2;4
105639;-196343;47562;24592;2;4
126766;-175976;48882;25865;1;4
114880;-182618;48140;25450;8;4
103776;-185680;47446;25259;4;4
112283;-173326;47977;26031;1;4
122981;-181417;48646;25525;8;4
120495;-184951;48490;25304;1;4
128463;-181670;48988;25509;1;4
129747;-182751;49069;25442;4;4
108399;-172323;47734;26093;2;4
128513;-181709;48992;25507;8;4
120436;-189535;48487;25018;4;4
99007;-173173;47147;26040;4;4
121459;-187258;48551;25160;8;4
99275;-167036;47164;26424;8;4
121001;-187883;48522;25121;4;4
129388;-185822;49046;25250;2;4
111391;-173405;47921;26026;8;4
105426;-195201;47549;24663;4;4
120708;-185069;48504;25297;4;4
105449;-195302;47550;24657;1;4
120556;-193236;48494;24786;4;4
120476;-184799;48489;25314;2;4
99279;-167040;47164;26424;4;4
109873;-173555;47827;26016;1;4
98950;-173408;47144;26026;1;4
120509;-185038;48491;25299;8;4
129525;-186240;49055;25224;2;4
120988;-187652;48521;25135;4;4
123223;-181636;48661;25511;2;4
127250;-176743;48913;25817;2;4
123414;-177691;48673;25758;1;4
123522;-178196;48680;25726;1;4
105626;-196270;47561;24597;4;4
123617;-177320;48686;25781;4;4
119851;-182226;48450;25474;1;4
116634;-184417;48249;25337;4;4
121076;-187223;48527;25162;4;4
123243;-195984;48662;24615;4;4
121081;-187553;48527;25141;4;4
121047;-187544;48525;25142;2;4
129210;-184769;49035;25315;8;4
120451;-184144;48488;25355;8;4
127705;-181144;48941;25542;2;4
105623;-196066;47561;24609;1;4
111709;-173715;47941;26006;1;4
122674;-181135;48627;25543;4;4
126762;-179976;48882;25615;8;4
109848;-173475;47825;26021;2;4
127276;-181641;48914;25511;2;4
120873;-186854;48514;25185;1;4
116730;-184400;48255;25339;1;4
121035;-185677;48524;25259;4;4
120440;-188828;48487;25062;8;4
114839;-182591;48137;25452;2;4
112133;-173406;47968;26026;1;4
129684;-183373;49065;25403;8;4
99030;-173390;47149;26027;1;4
114940;-182542;48143;25455;8;4
111395;-173708;47922;26007;4;4
99223;-166908;47161;26432;2;4
105442;-195269;47550;24659;8;4
121445;-187194;48550;25164;1;4
120404;-189500;48485;25020;4;4
123365;-193141;48670;24792;4;4
122280;-191399;48602;24901;1;4
99276;-166840;47164;26436;1;4
112570;-173546;47995;26017;8;4
108673;-172300;47752;26095;2;4
117652;-188796;48313;25064;8;4
99949;-185313;47206;25281;1;4
129675;-182788;49064;25439;2;4
126831;-180093;48886;25608;8;4
105727;-196425;47567;24587;8;4
121388;-187612;48546;25138;2;4
126750;-180070;48881;25609;1;4
121721;-191503;48567;24895;1;4
107551;-176212;47681;25850;4;4
105624;-196393;47561;24589;2;4
112541;-173462;47993;26022;4;4
99213;-166811;47160;26438;4;4
120488;-184289;48490;25345;1;4
123356;-193678;48669;24759;8;4
129125;-183425;49030;25399;2;4
98964;-173249;47145;26035;2;4
123858;-177924;48701;25743;4;4
129042;-195009;49025;24675;1;4
121009;-187202;48523;25163;8;4
122380;-192148;48608;24854;1;4
108213;-172342;47723;26092;8;4
123784;-177921;48696;25743;2;4
108327;-172294;47730;26095;1;4
120810;-184550;48510;25329;4;4
123805;-177920;48697;25744;8;4
129095;-183483;49028;25396;4;4
123314;-193637;48667;24761;1;4
122600;-191585;48622;24889;8;4
117664;-188914;48314;25056;1;4
129179;-184087;49033;25358;2;4
111802;-173784;47947;26002;2;4
120361;-189386;48482;25027;8;4
129165;-183877;49032;25371;4;4
120724;-184561;48505;25328;4;4
123342;-193064;48668;24797;1;4
129158;-185361;49032;25278;1;4
123555;-177353;48682;25779;8;4
100088;-185625;47215;25262;8;4
107331;-175831;47668;25874;2;4
126625;-179643;48874;25636;1;4
130300;-194375;49103;24715;1;4
123315;-193143;48667;24792;4;4
120358;-188950;48482;25054;1;4
127243;-181745;48912;25504;8;4
128774;-181669;49008;25509;2;4
123328;-193766;48668;24753;8;4
120819;-184914;48511;25306;2;4
105371;-194990;47545;24677;8;4
115030;-180225;48149;25599;4;4
122624;-191664;48624;24885;1;4
129707;-186422;49066;25212;4;4
123869;-177803;48701;25751;1;4
120623;-185893;48498;25245;1;4
130248;-194416;49100;24713;1;4
108263;-172319;47726;26094;2;4
128890;-183166;49015;25416;8;4
120537;-184162;48493;25353;8;4
121039;-191032;48524;24924;8;4
120414;-188831;48485;25062;8;4
129275;-183641;49039;25386;2;4
130023;-184585;49086;25327;2;4
120981;-187340;48521;25155;4;4
129547;-182294;49056;25470;4;4
124433;-181819;48737;25500;1;4
121084;-185722;48527;25256;2;4
121046;-187962;48525;25116;4;4
130330;-181007;49105;25551;1;4
116678;-184322;48252;25343;2;4
111572;-173788;47933;26002;1;4
105437;-195240;47549;24661;2;4
122960;-181549;48645;25517;2;4
99220;-167328;47161;26406;4;4
120387;-188834;48484;25061;2;4
120502;-184336;48491;25343;1;4
129496;-186226;49053;25224;1;4
120572;-184864;48495;25310;8;4
129681;-183594;49065;25389;2;4
123902;-177915;48703;25744;2;4
128858;-195957;49013;24616;8;4
114705;-180243;48129;25598;2;4
105291;-194936;47540;24680;2;4
104077;-186457;47464;25210;8;4
124381;-176709;48733;25819;4;4
121399;-187751;48547;25129;2;4
121284;-186889;48540;25183;2;4
120551;-184745;48494;25317;8;4
123877;-195886;48702;24621;4;4
122326;-191447;48605;24898;8;4
119852;-182177;48450;25477;8;4
120331;-189736;48480;25005;2;4
126733;-175931;48880;25868;2;4
120894;-186960;48515;25179;4;4
120716;-184634;48504;25324;4;4
129738;-186387;49068;25214;2;4
129786;-183319;49071;25406;2;4
129566;-182344;49057;25467;4;4
122712;-181230;48629;25537;8;4
116325;-185084;48230;25296;2;4
106532;-173925;47618;25993;8;4
120510;-184651;48491;25323;4;4
128059;-182408;48963;25463;1;4
103804;-185843;47447;25248;8;4
113777;-171499;48071;26145;1;4
121028;-185798;48524;25251;1;4
123505;-193988;48679;24739;8;4
129709;-183164;49066;25416;4;4
128858;-181668;49013;25509;2;4
120661;-186282;48501;25221;8;4
121067;-185530;48526;25268;8;4
105535;-195961;47555;24616;2;4
105399;-195397;47547;24651;4;4
117688;-188348;48315;25092;8;4
129275;-185141;49039;25292;1;4
122290;-191474;48603;24896;2;4
104073;-186488;47464;25208;4;4
120533;-193549;48493;24767;2;4
114457;-179948;48113;25617;2;4
120878;-186772;48514;25190;8;4
123630;-178201;48686;25726;1;4
122335;-191361;48605;24903;4;4
105424;-195724;47549;24631;8;4
129170;-184626;49033;25324;1;4
105334;-194925;47543;24681;4;4
128839;-181726;49012;25506;8;4
127328;-181652;48918;25510;4;4
127663;-180999;48938;25551;8;4
111445;-173424;47925;26025;4;4
121007;-185870;48522;25247;1;4
120489;-193581;48490;24765;1;4
117750;-188332;48319;25093;4;4
112237;-173414;47974;26025;4;4
121638;-191496;48562;24895;4;4
122938;-181571;48643;25515;4;4
120365;-189703;48482;25007;1;4
105723;-196101;47567;24607;8;4
127310;-176977;48916;25802;2;4
129173;-185507;49033;25269;2;4
103728;-185664;47443;25260;8;4
129217;-184183;49036;25352;1;4
117722;-188922;48317;25056;2;4
99733;-185032;47193;25299;8;4
121050;-187201;48525;25163;8;4
120648;-185776;48500;25253;4;4
100000;-185697;47210;25257;8;4
113665;-171505;48064;26144;4;4
103755;-185617;47444;25262;8;4
129608;-182335;49060;25468;4;4
99018;-173365;47148;26028;4;4
112079;-173768;47964;26003;1;4
129469;-186137;49051;25230;4;4
129235;-185362;49037;25278;8;4
129715;-182939;49067;25430;8;4
120508;-185332;48491;25280;1;4
107559;-176204;47682;25851;2;4
123455;-177048;48675;25798;8;4
115144;-179762;48156;25628;4;4
105640;-196491;47562;24583;4;4
126826;-179980;48886;25615;4;4
120456;-184715;48488;25319;4;4
116714;-184360;48254;25341;2;4
120465;-184217;48489;25350;4;4
115073;-179734;48152;25630;8;4
112982;-174967;48021;25928;8;4
128840;-195922;49012;24618;2;4
129472;-186115;49052;25231;2;4
127740;-181189;48943;25539;4;4
117179;-193856;48283;24748;4;4
121469;-190790;48551;24939;1;4
123431;-178034;48674;25736;8;4
99355;-168483;47169;26333;2;4
111433;-173370;47924;26028;4;4
110015;-173541;47835;26017;1;4
111509;-173699;47929;26007;8;4
119303;-193965;48416;24741;2;4
127236;-176745;48912;25817;4;4
117200;-193829;48285;24749;8;4
117739;-188939;48318;25055;4;4
121026;-187680;48524;25134;2;4
108376;-172305;47733;26094;8;4
123381;-193051;48671;24798;2;4
129257;-183921;49038;25368;4;4
123414;-176966;48673;25803;2;4
104960;-194610;47520;24700;8;4
129806;-183724;49072;25381;8;4
124864;-177935;48764;25743;1;4
107538;-176234;47681;25849;8;4
128010;-181522;48960;25518;1;4
129248;-184116;49038;25356;8;4
129223;-183784;49036;25377;1;4
129748;-186486;49069;25208;2;4
130537;-186143;49118;25230;2;4
123852;-195864;48700;24622;2;4
121022;-185961;48523;25241;8;4
120528;-184108;48493;25357;8;4
121086;-187967;48527;25116;4;4
98971;-173066;47145;26047;1;4
120394;-188828;48484;25062;1;4
119407;-194022;48422;24737;4;4
119918;-182271;48454;25472;2;4
129171;-183746;49033;25379;2;4
129184;-185444;49034;25273;8;4
120985;-187163;48521;25166;1;4
121082;-185777;48527;25252;1;4
120942;-187047;48518;25173;8;4
120667;-185934;48501;25243;2;4
111542;-173725;47931;26006;8;4
105372;-195552;47545;24642;4;4
112517;-173455;47992;26023;1;4
129749;-186403;49069;25213;4;4
117207;-193840;48285;24749;1;4
99322;-167028;47167;26424;1;4
120655;-186125;48500;25231;4;4
120562;-185277;48495;25284;4;4
99299;-166886;47166;26433;8;4
122910;-181525;48641;25518;2;4
122748;-191664;48631;24885;1;4
120527;-184755;48492;25316;8;4
123435;-176972;48674;25803;8;4
120708;-184943;48504;25305;4;4
120989;-188010;48521;25113;4;4
108167;-172800;47720;26064;8;4
103860;-186181;47451;25227;8;4
126359;-177035;48857;25799;1;4
105411;-194977;47548;24677;8;4
125865;-180397;48826;25589;8;4
129774;-182839;49070;25436;8;4
128384;-181704;48984;25507;8;4
121071;-187487;48526;25146;4;4
117725;-189008;48317;25051;1;4
120765;-184638;48507;25324;8;4
129238;-185245;49037;25286;4;4
121028;-185447;48524;25273;1;4
120712;-184789;48504;25314;1;4
107623;-176212;47686;25850;8;4
121066;-187916;48526;25119;1;4
114449;-179876;48113;25621;8;4
120366;-189900;48482;24995;4;4
105281;-194861;47540;24685;8;4
119861;-182207;48451;25476;2;4
129165;-184677;49032;25321;1;4
99050;-173098;47150;26045;8;4
98960;-173394;47145;26026;8;4
117694;-188506;48315;25082;2;4
116332;-185086;48230;25296;1;4
105359;-195602;47544;24638;2;4
126403;-176971;48860;25803;8;4
128976;-195035;49021;24674;4;4
120343;-189893;48481;24995;4;4
120981;-187211;48521;25163;2;4
104981;-194673;47521;24696;4;4
120512;-184200;48492;25351;4;4
120521;-184081;48492;25358;8;4
120789;-184899;48509;25307;2;4
99881;-185228;47202;25287;2;4
129350;-185731;49044;25255;4;4
109915;-173474;47829;26021;4;4
116293;-184999;48228;25301;2;4
114781;-180343;48133;25592;1;4
108234;-172558;47724;26079;2;4
120516;-184131;48492;25355;4;4
129248;-185154;49038;25291;1;4
121074;-187344;48527;25155;4;4
129187;-184771;49034;25315;4;4
121374;-187249;48545;25160;2;4
120550;-193558;48494;24766;1;4
105686;-196067;47565;24609;2;4
111397;-173802;47922;26001;4;4
129235;-183746;49037;25379;2;4
120862;-186911;48513;25182;4;4
108190;-174494;47721;25958;2;4
129825;-183825;49074;25374;2;4
105539;-195935;47556;24618;2;4
122988;-181419;48646;25525;8;4
120448;-184897;48488;25307;4;4
114913;-182640;48142;25449;2;4
129039;-181699;49024;25507;4;4
129185;-185310;49034;25282;1;4
126676;-179628;48877;25637;1;4
122115;-191874;48592;24871;2;4
129196;-183840;49034;25374;8;4
120671;-185989;48501;25239;4;4
129961;-184642;49082;25323;1;4
127245;-176767;48912;25816;2;4
129818;-184498;49073;25332;8;4
116711;-184347;48254;25342;8;4
115060;-193400;48151;24776;4;4
123444;-177709;48675;25757;2;4
120471;-184066;48489;25359;1;4
120560;-184986;48495;25302;1;4
111918;-173395;47954;26026;4;4
125845;-180393;48825;25589;2;4
129911;-183682;49079;25383;8;4
112625;-173553;47999;26016;4;4
120577;-185971;48496;25240;8;4
120909;-187064;48516;25172;4;4
117742;-188719;48318;25069;4;4
126862;-175878;48888;25871;1;4
115151;-179729;48156;25630;2;4
108233;-174549;47724;25954;8;4
129358;-185803;49044;25251;4;4
128389;-181738;48984;25505;1;4
105239;-194829;47537;24687;8;4
98974;-173084;47145;26046;8;4
105421;-195598;47548;24639;1;4
120360;-189849;48482;24998;2;4
129917;-193432;49079;24774;4;4
114893;-180269;48140;25597;2;4
108269;-174572;47726;25953;2;4
126376;-177081;48858;25796;2;4
117137;-193860;48281;24747;1;4
120482;-185501;48490;25270;1;4
117721;-188633;48317;25074;4;4
110285;-174051;47852;25985;4;4
127314;-181717;48917;25506;4;4
124096;-196357;48716;24591;4;4
105694;-196288;47565;24596;4;4
100025;-185577;47211;25265;4;4
122105;-191288;48591;24908;1;4
120532;-193631;48493;24762;8;4
123844;-195939;48700;24617;8;4
130230;-194356;49099;24716;4;4
129208;-184155;49035;25354;1;4
129560;-182367;49057;25466;4;4
120570;-185047;48495;25298;1;4
120441;-189806;48487;25001;2;4
129748;-183298;49069;25407;8;4
117665;-188554;48314;25079;8;4
120536;-193279;48493;24784;1;4
113946;-171064;48081;26172;4;4
130648;-186353;49125;25216;1;4
120998;-187610;48522;25138;1;4
105677;-196605;47564;24576;1;4
100064;-185724;47214;25256;4;4
111972;-173799;47958;26001;4;4
123406;-193992;48672;24739;2;4
108273;-174481;47727;25958;2;4
123868;-177879;48701;25746;4;4
105645;-196537;47562;24580;1;4
111769;-173740;47945;26005;4;4
122732;-181198;48630;25539;4;4
129713;-186466;49067;25209;4;4
120489;-185338;48490;25280;2;4
115126;-180274;48155;25596;4;4
121116;-186439;48529;25211;8;4
106584;-173898;47621;25995;8;4
121373;-187636;48545;25136;4;4
108796;-172372;47759;26090;4;4
120777;-184634;48508;25324;4;4
120777;-184843;48508;25311;1;4
129246;-184110;49037;25357;4;4
122744;-181129;48631;25543;4;4
129171;-183925;49033;25368;1;4
120533;-185541;48493;25267;4;4
120560;-185279;48495;25284;8;4
120335;-189044;48480;25048;8;4
120991;-185549;48521;25267;4;4
130552;-186198;49119;25226;2;4
120568;-185323;48495;25281;1;4
113934;-171073;48080;26171;4;4
120482;-185546;48490;25267;4;4
126798;-179978;48884;25615;4;4
105617;-196517;47561;24581;8;4
98969;-173329;47145;26030;2;4
98982;-173363;47146;26028;2;4
123389;-193743;48671;24755;2;4
117744;-188704;48319;25070;4;4
120440;-188830;48487;25062;4;4
123279;-193604;48664;24763;2;4
109837;-174341;47824;25967;2;4
122082;-192866;48590;24809;4;4
105640;-196439;47562;24586;1;4
117756;-188306;48319;25094;1;4
129331;-185840;49043;25249;1;4
128947;-183341;49019;25405;4;4
129565;-182298;49057;25470;1;4
111918;-173764;47954;26003;4;4
109931;-174371;47830;25965;4;4
129138;-195001;49031;24676;4;4
129251;-185519;49038;25269;8;4
111990;-173742;47959;26005;8;4
120552;-185026;48494;25299;1;4
120572;-184556;48495;25329;4;4
128787;-181747;49009;25504;8;4
129223;-183722;49036;25381;8;4
120424;-189306;48486;25032;4;4
129809;-184461;49073;25335;4;4
121021;-185932;48523;25243;2;4
120572;-184679;48495;25321;8;4
117126;-193912;48280;24744;2;4
120433;-189009;48487;25050;2;4
129279;-184520;49039;25331;2;4
108376;-172412;47733;26088;4;4
103854;-186212;47450;25225;8;4
105389;-195069;47546;24672;8;4
105126;-194712;47530;24694;4;4
130636;-187042;49124;25173;1;4
105362;-195041;47545;24673;1;4
99228;-166799;47161;26439;1;4
121062;-185814;48526;25250;4;4
120534;-184768;48493;25316;2;4
120660;-186189;48501;25227;2;4
123543;-178294;48681;25720;8;4
121165;-186402;48532;25213;2;4
120435;-188879;48487;25059;2;4
100076;-185705;47214;25257;2;4
107602;-176166;47685;25853;2;4
111907;-173391;47954;26027;4;4
121224;-188145;48536;25104;4;4
111796;-173439;47947;26024;4;4
123443;-177758;48675;25754;8;4
98950;-173205;47144;26038;2;4
125946;-176813;48831;25813;2;4
105145;-194727;47531;24693;8;4
129235;-184527;49037;25331;8;4
129729;-183417;49068;25400;8;4
120506;-193242;48491;24786;1;4
129230;-184883;49036;25308;1;4
98963;-173440;47145;26024;4;4
122107;-181354;48591;25529;2;4
120501;-184968;48491;25303;4;4
129904;-183736;49079;25380;8;4
121065;-185490;48526;25270;2;4
122370;-192160;48608;24854;2;4
123277;-193716;48664;24756;4;4
127273;-181640;48914;25511;4;4
127216;-176843;48911;25811;1;4
121050;-187433;48525;25149;2;4
113531;-173965;48055;25991;8;4
120332;-188972;48480;25053;4;4
120826;-184548;48511;25329;1;4
129222;-184765;49036;25316;1;4
120991;-188018;48521;25112;4;4
129242;-183883;49037;25371;1;4
129494;-186137;49053;25230;2;4
129879;-183805;49077;25376;8;4
120573;-184538;48495;25330;2;4
128847;-195910;49012;24619;4;4
128990;-181667;49021;25509;2;4
122606;-191595;48622;24889;4;4
130159;-186684;49094;25196;2;4
129165;-185460;49032;25272;1;4
123850;-195921;48700;24618;4;4
123509;-194036;48679;24736;8;4
123787;-195916;48696;24619;1;4
120346;-189399;48481;25026;2;4
129217;-183566;49036;25391;8;4
122349;-191424;48606;24900;1;4
130040;-184586;49087;25327;2;4
121051;-187222;48525;25162;8;4
122458;-192253;48613;24848;2;4
119332;-194023;48418;24737;2;4
128862;-181726;49013;25506;2;4
113704;-171406;48066;26151;2;4
117656;-188545;48313;25079;2;4
105436;-195241;47549;24661;4;4
123471;-177789;48676;25752;2;4
120828;-184845;48511;25311;8;4
120410;-189120;48485;25044;8;4
105023;-194579;47523;24702;8;4
121074;-187409;48527;25150;4;4
120492;-184121;48490;25356;8;4
121387;-187260;48546;25160;8;4
129256;-184506;49038;25332;4;4
120453;-185294;48488;25283;1;4
121004;-185962;48522;25241;4;4
130581;-186273;49121;25221;2;4
126418;-177115;48861;25794;1;4
129664;-182676;49064;25446;4;4
120539;-185524;48493;25268;1;4
120547;-185269;48494;25284;1;4
114892;-180284;48140;25596;4;4
120774;-184604;48508;25326;4;4
126621;-179707;48873;25632;1;4
120476;-184640;48489;25324;1;4
121055;-187386;48525;25152;2;4
100020;-185604;47211;25263;4;4
121049;-187228;48525;25162;4;4
128862;-181683;49013;25508;8;4
120564;-185072;48495;25297;2;4
129247;-183690;49037;25383;4;4
107350;-175867;47669;25872;4;4
120415;-189670;48485;25009;2;4
122661;-181216;48626;25538;4;4
112328;-173335;47980;26030;8;4
126753;-180075;48882;25609;8;4
105393;-195505;47547;24644;1;4
129258;-184963;49038;25303;4;4
112246;-173823;47975;26000;2;4
107494;-176397;47678;25839;2;4
129243;-185182;49037;25290;2;4
120589;-185977;48496;25240;2;4
129876;-183766;49077;25378;2;4
130636;-187066;49124;25172;1;4
117002;-178928;48272;25681;8;4
116639;-184442;48249;25336;4;4
111946;-173429;47956;26024;4;4
117649;-188707;48313;25069;4;4
99059;-173136;47151;26043;1;4
127678;-181172;48939;25540;8;4
128864;-195939;49014;24617;4;4
124088;-196419;48715;24587;8;4
99271;-166954;47164;26429;8;4
121675;-191600;48564;24889;4;4
129704;-182937;49066;25430;2;4
109900;-174350;47828;25967;1;4
120477;-193580;48489;24765;4;4
129717;-186411;49067;25213;1;4
126836;-180006;48887;25613;1;4
121387;-187213;48546;25163;8;4
128910;-181676;49016;25509;2;4
129694;-182750;49065;25442;4;4
123357;-193082;48669;24796;1;4
123277;-193658;48664;24760;4;4
109818;-173534;47823;26018;8;4
111937;-173384;47956;26027;1;4
120474;-185340;48489;25280;8;4
120628;-186291;48499;25220;2;4
108163;-172323;47720;26093;2;4
120512;-184243;48492;25348;2;4
130663;-186317;49126;25219;2;4
105567;-195848;47557;24623;2;4
129668;-183196;49064;25414;1;4
130620;-187118;49123;25169;2;4
111402;-173337;47922;26030;1;4
129007;-194967;49022;24678;4;4
128993;-183357;49022;25404;2;4
112192;-173363;47972;26028;8;4
117759;-188778;48319;25065;8;4
129107;-183486;49029;25396;2;4
98965;-172990;47145;26052;2;4
129111;-183437;49029;25399;2;4
103907;-186135;47454;25230;2;4
126730;-179613;48880;25638;4;4
99212;-166846;47160;26436;1;4
125935;-180437;48830;25586;4;4
111434;-173710;47924;26007;4;4
120412;-188829;48485;25062;4;4
108168;-174466;47720;25959;4;4
111268;-173725;47914;26006;2;4
129831;-184512;49074;25332;8;4
125868;-176800;48826;25814;4;4
129988;-184642;49084;25323;4;4
120744;-184583;48506;25327;2;4
120449;-184829;48488;25312;2;4
114848;-180231;48138;25599;1;4
127725;-181153;48942;25541;2;4
119901;-182227;48453;25474;8;4
112073;-173711;47964;26007;8;4
110011;-173484;47835;26021;8;4
120364;-189826;48482;24999;1;4
99326;-166834;47167;26436;2;4
130604;-186348;49122;25217;2;4
121444;-187212;48550;25163;2;4
123437;-177060;48674;25797;8;4
99976;-185721;47208;25256;1;4
115155;-179794;48157;25626;2;4
108184;-172317;47721;26094;2;4
120564;-184573;48495;25328;1;4
100019;-185595;47211;25264;8;4
129905;-193484;49079;24771;2;4
105527;-195887;47555;24621;4;4
121315;-188001;48542;25113;4;4
120853;-186893;48513;25183;4;4
121031;-187998;48524;25114;4;4
121239;-188083;48537;25108;4;4
110244;-174061;47850;25985;2;4
123586;-178237;48684;25724;1;4
111714;-173775;47942;26003;8;4
129086;-183432;49027;25399;4;4
111288;-173821;47915;26000;1;4
122890;-181453;48640;25523;8;4
129249;-184592;49038;25327;8;4
120978;-185346;48521;25279;4;4
122242;-191461;48600;24897;8;4
123515;-177094;48679;25795;8;4
112213;-173402;47973;26026;1;4
117216;-193892;48286;24745;1;4
120944;-186854;48519;25185;1;4
123901;-177949;48703;25742;8;4
120451;-184083;48488;25358;1;4
123849;-178032;48700;25737;4;4
121398;-187616;48547;25138;4;4
111376;-173412;47921;26025;2;4
122996;-181454;48647;25523;1;4
117685;-188495;48315;25083;8;4
120482;-184414;48490;25338;8;4
99023;-173161;47148;26041;4;4
123484;-177130;48677;25793;8;4
112243;-173731;47975;26005;1;4
121003;-187436;48522;25149;4;4
112600;-173545;47997;26017;2;4
123430;-177686;48674;25758;1;4
126730;-175992;48880;25864;2;4
120502;-184451;48491;25335;8;4
120626;-186272;48499;25222;1;4
112000;-173738;47960;26005;2;4
127338;-181518;48918;25519;1;4
120982;-185929;48521;25243;4;4
129175;-185111;49033;25294;2;4
129743;-186485;49068;25208;2;4
99322;-167011;47167;26425;4;4
105438;-195839;47549;24624;4;4
129723;-186407;49067;25213;8;4
123815;-177819;48698;25750;1;4
128039;-181621;48962;25512;4;4
120370;-189698;48483;25007;2;4
125854;-180453;48825;25585;4;4
109818;-173514;47823;26019;2;4
129168;-185000;49033;25301;1;4
129202;-185152;49035;25292;8;4
111855;-173425;47950;26024;8;4
100073;-185665;47214;25259;8;4
120954;-186700;48519;25195;4;4
129862;-183763;49076;25378;4;4
130622;-187046;49123;25173;8;4
117743;-188407;48318;25088;4;4
105119;-194735;47529;24693;1;4
129042;-181686;49025;25508;1;4
120435;-188910;48487;25057;2;4
99866;-185275;47201;25284;1;4
130282;-194400;49102;24714;2;4
126778;-179626;48883;25637;2;4
111375;-173406;47920;26026;4;4
120729;-184518;48505;25331;2;4
114901;-182601;48141;25451;8;4
111826;-173749;47949;26004;8;4
129188;-185439;49034;25274;2;4
106498;-173844;47616;25998;2;4
121620;-191523;48561;24893;8;4
109986;-173455;47834;26023;1;4
121241;-186951;48537;25179;2;4
121072;-187795;48527;25126;2;4
121074;-187177;48527;25165;8;4
126404;-176980;48860;25802;4;4
129211;-184683;49035;25321;4;4
123476;-177035;48677;25799;4;4
121048;-185365;48525;25278;4;4
128907;-181760;49016;25504;2;4
120962;-187801;48520;25126;8;4
130496;-186149;49116;25229;1;4
130637;-187070;49124;25172;1;4
123509;-177081;48679;25796;8;4
120671;-185993;48501;25239;4;4
120371;-189832;48483;24999;4;4
111390;-173775;47921;26003;2;4
123158;-196096;48657;24608;1;4
117675;-188558;48314;25079;4;4
121414;-187231;48548;25162;8;4
123631;-178273;48686;25721;1;4
108298;-172315;47728;26094;4;4
126358;-177056;48857;25798;2;4
123469;-177032;48676;25799;2;4
124903;-177923;48766;25743;1;4
111421;-173432;47923;26024;2;4
121083;-191009;48527;24925;8;4
129366;-185798;49045;25251;1;4
121212;-186445;48535;25211;4;4
119413;-193975;48423;24740;1;4
123383;-193688;48671;24758;4;4
114854;-182635;48138;25449;1;4
129891;-183873;49078;25371;2;4
121072;-185491;48527;25270;2;4
123464;-177994;48676;25739;2;4
115081;-180292;48152;25595;2;4
120461;-185451;48488;25273;2;4
117648;-188897;48313;25057;4;4
128131;-181591;48968;25514;4;4
115019;-180242;48148;25598;4;4
121344;-190734;48544;24943;1;4
127659;-181004;48938;25551;8;4
111335;-173787;47918;26002;4;4
105678;-195980;47564;24615;2;4
117032;-178904;48274;25682;2;4
129759;-182800;49069;25439;8;4
111930;-173404;47955;26026;4;4
104915;-194502;47517;24707;4;4
120955;-186722;48519;25193;1;4
120390;-189477;48484;25021;8;4
121025;-185908;48524;25244;8;4
99722;-184991;47192;25302;4;4
120624;-186293;48499;25220;1;4
120620;-186293;48498;25220;8;4
129088;-183545;49028;25392;8;4
129223;-185590;49036;25264;1;4
99805;-185005;47197;25301;8;4
114741;-180350;48131;25592;2;4
130551;-192650;49119;24823;1;4
109882;-173482;47827;26021;1;4
121083;-187548;48527;25142;4;4
120588;-185926;48496;25243;2;4
129850;-193425;49075;24774;1;4
123855;-177916;48700;25744;1;4
129242;-185270;49037;25284;4;4
108208;-172766;47723;26066;8;4
129250;-184166;49038;25353;4;4
117650;-189051;48313;25048;4;4
121053;-191064;48525;24922;2;4
121051;-188019;48525;25112;4;4
129719;-182973;49067;25428;4;4
130118;-186653;49092;25198;4;4
128975;-181719;49020;25506;2;4
129999;-184586;49084;25327;4;4
123869;-177863;48701;25747;1;4
130646;-187034;49125;25174;4;4
117656;-188990;48313;25052;1;4
114002;-171075;48085;26171;2;4
111877;-173743;47952;26005;1;4
120408;-189546;48485;25017;1;4
103784;-185853;47446;25248;8;4
105067;-194651;47526;24698;2;4
120699;-185960;48503;25241;4;4
121050;-187511;48525;25144;2;4
120837;-186907;48512;25182;2;4
128636;-182858;48999;25435;1;4
113472;-175920;48052;25869;2;4
112225;-173408;47974;26026;1;4
104914;-194486;47517;24708;2;4
119400;-193936;48422;24743;2;4
120623;-185950;48498;25242;1;4
128964;-194992;49020;24677;2;4
108799;-172407;47759;26088;2;4
129043;-181647;49025;25511;4;4
128802;-195959;49010;24616;2;4
128528;-181654;48993;25510;8;4
123378;-193758;48671;24754;4;4
114845;-182534;48137;25455;1;4
120570;-193589;48495;24764;8;4
115189;-180269;48159;25597;2;4
105352;-195156;47544;24666;8;4
117646;-188553;48312;25079;8;4
122040;-191296;48587;24908;8;4
105471;-195125;47551;24668;2;4
111966;-173419;47957;26025;2;4
101783;-185553;47321;25266;8;4
128543;-182838;48993;25436;4;4
120579;-185771;48496;25253;2;4
120833;-187120;48512;25169;2;4
129260;-183896;49038;25370;4;4
117750;-188695;48319;25070;4;4
105579;-195911;47558;24619;8;4
120397;-189935;48484;24993;8;4
129002;-183324;49022;25406;4;4
108194;-172401;47722;26088;8;4
123396;-177037;48672;25799;2;4
121657;-191548;48563;24892;8;4
123251;-196018;48663;24612;8;4
120556;-184522;48494;25331;8;4
120698;-185751;48503;25254;4;4
128496;-181727;48991;25506;4;4
121414;-187572;48548;25140;8;4
119391;-193979;48421;24740;4;4
128420;-181718;48986;25506;1;4
120431;-189751;48486;25004;4;4
120361;-188851;48482;25060;4;4
120862;-186675;48513;25196;1;4
120451;-193234;48488;24786;4;4
120547;-184936;48494;25305;2;4
120370;-189039;48483;25049;2;4
116305;-185062;48229;25297;1;4
99795;-184979;47197;25302;4;4
120426;-189741;48486;25005;4;4
127273;-181570;48914;25515;8;4
129253;-184801;49038;25313;1;4
129153;-184482;49032;25333;2;4
126908;-175937;48891;25867;8;4
124370;-176658;48733;25822;2;4
121452;-187706;48550;25132;2;4
130256;-194312;49101;24719;8;4
121193;-186483;48534;25208;8;4
128766;-181677;49007;25509;1;4
123288;-193657;48665;24760;2;4
120514;-184634;48492;25324;2;4
123630;-177360;48686;25779;2;4
123493;-193956;48678;24741;1;4
124485;-181845;48740;25498;1;4
114738;-180227;48131;25599;4;4
121019;-185940;48523;25242;8;4
120664;-185751;48501;25254;4;4
121386;-190739;48546;24942;2;4
126730;-180089;48880;25608;1;4
128953;-181743;49019;25505;1;4
120982;-187208;48521;25163;1;4
128841;-181682;49012;25508;8;4
120388;-189851;48484;24998;4;4
129193;-184655;49034;25323;2;4
126668;-179642;48876;25636;8;4
129216;-185250;49036;25285;8;4
114863;-182537;48138;25455;8;4
117718;-188368;48317;25091;2;4
129269;-184472;49039;25334;8;4
125885;-180422;48827;25587;4;4
109792;-173544;47822;26017;4;4
129706;-183408;49066;25401;2;4
121070;-187910;48526;25119;4;4
128906;-194991;49016;24677;4;4
116719;-184334;48254;25343;1;4
130428;-181019;49111;25550;4;4
111764;-173334;47945;26030;8;4
105367;-195512;47545;24644;4;4
112977;-174927;48021;25931;8;4
122883;-181620;48640;25512;2;4
120732;-184782;48505;25315;2;4
120397;-189155;48484;25041;1;4
129269;-183792;49039;25377;2;4
129682;-186442;49065;25211;2;4
120480;-184090;48490;25358;4;4
109891;-173446;47828;26023;8;4
121011;-185911;48523;25244;2;4
120572;-185400;48495;25276;2;4
117645;-188366;48312;25091;2;4
127144;-176863;48906;25810;8;4
130489;-192670;49115;24822;1;4
121333;-186897;48543;25182;1;4
120981;-191052;48521;24923;1;4
126932;-175919;48893;25869;2;4
123252;-181757;48663;25504;2;4
129201;-184797;49035;25314;4;4
127244;-181634;48912;25511;4;4
129257;-184842;49038;25311;2;4
120386;-189799;48484;25001;1;4
122952;-181426;48644;25524;2;4
114929;-182648;48143;25448;8;4
120335;-189334;48480;25030;1;4
128572;-181717;48995;25506;1;4
120455;-184166;48488;25353;4;4
128888;-195961;49015;24616;2;4
123599;-178182;48684;25727;4;4
123455;-177081;48675;25796;4;4
128072;-181603;48964;25513;2;4
129735;-183377;49068;25402;2;4
129259;-183710;49038;25382;2;4
120958;-187026;48519;25174;4;4
101839;-185475;47324;25271;8;4
121463;-187722;48551;25131;2;4
120993;-187437;48522;25149;2;4
112954;-174956;48019;25929;1;4
130572;-187114;49120;25169;2;4
120534;-184398;48493;25339;2;4
109928;-173543;47830;26017;8;4
103768;-185817;47445;25250;8;4
112251;-173730;47975;26005;8;4
99970;-185564;47208;25266;2;4
120683;-186270;48502;25222;8;4
122896;-181386;48641;25527;2;4
121005;-187844;48522;25123;8;4
108192;-174550;47722;25954;2;4
129691;-183584;49065;25390;2;4
120621;-185856;48498;25248;1;4
129750;-182854;49069;25435;2;4
128769;-183160;49008;25416;1;4
130632;-186279;49124;25221;8;4
120450;-185292;48488;25283;8;4
120525;-185248;48492;25286;1;4
105348;-195019;47544;24675;1;4
112968;-174911;48020;25932;2;4
123783;-177914;48696;25744;2;4
114951;-193381;48144;24777;8;4
129282;-185853;49040;25248;8;4
130194;-194414;49097;24713;1;4
105179;-194738;47533;24692;8;4
119398;-193953;48422;24741;1;4
120677;-186027;48502;25237;8;4
122081;-192859;48590;24810;4;4
117753;-188985;48319;25052;1;4
121211;-186405;48535;25213;8;4
99033;-173408;47149;26026;1;4
120468;-184637;48489;25324;8;4
123296;-193062;48666;24797;4;4
108217;-174493;47723;25958;2;4
112070;-173787;47964;26002;1;4
128161;-181552;48970;25517;8;4
121709;-191545;48566;24892;4;4
122001;-191277;48585;24909;2;4
129866;-193527;49076;24768;1;4
111535;-173772;47930;26003;2;4
105648;-196548;47563;24579;1;4
129566;-182482;49057;25458;4;4
121646;-191565;48562;24891;2;4
126435;-176996;48862;25801;2;4
126837;-180061;48887;25610;1;4
111729;-173791;47943;26002;4;4
122220;-191903;48598;24870;8;4
105277;-194895;47539;24683;1;4
99386;-168463;47171;26335;4;4
103776;-185846;47446;25248;8;4
128960;-181732;49020;25505;8;4
129703;-182702;49066;25445;4;4
120485;-193205;48490;24788;2;4
108762;-172415;47757;26088;4;4
130060;-186712;49088;25194;2;4
98967;-172948;47145;26054;8;4
108175;-172298;47720;26095;8;4
99310;-167349;47166;26404;2;4
123325;-193669;48667;24759;1;4
121068;-185686;48526;25258;4;4
126724;-175937;48880;25867;2;4
111441;-173797;47925;26001;8;4
128456;-181697;48988;25507;4;4
127326;-181545;48917;25517;2;4
121406;-187229;48547;25162;1;4
103695;-185339;47440;25280;4;4
122383;-192225;48608;24849;4;4
129190;-184682;49034;25321;2;4
120941;-186878;48518;25184;2;4
105427;-194974;47549;24678;2;4
108260;-172334;47726;26093;4;4
129867;-184565;49076;25328;2;4
117640;-188320;48312;25094;4;4
120551;-184843;48494;25311;2;4
123885;-178032;48702;25737;1;4
111883;-173383;47952;26027;4;4
103745;-185241;47444;25286;8;4
130502;-192760;49116;24816;2;4
120396;-189346;48484;25029;2;4
129255;-184493;49038;25333;4;4
121408;-187607;48548;25138;1;4
126783;-175968;48883;25866;4;4
115084;-179722;48152;25631;2;4
119860;-182215;48451;25475;1;4
111515;-173799;47929;26001;8;4
127324;-177016;48917;25800;4;4
129180;-183741;49033;25380;2;4
129697;-183564;49066;25391;1;4
122111;-191304;48591;24907;2;4
117099;-178860;48278;25685;2;4
111251;-173751;47913;26004;1;4
120335;-189218;48480;25037;8;4
130636;-187075;49124;25171;4;4
130598;-186306;49122;25219;2;4
111735;-173740;47943;26005;4;4
121012;-187724;48523;25131;4;4
129129;-181657;49030;25510;1;4
122323;-191443;48605;24898;1;4
117692;-188511;48315;25082;2;4
107374;-175832;47670;25874;1;4
130224;-194308;49099;24719;2;4
129688;-182816;49065;25438;4;4
121253;-188083;48538;25108;2;4
115010;-193313;48148;24781;1;4
124407;-176760;48735;25816;1;4
128043;-181555;48962;25516;1;4
121321;-186888;48542;25183;4;4
120924;-186965;48517;25178;4;4
129529;-186152;49055;25229;4;4
123145;-196021;48656;24612;2;4
120456;-193229;48488;24787;1;4
123851;-195961;48700;24616;2;4
128897;-194979;49016;24677;1;4
128540;-182810;48993;25438;4;4
129178;-183966;49033;25366;4;4
129761;-182802;49070;25438;2;4
121452;-187522;48550;25143;2;4
126347;-176930;48856;25805;1;4
117665;-188692;48314;25070;2;4
105362;-195422;47545;24650;8;4
99061;-173236;47151;26036;8;4
111927;-173795;47955;26001;2;4
129339;-181917;49043;25494;4;4
120971;-191035;48520;24924;1;4
121043;-187625;48525;25137;4;4
108187;-174551;47721;25954;1;4
116724;-184445;48255;25336;1;4
130494;-192759;49115;24816;8;4
128937;-195007;49018;24676;2;4
99320;-167029;47167;26424;1;4
117657;-188349;48313;25092;2;4
129730;-182860;49068;25435;2;4
130617;-187084;49123;25171;2;4
121023;-187748;48523;25129;1;4
120355;-189797;48482;25001;2;4
129679;-186428;49064;25212;1;4
115067;-193336;48151;24780;8;4
129833;-193519;49074;24769;4;4
126375;-177091;48858;25795;8;4
103786;-185245;47446;25286;2;4
128492;-181703;48990;25507;1;4
128577;-182841;48996;25436;4;4
120986;-187834;48521;25124;4;4
129167;-183911;49032;25369;1;4
120661;-186333;48501;25218;8;4
121289;-186892;48540;25183;1;4
129491;-186122;49053;25231;1;4
109714;-173535;47817;26018;8;4
112265;-173418;47976;26025;8;4
103826;-186214;47449;25225;2;4
99976;-185717;47208;25256;4;4
107618;-176130;47686;25855;1;4
129879;-193524;49077;24768;1;4
121431;-187522;48549;25143;8;4
106525;-173936;47617;25993;1;4
123785;-195868;48696;24622;2;4
99748;-184997;47194;25301;4;4
121465;-187738;48551;25130;4;4
120619;-185766;48498;25253;2;4
99012;-173147;47148;26042;2;4
122396;-192184;48609;24852;4;4
128980;-183387;49021;25402;1;4
129261;-183559;49038;25391;8;4
130050;-186657;49088;25197;8;4
103790;-185733;47446;25255;1;4
105658;-196146;47563;24604;4;4
122073;-181343;48589;25530;4;4
123826;-177875;48699;25746;2;4
104869;-194453;47514;24710;1;4
129695;-182793;49065;25439;8;4
105651;-196574;47563;24578;2;4
125858;-176810;48826;25813;1;4
130255;-194378;49100;24715;8;4
109846;-174413;47825;25963;4;4
109829;-174464;47824;25960;2;4
129545;-182386;49056;25464;4;4
129212;-183959;49035;25366;2;4
124412;-176743;48735;25817;2;4
130653;-186343;49125;25217;8;4
120531;-185445;48493;25273;1;4
115021;-180284;48148;25596;8;4
126744;-180008;48881;25613;8;4
123430;-177727;48674;25756;8;4
128997;-183408;49022;25401;2;4
124492;-181866;48740;25497;2;4
120367;-189059;48482;25047;4;4
120665;-186358;48501;25216;2;4
120514;-184552;48492;25329;2;4
128163;-181510;48970;25519;4;4
121003;-185722;48522;25256;8;4
126723;-175913;48880;25869;2;4
111462;-173329;47926;26030;4;4
120777;-184923;48508;25306;8;4
129688;-182999;49065;25426;2;4
128999;-195016;49022;24675;1;4
123631;-177398;48686;25776;4;4
105242;-194914;47537;24681;2;4
120656;-186065;48501;25234;8;4
120469;-184074;48489;25359;8;4
121052;-187709;48525;25132;1;4
114722;-180227;48130;25599;4;4
111861;-173394;47951;26026;8;4
130592;-187054;49122;25173;2;4
98989;-173420;47146;26025;8;4
120615;-186297;48498;25220;4;4
120512;-184307;48492;25344;2;4
113947;-171039;48081;26174;4;4
128850;-183124;49013;25418;1;4
121681;-191511;48565;24894;1;4
129273;-185107;49039;25294;1;4
105376;-195829;47546;24624;1;4
109722;-173495;47817;26020;4;4
121006;-185915;48522;25244;2;4
111411;-173803;47923;26001;4;4
120372;-189242;48483;25036;2;4
124360;-176694;48732;25820;4;4
111998;-173368;47959;26028;8;4
116305;-185009;48229;25300;4;4
112222;-173715;47973;26006;2;4
123158;-196088;48657;24608;8;4
126833;-180083;48887;25608;2;4
120656;-185897;48501;25245;4;4
111896;-173701;47953;26007;1;4
120969;-187988;48520;25114;8;4
99327;-166924;47167;26431;8;4
120505;-185454;48491;25273;8;4
122403;-192226;48610;24849;2;4
121027;-187847;48524;25123;8;4
120370;-189687;48483;25008;8;4
112944;-174858;48019;25935;4;4
123442;-176999;48675;25801;8;4
129818;-193534;49073;24768;4;4
121312;-188012;48542;25113;8;4
129349;-185942;49044;25242;2;4
112209;-173381;47973;26027;4;4
120554;-184817;48494;25312;2;4
109731;-173539;47818;26017;4;4
129684;-183232;49065;25412;8;4
107614;-176205;47685;25851;1;4
129541;-182522;49056;25456;1;4
99245;-167349;47162;26404;1;4
103701;-185698;47441;25257;1;4
120402;-189907;48485;24994;8;4
105386;-195665;47546;24634;2;4
120542;-193632;48493;24762;8;4
99245;-166989;47162;26427;4;4
120673;-186061;48502;25235;8;4
123436;-194048;48674;24736;1;4
125896;-180381;48828;25590;4;4
121397;-187604;48547;25138;2;4
122686;-181209;48627;25538;1;4
127715;-181207;48942;25538;1;4
120426;-188804;48486;25063;1;4
120325;-189437;48480;25024;2;4
120589;-186185;48496;25227;1;4
129169;-184151;49033;25354;2;4
120689;-186248;48503;25223;4;4
107281;-175833;47665;25874;2;4
126827;-180053;48886;25610;1;4
128601;-182899;48997;25432;8;4
127114;-176882;48904;25808;8;4
108210;-172741;47723;26067;4;4
122009;-192775;48585;24815;2;4
123848;-195877;48700;24621;4;4
120947;-186755;48519;25191;2;4
123429;-176993;48674;25801;8;4
123369;-193721;48670;24756;2;4
129429;-186167;49049;25228;1;4
121401;-190847;48547;24936;1;4
112953;-174901;48019;25932;1;4
111704;-173769;47941;26003;2;4
128885;-183106;49015;25419;8;4
120448;-184633;48488;25324;2;4
120628;-185982;48499;25240;8;4
129265;-184109;49039;25357;8;4
123444;-177702;48675;25757;2;4
128564;-181740;48995;25505;2;4
120777;-184537;48508;25330;8;4
120409;-189702;48485;25007;4;4
122538;-191582;48618;24890;1;4
99243;-166919;47162;26431;8;4
124453;-181798;48738;25501;8;4
122049;-181359;48588;25529;4;4
120831;-185085;48511;25296;1;4
130218;-194377;49098;24715;2;4
129710;-183225;49066;25412;4;4
119400;-193946;48422;24742;4;4
116299;-185074;48228;25296;2;4
122284;-191403;48602;24901;4;4
115095;-180251;48153;25598;2;4
123275;-193093;48664;24795;1;4
99037;-173167;47149;26041;2;4
116608;-184440;48248;25336;4;4
122427;-192164;48611;24853;2;4
121036;-187374;48524;25153;8;4
129816;-183706;49073;25382;8;4
120430;-189781;48486;25002;4;4
117651;-189027;48313;25049;2;4
121075;-190997;48527;24926;4;4
127249;-176706;48913;25819;4;4
128511;-181660;48991;25510;4;4
122643;-181150;48625;25542;1;4
120337;-189724;48481;25006;4;4
120888;-186921;48515;25181;8;4
111947;-173345;47956;26029;1;4
103807;-185738;47447;25255;4;4
129155;-184545;49032;25329;2;4
127190;-176788;48909;25814;8;4
129195;-185306;49034;25282;1;4
129239;-183893;49037;25370;2;4
112237;-173360;47974;26029;2;4
127240;-176702;48912;25820;2;4
115050;-193339;48150;24780;2;4
103743;-185227;47443;25287;2;4
113456;-174020;48051;25987;8;4
129708;-182693;49066;25445;8;4
113517;-174077;48054;25984;4;4
129272;-184931;49039;25305;4;4
120803;-184504;48510;25332;2;4
114978;-193282;48146;24783;2;4
120974;-187457;48520;25147;4;4
128013;-181587;48960;25514;4;4
122059;-191343;48588;24905;1;4
99203;-167322;47160;26406;2;4
120993;-191068;48522;24922;1;4
99009;-173189;47148;26039;2;4
120486;-185351;48490;25279;2;4
120332;-189920;48480;24994;2;4
129317;-185870;49042;25247;8;4
125876;-180363;48827;25591;1;4
123470;-176976;48676;25803;8;4
99014;-173165;47148;26041;8;4
129192;-184763;49034;25316;4;4
120855;-186990;48513;25177;1;4
99360;-168538;47170;26330;4;4
120742;-185057;48506;25297;8;4
120340;-189237;48481;25036;1;4
103683;-185735;47440;25255;8;4
107601;-176138;47685;25855;2;4
129675;-183154;49064;25416;8;4
127141;-176838;48906;25811;4;4
117663;-188461;48313;25085;8;4
128794;-181718;49009;25506;4;4
126395;-176972;48859;25803;1;4
105485;-195912;47552;24619;8;4
105409;-195246;47548;24661;1;4
107442;-176480;47675;25834;8;4
120425;-189483;48486;25021;2;4
127142;-176861;48906;25810;2;4
107392;-176431;47672;25837;2;4
120703;-186039;48503;25236;8;4
128058;-181614;48963;25513;2;4
123240;-181721;48662;25506;4;4
120821;-184864;48511;25310;1;4
122396;-192208;48609;24851;1;4
99827;-184982;47199;25302;2;4
130018;-184682;49086;25321;2;4
111954;-173433;47957;26024;1;4
120607;-186050;48497;25235;8;4
129232;-185265;49037;25284;4;4
128554;-181758;48994;25504;2;4
130005;-184679;49085;25321;4;4
109706;-173502;47816;26020;8;4
105518;-195881;47554;24621;2;4
129047;-194976;49025;24678;1;4
128010;-182442;48960;25461;8;4
120801;-184459;48510;25335;4;4
123347;-193611;48669;24763;4;4
125914;-176810;48829;25813;2;4
124459;-181763;48738;25503;4;4
129696;-186389;49066;25214;2;4
129222;-184088;49036;25358;8;4
121005;-185835;48522;25249;2;4
128847;-195962;49012;24616;4;4
105416;-195093;47548;24670;8;4
129549;-182436;49056;25461;4;4
120953;-187081;48519;25171;2;4
107430;-176480;47674;25834;8;4
129191;-185491;49034;25270;8;4
121427;-190789;48549;24939;2;4
112248;-173338;47975;26030;1;4
127188;-176770;48909;25815;8;4
111614;-173712;47935;26007;1;4
128583;-182823;48996;25437;2;4
108719;-172331;47754;26093;4;4
126381;-177134;48858;25793;2;4
127626;-181245;48936;25536;4;4
123391;-193739;48671;24755;4;4
99246;-167343;47162;26405;1;4
122005;-181317;48585;25531;2;4
126869;-175923;48889;25868;1;4
120423;-189192;48486;25039;2;4
108343;-172400;47731;26089;4;4
108703;-172365;47753;26091;8;4
128416;-181738;48986;25505;1;4
123247;-196085;48662;24608;1;4
122237;-191882;48599;24871;4;4
119907;-182224;48454;25475;2;4
127619;-181222;48936;25537;4;4
120529;-193227;48493;24787;1;4
120508;-185135;48491;25293;8;4
105722;-196303;47567;24595;1;4
123329;-193695;48668;24758;2;4
112974;-174854;48020;25935;1;4
121463;-187256;48551;25160;8;4
120987;-185399;48521;25276;8;4
113922;-171126;48080;26168;4;4
120796;-185075;48509;25296;2;4
129361;-185867;49045;25247;1;4
105358;-195591;47544;24639;1;4
124465;-181763;48739;25503;8;4
99032;-173199;47149;26039;2;4
124039;-196383;48712;24590;1;4
129632;-182372;49062;25465;8;4
99002;-173367;47147;26028;8;4
114951;-193349;48144;24779;4;4
120743;-184987;48506;25302;8;4
129205;-184796;49035;25314;1;4
123645;-178189;48687;25727;4;4
112209;-173313;47973;26031;1;4
129859;-183832;49076;25374;8;4
112259;-173425;47976;26024;2;4
129525;-186150;49055;25229;2;4
130563;-186330;49120;25218;1;4
108354;-172312;47732;26094;1;4
126439;-177055;48862;25798;4;4
105365;-195435;47545;24649;4;4
129713;-183472;49067;25397;8;4
129688;-182783;49065;25440;2;4
121054;-185933;48525;25243;1;4
103741;-185310;47443;25282;8;4
99925;-185219;47205;25287;1;4
129178;-185172;49033;25290;4;4
121059;-185539;48526;25267;8;4
123185;-196026;48659;24612;2;4
114008;-171043;48085;26173;8;4
120553;-185243;48494;25286;4;4
116233;-185016;48224;25300;8;4
128805;-195898;49010;24620;4;4
121019;-191011;48523;24925;4;4
123467;-176910;48676;25807;2;4
120643;-185749;48500;25254;1;4
110226;-173953;47849;25991;1;4
129233;-183858;49037;25372;4;4
122717;-191711;48629;24882;8;4
105721;-196430;47567;24587;1;4
121015;-187783;48523;25127;1;4
125931;-176829;48830;25812;4;4
105454;-195357;47550;24654;4;4
123795;-177938;48697;25742;4;4
120396;-189049;48484;25048;4;4
105377;-195275;47546;24659;4;4
120553;-184267;48494;25347;4;4
98967;-173338;47145;26030;1;4
129145;-195045;49031;24673;8;4
111700;-173729;47941;26005;1;4
129320;-181938;49042;25492;4;4
105271;-194919;47539;24681;2;4
121454;-190721;48550;24943;4;4
99049;-173324;47150;26031;4;4
108770;-172396;47758;26089;8;4
122586;-191514;48621;24894;2;4
129940;-184640;49081;25324;1;4
129157;-184974;49032;25303;8;4
108197;-172387;47722;26089;1;4
105430;-195512;47549;24644;4;4
120824;-184603;48511;25326;8;4
126351;-177048;48856;25798;2;4
99065;-173012;47151;26050;8;4
120620;-186069;48498;25234;1;4
98972;-173294;47145;26033;8;4
99247;-166924;47162;26431;8;4
124462;-181886;48738;25496;1;4
103872;-186146;47452;25229;8;4
116689;-184349;48253;25342;4;4
127277;-181617;48914;25512;1;4
120459;-184219;48488;25350;2;4
129279;-184586;49039;25327;1;4
128807;-181702;49010;25507;4;4
120517;-184651;48492;25323;4;4
98981;-173248;47146;26036;8;4
113774;-171404;48070;26151;2;4
105035;-194564;47524;24703;1;4
128537;-181747;48993;25504;8;4
110056;-173534;47838;26018;1;4
116678;-184411;48252;25338;1;4
126913;-175888;48892;25871;4;4
112532;-173517;47993;26019;2;4
123496;-193929;48678;24743;2;4
126824;-179657;48886;25635;1;4
108172;-172571;47720;26078;2;4
112099;-173765;47966;26003;2;4
126625;-179703;48874;25632;4;4
105485;-195867;47552;24622;4;4
120974;-187249;48520;25160;1;4
99200;-166978;47160;26427;1;4
124063;-196474;48713;24584;2;4
99222;-166966;47161;26428;1;4
126619;-179622;48873;25637;4;4
128860;-183141;49013;25417;1;4
111953;-173715;47957;26006;2;4
120376;-189256;48483;25035;2;4
127312;-176990;48917;25802;2;4
105245;-194932;47537;24680;4;4
122382;-192193;48608;24851;8;4
120952;-187047;48519;25173;2;4
110058;-173526;47838;26018;1;4
129216;-184745;49036;25317;4;4
126723;-180075;48880;25609;4;4
129918;-184518;49079;25331;8;4
122991;-181464;48646;25522;8;4
121047;-187558;48525;25141;2;4
129039;-183442;49024;25398;1;4
108286;-172368;47727;26091;2;4
129853;-193425;49075;24774;8;4
117712;-189008;48317;25051;4;4
104128;-186410;47468;25213;8;4
100021;-185515;47211;25269;2;4
111572;-173822;47933;26000;4;4
121006;-185899;48522;25245;8;4
120570;-184515;48495;25331;8;4
119888;-182199;48453;25476;2;4
117645;-188926;48312;25056;1;4
109876;-174338;47827;25967;4;4
115004;-193292;48147;24783;1;4
129184;-184799;49034;25314;1;4
114996;-193303;48147;24782;4;4
128850;-195852;49013;24623;1;4
129773;-182875;49070;25434;8;4
129821;-183886;49073;25371;2;4
105339;-194847;47543;24686;2;4
129701;-182962;49066;25428;2;4
120360;-188994;48482;25051;8;4
107344;-175766;47669;25878;1;4
128800;-181667;49010;25509;8;4
117727;-188371;48317;25090;2;4
120809;-184724;48510;25318;1;4
105452;-195528;47550;24643;1;4
129251;-184808;49038;25313;2;4
123888;-195959;48703;24616;8;4
116271;-184987;48226;25302;2;4
129196;-185002;49034;25301;4;4
129274;-185265;49039;25284;1;4
120467;-184506;48489;25332;4;4
120399;-189737;48484;25005;2;4
117657;-188588;48313;25077;4;4
129143;-181674;49031;25509;2;4
120575;-184743;48495;25317;2;4
105083;-194645;47527;24698;4;4
108272;-172586;47727;26077;1;4
112187;-173361;47971;26028;8;4
123352;-193621;48669;24762;4;4
120440;-189928;48487;24993;1;4
99014;-173431;47148;26024;1;4
99423;-168575;47173;26328;1;4
127315;-176995;48917;25801;4;4
107594;-176213;47684;25850;8;4
121000;-187741;48522;25130;8;4
129346;-181898;49044;25495;2;4
99282;-166888;47165;26433;4;4
120991;-185407;48521;25276;8;4
129206;-184469;49035;25334;2;4
129260;-183674;49038;25384;4;4
99778;-185067;47196;25297;4;4
122084;-191259;48590;24910;4;4
105614;-196576;47560;24578;1;4
109886;-174460;47827;25960;4;4
129848;-193459;49075;24772;4;4
120642;-186220;48500;25225;8;4
120520;-184992;48492;25302;2;4
125894;-176894;48828;25808;2;4
121237;-188118;48537;25106;4;4
129705;-183426;49066;25399;2;4
123276;-193720;48664;24756;4;4
128663;-181684;49001;25508;4;4
123498;-177751;48678;25754;4;4
129683;-183244;49065;25411;8;4
111590;-173804;47934;26001;1;4
120433;-189651;48487;25010;2;4
112240;-173400;47975;26026;1;4
125944;-180442;48831;25586;8;4
129884;-183703;49077;25382;2;4
129714;-183450;49067;25398;4;4
123872;-178029;48702;25737;2;4
112138;-173377;47968;26027;2;4
120502;-193197;48491;24789;1;4
122145;-191885;48594;24871;1;4
113733;-171453;48068;26148;8;4
108231;-174509;47724;25957;4;4
127683;-181225;48940;25537;8;4
129210;-184682;49035;25321;4;4
120962;-187897;48520;25120;4;4
120455;-184767;48488;25316;8;4
120548;-185359;48494;25279;8;4
126910;-175900;48891;25870;2;4
130589;-187032;49121;25174;2;4
104167;-186494;47470;25208;8;4
129256;-183855;49038;25373;4;4
115061;-193370;48151;24778;2;4
120994;-185981;48522;25240;4;4
110041;-173451;47837;26023;2;4
111835;-173824;47949;26000;8;4
111775;-173360;47945;26029;4;4
107481;-176399;47677;25839;2;4
123209;-181745;48660;25504;2;4
127175;-176896;48908;25808;4;4
129032;-183534;49024;25393;1;4
129824;-183778;49074;25377;8;4
121332;-188124;48543;25106;2;4
125932;-180368;48830;25591;8;4
105717;-196298;47567;24595;2;4
115105;-180301;48154;25595;1;4
129125;-195041;49030;24673;1;4
126351;-177084;48856;25796;4;4
108279;-172393;47727;26089;4;4
121027;-187609;48524;25138;1;4
127120;-176772;48905;25815;2;4
128768;-183116;49008;25419;2;4
129901;-184493;49078;25333;8;4
129906;-183758;49079;25379;1;4
121446;-187649;48550;25135;8;4
111829;-173410;47949;26025;1;4
99824;-184972;47199;25303;8;4
129275;-185523;49039;25268;1;4
105494;-195884;47553;24621;1;4
129226;-185423;49036;25275;2;4
120885;-187076;48515;25171;8;4
116705;-184424;48254;25337;2;4
129762;-183091;49070;25420;4;4
120379;-189680;48483;25009;4;4
98987;-173337;47146;26030;1;4
104860;-194475;47513;24709;1;4
120538;-184564;48493;25328;2;4
129182;-185389;49033;25277;4;4
129773;-183534;49070;25393;8;4
130273;-194406;49102;24713;4;4
110001;-173449;47835;26023;1;4
105460;-195516;47551;24644;2;4
129193;-185370;49034;25278;8;4
120851;-186961;48513;25178;8;4
99336;-168481;47168;26333;2;4
105292;-194895;47540;24683;2;4
123340;-193689;48668;24758;1;4
127243;-176762;48912;25816;1;4
122562;-191582;48620;24890;4;4
128468;-181670;48989;25509;8;4
121202;-186379;48535;25215;4;4
104859;-194472;47513;24709;8;4
105469;-195009;47551;24675;8;4
104163;-186417;47470;25212;1;4
121186;-186380;48534;25215;1;4
109842;-174449;47825;25960;8;4
107358;-175834;47669;25874;4;4
99985;-185629;47209;25262;4;4
121031;-185589;48524;25264;8;4
121037;-187287;48524;25158;2;4
129676;-183050;49064;25423;4;4
120873;-186948;48514;25179;8;4
121060;-187520;48526;25144;4;4
103795;-185811;47447;25250;4;4
120755;-184532;48507;25330;1;4
119410;-194024;48423;24737;4;4
129704;-183339;49066;25405;4;4
105611;-196070;47560;24609;4;4
120570;-185324;48495;25281;2;4
116235;-185011;48224;25300;1;4
126688;-179663;48878;25635;8;4
117653;-188377;48313;25090;8;4
105643;-195992;47562;24614;4;4
123557;-177408;48682;25776;8;4
120924;-186822;48517;25187;2;4
98949;-173193;47144;26039;2;4
120759;-184979;48507;25302;8;4
123306;-193791;48666;24752;4;4
120722;-184578;48505;25327;1;4
109848;-174382;47825;25965;4;4
120944;-186782;48519;25190;8;4
123793;-177950;48697;25742;8;4
120632;-186221;48499;25225;2;4
111825;-173338;47949;26030;2;4
121411;-187727;48548;25131;2;4
128771;-195889;49008;24620;4;4
129865;-184571;49076;25328;8;4
117753;-188919;48319;25056;2;4
126777;-175967;48883;25866;1;4
117691;-188591;48315;25077;8;4
129754;-182753;49069;25441;2;4
120567;-184331;48495;25343;8;4
123475;-176943;48677;25805;4;4
130137;-186631;49093;25199;4;4
112347;-173394;47981;26026;2;4
114866;-182529;48139;25455;8;4
129764;-182824;49070;25437;4;4
130662;-187063;49126;25172;8;4
129174;-185570;49033;25265;1;4
126432;-176954;48862;25804;4;4
129546;-182523;49056;25456;1;4
113521;-175926;48055;25868;1;4
99265;-167364;47164;26403;4;4
122259;-191420;48601;24900;2;4
104956;-194532;47519;24705;4;4
128518;-181737;48992;25505;4;4
128812;-195841;49010;24623;8;4
105601;-196033;47560;24611;8;4
120416;-189516;48486;25019;2;4
101771;-185588;47320;25264;1;4
123844;-177985;48700;25739;8;4
111508;-173764;47929;26003;4;4
130168;-186674;49095;25196;8;4
117743;-188498;48318;25082;4;4
98958;-173400;47144;26026;8;4
123317;-193118;48667;24794;8;4
123499;-177955;48678;25741;8;4
104994;-194667;47522;24697;4;4
130304;-181077;49104;25546;2;4
111417;-173364;47923;26028;2;4
120753;-185007;48507;25301;1;4
123843;-195931;48700;24618;1;4
128791;-183150;49009;25417;8;4
129206;-185318;49035;25281;4;4
120652;-185781;48500;25252;1;4
105629;-196214;47561;24600;4;4
121227;-186959;48536;25179;4;4
120554;-184534;48494;25330;1;4
105322;-194882;47542;24683;8;4
108380;-172306;47733;26094;2;4
107608;-176235;47685;25849;4;4
111634;-173728;47937;26006;2;4
112246;-173321;47975;26031;2;4
120558;-184783;48494;25315;4;4
111484;-173326;47927;26031;4;4
105366;-195707;47545;24632;2;4
105039;-194661;47524;24697;1;4
127234;-176908;48912;25807;2;4
120870;-187085;48514;25171;8;4
121659;-191569;48563;24890;8;4
129770;-183672;49070;25384;1;4
105632;-196519;47562;24581;8;4
130500;-192700;49116;24820;1;4
130316;-181087;49104;25546;8;4
112171;-173354;47970;26029;8;4
110069;-173504;47839;26020;4;4
120344;-188869;48481;25059;4;4
129066;-181686;49026;25508;8;4
120360;-189085;48482;25046;1;4
122741;-191714;48631;24881;8;4
99446;-168522;47175;26331;4;4
122886;-181405;48640;25526;4;4
128908;-183399;49016;25401;1;4
129259;-185540;49038;25267;2;4
121061;-187744;48526;25130;8;4
128942;-194945;49018;24679;4;4
120576;-186197;48496;25226;2;4
108788;-172409;47759;26088;1;4
115140;-179823;48156;25625;8;4
120531;-193658;48493;24760;8;4
120461;-185332;48488;25280;2;4
114968;-193347;48145;24779;2;4
120588;-186200;48496;25226;1;4
128022;-182477;48961;25459;4;4
130681;-187022;49127;25175;2;4
105398;-195252;47547;24660;1;4
129177;-184657;49033;25322;1;4
120505;-184832;48491;25312;8;4
120791;-184608;48509;25326;8;4
124342;-176747;48731;25817;8;4
129776;-182677;49071;25446;1;4
129200;-184098;49035;25357;2;4
121260;-186894;48538;25183;2;4
117725;-188818;48317;25062;8;4
121013;-185873;48523;25246;2;4
129234;-184511;49037;25332;8;4
128809;-183158;49010;25416;8;4
122988;-181526;48646;25518;4;4
99295;-166912;47165;26432;8;4
129191;-185173;49034;25290;2;4
130488;-192739;49115;24817;2;4
129574;-182411;49058;25463;8;4
98976;-173195;47146;26039;2;4
120397;-188937;48484;25055;8;4
129182;-184916;49033;25306;2;4
120588;-186359;48496;25216;8;4
108212;-172292;47723;26095;4;4
105356;-195145;47544;24667;2;4
129199;-183794;49034;25376;8;4
122076;-191292;48589;24908;1;4
129057;-183532;49026;25393;2;4
121437;-187211;48549;25163;4;4
128017;-182488;48961;25458;8;4
109739;-173541;47818;26017;4;4
127261;-176660;48913;25822;4;4
120427;-189105;48486;25044;8;4
129185;-183566;49034;25391;8;4
120728;-184953;48505;25304;1;4
121049;-185949;48525;25242;2;4
130451;-192737;49113;24817;4;4
129800;-183747;49072;25379;4;4
128838;-181666;49012;25509;4;4
128783;-183155;49008;25416;4;4
120475;-184957;48489;25304;2;4
120477;-184154;48489;25354;8;4
114904;-182637;48141;25449;1;4
117674;-188967;48314;25053;8;4
103798;-185259;47447;25285;8;4
128119;-182432;48967;25462;2;4
108229;-174565;47724;25953;1;4
114481;-179949;48115;25617;8;4
129156;-185205;49032;25288;2;4
129954;-184591;49082;25327;8;4
120990;-191055;48521;24923;2;4
116350;-184987;48231;25302;2;4
120944;-186869;48519;25184;2;4
117678;-188396;48314;25089;4;4
126393;-176990;48859;25802;1;4
130501;-186201;49116;25226;1;4
105345;-195593;47544;24639;1;4
106505;-173878;47616;25996;4;4
129268;-184628;49039;25324;4;4
105109;-194784;47529;24690;8;4
120513;-193606;48492;24763;4;4
129764;-183271;49070;25409;4;4
129788;-183383;49071;25402;1;4
108168;-174588;47720;25952;1;4
112214;-173788;47973;26002;2;4
113670;-171397;48064;26151;1;4
115063;-193362;48151;24778;8;4
129363;-185926;49045;25243;1;4
121139;-186371;48531;25215;4;4
129758;-183580;49069;25390;2;4
126839;-179628;48887;25637;1;4
120493;-185316;48490;25281;4;4
128250;-181595;48975;25514;4;4
114873;-182544;48139;25455;2;4
105468;-195793;47551;24626;4;4
121393;-187699;48547;25132;2;4
120563;-184139;48495;25355;8;4
120394;-189003;48484;25051;8;4
105118;-194750;47529;24692;4;4
120971;-191074;48520;24921;4;4
113732;-171426;48068;26149;1;4
129254;-185012;49038;25300;8;4
129794;-183934;49072;25368;2;4
112053;-173390;47963;26027;2;4
123516;-177789;48679;25752;4;4
105428;-195421;47549;24650;4;4
120919;-186966;48517;25178;4;4
129639;-182280;49062;25471;4;4
105436;-195220;47549;24662;4;4
121011;-187447;48523;25148;1;4
120980;-185814;48521;25250;1;4
120328;-189839;48480;24999;8;4
125937;-180429;48831;25587;2;4
99382;-168535;47171;26330;1;4
111417;-173723;47923;26006;4;4
120343;-188898;48481;25057;1;4
111469;-173759;47926;26004;4;4
99225;-167411;47161;26400;2;4
110027;-173465;47836;26022;2;4
105097;-194781;47528;24690;2;4
121466;-187195;48551;25164;1;4
130567;-187024;49120;25175;2;4
111413;-173770;47923;26003;1;4
125833;-180476;48824;25584;8;4
99205;-167335;47160;26405;1;4
105512;-195906;47554;24619;8;4
129184;-184085;49034;25358;1;4
123399;-193937;48672;24742;2;4
129700;-182977;49066;25427;1;4
109876;-174372;47827;25965;4;4
113746;-171515;48069;26144;1;4
128898;-183380;49016;25402;1;4
121067;-185856;48526;25248;4;4
117756;-188295;48319;25095;2;4
122673;-181231;48627;25537;8;4
126743;-175897;48881;25870;4;4
120959;-186644;48519;25198;4;4
130562;-187060;49120;25172;1;4
99012;-173358;47148;26029;2;4
108219;-174585;47723;25952;4;4
128880;-195869;49015;24622;4;4
112201;-173351;47972;26029;8;4
123642;-177379;48687;25777;1;4
128783;-183145;49008;25417;1;4
126611;-179601;48873;25638;1;4
126383;-176903;48858;25807;8;4
107610;-176219;47685;25850;4;4
128937;-181664;49018;25510;4;4
116240;-185041;48225;25298;8;4
120358;-189810;48482;25000;2;4
120564;-184314;48495;25344;4;4
121292;-188142;48540;25105;2;4
112317;-173368;47979;26028;2;4
122044;-192779;48587;24815;4;4
111902;-173363;47953;26028;1;4
99970;-185565;47208;25266;1;4
123807;-195951;48697;24617;2;4
108166;-174525;47720;25956;1;4
129279;-185280;49039;25284;4;4
120370;-189946;48483;24992;8;4
130140;-186631;49093;25199;4;4
129383;-181995;49046;25489;8;4
129263;-184631;49038;25324;4;4
122967;-181392;48645;25527;8;4
120787;-184629;48509;25324;2;4
111314;-173732;47917;26005;4;4
121311;-188020;48541;25112;4;4
128918;-195032;49017;24674;4;4
121263;-188052;48538;25110;2;4
105699;-196051;47566;24610;4;4
112301;-173372;47978;26028;2;4
108188;-174571;47721;25953;2;4
122906;-181450;48641;25523;8;4
121314;-188050;48542;25110;8;4
120537;-184249;48493;25348;8;4
130516;-192650;49117;24823;2;4
120374;-189674;48483;25009;2;4
120552;-185509;48494;25269;1;4
129591;-182490;49059;25458;4;4
105661;-196141;47563;24605;8;4
121658;-191536;48563;24893;4;4
105441;-195680;47550;24634;2;4
121373;-187613;48545;25138;2;4
115156;-180318;48157;25594;4;4
120623;-186071;48498;25234;8;4
105718;-196508;47567;24582;2;4
120498;-193627;48491;24762;2;4
122453;-192195;48613;24851;1;4
128744;-181747;49006;25504;8;4
120380;-189185;48483;25039;1;4
129254;-184170;49038;25353;1;4
111657;-173762;47938;26003;1;4
128592;-182795;48997;25439;8;4
120760;-184503;48507;25332;2;4
109979;-173547;47833;26017;8;4
111959;-173769;47957;26003;8;4
121010;-187502;48523;25145;1;4
122379;-192137;48608;24855;1;4
105473;-195897;47552;24620;8;4
129681;-183170;49065;25415;1;4
121014;-187803;48523;25126;8;4
129014;-183395;49023;25401;4;4
120581;-186326;48496;25218;2;4
121047;-187643;48525;25136;1;4
129257;-184563;49038;25328;2;4
120549;-185591;48494;25264;2;4
129167;-183664;49032;25385;8;4
129156;-184647;49032;25323;1;4
113933;-171066;48080;26172;4;4
109867;-174373;47826;25965;8;4
123441;-177964;48675;25741;4;4
111781;-173779;47946;26002;2;4
108226;-174543;47724;25955;4;4
129253;-184729;49038;25318;4;4
99025;-173221;47149;26037;4;4
99057;-173298;47151;26032;1;4
124922;-178017;48767;25737;4;4
129738;-182839;49068;25436;1;4
121613;-191603;48560;24888;4;4
99046;-173126;47150;26043;8;4
103748;-185278;47444;25284;1;4
105386;-195434;47546;24649;1;4
129906;-183823;49079;25375;8;4
116717;-184447;48254;25336;2;4
130327;-181089;49105;25545;4;4
123374;-193561;48670;24766;8;4
112076;-173725;47964;26006;1;4
122041;-181361;48587;25528;4;4
117012;-178883;48273;25683;2;4
105309;-194861;47541;24685;4;4
123403;-193921;48672;24743;4;4
125868;-180416;48826;25588;4;4
120476;-193579;48489;24765;1;4
114435;-179947;48112;25617;4;4
124312;-176722;48729;25818;2;4
129032;-181711;49024;25507;8;4
128113;-182402;48967;25463;4;4
129616;-182461;49061;25460;2;4
120864;-187009;48514;25175;4;4
115016;-193295;48148;24783;4;4
127241;-176907;48912;25807;2;4
107480;-176442;47677;25836;2;4
120524;-184388;48492;25339;1;4
109830;-174370;47824;25965;2;4
129274;-185184;49039;25290;8;4
129760;-183459;49070;25397;2;4
121054;-185752;48525;25254;2;4
103733;-185843;47443;25248;8;4
119418;-194019;48423;24737;8;4
130022;-184664;49086;25322;1;4
129206;-185029;49035;25299;1;4
120418;-189535;48486;25018;1;4
124375;-176718;48733;25819;8;4
108265;-172688;47726;26071;1;4
100027;-185534;47211;25268;2;4
120511;-185216;48491;25288;1;4
114559;-179886;48119;25621;2;4
121409;-190738;48548;24942;8;4
123236;-181656;48662;25510;8;4
120436;-189575;48487;25015;1;4
120362;-188962;48482;25053;4;4
128030;-182453;48961;25460;4;4
125937;-176891;48831;25808;4;4
126782;-175882;48883;25871;4;4
121701;-191592;48566;24889;8;4
114955;-193380;48144;24777;8;4
112187;-173383;47971;26027;1;4
129235;-183658;49037;25385;4;4
129071;-194985;49026;24677;1;4
105382;-195660;47546;24635;4;4
108254;-174534;47725;25955;8;4
129257;-183611;49038;25388;2;4
129267;-184623;49039;25325;2;4
128773;-183160;49008;25416;8;4
127720;-181153;48942;25541;8;4
123497;-176911;48678;25807;4;4
116648;-184372;48250;25340;4;4
105346;-195403;47544;24651;1;4
120477;-184572;48489;25328;8;4
121079;-185835;48527;25249;1;4
103794;-185275;47447;25284;2;4
130310;-181075;49104;25546;8;4
122359;-191459;48607;24897;2;4
99016;-173329;47148;26030;8;4
129680;-182734;49065;25443;1;4
130570;-187135;49120;25168;1;4
108250;-172672;47725;26072;8;4
123800;-195874;48697;24621;4;4
111964;-173357;47957;26029;1;4
122578;-191536;48621;24893;1;4
121062;-185949;48526;25242;1;4
107614;-176244;47685;25848;2;4
125828;-180390;48824;25589;1;4
120965;-187448;48520;25148;1;4
129672;-182660;49064;25447;1;4
107573;-176241;47683;25848;4;4
129199;-183761;49034;25378;4;4
112128;-173439;47968;26024;4;4
120385;-189875;48484;24996;8;4
122033;-191293;48587;24908;2;4
120420;-189605;48486;25013;1;4
129233;-183679;49037;25384;2;4
126816;-180065;48886;25609;2;4
107634;-176143;47687;25855;8;4
107611;-176142;47685;25855;1;4
112344;-173366;47981;26028;8;4
129772;-182859;49070;25435;4;4
120442;-189115;48487;25044;1;4
123471;-176963;48676;25803;8;4
123204;-196043;48660;24611;1;4
121051;-187589;48525;25139;8;4
124348;-176678;48731;25821;4;4
129195;-184980;49034;25302;2;4
129101;-194946;49028;24679;4;4
129774;-182769;49070;25440;8;4
125940;-180460;48831;25585;8;4
112219;-173385;47973;26027;8;4
104968;-194595;47520;24701;2;4
122378;-192246;48608;24848;2;4
126434;-177098;48862;25795;1;4
120964;-185645;48520;25261;4;4
120539;-184776;48493;25315;8;4
104155;-186402;47469;25213;2;4
122898;-181535;48641;25518;4;4
119423;-194006;48423;24738;1;4
120444;-189496;48487;25020;1;4
117202;-193865;48285;24747;2;4
121391;-187532;48546;25143;4;4
114536;-179844;48118;25623;8;4
107348;-175865;47669;25872;2;4
129801;-183738;49072;25380;2;4
129193;-183717;49034;25381;1;4
120804;-185073;48510;25296;2;4
121309;-187948;48541;25117;1;4
99339;-168525;47168;26331;2;4
99408;-168516;47173;26331;4;4
129784;-186434;49071;25211;1;4
110068;-173525;47839;26018;1;4
120813;-184888;48510;25308;8;4
110257;-174063;47851;25985;1;4
120497;-185423;48491;25275;1;4
112545;-173504;47994;26020;8;4
120484;-184193;48490;25351;1;4
122208;-191972;48598;24865;2;4
129763;-182916;49070;25431;8;4
120686;-186051;48502;25235;2;4
108737;-172289;47756;26095;8;4
129178;-184037;49033;25361;1;4
123382;-193779;48671;24752;2;4
120386;-188913;48484;25056;8;4
112624;-173545;47999;26017;8;4
105415;-195745;47548;24629;2;4
129029;-181755;49024;25504;8;4
129773;-183348;49070;25404;8;4
116639;-184419;48249;25337;4;4
120470;-185395;48489;25276;4;4
114704;-180240;48129;25599;2;4
129735;-183596;49068;25389;8;4
123849;-177920;48700;25744;8;4
121618;-191588;48561;24889;8;4
130447;-192657;49112;24822;8;4
126812;-175885;48885;25871;2;4
101886;-185474;47327;25271;4;4
101825;-185592;47324;25264;8;4
105349;-195370;47544;24653;4;4
121008;-185819;48523;25250;1;4
129132;-183445;49030;25398;4;4
117641;-188889;48312;25058;1;4
129271;-183900;49039;25370;2;4
129201;-184070;49035;25359;1;4
130673;-186290;49127;25220;4;4
109701;-173447;47816;26023;4;4
121079;-187360;48527;25154;2;4
122067;-181350;48589;25529;4;4
113460;-175910;48051;25869;4;4
121040;-187249;48525;25160;1;4
120727;-184826;48505;25312;1;4
120666;-185905;48501;25244;2;4
121048;-187847;48525;25123;1;4
112128;-173754;47968;26004;8;4
128417;-181658;48986;25510;4;4
121169;-186439;48533;25211;2;4
122932;-181553;48643;25516;8;4
124073;-196363;48714;24591;4;4
123478;-177039;48677;25799;8;4
129010;-195065;49023;24672;4;4
120963;-185768;48520;25253;2;4
126807;-180055;48885;25610;1;4
127661;-181022;48938;25550;8;4
99374;-168532;47170;26330;8;4
129493;-186202;49053;25226;8;4
129708;-183141;49066;25417;1;4
129741;-183632;49068;25387;8;4
104151;-186411;47469;25213;4;4
122990;-181525;48646;25518;4;4
123592;-177360;48684;25779;2;4
129747;-186413;49069;25213;2;4
126846;-180036;48887;25611;8;4
113997;-171106;48084;26169;4;4
129224;-184625;49036;25324;8;4
105710;-196390;47566;24589;2;4
105335;-194829;47543;24687;4;4
109858;-173485;47826;26021;2;4
120678;-185940;48502;25242;1;4
99019;-172949;47148;26054;1;4
122976;-181611;48646;25513;1;4
120496;-185565;48491;25266;1;4
126747;-180049;48881;25610;1;4
123859;-177831;48701;25749;1;4
108177;-172324;47721;26093;1;4
130131;-186687;49093;25196;4;4
111650;-173812;47938;26000;4;4
120496;-185455;48491;25273;4;4
120424;-189814;48486;25000;2;4
120978;-185800;48521;25251;2;4
124352;-176665;48732;25822;8;4
120992;-187834;48522;25124;1;4
120583;-186196;48496;25226;4;4
129188;-184826;49034;25312;2;4
129229;-184732;49036;25318;4;4
123467;-177721;48676;25756;8;4
129678;-183384;49064;25402;8;4
121005;-191008;48522;24926;4;4
120459;-184229;48488;25349;4;4
130584;-187092;49121;25170;4;4
121019;-185755;48523;25254;2;4
117756;-188708;48319;25069;2;4
123277;-193149;48664;24792;8;4
105685;-196253;47565;24598;4;4
129858;-193488;49076;24771;1;4
99322;-166967;47167;26428;8;4
128445;-181708;48987;25507;4;4
120533;-185347;48493;25279;2;4
108207;-174465;47722;25959;1;4
120536;-184793;48493;25314;1;4
129450;-186136;49050;25230;2;4
127345;-181636;48919;25511;1;4
115019;-193389;48148;24777;8;4
121080;-187317;48527;25156;4;4
117648;-188561;48313;25078;4;4
120557;-185025;48494;25299;4;4
129244;-184860;49037;25310;2;4
123861;-177932;48701;25743;8;4
117733;-188750;48318;25067;4;4
99208;-167316;47160;26406;2;4
120993;-187658;48522;25135;4;4
123585;-177401;48684;25776;8;4
121006;-187316;48522;25156;8;4
123480;-177001;48677;25801;4;4
110040;-173444;47837;26023;8;4
124837;-177999;48762;25739;1;4
107543;-176173;47681;25853;2;4
98983;-173304;47146;26032;2;4
113436;-173984;48049;25990;2;4
122477;-192254;48614;24848;4;4
129305;-185795;49041;25251;1;4
126657;-179608;48876;25638;4;4
98949;-173319;47144;26031;1;4
123479;-177705;48677;25757;2;4
129708;-183035;49066;25424;1;4
128913;-183413;49017;25400;1;4
125862;-176788;48826;25814;8;4
103902;-186126;47453;25231;2;4
122021;-192832;48586;24812;1;4
114922;-182621;48142;25450;4;4
123270;-193141;48664;24792;8;4
120525;-184613;48492;25325;8;4
121225;-186936;48536;25180;2;4
111657;-173711;47938;26007;2;4
127162;-176867;48907;25809;4;4
128213;-181629;48973;25512;8;4
103831;-186161;47449;25228;8;4
105379;-195357;47546;24654;2;4
120448;-184669;48488;25322;8;4
129005;-195072;49022;24672;1;4
120665;-186008;48501;25238;4;4
120827;-184962;48511;25303;1;4
120989;-185717;48521;25256;2;4
111777;-173760;47946;26004;8;4
121052;-187628;48525;25137;4;4
129706;-182832;49066;25437;2;4
123845;-178018;48700;25737;2;4
128111;-181511;48966;25519;2;4
123456;-177003;48676;25801;4;4
112235;-173417;47974;26025;1;4
105456;-194962;47551;24678;4;4
117643;-188554;48312;25079;8;4
127122;-176818;48905;25812;1;4
105686;-196570;47565;24578;8;4
123148;-196088;48656;24608;4;4
109705;-173555;47816;26016;1;4
120401;-189422;48485;25025;4;4
115051;-193307;48150;24782;8;4
129164;-183953;49032;25366;8;4
121030;-187341;48524;25155;4;4
128899;-181638;49016;25511;8;4
130174;-186750;49095;25192;8;4
120538;-185125;48493;25293;1;4
127714;-181002;48942;25551;2;4
129848;-193482;49075;24771;2;4
130622;-186253;49123;25223;4;4
129676;-182803;49064;25438;8;4
120561;-185103;48495;25295;2;4
122171;-191991;48595;24864;1;4
120561;-185462;48495;25272;1;4
120433;-189598;48487;25014;4;4
108770;-172343;47758;26092;2;4
123577;-178212;48683;25725;8;4
123567;-177399;48682;25776;1;4
120932;-186792;48518;25189;2;4
122222;-191954;48598;24866;2;4
129285;-185838;49040;25249;8;4
120391;-189209;48484;25038;4;4
121351;-187248;48544;25161;2;4
123291;-193746;48665;24754;1;4
126864;-175985;48889;25864;2;4
120691;-185765;48503;25253;2;4
121260;-186949;48538;25179;2;4
129903;-183850;49078;25373;4;4
112205;-173700;47972;26007;2;4
105715;-196373;47567;24590;2;4
115103;-180233;48153;25599;2;4
110298;-173971;47853;25990;1;4
105240;-194839;47537;24686;4;4
112056;-173412;47963;26025;1;4
129964;-184621;49082;25325;1;4
115121;-180281;48155;25596;8;4
129221;-185285;49036;25283;2;4
105697;-196190;47566;24602;4;4
125838;-176855;48824;25810;4;4
106550;-173928;47619;25993;8;4
129190;-184867;49034;25309;4;4
111483;-173741;47927;26005;1;4
120743;-184891;48506;25308;2;4
113513;-174025;48054;25987;4;4
120359;-189897;48482;24995;8;4
130580;-186340;49121;25217;4;4
122313;-191446;48604;24898;8;4
122051;-192823;48588;24812;1;4
121352;-190842;48544;24936;2;4
129687;-183375;49065;25403;1;4
111955;-173332;47957;26030;8;4
123453;-194013;48675;24738;4;4
122050;-192776;48588;24815;4;4
111290;-173712;47915;26007;4;4
121038;-187769;48524;25128;8;4
108191;-172787;47721;26064;2;4
114845;-180239;48137;25599;8;4
108280;-174502;47727;25957;8;4
126745;-175913;48881;25869;1;4
130560;-186348;49120;25217;1;4
126769;-175903;48883;25870;4;4
116633;-184437;48249;25336;4;4
120691;-186283;48503;25221;2;4
128669;-181704;49001;25507;2;4
126730;-179600;48880;25639;4;4
112232;-173812;47974;26000;8;4
121336;-188022;48543;25112;4;4
128539;-181682;48993;25508;1;4
109735;-173460;47818;26022;8;4
130250;-194370;49100;24715;1;4
128870;-183141;49014;25417;1;4
120512;-185001;48492;25301;4;4
127299;-177015;48916;25800;4;4
98956;-173432;47144;26024;8;4
105463;-195537;47551;24642;1;4
128426;-181651;48986;25510;2;4
114494;-179859;48115;25622;1;4
108191;-174561;47721;25953;8;4
122443;-192173;48612;24853;2;4
107535;-176129;47680;25855;4;4
120852;-186915;48513;25181;1;4
111526;-173744;47930;26005;4;4
112972;-174894;48020;25933;8;4
122023;-181340;48586;25530;4;4
120509;-184536;48491;25330;1;4
128797;-183051;49009;25423;1;4
99988;-185593;47209;25264;8;4
123403;-176979;48672;25802;8;4
114868;-182608;48139;25451;8;4
130022;-184645;49086;25323;2;4
129387;-181979;49046;25490;2;4
121074;-185786;48527;25252;2;4
105402;-195747;47547;24629;2;4
128531;-182786;48993;25439;4;4
105608;-196518;47560;24581;4;4
120339;-189788;48481;25002;8;4
129328;-185783;49043;25252;1;4
112082;-173817;47965;26000;8;4
128823;-195917;49011;24619;1;4
126846;-175972;48887;25865;1;4
128848;-181726;49013;25506;2;4
105706;-196167;47566;24603;1;4
128170;-181516;48970;25519;2;4
130093;-186748;49090;25192;8;4
120462;-184511;48488;25332;2;4
121997;-191341;48584;24905;2;4
108257;-172751;47726;26067;2;4
129711;-182842;49066;25436;1;4
127271;-181612;48914;25513;2;4
129785;-183629;49071;25387;2;4
111536;-173783;47931;26002;1;4
120520;-184200;48492;25351;1;4
121084;-185881;48527;25246;1;4
112933;-174930;48018;25930;1;4
128890;-195865;49015;24622;4;4
112555;-173564;47994;26016;4;4
99965;-185322;47207;25281;1;4
120552;-185538;48494;25267;4;4
123522;-178196;48680;25726;8;4
120848;-186938;48513;25180;2;4
112063;-173719;47963;26006;2;4
126391;-177019;48859;25800;1;4
120737;-184680;48506;25321;2;4
99258;-167330;47163;26405;1;4
130616;-187089;49123;25170;1;4
129752;-186387;49069;25214;1;4
105709;-196501;47566;24582;4;4
123596;-177378;48684;25777;4;4
120400;-189402;48485;25026;1;4
108257;-172652;47726;26073;4;4
129271;-184804;49039;25313;1;4
120387;-189324;48484;25031;2;4
120396;-189369;48484;25028;1;4
111952;-173375;47957;26028;4;4
130497;-192691;49116;24820;2;4
114781;-180236;48133;25599;4;4
108264;-172672;47726;26072;8;4
128958;-181754;49019;25504;4;4
120635;-186165;48499;25228;2;4
112541;-173484;47993;26021;1;4
120491;-193591;48490;24764;1;4
119332;-193975;48418;24740;2;4
120991;-185405;48521;25276;1;4
120348;-189497;48481;25020;4;4
120863;-187125;48513;25168;2;4
129003;-195056;49022;24673;2;4
129959;-184669;49082;25322;8;4
129188;-184558;49034;25329;1;4
117722;-188988;48317;25052;8;4
129913;-184515;49079;25331;2;4
108370;-172307;47733;26094;8;4
128186;-181543;48971;25517;4;4
108238;-172553;47724;26079;8;4
123001;-181424;48647;25525;4;4
120732;-184874;48505;25309;1;4
129762;-183608;49070;25388;2;4
109873;-173548;47827;26017;4;4
123437;-177671;48674;25759;1;4
130536;-186175;49118;25228;1;4
105467;-195161;47551;24666;1;4
128854;-183105;49013;25419;2;4
108351;-172303;47731;26095;8;4
119831;-182240;48449;25474;4;4
108250;-172608;47725;26076;8;4
105145;-194735;47531;24693;8;4
124131;-196469;48718;24584;2;4
109841;-174398;47825;25964;8;4
117718;-188748;48317;25067;1;4
120325;-189765;48480;25003;1;4
117737;-188905;48318;25057;4;4
117676;-188978;48314;25052;4;4
99011;-173140;47148;26042;4;4
129226;-185265;49036;25284;1;4
99733;-185064;47193;25297;8;4
112188;-173776;47971;26003;8;4
128209;-181534;48973;25518;2;4
111848;-173376;47950;26028;4;4
112008;-173361;47960;26028;1;4
120656;-186064;48501;25235;8;4
129469;-186149;49051;25229;2;4
120471;-184801;48489;25313;4;4
104132;-186493;47468;25208;8;4
128630;-182795;48999;25439;1;4
120996;-187540;48522;25142;8;4
111925;-173721;47955;26006;1;4
105678;-196520;47564;24581;8;4
120740;-184817;48506;25312;2;4
111542;-173711;47931;26007;8;4
129197;-185281;49034;25283;8;4
111819;-173774;47948;26003;8;4
99027;-173394;47149;26026;4;4
120634;-186027;48499;25237;1;4
114976;-180351;48146;25592;1;4
101781;-185516;47321;25269;4;4
121040;-185675;48525;25259;8;4
125834;-176822;48824;25812;8;4
130454;-192744;49113;24817;8;4
129733;-182892;49068;25433;2;4
128893;-183087;49015;25421;4;4
120483;-184797;48490;25314;2;4
99035;-173342;47149;26030;2;4
129937;-184696;49081;25320;4;4
122417;-192255;48611;24848;4;4
121035;-185389;48524;25277;2;4
113430;-175961;48049;25866;4;4
120420;-189116;48486;25044;8;4
117690;-188859;48315;25060;4;4
98961;-173312;47145;26032;1;4
121664;-191505;48564;24894;1;4
120998;-187934;48522;25118;2;4
127730;-181219;48943;25537;2;4
123453;-177927;48675;25743;4;4
120694;-185901;48503;25245;4;4
119398;-194022;48422;24737;1;4
127354;-181658;48919;25510;8;4
99745;-184986;47194;25302;2;4
120473;-185051;48489;25298;8;4
120639;-186113;48499;25231;4;4
121185;-186417;48534;25212;4;4
123241;-181693;48662;25508;2;4
125828;-176887;48824;25808;1;4
128012;-182417;48960;25462;4;4
120497;-184308;48491;25344;4;4
129805;-184543;49072;25330;8;4
127329;-176759;48918;25816;4;4
128070;-182524;48964;25456;2;4
120474;-184955;48489;25304;1;4
129669;-183017;49064;25425;1;4
105371;-195654;47545;24635;4;4
108245;-174566;47725;25953;8;4
112152;-173388;47969;26027;8;4
129385;-185946;49046;25242;4;4
122004;-181267;48585;25534;1;4
112362;-173334;47982;26030;2;4
111355;-173775;47919;26003;4;4
128794;-181654;49009;25510;8;4
120552;-184830;48494;25312;1;4
107342;-175852;47668;25873;2;4
121066;-187707;48526;25132;2;4
111923;-173381;47955;26027;4;4
129678;-183417;49064;25400;8;4
120920;-186696;48517;25195;4;4
112141;-173322;47968;26031;2;4
129225;-183687;49036;25383;8;4
105647;-196267;47562;24597;8;4
112060;-173329;47963;26030;4;4
121418;-187256;48548;25160;1;4
129784;-183157;49071;25416;4;4
130648;-186260;49125;25222;4;4
101856;-185486;47326;25271;4;4
120538;-185334;48493;25280;8;4
120353;-189732;48482;25005;4;4
129693;-182835;49065;25436;2;4
121380;-187196;48546;25164;1;4
122950;-181406;48644;25526;4;4
99822;-184978;47198;25302;2;4
129682;-186486;49065;25208;8;4
126765;-179982;48882;25615;1;4
123601;-178303;48685;25720;4;4
126669;-179644;48876;25636;8;4
123497;-177017;48678;25800;8;4
126359;-177051;48857;25798;4;4
112265;-173334;47976;26030;8;4
120545;-184945;48494;25304;8;4
129073;-183538;49027;25392;4;4
117686;-188690;48315;25070;8;4
129210;-185575;49035;25265;1;4
127339;-181751;48918;25504;1;4
99237;-167018;47162;26425;1;4
120341;-189266;48481;25034;4;4
120437;-189253;48487;25035;2;4
104084;-186464;47465;25210;1;4
120619;-185846;48498;25248;2;4
99369;-168543;47170;26330;4;4
120501;-184404;48491;25338;8;4
120962;-185375;48520;25278;2;4
126841;-180083;48887;25608;4;4
129914;-183716;49079;25381;8;4
115069;-180226;48151;25599;4;4
128051;-182442;48963;25461;2;4
117734;-188345;48318;25092;8;4
129170;-184456;49033;25335;1;4
121417;-190803;48548;24938;4;4
111838;-173399;47949;26026;4;4
120585;-185800;48496;25251;2;4
128500;-181759;48991;25504;2;4
123535;-178209;48680;25725;4;4
105366;-195239;47545;24661;4;4
129014;-181675;49023;25509;2;4
130628;-187026;49124;25174;8;4
111932;-173723;47955;26006;4;4
117041;-178851;48275;25685;2;4
120358;-189404;48482;25026;1;4
128053;-181612;48963;25513;2;4
121084;-187815;48527;25125;1;4
103768;-185751;47445;25254;4;4
125902;-176886;48828;25808;2;4
129191;-185343;49034;25280;4;4
119808;-182265;48448;25472;4;4
120487;-185408;48490;25276;8;4
129022;-181653;49023;25510;2;4
120705;-184725;48504;25318;8;4
99246;-167022;47162;26425;8;4
108188;-174498;47721;25957;2;4
120428;-189407;48486;25026;1;4
111830;-173714;47949;26006;1;4
117032;-178883;48274;25683;1;4
105385;-195812;47546;24625;2;4
129751;-182900;49069;25432;8;4
127629;-181056;48936;25548;8;4
129716;-183384;49067;25402;8;4
99242;-166887;47162;26433;2;4
120941;-187012;48518;25175;8;4
120376;-189877;48483;24996;1;4
105466;-195640;47551;24636;1;4
126945;-175982;48894;25865;8;4
129864;-183800;49076;25376;8;4
122682;-181132;48627;25543;8;4
123256;-196051;48663;24610;4;4
105363;-195011;47545;24675;4;4
129419;-186143;49048;25230;4;4
119835;-182219;48449;25475;1;4
105420;-195308;47548;24657;8;4
127130;-176802;48905;25813;4;4
99256;-167353;47163;26404;2;4
112293;-173331;47978;26030;2;4
120423;-189490;48486;25020;2;4
120466;-184689;48489;25320;4;4
105717;-196556;47567;24579;2;4
120523;-184284;48492;25346;1;4
103680;-185740;47440;25255;8;4
105603;-195981;47560;24615;2;4
127345;-181542;48919;25517;2;4
112084;-173819;47965;26000;1;4
129340;-181927;49043;25493;8;4
120532;-184983;48493;25302;8;4
112225;-173431;47974;26024;2;4
121009;-187178;48523;25165;8;4
107369;-175797;47670;25876;2;4
119826;-182264;48449;25472;4;4
98969;-172932;47145;26055;8;4
121459;-187164;48551;25166;1;4
113428;-174065;48049;25984;4;4
105166;-194721;47532;24693;4;4
120524;-185070;48492;25297;8;4
128097;-182476;48966;25459;2;4
122664;-191678;48626;24884;1;4
111976;-173761;47958;26003;4;4
117655;-188334;48313;25093;8;4
111796;-173819;47947;26000;1;4
120959;-186667;48519;25197;4;4
122695;-191657;48628;24885;1;4
99070;-173182;47151;26040;1;4
120575;-184300;48495;25345;1;4
120351;-189026;48481;25049;2;4
123799;-177944;48697;25742;4;4
120337;-189024;48481;25050;1;4
101782;-185600;47321;25264;1;4
129164;-185378;49032;25277;1;4
122079;-191299;48589;24907;4;4
120687;-185977;48502;25240;2;4
107554;-176176;47682;25853;4;4
129153;-184741;49032;25317;4;4
120757;-184633;48507;25324;1;4
116694;-184440;48253;25336;4;4
111436;-173799;47924;26001;1;4
129296;-185748;49041;25254;8;4
123270;-193641;48664;24761;8;4
129710;-183609;49066;25388;1;4
128576;-182808;48996;25438;2;4
128873;-181705;49014;25507;1;4
120525;-185406;48492;25276;1;4
126347;-177094;48856;25795;2;4
129826;-183705;49074;25382;8;4
120995;-191050;48522;24923;2;4
121432;-190778;48549;24940;2;4
124341;-176764;48731;25816;1;4
127731;-181091;48943;25545;1;4
105367;-195123;47545;24668;4;4
123598;-177376;48684;25778;1;4
120730;-184754;48505;25316;8;4
99058;-172996;47151;26051;2;4
129757;-183276;49069;25409;1;4
120458;-184248;48488;25348;8;4
123297;-193102;48666;24795;4;4
112096;-173422;47966;26025;2;4
128136;-181631;48968;25512;8;4
111689;-173796;47940;26001;8;4
122675;-191633;48627;24886;1;4
122638;-191734;48624;24880;4;4
123437;-193973;48674;24740;1;4
128908;-183416;49016;25400;8;4
129260;-185405;49038;25276;4;4
129688;-182803;49065;25438;4;4
126375;-177075;48858;25796;1;4
124504;-181856;48741;25498;1;4
120488;-185556;48490;25266;4;4
129603;-182426;49060;25462;2;4
120483;-184221;48490;25350;8;4
129773;-182783;49070;25440;2;4
120406;-189558;48485;25016;1;4
129212;-184590;49035;25327;1;4
126742;-179589;48881;25639;2;4
120399;-189312;48484;25032;2;4
113496;-173999;48053;25989;2;4
119341;-193928;48418;24743;2;4
124430;-181818;48736;25500;8;4
120555;-184955;48494;25304;1;4
105162;-194725;47532;24693;4;4
127329;-176993;48918;25801;8;4
129373;-185879;49045;25246;1;4
105708;-196422;47566;24587;1;4
120571;-185240;48495;25286;8;4
108727;-172312;47755;26094;1;4
129268;-184737;49039;25317;1;4
120392;-189862;48484;24997;1;4
128898;-195047;49016;24673;4;4
129653;-182368;49063;25466;1;4
129721;-183498;49067;25395;1;4
128956;-183366;49019;25403;1;4
122111;-191346;48591;24904;4;4
107327;-175810;47667;25875;2;4
121366;-190775;48545;24940;2;4
121235;-187953;48537;25116;8;4
123819;-195910;48698;24619;4;4
105700;-195995;47566;24614;4;4
114689;-180346;48128;25592;1;4
129735;-183595;49068;25389;1;4
105370;-195446;47545;24648;8;4
130475;-186140;49114;25230;4;4
129310;-185764;49041;25253;8;4
128974;-194965;49020;24678;8;4
120636;-186017;48499;25237;4;4
108255;-172346;47725;26092;1;4
128517;-181702;48992;25507;8;4
129814;-183849;49073;25373;8;4
112067;-173402;47964;26026;1;4
108687;-172302;47752;26095;4;4
99427;-168549;47174;26329;8;4
99744;-184971;47194;25303;1;4
130012;-184656;49085;25323;4;4
114521;-179956;48117;25616;8;4
109808;-173535;47823;26018;4;4
120698;-186335;48503;25218;4;4
105447;-195499;47550;24645;1;4
129072;-195034;49027;24674;4;4
116729;-184437;48255;25336;4;4
105083;-194587;47527;24702;4;4
121244;-187968;48537;25116;2;4
130593;-186269;49122;25222;4;4
123399;-177933;48672;25743;8;4
121406;-187652;48547;25135;4;4
101876;-185544;47327;25267;2;4
119931;-182193;48455;25476;8;4
126725;-175940;48880;25867;1;4
129736;-183441;49068;25398;4;4
108200;-172396;47722;26089;1;4
117669;-188306;48314;25094;2;4
120495;-184571;48490;25328;4;4
120788;-184755;48509;25316;2;4
117673;-188894;48314;25058;1;4
129737;-182794;49068;25439;8;4
122607;-191501;48622;24895;8;4
122069;-181324;48589;25531;1;4
125928;-176795;48830;25814;8;4
112014;-173756;47960;26004;8;4
127645;-181037;48937;25549;8;4
129352;-181954;49044;25491;4;4
129862;-184455;49076;25335;1;4
120398;-189874;48484;24996;8;4
126737;-180056;48881;25610;1;4
117657;-188984;48313;25052;1;4
123230;-196054;48661;24610;1;4
128588;-182819;48996;25437;1;4
114475;-179863;48114;25622;1;4
109913;-174340;47829;25967;1;4
120916;-187032;48517;25174;4;4
112237;-173716;47974;26006;4;4
120543;-184192;48493;25352;1;4
126893;-175972;48890;25865;4;4
123399;-177686;48672;25758;8;4
105392;-195074;47547;24671;1;4
108179;-172629;47721;26074;2;4
105716;-196291;47567;24595;4;4
121448;-187547;48550;25142;1;4
111997;-173406;47959;26026;8;4
123291;-193586;48665;24764;8;4
111369;-173809;47920;26000;8;4
130570;-187029;49120;25174;8;4
130226;-194359;49099;24716;4;4
129387;-181918;49046;25494;8;4
129104;-181755;49029;25504;4;4
105698;-196148;47566;24604;2;4
121460;-187217;48551;25162;2;4
107405;-176390;47672;25839;8;4
120699;-185792;48503;25252;2;4
105219;-194882;47536;24683;2;4
108218;-172411;47723;26088;8;4
99866;-185286;47201;25283;4;4
116687;-184377;48252;25340;4;4
110009;-173466;47835;26022;4;4
120855;-186899;48513;25182;1;4
113505;-175978;48054;25865;8;4
120478;-193575;48489;24765;4;4
121071;-187838;48526;25124;2;4
123411;-176959;48673;25804;4;4
117730;-188956;48318;25054;8;4
101782;-185549;47321;25267;8;4
129204;-184133;49035;25355;8;4
128181;-181521;48971;25518;4;4
123401;-176968;48672;25803;8;4
99290;-167031;47165;26424;4;4
115001;-193316;48147;24781;1;4
99923;-185254;47205;25285;8;4
119811;-182254;48448;25473;2;4
119319;-193924;48417;24743;8;4
127301;-181559;48916;25516;4;4
120560;-185391;48495;25277;4;4
120753;-184800;48507;25314;4;4
120555;-184151;48494;25354;4;4
120522;-184478;48492;25334;1;4
127250;-177011;48913;25800;2;4
126803;-175945;48885;25867;1;4
129604;-182330;49060;25468;4;4
120985;-185379;48521;25277;2;4
127691;-181172;48940;25540;4;4
123356;-193084;48669;24796;2;4
105674;-196457;47564;24585;8;4
111424;-173711;47924;26007;4;4
128572;-182807;48995;25438;2;4
129253;-184864;49038;25310;8;4
129156;-184137;49032;25355;1;4
120484;-193551;48490;24767;8;4
107436;-176466;47674;25834;2;4
112175;-173751;47970;26004;8;4
120401;-188980;48485;25052;4;4
128867;-195894;49014;24620;4;4
121366;-187654;48545;25135;1;4
114979;-180328;48146;25593;8;4
128834;-183146;49012;25417;2;4
123465;-177671;48676;25759;2;4
129271;-185144;49039;25292;4;4
129387;-182002;49046;25488;1;4
99813;-185026;47198;25299;2;4
127153;-176886;48907;25808;2;4
121030;-185581;48524;25265;1;4
123883;-178001;48702;25738;1;4
121984;-181269;48584;25534;4;4
105612;-196317;47560;24594;1;4
121263;-187005;48538;25176;8;4
129221;-184543;49036;25330;1;4
105450;-195549;47550;24642;8;4
105429;-195607;47549;24638;4;4
127319;-181617;48917;25512;2;4
105364;-195285;47545;24658;8;4
123809;-195947;48698;24617;2;4
120386;-189115;48484;25044;8;4
127715;-181246;48942;25536;4;4
114486;-179955;48115;25616;2;4
128794;-181634;49009;25511;8;4
113471;-174019;48051;25987;8;4
117651;-188968;48313;25053;1;4
120589;-185740;48496;25255;1;4
105022;-194631;47523;24699;1;4
123353;-193112;48669;24794;8;4
121405;-187252;48547;25160;1;4
120612;-186299;48498;25220;8;4
105693;-196304;47565;24595;8;4
130681;-186311;49127;25219;2;4
129196;-185509;49034;25269;8;4
123623;-177399;48686;25776;4;4
127161;-176798;48907;25814;4;4
121046;-185487;48525;25271;1;4
105424;-195243;47549;24661;4;4
117654;-188844;48313;25061;8;4
130610;-187060;49123;25172;8;4
120324;-189589;48480;25014;1;4
101803;-185577;47322;25265;8;4
128886;-181704;49015;25507;4;4
126785;-175894;48884;25870;2;4
129096;-183550;49028;25392;8;4
112113;-173387;47967;26027;8;4
129217;-184652;49036;25323;1;4
99067;-172954;47151;26054;4;4
130318;-181074;49104;25546;4;4
120522;-184642;48492;25323;4;4
129406;-185738;49047;25255;1;4
114899;-180348;48141;25592;2;4
120981;-185573;48521;25265;4;4
123411;-194047;48673;24736;1;4
120347;-189393;48481;25026;2;4
103802;-185776;47447;25253;2;4
128008;-181538;48960;25517;1;4
111784;-173793;47946;26001;4;4
109968;-173449;47833;26023;1;4
99415;-168539;47173;26330;8;4
112196;-173724;47972;26006;8;4
127354;-176767;48919;25816;2;4
129235;-184836;49037;25311;2;4
122982;-181592;48646;25514;2;4
121311;-187972;48541;25115;8;4
121064;-187652;48526;25135;2;4
123777;-177885;48696;25746;4;4
129228;-183922;49036;25368;4;4
123420;-194026;48673;24737;4;4
120966;-185413;48520;25275;2;4
127294;-176757;48915;25816;4;4
122021;-192889;48586;24808;2;4
105431;-195209;47549;24663;4;4
105612;-196324;47560;24593;4;4
120448;-184569;48488;25328;8;4
120532;-184130;48493;25355;4;4
126723;-180077;48880;25609;8;4
121724;-191508;48567;24894;4;4
108699;-172333;47753;26093;4;4
120460;-193207;48488;24788;1;4
103915;-186185;47454;25227;1;4
112600;-173556;47997;26016;1;4
112085;-173394;47965;26026;8;4
129247;-184595;49037;25326;8;4
127303;-181749;48916;25504;1;4
121991;-181274;48584;25534;8;4
123505;-176915;48679;25806;4;4
123448;-194047;48675;24736;2;4
130454;-186219;49113;25225;1;4
127203;-176868;48910;25809;8;4
115129;-179759;48155;25629;8;4
129372;-181928;49045;25493;4;4
114950;-193374;48144;24778;1;4
122892;-181475;48640;25521;1;4
105269;-194909;47539;24682;4;4
120517;-185230;48492;25287;4;4
110290;-174017;47853;25987;8;4
123781;-177841;48696;25748;4;4
99968;-185543;47208;25267;4;4
127358;-181714;48919;25506;2;4
129149;-183541;49031;25392;4;4
115109;-180252;48154;25598;8;4
125909;-176862;48829;25810;4;4
101851;-185498;47325;25270;1;4
126618;-179697;48873;25632;4;4
112123;-173424;47967;26025;8;4
120796;-184905;48509;25307;4;4
122359;-191420;48607;24900;4;4
115159;-180282;48157;25596;1;4
130007;-184660;49085;25322;2;4
104970;-194666;47520;24697;4;4
115134;-180346;48155;25592;8;4
120939;-186643;48518;25198;2;4
111460;-173804;47926;26001;2;4
123492;-177737;48678;25755;8;4
129193;-184963;49034;25303;8;4
99252;-167386;47163;26402;4;4
105715;-196213;47567;24600;2;4
127299;-176686;48916;25821;4;4
130483;-186163;49115;25228;8;4
130516;-186226;49117;25224;8;4
122935;-181463;48643;25522;2;4
123831;-195951;48699;24617;4;4
120435;-189238;48487;25036;1;4
103743;-185852;47443;25248;8;4
99843;-185308;47200;25282;8;4
130177;-194386;49096;24714;2;4
121268;-187938;48539;25117;2;4
108744;-172328;47756;26093;8;4
120389;-189379;48484;25027;1;4
121086;-187650;48527;25135;8;4
116633;-184391;48249;25339;8;4
129308;-181980;49041;25490;2;4
116225;-185016;48224;25300;4;4
121066;-185918;48526;25244;4;4
105716;-196511;47567;24582;2;4
127667;-181071;48939;25547;1;4
112242;-173318;47975;26031;8;4
124044;-196448;48712;24586;1;4
99911;-185249;47204;25285;8;4
126752;-179608;48882;25638;2;4
129312;-185960;49042;25241;2;4
119398;-193926;48422;24743;4;4
129160;-184450;49032;25335;1;4
119905;-182190;48454;25477;1;4
120513;-184406;48492;25338;4;4
129263;-183679;49038;25384;1;4
112361;-173440;47982;26024;2;4
123533;-177342;48680;25780;2;4
127731;-181155;48943;25541;8;4
114989;-193324;48146;24781;4;4
120770;-184623;48508;25325;1;4
121437;-187646;48549;25136;4;4
129177;-184780;49033;25315;8;4
129731;-182729;49068;25443;2;4
127109;-176884;48904;25808;8;4
111834;-173729;47949;26005;4;4
129217;-185581;49036;25265;8;4
129764;-183238;49070;25411;2;4
105653;-196363;47563;24591;8;4
130551;-192695;49119;24820;8;4
120593;-185833;48497;25249;8;4
108189;-174558;47721;25954;8;4
120742;-184482;48506;25333;1;4
122087;-192804;48590;24813;2;4
112274;-173317;47977;26031;4;4
105663;-196058;47563;24610;8;4
111499;-173709;47928;26007;8;4
104892;-194530;47515;24705;4;4
123353;-193759;48669;24754;1;4
120648;-185853;48500;25248;8;4
129695;-183562;49065;25391;1;4
127143;-176823;48906;25812;2;4
120542;-185502;48493;25270;4;4
112150;-173337;47969;26030;4;4
128207;-181575;48972;25515;1;4
122153;-191977;48594;24865;8;4
120510;-193256;48491;24785;2;4
123502;-177928;48678;25743;4;4
112100;-173729;47966;26005;1;4
126828;-179665;48886;25634;2;4
129444;-186118;49050;25231;1;4
120534;-184908;48493;25307;4;4
120495;-185373;48490;25278;4;4
120394;-189001;48484;25051;4;4
114970;-193375;48145;24778;2;4
129882;-183798;49077;25376;4;4
126371;-176928;48858;25806;8;4
128196;-181539;48972;25517;1;4
129342;-181902;49043;25495;4;4
116627;-184323;48249;25343;2;4
113517;-175934;48054;25868;2;4
120677;-185885;48502;25246;4;4
123815;-195874;48698;24621;1;4
112964;-174853;48020;25935;1;4
111294;-173746;47915;26004;4;4
120999;-187653;48522;25135;8;4
129775;-186459;49070;25210;4;4
108774;-172314;47758;26094;8;4
123551;-178252;48681;25723;8;4
108743;-172398;47756;26089;8;4
129163;-184844;49032;25311;1;4
99854;-185297;47200;25282;2;4
126967;-175985;48895;25864;8;4
127618;-181212;48936;25538;4;4
107305;-175757;47666;25879;4;4
120435;-189277;48487;25034;4;4
105359;-195710;47544;24632;1;4
120652;-186041;48500;25236;1;4
123310;-193759;48666;24754;2;4
125901;-176880;48828;25809;2;4
129785;-183549;49071;25392;4;4
126460;-176984;48863;25802;1;4
105707;-196215;47566;24600;4;4
120995;-187362;48522;25153;2;4
107590;-176171;47684;25853;4;4
122958;-181481;48644;25521;1;4
122085;-181300;48590;25532;4;4
105355;-195420;47544;24650;8;4
122407;-192131;48610;24855;8;4
122894;-181419;48640;25525;4;4
117648;-188499;48313;25082;4;4
127270;-181656;48914;25510;1;4
105432;-194982;47549;24677;2;4
108164;-174515;47720;25956;1;4
120814;-184973;48510;25303;2;4
129205;-185600;49035;25264;2;4
127342;-181531;48918;25518;4;4
130677;-187047;49127;25173;4;4
110230;-174068;47849;25984;4;4
129996;-184658;49084;25322;4;4
108307;-172295;47729;26095;2;4
126454;-176968;48863;25803;1;4
123381;-193088;48671;24796;1;4
105628;-196476;47561;24584;8;4
105484;-195928;47552;24618;4;4
124358;-176665;48732;25822;2;4
104081;-186380;47465;25215;2;4
123581;-177290;48683;25783;2;4
128673;-181718;49002;25506;1;4
111951;-173780;47956;26002;1;4
121123;-186425;48530;25212;1;4
130664;-187125;49126;25168;2;4
121066;-188031;48526;25112;8;4
113417;-174080;48048;25984;8;4
105616;-196185;47561;24602;8;4
112285;-173324;47977;26031;8;4
105385;-194975;47546;24678;1;4
117738;-188872;48318;25059;4;4
129756;-183324;49069;25406;8;4
105397;-195180;47547;24665;2;4
130679;-187095;49127;25170;2;4
120863;-186695;48513;25195;1;4
116250;-184970;48225;25303;1;4
129166;-183703;49032;25382;2;4
121037;-185369;48524;25278;8;4
115052;-193303;48150;24782;1;4
117160;-193906;48282;24744;1;4
120613;-186183;48498;25227;2;4
127135;-176819;48905;25812;4;4
129731;-182770;49068;25440;1;4
99271;-166868;47164;26434;1;4
120511;-185543;48491;25267;1;4
120440;-189625;48487;25012;2;4
129175;-185081;49033;25296;1;4
127191;-176793;48909;25814;8;4
114714;-180232;48129;25599;8;4
111636;-173743;47937;26005;8;4
120750;-184916;48506;25306;8;4
126665;-179628;48876;25637;8;4
116683;-184365;48252;25341;1;4
120963;-187738;48520;25130;4;4
128875;-195944;49014;24617;1;4
129814;-184477;49073;25334;2;4
129510;-186128;49054;25231;2;4
99309;-166905;47166;26432;4;4
103687;-185291;47440;25283;4;4
120624;-186140;48499;25230;8;4
117663;-188490;48313;25083;4;4
120787;-184759;48509;25316;4;4
130630;-186334;49124;25218;4;4
112162;-173345;47970;26029;4;4
129759;-182679;49069;25446;2;4
109837;-173562;47824;26016;4;4
121059;-185694;48526;25258;8;4
112075;-173737;47964;26005;1;4
120604;-185916;48497;25244;4;4
105239;-194911;47537;24682;8;4
110209;-173953;47848;25991;8;4
109835;-174349;47824;25967;8;4
108350;-172294;47731;26095;2;4
99307;-167403;47166;26401;8;4
120924;-186919;48517;25181;8;4
119846;-182181;48450;25477;8;4
105197;-194701;47534;24695;4;4
129210;-183741;49035;25380;4;4
99348;-168519;47169;26331;2;4
120419;-189146;48486;25042;2;4
126792;-175925;48884;25868;8;4
121194;-186492;48534;25208;4;4
117647;-189015;48312;25050;2;4
114923;-180342;48142;25592;8;4
107295;-175870;47665;25872;8;4
111296;-173811;47916;26000;2;4
119910;-182216;48454;25475;4;4
109942;-173466;47831;26022;8;4
130389;-181014;49109;25550;8;4
124463;-181881;48738;25496;4;4
127104;-176770;48904;25815;8;4
105080;-194674;47527;24696;8;4
99943;-185284;47206;25283;8;4
109734;-173504;47818;26020;8;4
122107;-192828;48591;24812;2;4
111707;-173776;47941;26003;2;4
114764;-180286;48132;25596;4;4
120962;-185487;48520;25271;4;4
111828;-173815;47949;26000;4;4
121410;-187656;48548;25135;4;4
112085;-173421;47965;26025;8;4
120636;-185962;48499;25241;1;4
121032;-185787;48524;25252;1;4
129238;-184631;49037;25324;2;4
121004;-187710;48522;25132;4;4
129260;-184457;49038;25335;2;4
126801;-179662;48885;25635;4;4
129034;-181704;49024;25507;8;4
126891;-175873;48890;25871;1;4
121059;-187386;48526;25152;4;4
120548;-184232;48494;25349;8;4
114825;-182600;48136;25451;2;4
113515;-173962;48054;25991;4;4
114528;-179950;48118;25617;8;4
120493;-184699;48490;25320;1;4
129310;-185856;49041;25248;2;4
123566;-178182;48682;25727;2;4
126755;-180002;48882;25613;2;4
112954;-174916;48019;25931;4;4
111644;-173817;47937;26000;2;4
120634;-186000;48499;25239;1;4
122957;-181479;48644;25521;1;4
105329;-194906;47543;24682;1;4
120868;-186924;48514;25181;2;4
109901;-173536;47828;26018;1;4
123471;-176975;48676;25803;1;4
110079;-173489;47839;26020;2;4
105719;-196478;47567;24584;4;4
129275;-185476;49039;25271;8;4
123451;-177066;48675;25797;2;4
128980;-183301;49021;25407;8;4
121047;-187424;48525;25150;2;4
108216;-174481;47723;25958;4;4
128706;-181743;49004;25505;4;4
99895;-185311;47203;25282;1;4
120342;-189307;48481;25032;4;4
120560;-184245;48495;25348;4;4
111986;-173711;47959;26007;8;4
111944;-173377;47956;26027;4;4
128605;-181671;48997;25509;2;4
128748;-181671;49006;25509;4;4
112032;-173764;47962;26003;4;4
105273;-194885;47539;24683;4;4
124349;-176768;48731;25816;4;4
114874;-180323;48139;25593;4;4
120373;-189774;48483;25003;4;4
112571;-173465;47995;26022;4;4
120346;-189633;48481;25011;2;4
123836;-177850;48699;25748;8;4
122032;-192892;48587;24808;2;4
104120;-186394;47467;25214;2;4
123903;-195914;48703;24619;8;4
105717;-196094;47567;24608;8;4
99230;-166798;47161;26439;8;4
129172;-185414;49033;25275;2;4
126835;-180050;48887;25610;4;4
120786;-185034;48509;25299;1;4
120829;-185013;48511;25300;4;4
129799;-183918;49072;25369;1;4
129119;-181704;49029;25507;4;4
122014;-192792;48585;24814;2;4
127256;-181524;48913;25518;8;4
114763;-180287;48132;25596;1;4
122971;-181462;48645;25522;4;4
109922;-173549;47830;26017;8;4
120967;-191046;48520;24923;4;4
128008;-182511;48960;25457;8;4
107293;-175862;47665;25872;2;4
128894;-195890;49015;24620;2;4
121073;-187226;48527;25162;1;4
120371;-189616;48483;25013;2;4
114823;-180231;48136;25599;2;4
120518;-185184;48492;25290;1;4
115045;-193349;48150;24779;8;4
105440;-195261;47550;24660;2;4
105677;-196270;47564;24597;1;4
125890;-180436;48828;25586;4;4
124377;-176732;48733;25818;4;4
129168;-185435;49033;25274;2;4
120432;-188964;48487;25053;4;4
119366;-194014;48420;24738;1;4
129168;-183652;49033;25385;8;4
104898;-194539;47516;24705;8;4
122990;-181415;48646;25525;2;4
127298;-181568;48916;25516;2;4
120417;-189025;48486;25049;4;4
129900;-183891;49078;25370;1;4
120403;-189044;48485;25048;1;4
122948;-181439;48644;25524;1;4
120718;-184996;48504;25301;1;4
105413;-195493;47548;24645;1;4
99003;-172931;47147;26055;4;4
127669;-181102;48939;25545;2;4
120591;-185889;48496;25245;2;4
120852;-187130;48513;25168;4;4
120755;-184695;48507;25320;8;4
129829;-193441;49074;24773;2;4
128706;-181739;49004;25505;4;4
108272;-172564;47727;26078;1;4
105331;-194924;47543;24681;8;4
121230;-188117;48536;25106;8;4
119875;-182229;48452;25474;2;4
129722;-183039;49067;25424;8;4
111652;-173703;47938;26007;4;4
114931;-180346;48143;25592;8;4
114030;-171134;48086;26168;4;4
103777;-185646;47446;25261;4;4
128843;-195905;49012;24619;4;4
113791;-171461;48071;26147;4;4
109902;-173547;47828;26017;1;4
123387;-193786;48671;24752;1;4
129219;-185066;49036;25297;4;4
120427;-189505;48486;25019;1;4
126841;-179647;48887;25636;2;4
98986;-173289;47146;26033;2;4
104947;-194537;47519;24705;4;4
120644;-185934;48500;25243;8;4
107297;-175801;47666;25876;4;4
122351;-191422;48606;24900;4;4
121174;-186486;48533;25208;8;4
112965;-174917;48020;25931;2;4
128201;-181572;48972;25515;4;4
119835;-182193;48449;25476;1;4
129762;-182984;49070;25427;2;4
99413;-168546;47173;26329;8;4
100030;-185694;47211;25258;8;4
128561;-181701;48995;25507;4;4
114941;-182644;48143;25448;2;4
120670;-186099;48501;25232;8;4
123350;-193571;48669;24765;8;4
123635;-178180;48687;25727;1;4
115176;-180256;48158;25598;2;4
124293;-176716;48728;25819;8;4
112250;-173783;47975;26002;1;4
115143;-180237;48156;25599;2;4
111897;-173808;47953;26001;2;4
120373;-188919;48483;25056;4;4
129247;-184700;49037;25320;2;4
111599;-173791;47934;26002;2;4
122667;-191641;48626;24886;1;4
119376;-194039;48421;24736;1;4
117711;-188407;48316;25088;4;4
129320;-185792;49042;25252;2;4
120453;-184325;48488;25343;2;4
113483;-174055;48052;25985;4;4
121087;-187206;48527;25163;4;4
108194;-174503;47722;25957;4;4
120527;-185018;48492;25300;2;4
104908;-194530;47516;24705;8;4
129744;-182816;49069;25438;2;4
121302;-186972;48541;25178;8;4
117639;-188724;48312;25068;2;4
105721;-196231;47567;24599;4;4
122971;-181618;48645;25512;8;4
120458;-184545;48488;25329;2;4
117698;-188354;48316;25091;4;4
129990;-184702;49084;25320;8;4
120471;-184799;48489;25314;4;4
108274;-172666;47727;26072;1;4
111880;-173742;47952;26005;4;4
129721;-186389;49067;25214;8;4
107528;-176141;47680;25855;8;4
122238;-191949;48599;24867;1;4
120388;-189697;48484;25007;8;4
120515;-193586;48492;24764;4;4
105455;-195746;47550;24629;8;4
130412;-181044;49110;25548;4;4
103831;-186216;47449;25225;4;4
111900;-173729;47953;26005;8;4
129016;-181746;49023;25504;8;4
122606;-191517;48622;24894;1;4
120518;-184386;48492;25339;4;4
103746;-185726;47444;25256;2;4
119813;-182170;48448;25478;8;4
120518;-185047;48492;25298;4;4
120582;-185804;48496;25251;8;4
121241;-186923;48537;25181;1;4
120897;-186828;48516;25187;4;4
110243;-173990;47850;25989;2;4
113788;-171448;48071;26148;8;4
129157;-183881;49032;25371;8;4
120529;-185030;48493;25299;1;4
123345;-193752;48669;24754;4;4
123502;-176926;48678;25806;1;4
120699;-186321;48503;25218;2;4
112068;-173388;47964;26027;1;4
116319;-185063;48229;25297;1;4
111632;-173709;47937;26007;1;4
117693;-188472;48315;25084;2;4
99345;-168547;47169;26329;1;4
105633;-196351;47562;24592;8;4
120906;-186966;48516;25178;8;4
112530;-173489;47993;26020;1;4
122709;-181121;48629;25543;8;4
120475;-184356;48489;25341;1;4
111688;-173766;47940;26003;2;4
128910;-181723;49016;25506;8;4
128053;-181523;48963;25518;8;4
116714;-184432;48254;25337;2;4
122102;-191316;48591;24906;8;4
122973;-181554;48645;25516;2;4
120414;-189454;48485;25023;1;4
105467;-195539;47551;24642;1;4
105726;-196405;47567;24588;2;4
129101;-183467;49028;25397;2;4
122673;-181147;48627;25542;4;4
99039;-173017;47149;26050;1;4
120961;-185918;48520;25244;4;4
120742;-184916;48506;25306;2;4
115061;-180266;48151;25597;2;4
123842;-195893;48700;24620;1;4
120335;-188997;48480;25051;8;4
105425;-195577;47549;24640;4;4
120855;-186810;48513;25188;4;4
123434;-193967;48674;24741;2;4
99336;-168464;47168;26335;4;4
104917;-194514;47517;24706;2;4
117751;-188529;48319;25080;4;4
125856;-180392;48826;25589;2;4
129781;-182693;49071;25445;2;4
112087;-173699;47965;26007;4;4
121293;-188020;48540;25112;4;4
130183;-194314;49096;24719;1;4
114040;-171124;48087;26168;2;4
122935;-181544;48643;25517;8;4
105554;-195932;47557;24618;1;4
123161;-195984;48657;24615;1;4
120366;-189111;48482;25044;4;4
124312;-176711;48729;25819;2;4
121025;-185842;48524;25248;8;4
123181;-196055;48658;24610;2;4
113947;-171116;48081;26169;2;4
123515;-177987;48679;25739;2;4
108190;-172687;47721;26071;4;4
120521;-184519;48492;25331;8;4
129939;-184582;49081;25327;4;4
117674;-188440;48314;25086;2;4
111374;-173804;47920;26001;8;4
127347;-176954;48919;25804;4;4
129688;-183326;49065;25406;8;4
123332;-193683;48668;24758;8;4
120332;-189450;48480;25023;4;4
124386;-176715;48734;25819;2;4
129269;-185243;49039;25286;2;4
124907;-177967;48766;25741;4;4
120902;-186988;48516;25177;4;4
122625;-191658;48624;24885;1;4
120991;-187209;48521;25163;2;4
105406;-195724;47547;24631;2;4
120993;-187311;48522;25157;1;4
123423;-176916;48673;25806;2;4
120399;-189095;48484;25045;8;4
120405;-189329;48485;25030;1;4
120419;-189917;48486;24994;8;4
106541;-173847;47618;25998;1;4
120385;-189440;48484;25024;8;4
129397;-185761;49047;25253;4;4
122020;-191319;48586;24906;4;4
117635;-189042;48312;25048;1;4
128116;-182402;48967;25463;4;4
128800;-195914;49010;24619;8;4
120998;-185961;48522;25241;4;4
114798;-180272;48134;25597;8;4
129230;-184778;49036;25315;2;4
113711;-171425;48066;26149;8;4
120566;-184099;48495;25357;2;4
129190;-184494;49034;25333;8;4
106501;-173950;47616;25992;2;4
113946;-171088;48081;26171;1;4
112189;-173368;47971;26028;1;4
130545;-192762;49119;24816;8;4
129745;-183033;49069;25424;1;4
107413;-176495;47673;25833;2;4
98978;-173263;47146;26035;8;4
121440;-187736;48550;25130;4;4
120996;-187237;48522;25161;1;4
129273;-184450;49039;25335;4;4
112235;-173366;47974;26028;8;4
116999;-178821;48272;25687;4;4
116699;-184322;48253;25343;2;4
113741;-171485;48068;26146;4;4
129260;-183853;49038;25373;1;4
122102;-192870;48591;24809;4;4
129559;-182369;49057;25465;4;4
99745;-185038;47194;25299;1;4
128115;-182459;48967;25460;4;4
111467;-173760;47926;26004;8;4
123518;-177942;48679;25742;4;4
130666;-186352;49126;25217;8;4
129160;-183831;49032;25374;4;4
123286;-193574;48665;24765;8;4
108189;-172770;47721;26065;1;4
129749;-183378;49069;25402;1;4
120501;-184358;48491;25341;1;4
129527;-186163;49055;25228;2;4
103732;-185332;47443;25280;4;4
109737;-173454;47818;26023;8;4
122949;-181395;48644;25526;1;4
120497;-184555;48491;25329;2;4
128730;-181687;49005;25508;8;4
121079;-187883;48527;25121;8;4
103757;-185317;47444;25281;8;4
125827;-176885;48824;25808;4;4
112935;-174930;48018;25930;1;4
120550;-184592;48494;25327;8;4
127239;-181588;48912;25514;1;4
116275;-185039;48227;25299;8;4
121084;-187505;48527;25144;4;4
117160;-193827;48282;24749;4;4
116242;-184965;48225;25303;1;4
120930;-186907;48518;25182;2;4
120995;-187894;48522;25120;8;4
117632;-188579;48312;25077;4;4
129634;-182519;49062;25456;4;4
121314;-188048;48542;25111;2;4
128014;-181558;48960;25516;4;4
105428;-195426;47549;24649;2;4
112347;-173432;47981;26024;2;4
128712;-181637;49004;25511;4;4
111909;-173729;47954;26005;1;4
120463;-193193;48488;24789;1;4
104858;-194484;47513;24708;2;4
121008;-185776;48523;25253;8;4
122719;-181179;48629;25540;2;4
129902;-193531;49078;24768;1;4
121460;-190794;48551;24939;1;4
120771;-185063;48508;25297;1;4
120753;-184952;48507;25304;8;4
129709;-183608;49066;25388;2;4
127113;-176876;48904;25809;2;4
108174;-172609;47720;26075;1;4
123484;-177747;48677;25754;2;4
129154;-184663;49032;25322;4;4
126814;-175913;48885;25869;2;4
123400;-178016;48672;25738;8;4
105391;-195148;47546;24667;4;4
107308;-175848;47666;25873;1;4
112263;-173437;47976;26024;2;4
127258;-176950;48913;25804;2;4
129556;-182406;49057;25463;8;4
122036;-192769;48587;24815;4;4
126642;-179592;48875;25639;2;4
123298;-193709;48666;24757;2;4
129866;-183853;49076;25373;2;4
105719;-196197;47567;24601;8;4
120497;-184932;48491;25305;1;4
121072;-187749;48527;25129;4;4
121017;-187546;48523;25142;1;4
111508;-173782;47929;26002;1;4
123302;-193637;48666;24761;4;4
120333;-189527;48480;25018;2;4
123882;-178030;48702;25737;1;4
122586;-191609;48621;24888;8;4
99062;-173126;47151;26043;4;4
129830;-183782;49074;25377;8;4
127356;-181628;48919;25512;2;4
122671;-191719;48626;24881;8;4
120502;-184079;48491;25359;2;4
115022;-180252;48148;25598;8;4
112627;-173468;47999;26022;2;4
105448;-195580;47550;24640;1;4
123002;-181595;48647;25514;8;4
117747;-188933;48319;25055;8;4
108177;-172347;47721;26092;1;4
127731;-181173;48943;25540;1;4
123630;-178204;48686;25726;8;4
120351;-189264;48481;25035;8;4
109844;-174357;47825;25966;4;4
121284;-188073;48540;25109;2;4
129725;-182810;49067;25438;4;4
120521;-184878;48492;25309;1;4
121217;-186899;48536;25182;8;4
115091;-180244;48153;25598;8;4
117011;-178894;48273;25683;4;4
122641;-191644;48625;24886;1;4
129018;-194968;49023;24678;4;4
129223;-185518;49036;25269;2;4
129134;-194958;49030;24679;4;4
117734;-188604;48318;25076;2;4
128126;-182476;48967;25459;1;4
121319;-188113;48542;25106;1;4
121261;-186923;48538;25181;1;4
120677;-186137;48502;25230;4;4
99242;-166896;47162;26433;4;4
123872;-177956;48702;25741;1;4
123451;-194033;48675;24736;8;4
120688;-186285;48503;25221;4;4
122488;-192218;48615;24850;4;4
122977;-181395;48646;25526;1;4
128883;-195892;49015;24620;1;4
123583;-178280;48683;25721;2;4
123875;-177801;48702;25751;2;4
130547;-192701;49119;24820;2;4
113422;-174041;48048;25986;4;4
120650;-185832;48500;25249;1;4
120794;-184522;48509;25331;2;4
122996;-181400;48647;25526;8;4
122108;-181293;48591;25533;8;4
123422;-177758;48673;25754;8;4
124061;-196464;48713;24585;1;4
121352;-187166;48544;25166;1;4
127345;-181506;48919;25519;4;4
129795;-193522;49072;24768;1;4
103720;-185737;47442;25255;1;4
105649;-196110;47563;24607;4;4
120792;-184622;48509;25325;4;4
121010;-185650;48523;25260;2;4
99322;-166882;47167;26433;8;4
120989;-187957;48521;25116;2;4
120989;-185746;48521;25254;4;4
124055;-196373;48713;24590;8;4
122668;-181239;48626;25536;8;4
129252;-183570;49038;25390;4;4
122545;-191517;48619;24894;4;4
129709;-182859;49066;25435;2;4
121028;-187463;48524;25147;8;4
117667;-188632;48314;25074;2;4
129342;-185832;49043;25249;2;4
100061;-185548;47213;25267;2;4
120579;-185936;48496;25243;1;4
122731;-191692;48630;24883;2;4
129162;-185145;49032;25292;4;4
123465;-177996;48676;25739;2;4
112032;-173421;47962;26025;8;4
108254;-172638;47725;26074;2;4
111458;-173428;47926;26024;1;4
123884;-177936;48702;25743;2;4
129821;-183724;49073;25381;4;4
127225;-176827;48911;25812;2;4
129865;-184558;49076;25329;2;4
120532;-184626;48493;25324;1;4
98946;-173165;47144;26041;2;4
125846;-180477;48825;25584;8;4
126620;-179697;48873;25632;8;4
120924;-186712;48517;25194;1;4
103907;-186159;47454;25229;8;4
130368;-181080;49108;25546;1;4
105650;-196229;47563;24599;4;4
122074;-181276;48589;25534;4;4
121007;-185785;48522;25252;4;4
120466;-184189;48489;25352;4;4
122299;-191447;48603;24898;4;4
126666;-179653;48876;25635;1;4
105383;-195757;47546;24629;4;4
109825;-174426;47824;25962;8;4
121271;-187912;48539;25119;2;4
109835;-174393;47824;25964;1;4
120416;-189076;48486;25046;2;4
129910;-184543;49079;25330;8;4
120993;-187648;48522;25136;2;4
113998;-171086;48084;26171;4;4
120479;-193596;48489;24764;8;4
105568;-195841;47558;24623;4;4
120330;-189574;48480;25015;4;4
121053;-187341;48525;25155;4;4
130581;-186245;49121;25223;1;4
103734;-185652;47443;25260;4;4
126391;-177118;48859;25794;8;4
129177;-184731;49033;25318;2;4
114991;-180352;48146;25592;2;4
116281;-184984;48227;25302;4;4
111451;-173740;47925;26005;1;4
129246;-185423;49037;25275;1;4
114914;-182634;48142;25449;4;4
129227;-185355;49036;25279;2;4
120763;-184856;48507;25310;4;4
123787;-177887;48696;25746;8;4
121466;-187174;48551;25165;1;4
113415;-174023;48048;25987;4;4
129622;-182339;49061;25467;8;4
119892;-182189;48453;25477;1;4
129228;-185404;49036;25276;8;4
121708;-191512;48566;24894;2;4
121431;-190802;48549;24938;2;4
121034;-187292;48524;25158;4;4
117694;-188432;48315;25087;1;4
113421;-175978;48048;25865;2;4
129820;-183751;49073;25379;4;4
129778;-183606;49071;25388;8;4
120391;-189852;48484;24998;2;4
122273;-191475;48602;24896;4;4
123315;-193747;48667;24754;1;4
122185;-191918;48596;24869;2;4
119346;-193992;48419;24739;1;4
123877;-177908;48702;25744;1;4
108341;-172300;47731;26095;4;4
129331;-185952;49043;25242;2;4
120563;-185557;48495;25266;2;4
129192;-185080;49034;25296;4;4
116338;-185042;48231;25298;2;4
116300;-185020;48228;25300;1;4
121040;-185709;48525;25257;1;4
129318;-181908;49042;25494;1;4
121278;-186966;48539;25178;2;4
129043;-183532;49025;25393;1;4
114983;-180257;48146;25597;8;4
124476;-181856;48739;25498;1;4
123230;-181757;48661;25504;4;4
111857;-173801;47951;26001;4;4
123617;-177293;48686;25783;8;4
122040;-192878;48587;24809;4;4
120422;-189606;48486;25013;8;4
129361;-185839;49045;25249;1;4
129804;-183768;49072;25378;2;4
104162;-186393;47470;25214;4;4
117692;-188527;48315;25081;8;4
103749;-185704;47444;25257;2;4
130616;-187086;49123;25171;1;4
123474;-178012;48677;25738;1;4
129696;-183287;49066;25408;1;4
116273;-185030;48227;25299;2;4
99029;-173421;47149;26025;1;4
129797;-183871;49072;25372;8;4
120345;-189598;48481;25014;1;4
120511;-184512;48491;25332;8;4
105421;-194989;47548;24677;1;4
127671;-181074;48939;25546;8;4
120963;-185740;48520;25255;2;4
117229;-193796;48286;24751;4;4
126787;-175988;48884;25864;2;4
126810;-180035;48885;25611;2;4
126361;-176951;48857;25804;8;4
120457;-184243;48488;25348;1;4
121443;-187209;48550;25163;8;4
104175;-186479;47470;25209;1;4
103751;-185312;47444;25282;8;4
120879;-187070;48514;25172;4;4
123217;-181740;48661;25505;2;4
121133;-186412;48530;25213;1;4
129106;-181684;49029;25508;2;4
123873;-195920;48702;24619;2;4
129875;-183881;49077;25371;2;4
121155;-186487;48532;25208;4;4
123239;-181739;48662;25505;4;4
120533;-184859;48493;25310;4;4
120335;-189899;48480;24995;4;4
109814;-173486;47823;26021;1;4
117720;-188715;48317;25069;8;4
111975;-173738;47958;26005;1;4
128986;-195013;49021;24675;4;4
108184;-172764;47721;26066;8;4
129694;-183077;49065;25421;8;4
129211;-184158;49035;25354;4;4
120663;-186333;48501;25218;4;4
126803;-179650;48885;25635;4;4
121701;-191535;48566;24893;8;4
121452;-187559;48550;25141;1;4
127289;-181587;48915;25514;2;4
129193;-184819;49034;25312;2;4
122614;-191608;48623;24888;2;4
127265;-181551;48914;25517;2;4
108171;-174578;47720;25952;2;4
121047;-185370;48525;25278;1;4
129999;-184626;49084;25324;8;4
99335;-168537;47168;26330;1;4
129743;-186441;49068;25211;4;4
120977;-185872;48521;25247;4;4
123877;-177854;48702;25748;4;4
128776;-183079;49008;25421;8;4
122963;-181485;48645;25521;1;4
121014;-185844;48523;25248;8;4
120540;-185119;48493;25294;1;4
99056;-173140;47151;26042;8;4
121453;-187733;48550;25130;1;4
98972;-173234;47145;26036;1;4
123628;-177355;48686;25779;1;4
105463;-195775;47551;24628;2;4
120523;-184872;48492;25309;1;4
130546;-186113;49119;25231;4;4
124412;-176694;48735;25820;4;4
129884;-193522;49077;24768;1;4
129330;-181927;49043;25493;8;4
99313;-167408;47167;26401;4;4
111835;-173801;47949;26001;4;4
121032;-187314;48524;25156;2;4
123297;-193678;48666;24759;4;4
123784;-177937;48696;25742;4;4
120963;-187793;48520;25126;4;4
108312;-172339;47729;26092;4;4
121027;-185819;48524;25250;4;4
126860;-175994;48888;25864;1;4
123891;-178037;48703;25736;8;4
127649;-181133;48938;25543;8;4
122164;-191884;48595;24871;4;4
124535;-181787;48743;25502;2;4
115085;-179750;48152;25629;8;4
120323;-189229;48480;25037;2;4
116259;-184975;48226;25303;2;4
119842;-182242;48450;25473;8;4
128804;-181668;49010;25509;2;4
121086;-187639;48527;25136;1;4
120763;-184603;48507;25326;4;4
120630;-186049;48499;25235;1;4
117151;-193891;48281;24745;2;4
122072;-192853;48589;24810;2;4
127265;-176687;48914;25821;2;4
108166;-174561;47720;25953;1;4
129893;-183820;49078;25375;2;4
98999;-173098;47147;26045;2;4
129701;-183229;49066;25412;1;4
122677;-191712;48627;24882;2;4
127702;-181243;48941;25536;8;4
121256;-186935;48538;25180;8;4
120569;-185105;48495;25294;2;4
129755;-183678;49069;25384;1;4
129206;-184659;49035;25322;2;4
111269;-173762;47914;26003;4;4
130197;-194324;49097;24718;1;4
120402;-189902;48485;24995;1;4
108163;-172377;47720;26090;8;4
114870;-182551;48139;25454;8;4
128828;-195883;49011;24621;2;4
123418;-177037;48673;25799;1;4
114973;-180234;48145;25599;4;4
114501;-179873;48116;25621;1;4
117664;-188570;48314;25078;4;4
105381;-195233;47546;24661;1;4
129709;-183521;49066;25393;4;4
129165;-183996;49032;25364;8;4
130525;-186160;49117;25229;2;4
121030;-187390;48524;25152;1;4
129232;-185191;49037;25289;4;4
128178;-181567;48971;25516;2;4
123203;-196017;48660;24612;8;4
120768;-184518;48508;25331;4;4
120994;-187548;48522;25142;4;4
121023;-187996;48523;25114;1;4
111434;-173699;47924;26007;1;4
121066;-187280;48526;25159;4;4
109733;-173455;47818;26023;1;4
129237;-183675;49037;25384;2;4
105236;-194861;47537;24685;4;4
115073;-179798;48152;25626;2;4
123609;-177360;48685;25779;1;4
104978;-194598;47521;24701;1;4
129264;-184636;49039;25324;8;4
111391;-173390;47921;26027;4;4
123474;-194037;48677;24736;4;4
99272;-167018;47164;26425;8;4
129255;-185214;49038;25288;1;4
120488;-184732;48490;25318;4;4
129161;-185266;49032;25284;2;4
120979;-187931;48521;25118;8;4
129364;-185927;49045;25243;2;4
123495;-193936;48678;24743;2;4
111795;-173314;47947;26031;8;4
128770;-183157;49008;25416;4;4
128534;-182853;48993;25435;4;4
105021;-194562;47523;24703;8;4
105449;-195585;47550;24639;2;4
126671;-179701;48876;25632;2;4
124867;-177948;48764;25742;2;4
127714;-181001;48942;25551;1;4
128959;-183321;49019;25406;8;4
129911;-183866;49079;25372;8;4
130269;-194346;49101;24717;1;4
122286;-191379;48602;24902;1;4
122971;-181598;48645;25514;4;4
123457;-194031;48676;24737;2;4
105425;-195534;47549;24643;2;4
120625;-186205;48499;25226;1;4
123353;-193664;48669;24760;4;4
105717;-196490;47567;24583;4;4
99232;-166858;47162;26435;2;4
121381;-187163;48546;25166;8;4
120639;-185982;48499;25240;8;4
120592;-185798;48497;25251;4;4
112176;-173804;47971;26001;1;4
120402;-189270;48485;25034;1;4
112237;-173794;47974;26001;8;4
124378;-176689;48733;25820;4;4
98975;-173417;47145;26025;4;4
101886;-185541;47327;25267;8;4
129812;-183732;49073;25380;1;4
121004;-187240;48522;25161;4;4
120996;-187395;48522;25151;4;4
121012;-185917;48523;25244;4;4
105105;-194692;47529;24695;1;4
129372;-185806;49045;25251;2;4
129668;-183539;49064;25392;2;4
105383;-195437;47546;24649;8;4
130576;-187026;49121;25174;4;4
129730;-183247;49068;25411;2;4
123452;-176902;48675;25807;4;4
111765;-173751;47945;26004;1;4
129750;-183052;49069;25423;4;4
130629;-186327;49124;25218;2;4
99852;-185229;47200;25287;1;4
112221;-173388;47973;26027;2;4
128654;-181655;49000;25510;1;4
126629;-179678;48874;25634;8;4
113468;-174020;48051;25987;8;4
105548;-195964;47556;24616;1;4
120480;-184187;48490;25352;8;4
105673;-195992;47564;24614;4;4
117759;-188592;48319;25077;2;4
120545;-193188;48494;24789;2;4
112265;-173400;47976;26026;8;4
123328;-193646;48668;24761;8;4
120988;-191065;48521;24922;1;4
100044;-185650;47212;25260;8;4
122347;-191375;48606;24903;4;4
128617;-182893;48998;25433;4;4
123137;-196083;48656;24608;1;4
108753;-172343;47757;26092;4;4
120818;-184557;48511;25329;8;4
116629;-184366;48249;25341;4;4
129834;-193438;49074;24774;1;4
129851;-183933;49075;25368;4;4
129474;-186189;49052;25227;8;4
105691;-196274;47565;24596;1;4
111744;-173815;47944;26000;8;4
129187;-184772;49034;25315;1;4
127327;-176751;48917;25817;4;4
114843;-182638;48137;25449;1;4
122622;-191561;48623;24891;1;4
129807;-184548;49072;25329;8;4
120380;-188975;48483;25053;1;4
105408;-194967;47548;24678;4;4
99059;-173066;47151;26047;1;4
120529;-184692;48493;25320;4;4
108215;-172628;47723;26074;4;4
127291;-181559;48915;25516;1;4
117652;-188896;48313;25058;4;4
117722;-188466;48317;25084;4;4
129690;-183432;49065;25399;4;4
120652;-186057;48500;25235;8;4
128969;-181638;49020;25511;1;4
128581;-181670;48996;25509;2;4
130633;-186339;49124;25217;8;4
120334;-189146;48480;25042;4;4
122749;-191659;48631;24885;8;4
112196;-173810;47972;26000;2;4
125889;-180401;48828;25588;2;4
130616;-186249;49123;25223;8;4
129710;-183190;49066;25414;2;4
117755;-188997;48319;25051;4;4
121306;-187968;48541;25116;2;4
120502;-184736;48491;25318;1;4
117685;-188477;48315;25084;8;4
129041;-195035;49025;24674;2;4
120906;-186886;48516;25183;2;4
114768;-180293;48133;25595;1;4
129105;-195045;49029;24673;1;4
114694;-180284;48128;25596;1;4
99999;-185549;47209;25267;1;4
123481;-177735;48677;25755;1;4
100008;-185642;47210;25261;4;4
117677;-188641;48314;25073;8;4
120993;-185656;48522;25260;8;4
121015;-185794;48523;25251;1;4
105707;-196084;47566;24608;2;4
120996;-187736;48522;25130;2;4
120881;-186933;48515;25180;2;4
104836;-194436;47512;24711;4;4
120680;-185783;48502;25252;1;4
120334;-189062;48480;25047;8;4
107612;-176145;47685;25854;4;4
105465;-195133;47551;24668;1;4
129885;-193422;49077;24775;2;4
111696;-173795;47941;26001;8;4
104848;-194531;47513;24705;2;4
121632;-191557;48562;24891;4;4
122714;-191661;48629;24885;4;4
122507;-191587;48616;24889;2;4
117710;-188805;48316;25063;8;4
128851;-195954;49013;24616;2;4
113928;-171062;48080;26172;1;4
121030;-187250;48524;25160;2;4
106504;-173898;47616;25995;4;4
127288;-181752;48915;25504;4;4
129861;-183818;49076;25375;8;4
120463;-184698;48488;25320;8;4
120766;-185050;48507;25298;4;4
129195;-185351;49034;25279;1;4
129752;-183311;49069;25407;8;4
108281;-172414;47727;26088;4;4
128531;-182807;48993;25438;2;4
128046;-181604;48962;25513;1;4
120434;-189175;48487;25040;2;4
107269;-175861;47664;25872;2;4
120699;-185934;48503;25243;4;4
123394;-177967;48672;25741;2;4
123449;-193981;48675;24740;1;4
119822;-182203;48448;25476;4;4
121600;-191572;48560;24890;4;4
105610;-196262;47560;24597;1;4
121716;-191500;48567;24895;1;4
111363;-173393;47920;26026;2;4
129645;-182374;49062;25465;1;4
117638;-188427;48312;25087;2;4
128676;-181645;49002;25511;4;4
107346;-175813;47669;25875;1;4
120373;-189042;48483;25048;1;4
126711;-179708;48879;25632;1;4
121224;-186967;48536;25178;1;4
120989;-185798;48521;25251;8;4
128061;-182527;48963;25456;8;4
123156;-181754;48657;25504;1;4
122993;-181490;48647;25520;8;4
109706;-173540;47816;26017;1;4
117243;-193822;48287;24750;1;4
128845;-195895;49012;24620;1;4
126358;-176951;48857;25804;4;4
117731;-188334;48318;25093;2;4
121081;-187683;48527;25133;4;4
123857;-178027;48701;25737;2;4
120450;-184927;48488;25306;1;4
120498;-193186;48491;24789;2;4
114931;-182572;48143;25453;1;4
123467;-177745;48676;25754;8;4
99228;-167022;47161;26425;8;4
128615;-181708;48998;25507;4;4
104942;-194456;47518;24710;8;4
123286;-193775;48665;24753;1;4
128924;-195016;49017;24675;1;4
120331;-189824;48480;25000;4;4
119854;-182161;48450;25478;8;4
129667;-186422;49064;25212;4;4
111991;-173784;47959;26002;1;4
120602;-185992;48497;25239;4;4
123000;-181547;48647;25517;8;4
105608;-196389;47560;24589;8;4
129039;-181653;49024;25510;4;4
122244;-191422;48600;24900;8;4
101796;-185476;47322;25271;4;4
109867;-173527;47826;26018;1;4
126960;-175880;48895;25871;8;4
112112;-173731;47967;26005;1;4
123558;-178269;48682;25722;2;4
122963;-181458;48645;25522;1;4
126407;-176978;48860;25802;8;4
120467;-184365;48489;25341;2;4
100071;-185633;47214;25261;1;4
123308;-193696;48666;24758;1;4
105506;-195892;47554;24620;8;4
114991;-180336;48146;25593;4;4
115127;-179733;48155;25630;8;4
129204;-185550;49035;25267;8;4
117725;-188417;48317;25087;4;4
129219;-185314;49036;25281;4;4
130309;-181091;49104;25545;8;4
122477;-192147;48614;24854;8;4
120509;-184229;48491;25349;8;4
110277;-174027;47852;25987;4;4
117721;-188816;48317;25063;4;4
114966;-193324;48145;24781;2;4
120363;-189566;48482;25016;1;4
129402;-185770;49047;25253;2;4
105350;-195280;47544;24659;8;4
122529;-191576;48618;24890;8;4
109913;-173548;47829;26017;8;4
120560;-185007;48495;25301;8;4
122601;-191507;48622;24894;1;4
126841;-180047;48887;25611;1;4
120477;-184357;48489;25341;2;4
120401;-189307;48485;25032;4;4
123878;-177812;48702;25750;8;4
117679;-188758;48314;25066;1;4
121198;-186423;48534;25212;1;4
121072;-187345;48527;25154;2;4
122636;-181158;48624;25541;1;4
129880;-184449;49077;25335;8;4
129104;-183483;49029;25396;8;4
121002;-185586;48522;25264;1;4
126741;-179597;48881;25639;1;4
120561;-185533;48495;25268;8;4
112262;-173372;47976;26028;1;4
108682;-172334;47752;26093;4;4
120552;-184659;48494;25322;8;4
120998;-185821;48522;25250;1;4
111272;-173727;47914;26006;1;4
122010;-191274;48585;24909;4;4
122726;-191671;48630;24884;4;4
129689;-183046;49065;25423;8;4
112308;-173436;47979;26024;8;4
120479;-184779;48489;25315;2;4
129695;-183454;49065;25398;2;4
120665;-186169;48501;25228;1;4
121345;-187687;48544;25133;8;4
123395;-177125;48672;25793;8;4
124843;-178042;48762;25736;4;4
129328;-181979;49043;25490;4;4
120741;-184479;48506;25334;4;4
129207;-183634;49035;25386;1;4
120368;-189702;48483;25007;4;4
123292;-193129;48665;24793;8;4
120417;-189124;48486;25043;1;4
124909;-177989;48766;25739;4;4
120356;-189326;48482;25031;2;4
105603;-196475;47560;24584;1;4
122047;-191294;48587;24908;2;4
126616;-179631;48873;25637;8;4
130672;-186359;49127;25216;8;4
120756;-184777;48507;25315;1;4
99059;-173383;47151;26027;1;4
121037;-185743;48524;25255;1;4
129586;-182274;49059;25471;1;4
111646;-173742;47937;26005;2;4
128006;-181589;48960;25514;1;4
120464;-184442;48489;25336;1;4
120446;-189254;48487;25035;1;4
122079;-191258;48589;24910;2;4
122050;-192821;48588;24812;4;4
129767;-182843;49070;25436;8;4
129157;-183780;49032;25377;2;4
122400;-192245;48610;24848;1;4
120445;-189069;48487;25047;1;4
128565;-181717;48995;25506;8;4
123442;-177149;48675;25792;4;4
129844;-193471;49075;24772;1;4
99917;-185297;47204;25282;4;4
107414;-176441;47673;25836;4;4
114840;-182595;48137;25451;2;4
105438;-195096;47549;24670;4;4
112161;-173817;47970;26000;4;4
120723;-184818;48505;25312;2;4
113700;-171453;48066;26148;8;4
113497;-175899;48053;25870;8;4
111462;-173375;47926;26028;1;4
116671;-184417;48251;25337;4;4
129712;-183023;49067;25425;8;4
129193;-185543;49034;25267;2;4
110275;-174071;47852;25984;1;4
124466;-181761;48739;25503;8;4
111711;-173814;47941;26000;2;4
127677;-181136;48939;25543;8;4
123616;-177321;48686;25781;1;4
129677;-183628;49064;25387;1;4
119371;-194010;48420;24738;4;4
105464;-195494;47551;24645;8;4
117670;-188883;48314;25058;8;4
129502;-186147;49053;25229;4;4
99826;-184978;47199;25302;8;4
112054;-173751;47963;26004;8;4
120434;-188991;48487;25052;8;4
105348;-194976;47544;24678;2;4
112571;-173541;47995;26017;4;4
99291;-166966;47165;26428;2;4
129207;-183614;49035;25388;8;4
120996;-187785;48522;25127;4;4
126824;-175884;48886;25871;4;4
129216;-184106;49036;25357;1;4
130513;-186120;49117;25231;1;4
123852;-195894;48700;24620;2;4
105468;-195760;47551;24629;8;4
122008;-192794;48585;24814;2;4
112124;-173737;47967;26005;2;4
130485;-192708;49115;24819;4;4
110001;-173553;47835;26016;1;4
129213;-183970;49035;25365;2;4
128096;-182490;48966;25458;1;4
114782;-180336;48133;25593;8;4
130551;-186236;49119;25224;4;4
120503;-193233;48491;24786;2;4
108239;-172785;47724;26064;1;4
130517;-192681;49117;24821;8;4
120882;-186671;48515;25197;2;4
124839;-177949;48762;25742;2;4
128807;-195857;49010;24622;2;4
113523;-174004;48055;25988;8;4
120476;-185032;48489;25299;1;4
120765;-184976;48507;25303;2;4
128090;-182417;48965;25462;4;4
129117;-181711;49029;25507;4;4
126795;-175916;48884;25869;2;4
129334;-185843;49043;25248;8;4
120506;-184367;48491;25341;4;4
128518;-181721;48992;25506;2;4
124065;-196365;48714;24591;2;4
114792;-180339;48134;25592;4;4
122237;-191980;48599;24865;8;4
120943;-186899;48518;25182;4;4
120983;-191094;48521;24920;8;4
128999;-181633;49022;25511;1;4
99455;-168458;47175;26335;1;4
105371;-195722;47545;24631;4;4
108742;-172342;47756;26092;1;4
99004;-173152;47147;26042;4;4
121277;-188018;48539;25112;1;4
122512;-191616;48617;24888;8;4
113502;-173958;48053;25991;4;4
116299;-185075;48228;25296;2;4
129259;-185460;49038;25272;1;4
108219;-174517;47723;25956;2;4
120452;-184594;48488;25326;1;4
130104;-186688;49091;25196;1;4
123397;-177723;48672;25756;1;4
129467;-186227;49051;25224;4;4
114924;-180274;48142;25596;1;4
112259;-173406;47976;26026;4;4
109953;-173501;47832;26020;4;4
108230;-172312;47724;26094;2;4
113510;-173978;48054;25990;2;4
121046;-188010;48525;25113;4;4
105604;-196430;47560;24587;2;4
120766;-184707;48507;25319;1;4
120437;-189039;48487;25049;2;4
129247;-184719;49037;25319;4;4
123446;-193965;48675;24741;8;4
129838;-183799;49074;25376;4;4
121452;-187735;48550;25130;2;4
123388;-193550;48671;24767;2;4
120482;-185435;48490;25274;4;4
117686;-188551;48315;25079;8;4
120330;-189698;48480;25007;1;4
117188;-193858;48284;24747;2;4
120795;-185049;48509;25298;4;4
108224;-172798;47724;26064;2;4
122074;-192856;48589;24810;8;4
122556;-191567;48619;24891;8;4
129779;-182854;49071;25435;1;4
120676;-185887;48502;25246;8;4
120731;-184565;48505;25328;8;4
120683;-186163;48502;25228;2;4
126715;-179653;48879;25635;1;4
121359;-187205;48544;25163;4;4
127631;-181015;48936;25550;1;4
105124;-194730;47530;24693;1;4
121612;-191552;48560;24892;4;4
121267;-186913;48539;25181;8;4
122287;-191409;48602;24900;2;4
105509;-195841;47554;24623;4;4
129764;-183057;49070;25422;4;4
122021;-191344;48586;24905;8;4
128870;-183123;49014;25418;8;4
121295;-186917;48540;25181;2;4
128591;-181757;48996;25504;4;4
120353;-189107;48482;25044;1;4
129530;-186196;49055;25226;8;4
99851;-185281;47200;25283;1;4
117722;-188871;48317;25059;2;4
120461;-185369;48488;25278;2;4
129732;-186433;49068;25211;2;4
129657;-182461;49063;25460;4;4
111510;-173821;47929;26000;4;4
129553;-182460;49057;25460;4;4
105620;-196319;47561;24594;2;4
129232;-183739;49037;25380;2;4
111780;-173417;47946;26025;2;4
117632;-188997;48312;25051;4;4
113430;-173981;48049;25990;2;4
120407;-189272;48485;25034;8;4
127243;-181525;48912;25518;8;4
107456;-176488;47676;25833;1;4
109769;-173502;47820;26020;8;4
129883;-184456;49077;25335;8;4
130282;-194391;49102;24714;4;4
121425;-187616;48549;25138;2;4
117678;-188458;48314;25085;4;4
114762;-180234;48132;25599;2;4
129702;-183175;49066;25415;2;4
121424;-187186;48549;25164;8;4
130631;-186284;49124;25221;8;4
105567;-195925;47557;24618;4;4
129883;-184560;49077;25329;4;4
129834;-193514;49074;24769;2;4
129001;-183298;49022;25407;2;4
129606;-182275;49060;25471;1;4
108215;-172402;47723;26088;2;4
117730;-188459;48318;25085;8;4
114894;-182568;48140;25453;8;4
120621;-186346;48498;25217;8;4
121456;-187532;48551;25143;4;4
121043;-185983;48525;25240;2;4
120962;-185472;48520;25272;4;4
129275;-185507;49039;25269;4;4
127644;-181152;48937;25542;1;4
128879;-183048;49014;25423;8;4
120710;-184551;48504;25329;8;4
104889;-194557;47515;24704;8;4
111272;-173721;47914;26006;2;4
129796;-184492;49072;25333;8;4
129258;-185358;49038;25279;1;4
122648;-191641;48625;24886;8;4
106576;-173832;47621;25999;1;4
124132;-196423;48718;24587;2;4
126778;-180015;48883;25613;4;4
105399;-195788;47547;24627;4;4
122484;-192215;48615;24850;8;4
128990;-194990;49021;24677;4;4
111467;-173384;47926;26027;8;4
127636;-181198;48937;25539;2;4
123391;-193782;48671;24752;8;4
120899;-186746;48516;25192;2;4
114485;-179918;48115;25619;4;4
105344;-195235;47544;24661;2;4
129110;-194989;49029;24677;1;4
130639;-187071;49124;25172;1;4
121057;-185493;48526;25270;1;4
121279;-187985;48539;25114;1;4
122109;-191282;48591;24908;8;4
122883;-181398;48640;25526;8;4
128789;-181705;49009;25507;2;4
111655;-173787;47938;26002;8;4
129253;-185354;49038;25279;2;4
104091;-186482;47465;25208;1;4
111915;-173806;47954;26001;4;4
120366;-189116;48482;25044;1;4
123355;-193133;48669;24793;1;4
120562;-185242;48495;25286;4;4
120659;-186304;48501;25220;2;4
122481;-192220;48615;24850;4;4
105363;-195322;47545;24656;8;4
129371;-185870;49045;25247;4;4
126594;-179647;48872;25636;2;4
111798;-173423;47947;26025;2;4
108276;-172355;47727;26091;8;4
120855;-186709;48513;25194;2;4
120924;-186766;48517;25191;4;4
99005;-173208;47147;26038;8;4
101882;-185595;47327;25264;1;4
120456;-185215;48488;25288;4;4
129194;-183626;49034;25387;2;4
120386;-188974;48484;25053;1;4
99326;-167413;47167;26400;2;4
112630;-173541;47999;26017;2;4
103691;-185301;47440;25282;1;4
128981;-195052;49021;24673;8;4
120660;-186301;48501;25220;4;4
130085;-186631;49090;25199;2;4
129698;-183510;49066;25394;8;4
122730;-191709;48630;24882;1;4
129201;-185269;49035;25284;4;4
111509;-173824;47929;26000;4;4
104892;-194492;47515;24708;2;4
124503;-181810;48741;25500;4;4
123328;-193080;48668;24796;8;4
129663;-182358;49063;25466;2;4
103878;-186131;47452;25230;2;4
127303;-181738;48916;25505;2;4
108316;-172336;47729;26093;4;4
120359;-189246;48482;25036;1;4
120568;-184348;48495;25342;1;4
123408;-177719;48673;25756;8;4
122392;-192166;48609;24853;2;4
107614;-176224;47685;25850;4;4
117653;-188316;48313;25094;1;4
108161;-172724;47720;26068;2;4
111745;-173315;47944;26031;4;4
112010;-173780;47960;26002;4;4
129015;-183423;49023;25400;4;4
99025;-172987;47149;26052;1;4
130349;-181012;49106;25550;1;4
113516;-175927;48054;25868;2;4
105647;-196220;47562;24600;4;4
103846;-186136;47450;25230;4;4
129250;-184479;49038;25334;1;4
129786;-183289;49071;25408;4;4
99309;-166987;47166;26427;8;4
120732;-184549;48505;25329;2;4
130553;-192696;49119;24820;4;4
120521;-185543;48492;25267;4;4
121087;-187973;48527;25115;1;4
120774;-184923;48508;25306;8;4
112998;-174937;48022;25930;1;4
128897;-195037;49016;24674;8;4
105689;-196264;47565;24597;2;4
111915;-173755;47954;26004;4;4
123222;-196013;48661;24613;8;4
129773;-186373;49070;25215;4;4
105375;-195078;47545;24671;4;4
117154;-193809;48282;24750;8;4
104094;-186433;47465;25211;1;4
120505;-185223;48491;25287;8;4
123869;-177915;48701;25744;2;4
129685;-183085;49065;25421;1;4
109775;-173508;47820;26019;4;4
129699;-183297;49066;25407;2;4
121037;-185876;48524;25246;1;4
120469;-184956;48489;25304;4;4
120626;-185888;48499;25246;8;4
120548;-185360;48494;25279;8;4
105371;-194999;47545;24676;2;4
129035;-183428;49024;25399;8;4
114479;-179941;48114;25617;4;4
112304;-173434;47979;26024;2;4
130619;-187100;49123;25170;2;4
120767;-184913;48507;25306;4;4
123874;-177841;48702;25748;8;4
129239;-185282;49037;25283;8;4
108344;-172317;47731;26094;2;4
128678;-181688;49002;25508;8;4
127649;-181005;48938;25551;8;4
129254;-184837;49038;25311;8;4
120843;-186857;48512;25185;8;4
128022;-182425;48961;25462;8;4
123854;-177907;48700;25744;4;4
110014;-173530;47835;26018;2;4
117062;-178893;48276;25683;8;4
120989;-187784;48521;25127;8;4
121023;-187804;48523;25126;4;4
114894;-180310;48140;25594;1;4
99040;-173374;47150;26028;8;4
129185;-184131;49034;25355;4;4
123518;-176904;48679;25807;2;4
113419;-173987;48048;25989;2;4
111724;-173738;47942;26005;8;4
111408;-173363;47923;26028;8;4
114914;-182641;48142;25448;8;4
123400;-177083;48672;25796;1;4
120330;-189457;48480;25022;1;4
117733;-188921;48318;25056;2;4
129932;-184653;49080;25323;1;4
120979;-187666;48521;25134;4;4
120437;-189195;48487;25039;8;4
120491;-193220;48490;24787;4;4
111866;-173317;47951;26031;4;4
128520;-182903;48992;25432;1;4
99216;-167324;47161;26406;1;4
120451;-185094;48488;25295;8;4
120361;-189300;48482;25032;1;4
105354;-195679;47544;24634;2;4
115131;-180251;48155;25598;1;4
129917;-183689;49079;25383;2;4
105048;-194686;47525;24696;1;4
109943;-174342;47831;25967;2;4
114728;-180307;48130;25594;1;4
107331;-175853;47668;25873;8;4
129934;-184645;49080;25323;2;4
129266;-183928;49039;25368;4;4
114490;-179950;48115;25617;1;4
123177;-181664;48658;25510;8;4
120403;-189290;48485;25033;2;4
121053;-185921;48525;25243;8;4
111926;-173777;47955;26002;4;4
123462;-177102;48676;25795;2;4
120449;-184550;48488;25329;8;4
121074;-185921;48527;25243;8;4
120920;-187040;48517;25174;1;4
120813;-184850;48510;25310;4;4
122029;-181271;48586;25534;8;4
121018;-188021;48523;25112;1;4
120793;-184927;48509;25306;2;4
114737;-180349;48131;25592;8;4
120612;-185931;48498;25243;1;4
104885;-194447;47515;24711;2;4
104124;-186387;47467;25214;2;4
105463;-195611;47551;24638;1;4
127285;-176709;48915;25819;8;4
105406;-195807;47547;24626;8;4
109833;-174389;47824;25964;2;4
122712;-191701;48629;24882;4;4
105298;-194827;47541;24687;1;4
120690;-186151;48503;25229;2;4
112241;-173767;47975;26003;4;4
113483;-174022;48052;25987;4;4
120942;-186905;48518;25182;8;4
121280;-188123;48540;25106;2;4
104999;-194588;47522;24702;4;4
105394;-195650;47547;24635;4;4
111640;-173792;47937;26002;1;4
105097;-194724;47528;24693;4;4
129256;-185128;49038;25293;4;4
128873;-183099;49014;25420;8;4
113495;-173990;48053;25989;2;4
99008;-173028;47148;26049;2;4
122056;-181296;48588;25533;2;4
128836;-183162;49012;25416;1;4
105443;-195659;47550;24635;4;4
129526;-186126;49055;25231;4;4
127307;-176922;48916;25806;4;4
108339;-172317;47731;26094;1;4
99947;-185227;47206;25287;1;4
121030;-188017;48524;25112;4;4
103807;-185669;47447;25259;2;4
120753;-185069;48507;25297;4;4
101822;-185593;47323;25264;2;4
129213;-185364;49035;25278;8;4
129261;-183935;49038;25368;4;4
127259;-176651;48913;25823;2;4
120486;-185028;48490;25299;1;4
129705;-182743;49066;25442;4;4
130615;-186292;49123;25220;2;4
129810;-183781;49073;25377;2;4
112156;-173350;47969;26029;8;4
129206;-183972;49035;25365;8;4
117697;-188463;48316;25085;2;4
117713;-188821;48317;25062;4;4
121459;-187153;48551;25166;4;4
121455;-187666;48550;25134;8;4
129818;-193456;49073;24773;2;4
121266;-187959;48539;25116;1;4
120529;-185296;48493;25283;4;4
122612;-191583;48623;24890;2;4
122658;-181160;48626;25541;8;4
116712;-184349;48254;25342;1;4
129239;-184782;49037;25315;8;4
103773;-185745;47445;25254;2;4
111294;-173734;47915;26005;1;4
111350;-173805;47919;26001;1;4
121407;-190780;48547;24940;4;4
115014;-180229;48148;25599;4;4
129219;-183794;49036;25376;8;4
122948;-181454;48644;25523;1;4
112121;-173795;47967;26001;2;4
121014;-187603;48523;25138;1;4
120348;-189520;48481;25019;4;4
111490;-173784;47928;26002;1;4
100072;-185554;47214;25266;8;4
120963;-187658;48520;25135;4;4
123492;-193995;48678;24739;1;4
99012;-173134;47148;26043;2;4
111547;-173706;47931;26007;8;4
122001;-191360;48585;24904;2;4
121416;-190792;48548;24939;2;4
129695;-182727;49065;25443;4;4
121057;-188022;48526;25112;8;4
129863;-184520;49076;25331;4;4
120887;-186644;48515;25198;4;4
100077;-185590;47214;25264;1;4
108735;-172411;47755;26088;1;4
122545;-191536;48619;24893;2;4
129931;-184637;49080;25324;1;4
128919;-181639;49017;25511;8;4
120534;-184997;48493;25301;4;4
105376;-195154;47546;24666;2;4
120564;-184094;48495;25358;8;4
127698;-181003;48941;25551;1;4
129268;-185323;49039;25281;8;4
123498;-193996;48678;24739;8;4
122675;-181121;48627;25543;1;4
112523;-173556;47992;26016;8;4
127300;-181554;48916;25516;8;4
122107;-181300;48591;25532;1;4
129377;-185806;49046;25251;8;4
123320;-193106;48667;24794;1;4
111235;-173747;47912;26004;1;4
111926;-173821;47955;26000;8;4
98966;-173015;47145;26050;1;4
123206;-196021;48660;24612;8;4
120860;-186777;48513;25190;8;4
109966;-173534;47832;26018;2;4
113988;-171134;48084;26168;1;4
116265;-184997;48226;25301;4;4
121169;-186457;48533;25210;2;4
120982;-187211;48521;25163;2;4
130577;-187099;49121;25170;2;4
129216;-184004;49036;25363;8;4
113742;-171507;48068;26144;8;4
123221;-196057;48661;24610;8;4
129161;-183948;49032;25367;4;4
128722;-181673;49005;25509;8;4
121022;-187785;48523;25127;2;4
120916;-186792;48517;25189;8;4
120805;-184726;48510;25318;1;4
111574;-173786;47933;26002;4;4
129260;-183736;49038;25380;8;4
127289;-176751;48915;25817;8;4
115076;-179763;48152;25628;2;4
120505;-184693;48491;25320;8;4
115176;-179799;48158;25626;1;4
127335;-176940;48918;25805;8;4
122919;-181408;48642;25526;1;4
116634;-184416;48249;25338;1;4
121318;-187942;48542;25117;2;4
117684;-188855;48315;25060;4;4
117663;-189010;48313;25050;2;4
99299;-166947;47166;26429;4;4
117743;-188985;48318;25052;2;4
122997;-181412;48647;25525;8;4
123413;-177982;48673;25740;4;4
105254;-194911;47538;24682;8;4
107502;-176385;47678;25839;1;4
120794;-184712;48509;25319;4;4
105716;-196401;47567;24588;8;4
121227;-187951;48536;25117;1;4
111297;-173708;47916;26007;2;4
112211;-173358;47973;26029;4;4
129152;-185277;49032;25284;8;4
103740;-185679;47443;25259;1;4
129701;-183194;49066;25414;2;4
121465;-187613;48551;25138;1;4
124408;-176670;48735;25822;8;4
122038;-192853;48587;24810;1;4
129608;-182520;49060;25456;4;4
120926;-186634;48517;25199;1;4
129717;-183336;49067;25405;1;4
104070;-186438;47464;25211;2;4
120580;-185738;48496;25255;1;4
117158;-193900;48282;24745;1;4
113678;-171476;48064;26146;1;4
128060;-182472;48963;25459;2;4
120682;-186190;48502;25227;8;4
99028;-173039;47149;26049;1;4
120969;-191026;48520;24924;1;4
109704;-173456;47816;26023;8;4
121034;-185893;48524;25245;4;4
111843;-173713;47950;26006;1;4
129073;-195016;49027;24675;1;4
123292;-193597;48665;24764;2;4
122892;-181623;48640;25512;8;4
120566;-185535;48495;25268;2;4
120980;-185368;48521;25278;1;4
105643;-196319;47562;24594;1;4
105022;-194666;47523;24697;8;4
121658;-191539;48563;24892;1;4
99044;-172951;47150;26054;1;4
129610;-182305;49060;25469;8;4
122071;-181298;48589;25532;2;4
105359;-195799;47544;24626;2;4
120459;-184593;48488;25326;4;4
120530;-184108;48493;25357;1;4
129073;-181643;49027;25511;8;4
120962;-185960;48520;25241;1;4
113482;-175927;48052;25868;1;4
105679;-196497;47564;24582;1;4
111403;-173728;47922;26006;8;4
129197;-183584;49034;25390;1;4
129238;-184485;49037;25333;8;4
129812;-183920;49073;25369;1;4
128649;-181723;49000;25506;1;4
120991;-190985;48521;24927;8;4
117663;-188499;48313;25082;4;4
127279;-176750;48914;25817;1;4
123410;-177752;48673;25754;8;4
123196;-196089;48659;24608;8;4
123415;-178046;48673;25736;1;4
129755;-183573;49069;25390;4;4
120981;-187909;48521;25119;2;4
129153;-185444;49032;25273;8;4
129152;-184535;49032;25330;2;4
122037;-191356;48587;24904;8;4
128649;-181669;49000;25509;8;4
129821;-183781;49073;25377;8;4
121355;-187582;48544;25140;8;4
122211;-191892;48598;24870;2;4
130450;-192728;49113;24818;8;4
126371;-177020;48858;25800;4;4
122975;-181459;48645;25522;1;4
120457;-185160;48488;25291;1;4
121048;-187249;48525;25160;4;4
123530;-177329;48680;25780;8;4
120527;-184092;48492;25358;1;4
127144;-176851;48906;25810;4;4
130346;-181053;49106;25548;1;4
120551;-184639;48494;25324;1;4
103805;-185269;47447;25284;8;4
129219;-183868;49036;25372;1;4
105376;-194975;47546;24678;8;4
114862;-182589;48138;25452;8;4
127308;-176726;48916;25818;2;4
129460;-186204;49051;25226;2;4
129027;-194961;49024;24678;2;4
114032;-171066;48087;26172;4;4
111673;-173724;47939;26006;4;4
99425;-168484;47174;26333;4;4
123470;-177959;48676;25741;1;4
99236;-167347;47162;26404;8;4
127144;-176855;48906;25810;8;4
130237;-194319;49099;24719;1;4
128087;-181538;48965;25517;2;4
123374;-193618;48670;24762;2;4
129306;-185943;49041;25242;2;4
105454;-195461;47550;24647;8;4
126628;-179661;48874;25635;1;4
120789;-184982;48509;25302;2;4
129279;-184471;49039;25334;2;4
113740;-171434;48068;26149;1;4
99925;-185341;47205;25280;4;4
123470;-194042;48676;24736;1;4
122160;-191899;48595;24870;2;4
127105;-176804;48904;25813;8;4
130130;-186699;49093;25195;8;4
129771;-183005;49070;25426;1;4
129838;-184540;49074;25330;4;4
120351;-189576;48481;25015;2;4
124102;-196472;48716;24584;4;4
120948;-186812;48519;25188;4;4
103731;-185236;47443;25286;4;4
114507;-179849;48116;25623;4;4
111889;-173790;47953;26002;2;4
121453;-187241;48550;25161;2;4
124534;-181835;48743;25499;1;4
122090;-192814;48590;24813;8;4
120992;-187955;48522;25116;1;4
129293;-185872;49040;25247;1;4
129337;-185894;49043;25245;1;4
100013;-185726;47210;25256;1;4
99421;-168543;47173;26330;8;4
109936;-174454;47831;25960;8;4
105447;-195433;47550;24649;2;4
124877;-178048;48764;25736;8;4
123272;-193767;48664;24753;2;4
130672;-186270;49127;25222;1;4
111775;-173422;47945;26025;2;4
127641;-181069;48937;25547;1;4
128006;-181581;48960;25515;4;4
122026;-191287;48586;24908;2;4
108240;-172317;47725;26094;8;4
122704;-191626;48629;24887;4;4
129748;-182783;49069;25440;4;4
130640;-187054;49125;25173;2;4
99937;-185227;47206;25287;1;4
129227;-185237;49036;25286;4;4
120366;-189164;48482;25041;2;4
115038;-180289;48149;25595;1;4
124401;-176684;48735;25821;8;4
99246;-167028;47162;26424;8;4
128189;-181588;48971;25514;2;4
129729;-183187;49068;25414;8;4
122058;-191270;48588;24909;4;4
129970;-184662;49083;25322;4;4
113939;-171029;48081;26174;2;4
122881;-181497;48640;25520;8;4
129223;-184968;49036;25303;4;4
129199;-184746;49034;25317;8;4
120483;-193191;48490;24789;4;4
105337;-194820;47543;24687;1;4
103683;-185847;47440;25248;8;4
121183;-186379;48533;25215;2;4
125912;-180357;48829;25591;4;4
98969;-172962;47145;26053;1;4
119864;-182225;48451;25474;4;4
105415;-195804;47548;24626;8;4
120624;-185918;48499;25244;1;4
121353;-190779;48544;24940;1;4
115146;-180322;48156;25593;4;4
129178;-183556;49033;25391;1;4
100095;-185690;47215;25258;2;4
129243;-185532;49037;25268;1;4
103715;-185726;47442;25256;8;4
128869;-181712;49014;25507;4;4
105352;-195611;47544;24638;4;4
109849;-173510;47825;26019;4;4
120796;-184847;48509;25311;2;4
121687;-191595;48565;24889;8;4
109930;-173467;47830;26022;4;4
128884;-183110;49015;25419;8;4
117675;-188510;48314;25082;4;4
120872;-186980;48514;25177;8;4
129779;-183050;49071;25423;2;4
128525;-181654;48992;25510;1;4
120680;-186058;48502;25235;4;4
128874;-181706;49014;25507;1;4
121156;-186445;48532;25211;1;4
129106;-183465;49029;25397;8;4
123314;-193775;48667;24753;2;4
121375;-187775;48545;25128;2;4
106507;-173889;47616;25995;4;4
127286;-181737;48915;25505;2;4
115107;-179797;48154;25626;2;4
129222;-184072;49036;25359;4;4
128096;-181564;48966;25516;4;4
121246;-186971;48537;25178;8;4
120477;-185155;48489;25291;8;4
104911;-194495;47516;24708;8;4
120382;-189141;48483;25042;2;4
121010;-187363;48523;25153;2;4
120525;-185223;48492;25287;1;4
120855;-187130;48513;25168;1;4
113966;-171025;48082;26174;2;4
121226;-186952;48536;25179;8;4
109924;-173544;47830;26017;8;4
117680;-188715;48315;25069;8;4
105436;-195422;47549;24650;8;4
100048;-185691;47213;25258;2;4
129896;-183719;49078;25381;4;4
121724;-191594;48567;24889;2;4
130627;-186268;49124;25222;2;4
99070;-173035;47151;26049;1;4
111439;-173322;47924;26031;1;4
111326;-173777;47917;26002;1;4
128398;-181651;48984;25510;8;4
129768;-183109;49070;25419;8;4
123358;-193112;48669;24794;8;4
103718;-185280;47442;25284;2;4
121000;-187570;48522;25140;1;4
128833;-181706;49012;25507;1;4
123475;-177963;48677;25741;8;4
121000;-187393;48522;25151;1;4
104971;-194635;47520;24699;1;4
123803;-195857;48697;24622;1;4
128725;-181668;49005;25509;2;4
111633;-173729;47937;26005;2;4
108221;-172400;47723;26089;8;4
129668;-182860;49064;25435;8;4
100078;-185693;47214;25258;4;4
129179;-183799;49033;25376;4;4
111748;-173712;47944;26007;2;4
111881;-173701;47952;26007;8;4
129089;-181675;49028;25509;2;4
111961;-173721;47957;26006;4;4
129278;-184183;49039;25352;2;4
120901;-187070;48516;25172;4;4
111853;-173340;47950;26030;4;4
129180;-184920;49033;25306;1;4
124056;-196453;48713;24585;1;4
129859;-183838;49076;25374;2;4
111797;-173707;47947;26007;8;4
117025;-178853;48274;25685;8;4
129822;-193527;49073;24768;2;4
126753;-180065;48882;25609;8;4
129270;-185413;49039;25275;8;4
122136;-191876;48593;24871;4;4
123799;-195845;48697;24623;2;4
128827;-181704;49011;25507;8;4
120483;-185377;48490;25277;8;4
126696;-179657;48878;25635;2;4
120520;-185306;48492;25282;8;4
99985;-185533;47209;25268;8;4
109710;-173492;47816;26020;1;4
128411;-181701;48985;25507;4;4
120471;-185402;48489;25276;8;4
120850;-186815;48513;25188;4;4
129251;-183884;49038;25371;4;4
120907;-186953;48516;25179;2;4
111530;-173722;47930;26006;2;4
115087;-179766;48152;25628;2;4
106607;-173912;47622;25994;4;4
117705;-188865;48316;25059;1;4
127651;-181232;48938;25537;1;4
120437;-189097;48487;25045;1;4
120384;-189782;48484;25002;4;4
121292;-186990;48540;25177;1;4
112112;-173789;47967;26002;1;4
99058;-173159;47151;26041;1;4
103764;-185766;47445;25253;8;4
121069;-185887;48526;25246;2;4
129665;-183544;49064;25392;8;4
121255;-187004;48538;25176;2;4
130574;-186304;49120;25220;1;4
119930;-182209;48455;25475;4;4
127300;-181719;48916;25506;1;4
105463;-195224;47551;24662;1;4
120745;-184917;48506;25306;2;4
100032;-185720;47212;25256;2;4
121374;-187742;48545;25130;4;4
127142;-176889;48906;25808;1;4
122978;-181631;48646;25512;2;4
99372;-168531;47170;26330;4;4
124891;-177933;48765;25743;1;4
113487;-175929;48052;25868;8;4
120375;-189924;48483;24993;1;4
113674;-171462;48064;26147;4;4
105349;-195306;47544;24657;8;4
117683;-188705;48315;25069;2;4
123503;-193953;48678;24741;8;4
128438;-181668;48987;25509;4;4
105345;-195126;47544;24668;8;4
108680;-172379;47752;26090;2;4
121105;-186422;48529;25212;8;4
121017;-187892;48523;25120;8;4
130587;-187106;49121;25169;1;4
120879;-187017;48514;25175;1;4
124043;-196476;48712;24584;8;4
128919;-181747;49017;25504;1;4
111776;-173321;47946;26031;8;4
124510;-181843;48741;25498;1;4
108384;-172398;47734;26089;1;4
122011;-192785;48585;24814;1;4
120494;-193154;48490;24791;8;4
130396;-181088;49109;25546;1;4
127328;-176993;48918;25801;8;4
109993;-173544;47834;26017;4;4
129167;-184789;49032;25314;8;4
99815;-185058;47198;25297;2;4
120763;-184503;48507;25332;4;4
120451;-184092;48488;25358;1;4
120660;-186360;48501;25216;2;4
120481;-184782;48490;25315;8;4
120323;-189764;48480;25003;8;4
120986;-185871;48521;25247;1;4
107437;-176482;47674;25833;1;4
112059;-173388;47963;26027;4;4
117694;-188698;48315;25070;1;4
120521;-184105;48492;25357;1;4
120453;-184296;48488;25345;1;4
129080;-195016;49027;24675;4;4
130633;-186326;49124;25218;4;4
103755;-185667;47444;25259;4;4
129219;-184912;49036;25307;2;4
99226;-166809;47161;26438;1;4
123407;-177698;48672;25757;2;4
105150;-194706;47531;24694;1;4
111930;-173813;47955;26000;1;4
121256;-188014;48538;25113;2;4
127255;-181553;48913;25516;8;4
129947;-184590;49081;25327;4;4
109909;-174377;47829;25965;2;4
126676;-179631;48877;25637;8;4
103762;-185789;47445;25252;1;4
129393;-182007;49047;25488;8;4
112927;-174895;48017;25933;1;4
112209;-173791;47973;26002;8;4
120351;-189054;48481;25048;8;4
123886;-195876;48702;24621;1;4
120363;-188927;48482;25056;2;4
120457;-185026;48488;25299;1;4
125890;-180389;48828;25589;4;4
108215;-172388;47723;26089;8;4
120993;-185501;48522;25270;2;4
101834;-185532;47324;25268;2;4
124338;-176760;48731;25816;8;4
123477;-177726;48677;25756;8;4
112042;-173763;47962;26003;4;4
127307;-176663;48916;25822;8;4
104083;-186440;47465;25211;4;4
105715;-196482;47567;24583;2;4
121072;-187254;48527;25160;4;4
121388;-190791;48546;24939;2;4
120438;-188982;48487;25052;4;4
127256;-176730;48913;25818;1;4
120999;-185671;48522;25259;2;4
128789;-183125;49009;25418;8;4
107560;-176184;47682;25852;1;4
104160;-186399;47470;25214;1;4
129769;-183092;49070;25420;8;4
111606;-173765;47935;26003;8;4
117654;-188877;48313;25059;2;4
120834;-186922;48512;25181;2;4
129225;-183909;49036;25369;4;4
111883;-173752;47952;26004;1;4
120407;-189188;48485;25039;8;4
122307;-191488;48604;24896;2;4
106592;-173924;47622;25993;1;4
120841;-187109;48512;25169;2;4
120588;-185872;48496;25247;8;4
105366;-195758;47545;24629;4;4
113514;-173965;48054;25991;2;4
126817;-175886;48886;25871;4;4
109897;-173543;47828;26017;4;4
120973;-185430;48520;25274;4;4
123172;-196068;48658;24609;8;4
109759;-173469;47819;26022;1;4
127694;-181020;48940;25550;1;4
120459;-185583;48488;25265;1;4
122634;-181208;48624;25538;2;4
123418;-177921;48673;25743;8;4
120806;-184542;48510;25330;4;4
120427;-188844;48486;25061;2;4
113955;-171018;48082;26175;4;4
112998;-174872;48022;25934;8;4
121414;-187680;48548;25134;4;4
105699;-196210;47566;24600;8;4
123003;-181453;48647;25523;4;4
103760;-185253;47445;25285;1;4
112906;-174964;48016;25928;2;4
126452;-176966;48863;25803;2;4
105719;-196391;47567;24589;1;4
129190;-185151;49034;25292;1;4
120499;-184625;48491;25324;2;4
113439;-175971;48049;25865;4;4
129790;-183363;49071;25403;8;4
105109;-194789;47529;24689;8;4
107305;-175780;47666;25877;2;4
109877;-173457;47827;26022;8;4
114975;-180300;48145;25595;1;4
123385;-193745;48671;24754;1;4
121302;-188107;48541;25107;4;4
105354;-195785;47544;24627;2;4
117103;-178862;48278;25685;1;4
123425;-177983;48674;25740;4;4
117134;-193886;48280;24746;1;4
129186;-184186;49034;25352;4;4
124446;-181880;48737;25496;2;4
121029;-187961;48524;25116;2;4
125881;-176825;48827;25812;8;4
113513;-173998;48054;25989;8;4
103853;-186159;47450;25229;4;4
120536;-193224;48493;24787;8;4
128192;-181526;48972;25518;4;4
123393;-177144;48672;25792;1;4
123414;-193993;48673;24739;1;4
108284;-172293;47727;26095;1;4
123840;-177906;48700;25744;4;4
129272;-185030;49039;25299;2;4
129896;-184561;49078;25328;2;4
120556;-184829;48494;25312;2;4
99319;-167297;47167;26407;2;4
107585;-176227;47684;25849;8;4
117705;-188987;48316;25052;1;4
105431;-195565;47549;24641;1;4
129802;-183921;49072;25368;1;4
120534;-185237;48493;25286;1;4
99959;-185313;47207;25281;4;4
99792;-185024;47197;25300;1;4
120619;-186343;48498;25217;4;4
129237;-184568;49037;25328;8;4
125928;-180457;48830;25585;8;4
99035;-173050;47149;26048;8;4
123340;-193662;48668;24760;4;4
99203;-166808;47160;26438;2;4
127160;-176827;48907;25812;1;4
105727;-196340;47567;24592;4;4
129159;-184111;49032;25357;2;4
121059;-185867;48526;25247;2;4
117711;-188705;48316;25069;2;4
123420;-193995;48673;24739;1;4
128384;-181662;48984;25510;8;4
126822;-179969;48886;25615;4;4
121004;-187302;48522;25157;8;4
113488;-175986;48053;25864;4;4
100085;-185675;47215;25259;1;4
129259;-184589;49038;25327;8;4
114967;-193406;48145;24776;2;4
122329;-191461;48605;24897;4;4
99305;-166949;47166;26429;1;4
122060;-191253;48588;24910;2;4
130498;-186128;49116;25231;4;4
105712;-196591;47567;24577;8;4
117716;-188422;48317;25087;4;4
108264;-172798;47726;26064;1;4
98979;-173007;47146;26051;4;4
109985;-173544;47834;26017;4;4
122670;-181216;48626;25538;2;4
129610;-182304;49060;25470;4;4
123873;-178004;48702;25738;4;4
120435;-189812;48487;25000;2;4
105415;-195096;47548;24670;4;4
112205;-173385;47972;26027;1;4
123300;-193600;48666;24764;2;4
99306;-166854;47166;26435;8;4
123297;-193613;48666;24763;8;4
121057;-187747;48526;25129;4;4
117637;-188386;48312;25089;4;4
123530;-177330;48680;25780;1;4
129589;-182388;49059;25464;8;4
112062;-173366;47963;26028;1;4
108770;-172409;47758;26088;4;4
117752;-188306;48319;25094;4;4
105630;-196357;47561;24591;1;4
111591;-173743;47934;26005;4;4
121041;-187804;48525;25126;4;4
112266;-173331;47976;26030;8;4
113993;-171110;48084;26169;8;4
105604;-196052;47560;24610;1;4
115107;-180347;48154;25592;2;4
120424;-189113;48486;25044;8;4
122109;-192896;48591;24808;2;4
99304;-167356;47166;26404;4;4
130675;-187109;49127;25169;2;4
103786;-185219;47446;25287;4;4
122012;-181315;48585;25531;4;4
120549;-184255;48494;25348;8;4
120516;-185252;48492;25285;8;4
116321;-185083;48230;25296;1;4
123828;-195860;48699;24622;1;4
130665;-186358;49126;25216;8;4
127354;-181680;48919;25509;8;4
108259;-172550;47726;26079;4;4
125927;-180435;48830;25586;4;4
121295;-187927;48540;25118;4;4
128043;-182503;48962;25457;8;4
108185;-174510;47721;25957;1;4
129802;-183929;49072;25368;4;4
99968;-185666;47208;25259;8;4
120590;-185805;48496;25251;8;4
114988;-193404;48146;24776;2;4
120321;-189164;48480;25041;4;4
121001;-185372;48522;25278;2;4
129743;-183071;49068;25422;2;4
128733;-181679;49005;25509;8;4
121032;-187625;48524;25137;2;4
121448;-190790;48550;24939;4;4
124899;-177984;48766;25740;1;4
123203;-181751;48660;25504;4;4
105708;-196553;47566;24579;4;4
124918;-178022;48767;25737;8;4
123817;-177972;48698;25740;2;4
120874;-186860;48514;25185;8;4
129871;-184450;49076;25335;1;4
121056;-187166;48526;25166;4;4
113423;-174042;48048;25986;4;4
129925;-184610;49080;25325;4;4
121458;-190822;48551;24937;1;4
120455;-184901;48488;25307;2;4
122303;-191381;48603;24902;2;4
120932;-187116;48518;25169;8;4
103791;-185756;47446;25254;2;4
111290;-173795;47915;26001;4;4
105460;-195174;47551;24665;4;4
108208;-172622;47723;26075;4;4
129156;-183950;49032;25367;1;4
130403;-181025;49110;25549;8;4
108362;-172386;47732;26089;8;4
123498;-194026;48678;24737;1;4
126422;-177032;48861;25799;2;4
114747;-180349;48131;25592;4;4
120723;-184867;48505;25309;1;4
129247;-184180;49037;25352;1;4
129222;-185297;49036;25282;4;4
105081;-194616;47527;24700;2;4
124886;-177964;48765;25741;1;4
125885;-176886;48827;25808;2;4
123137;-196042;48656;24611;1;4
126618;-179699;48873;25632;1;4
129789;-183037;49071;25424;1;4
103926;-186157;47455;25229;2;4
120326;-189824;48480;25000;1;4
108202;-172572;47722;26078;8;4
103759;-185685;47444;25258;1;4
130669;-187121;49126;25168;2;4
123321;-193572;48667;24765;4;4
120384;-189588;48484;25014;1;4
127358;-181699;48919;25507;2;4
123144;-181639;48656;25511;2;4
103693;-185804;47440;25251;8;4
120959;-186978;48519;25177;1;4
105437;-195586;47549;24639;4;4
121012;-187761;48523;25128;8;4
112159;-173807;47969;26001;8;4
108220;-172781;47723;26065;1;4
127340;-176699;48918;25820;2;4
120463;-185564;48488;25266;2;4
105388;-195420;47546;24650;4;4
108234;-174553;47724;25954;2;4
129581;-182273;49058;25471;1;4
130364;-181003;49107;25551;2;4
128830;-183152;49011;25417;2;4
120744;-185000;48506;25301;2;4
127737;-181163;48943;25541;4;4
108235;-172345;47724;26092;8;4
129814;-193496;49073;24770;1;4
105685;-196362;47565;24591;8;4
120575;-184371;48495;25340;8;4
129776;-183029;49071;25424;1;4
123431;-177739;48674;25755;1;4
120466;-185448;48489;25273;1;4
112075;-173771;47964;26003;2;4
111698;-173793;47941;26001;4;4
111887;-173777;47952;26002;8;4
99813;-185078;47198;25296;4;4
99317;-166998;47167;26426;1;4
120535;-184692;48493;25320;1;4
129795;-183907;49072;25369;8;4
99823;-185040;47198;25299;4;4
129852;-193480;49075;24771;2;4
105443;-195399;47550;24651;4;4
126865;-175951;48889;25867;4;4
123879;-195856;48702;24623;2;4
111603;-173698;47935;26007;4;4
111777;-173742;47946;26005;2;4
120409;-189108;48485;25044;1;4
110269;-174050;47851;25985;4;4
120525;-185586;48492;25264;8;4
121020;-187776;48523;25128;1;4
111266;-173742;47914;26005;2;4
120418;-188871;48486;25059;4;4
123362;-193554;48670;24766;8;4
129171;-184571;49033;25328;2;4
121026;-185938;48524;25242;4;4
120509;-185213;48491;25288;1;4
120593;-186062;48497;25235;4;4
107290;-175829;47665;25874;4;4
120998;-187768;48522;25128;4;4
122702;-191692;48628;24883;4;4
105321;-194830;47542;24687;1;4
120760;-184715;48507;25319;4;4
120503;-184361;48491;25341;1;4
123285;-193634;48665;24761;1;4
121038;-185585;48524;25264;2;4
111680;-173718;47940;26006;1;4
105436;-195645;47549;24636;2;4
120542;-185366;48493;25278;4;4
126373;-177100;48858;25795;2;4
109853;-173499;47825;26020;4;4
121056;-187201;48526;25163;2;4
126739;-179986;48881;25614;8;4
117152;-193889;48282;24745;2;4
130322;-181115;49105;25544;4;4
123579;-178219;48683;25725;2;4
108220;-172750;47723;26067;4;4
114848;-182646;48138;25448;4;4
114788;-180347;48134;25592;4;4
127132;-176793;48905;25814;1;4
119345;-194039;48419;24736;4;4
124523;-181767;48742;25503;8;4
108720;-172319;47755;26094;1;4
107273;-175810;47664;25875;8;4
120982;-191051;48521;24923;1;4
129562;-182366;49057;25466;2;4
121065;-187770;48526;25128;2;4
109843;-173506;47825;26019;8;4
105365;-195163;47545;24666;8;4
111395;-173337;47922;26030;8;4
121082;-185438;48527;25274;4;4
128687;-181698;49002;25507;1;4
129760;-183241;49070;25411;2;4
117703;-188733;48316;25068;8;4
105673;-196417;47564;24587;8;4
105068;-194681;47526;24696;8;4
108712;-172348;47754;26092;1;4
121075;-191079;48527;24921;4;4
115080;-179756;48152;25629;4;4
113004;-174949;48022;25929;1;4
120675;-185969;48502;25240;4;4
108242;-172619;47725;26075;1;4
113510;-175937;48054;25867;4;4
129786;-182871;49071;25434;2;4
121401;-187724;48547;25131;4;4
126778;-179653;48883;25635;8;4
109847;-173461;47825;26022;4;4
113774;-171491;48070;26145;4;4
115095;-180315;48153;25594;8;4
124121;-196360;48717;24591;4;4
129243;-185507;49037;25269;2;4
122096;-191304;48591;24907;4;4
108192;-172407;47722;26088;1;4
109722;-173504;47817;26020;8;4
128584;-182788;48996;25439;1;4
112086;-173392;47965;26027;1;4
108215;-172323;47723;26093;4;4
129787;-186478;49071;25209;1;4
129969;-184699;49083;25320;2;4
117728;-188650;48318;25073;8;4
120370;-189288;48483;25033;2;4
127302;-181652;48916;25510;8;4
105370;-195141;47545;24667;1;4
121022;-185478;48523;25271;4;4
99055;-173287;47150;26033;4;4
99011;-173377;47148;26027;4;4
120607;-185845;48497;25248;1;4
129159;-184692;49032;25320;1;4
117676;-188410;48314;25088;8;4
103768;-185289;47445;25283;2;4
123234;-181639;48662;25511;1;4
117011;-178887;48273;25683;2;4
111809;-173769;47948;26003;4;4
120860;-186766;48513;25191;2;4
120576;-186348;48496;25217;4;4
121048;-185447;48525;25273;1;4
129094;-183425;49028;25399;8;4
120618;-185779;48498;25252;2;4
105428;-195004;47549;24676;8;4
111365;-173773;47920;26003;1;4
129138;-194952;49031;24679;2;4
129707;-182938;49066;25430;4;4
120455;-185358;48488;25279;4;4
123276;-193051;48664;24798;4;4
114854;-182571;48138;25453;4;4
103707;-185258;47441;25285;4;4
111811;-173708;47948;26007;1;4
123495;-194003;48678;24738;1;4
120355;-188839;48482;25061;8;4
129243;-184674;49037;25321;4;4
99352;-168530;47169;26330;4;4
113761;-171494;48070;26145;1;4
130213;-194431;49098;24712;1;4
120567;-184066;48495;25359;4;4
129174;-183616;49033;25388;1;4
129769;-183546;49070;25392;8;4
108286;-172782;47727;26065;4;4
105100;-194777;47528;24690;2;4
126871;-175958;48889;25866;2;4
107627;-176206;47686;25851;2;4
127238;-176992;48912;25802;8;4
123226;-181645;48661;25511;1;4
115163;-179839;48157;25624;2;4
120533;-184434;48493;25336;1;4
113438;-175959;48049;25866;8;4
105699;-196359;47566;24591;4;4
128135;-181511;48968;25519;8;4
120359;-189169;48482;25040;8;4
130576;-186306;49121;25219;1;4
129709;-186435;49066;25211;1;4
117059;-178904;48276;25682;4;4
128419;-181744;48986;25505;8;4
124104;-196395;48716;24589;8;4
116288;-185018;48228;25300;8;4
104920;-194437;47517;24711;4;4
121007;-187925;48522;25118;4;4
120483;-193606;48490;24763;8;4
120506;-184194;48491;25351;4;4
121189;-186415;48534;25213;8;4
105711;-196146;47566;24604;8;4
105455;-195478;47550;24646;8;4
129815;-183831;49073;25374;8;4
120353;-189175;48482;25040;1;4
125898;-180402;48828;25588;4;4
124348;-176743;48731;25817;1;4
122096;-181339;48591;25530;4;4
130657;-186364;49126;25216;2;4
111901;-173361;47953;26028;4;4
129221;-183675;49036;25384;4;4
123854;-195961;48700;24616;4;4
120505;-193661;48491;24760;1;4
117648;-188663;48313;25072;2;4
129579;-182454;49058;25460;4;4
129324;-185879;49042;25246;8;4
120518;-185585;48492;25264;8;4
110208;-174003;47848;25988;2;4
121312;-187005;48542;25176;1;4
130663;-187077;49126;25171;4;4
105602;-195979;47560;24615;4;4
99715;-185045;47192;25298;2;4
120500;-184895;48491;25308;2;4
99003;-172977;47147;26052;2;4
129155;-184841;49032;25311;8;4
129073;-194990;49027;24677;2;4
120963;-185544;48520;25267;8;4
124808;-177924;48760;25743;1;4
120969;-187922;48520;25118;8;4
122279;-191402;48602;24901;1;4
129110;-181720;49029;25506;2;4
117747;-188909;48319;25057;8;4
117110;-178826;48279;25687;1;4
122534;-191564;48618;24891;2;4
123568;-178185;48683;25727;1;4
120409;-188873;48485;25059;8;4
103793;-185713;47447;25256;4;4
128975;-183304;49020;25407;2;4
123548;-177319;48681;25781;4;4
123383;-193747;48671;24754;8;4
128962;-183353;49020;25404;8;4
128926;-194963;49017;24678;4;4
129808;-184546;49073;25329;4;4
111579;-173819;47933;26000;4;4
123519;-177748;48679;25754;2;4
121025;-187479;48524;25146;1;4
120767;-184541;48507;25330;2;4
120856;-187058;48513;25172;8;4
103778;-185698;47446;25257;1;4
120498;-184682;48491;25321;8;4
108204;-172403;47722;26088;2;4
115063;-180350;48151;25592;4;4
129633;-182285;49062;25471;2;4
120642;-185992;48500;25239;2;4
127341;-181685;48918;25508;1;4
121459;-187159;48551;25166;4;4
120333;-189375;48480;25028;1;4
117681;-188538;48315;25080;8;4
128543;-181737;48993;25505;4;4
121275;-187925;48539;25118;8;4
115191;-180265;48159;25597;8;4
105385;-195041;47546;24673;1;4
130510;-192709;49116;24819;2;4
120382;-189522;48483;25018;1;4
108350;-172322;47731;26093;2;4
120981;-191037;48521;24924;1;4
125896;-176894;48828;25808;8;4
120589;-185867;48496;25247;4;4
119309;-193983;48416;24740;2;4
126796;-179672;48884;25634;4;4
130183;-194393;49096;24714;2;4
129792;-183762;49072;25378;1;4
129384;-181978;49046;25490;8;4
124032;-196479;48712;24584;2;4
129697;-183207;49066;25413;2;4
105625;-196303;47561;24595;2;4
128824;-183115;49011;25419;2;4
112085;-173363;47965;26028;2;4
127110;-176814;48904;25813;8;4
113535;-175951;48055;25867;2;4
115026;-180290;48149;25595;4;4
120513;-185219;48492;25287;8;4
115110;-180322;48154;25593;2;4
130204;-194412;49097;24713;8;4
105470;-195782;47551;24627;8;4
105360;-195836;47545;24624;2;4
112157;-173745;47969;26004;1;4
120490;-184947;48490;25304;4;4
111944;-173768;47956;26003;2;4
115152;-180289;48157;25595;2;4
127245;-176978;48912;25802;8;4
117686;-188793;48315;25064;4;4
111903;-173744;47953;26005;2;4
120572;-184859;48495;25310;2;4
99040;-173128;47150;26043;4;4
122949;-181493;48644;25520;1;4
105633;-196580;47562;24577;4;4
120670;-185968;48501;25241;4;4
123464;-176933;48676;25805;8;4
105369;-195263;47545;24660;4;4
115059;-180346;48151;25592;2;4
111995;-173715;47959;26006;1;4
127683;-181015;48940;25550;8;4
129066;-183484;49026;25396;1;4
129259;-185206;49038;25288;8;4
123347;-193739;48669;24755;2;4
111524;-173760;47930;26004;8;4
121033;-187143;48524;25167;8;4
107516;-176482;47679;25833;1;4
120942;-186743;48518;25192;1;4
120703;-186141;48503;25230;8;4
112215;-173339;47973;26030;8;4
120975;-187147;48520;25167;2;4
113504;-174013;48054;25988;8;4
111729;-173819;47943;26000;8;4
121082;-185410;48527;25275;2;4
101832;-185524;47324;25268;1;4
130384;-181090;49109;25545;8;4
112902;-174879;48016;25934;2;4
113726;-171427;48067;26149;4;4
129760;-182840;49070;25436;1;4
121032;-187565;48524;25141;8;4
127354;-176675;48919;25821;2;4
120504;-184620;48491;25325;8;4
127325;-176663;48917;25822;2;4
120513;-184908;48492;25307;8;4
129778;-183140;49071;25417;1;4
120589;-185888;48496;25246;2;4
111812;-173396;47948;26026;2;4
127619;-181042;48936;25548;2;4
121416;-187528;48548;25143;8;4
123897;-177924;48703;25743;8;4
104983;-194663;47521;24697;1;4
129186;-184887;49034;25308;1;4
113696;-171423;48066;26150;8;4
128541;-182842;48993;25436;4;4
121424;-187634;48549;25136;4;4
120440;-189942;48487;24992;4;4
105438;-195500;47549;24645;8;4
123471;-193939;48676;24742;4;4
121277;-188100;48539;25107;2;4
122104;-192821;48591;24812;4;4
111320;-173718;47917;26006;4;4
120829;-185010;48511;25300;4;4
117668;-188581;48314;25077;1;4
123419;-193970;48673;24740;1;4
117653;-188432;48313;25087;8;4
105616;-196477;47561;24584;1;4
107549;-176186;47681;25852;8;4
121698;-191542;48566;24892;2;4
130507;-186218;49116;25225;2;4
120488;-185418;48490;25275;1;4
106598;-173835;47622;25999;8;4
103883;-186136;47452;25230;1;4
123796;-195912;48697;24619;1;4
121300;-188010;48541;25113;2;4
129691;-182983;49065;25427;8;4
121627;-191593;48561;24889;2;4
129270;-184931;49039;25305;8;4
106512;-173926;47617;25993;1;4
120440;-189125;48487;25043;2;4
122185;-191950;48596;24867;1;4
129760;-183208;49070;25413;8;4
120531;-184497;48493;25332;8;4
129288;-181996;49040;25489;4;4
128818;-183116;49011;25419;1;4
120654;-185819;48500;25250;2;4
123196;-181650;48659;25510;2;4
123302;-193559;48666;24766;1;4
122677;-191624;48627;24887;2;4
121062;-191102;48526;24920;2;4
115017;-193303;48148;24782;1;4
103759;-185839;47444;25249;8;4
105674;-196569;47564;24578;8;4
128915;-183360;49017;25404;1;4
105490;-195881;47553;24621;4;4
111778;-173707;47946;26007;2;4
123785;-177918;48696;25744;1;4
121237;-188033;48537;25111;2;4
120379;-189949;48483;24992;2;4
128808;-181727;49010;25506;8;4
117683;-188595;48315;25076;8;4
120466;-184066;48489;25359;2;4
123468;-177056;48676;25798;4;4
123337;-193050;48668;24798;2;4
120495;-184745;48490;25317;4;4
121062;-187942;48526;25117;2;4
121053;-185781;48525;25252;8;4
100073;-185612;47214;25263;2;4
99810;-184987;47198;25302;1;4
121376;-187542;48546;25142;4;4
111274;-173759;47914;26004;1;4
129376;-185826;49046;25249;4;4
126411;-177118;48860;25794;8;4
117650;-189032;48313;25049;1;4
130565;-186262;49120;25222;8;4
129246;-183976;49037;25365;1;4
127711;-181194;48941;25539;8;4
130477;-192705;49114;24819;2;4
128427;-181740;48986;25505;8;4
128675;-181748;49002;25504;4;4
120689;-186255;48503;25223;2;4
104895;-194527;47515;24706;4;4
128021;-181540;48961;25517;4;4
129851;-184576;49075;25328;1;4
129643;-182443;49062;25461;4;4
120918;-187033;48517;25174;1;4
120921;-186823;48517;25187;1;4
109878;-173457;47827;26022;1;4
111452;-173757;47925;26004;1;4
126838;-179971;48887;25615;2;4
120488;-184100;48490;25357;4;4
129759;-182692;49069;25445;2;4
128201;-181625;48972;25512;4;4
121719;-191540;48567;24892;8;4
126763;-175936;48882;25868;2;4
128836;-181721;49012;25506;8;4
128117;-182473;48967;25459;2;4
124299;-176751;48728;25817;8;4
128176;-181561;48971;25516;4;4
129391;-185910;49046;25244;8;4
129060;-183520;49026;25394;8;4
105610;-196142;47560;24605;2;4
121075;-187428;48527;25149;4;4
123555;-178268;48682;25722;2;4
116669;-184422;48251;25337;1;4
122161;-191887;48595;24871;4;4
128526;-181742;48992;25505;2;4
123409;-177989;48673;25739;1;4
120891;-186782;48515;25190;4;4
123839;-177996;48699;25739;8;4
107273;-175865;47664;25872;4;4
105374;-195092;47545;24670;8;4
129779;-183030;49071;25424;4;4
111400;-173424;47922;26025;1;4
126847;-179650;48887;25635;2;4
121045;-187959;48525;25116;4;4
130474;-186160;49114;25229;2;4
114725;-180286;48130;25596;4;4
120384;-188899;48484;25057;4;4
105433;-195787;47549;24627;2;4
112960;-174876;48020;25934;2;4
120401;-188855;48485;25060;1;4
123585;-177371;48684;25778;1;4
129736;-183367;49068;25403;2;4
121243;-188006;48537;25113;8;4
105611;-196583;47560;24577;2;4
129155;-183740;49032;25380;4;4
105719;-196161;47567;24603;4;4
129750;-183650;49069;25385;2;4
121403;-187605;48547;25138;2;4
103903;-186234;47453;25224;1;4
115089;-180340;48153;25592;2;4
117189;-193879;48284;24746;1;4
120399;-188925;48484;25056;1;4
129866;-183749;49076;25379;8;4
112241;-173799;47975;26001;8;4
117743;-188586;48318;25077;1;4
120684;-185817;48502;25250;1;4
120780;-184978;48508;25302;2;4
109880;-174438;47827;25961;8;4
120579;-186149;48496;25229;8;4
122007;-192873;48585;24809;8;4
105453;-195075;47550;24671;8;4
103688;-185689;47440;25258;8;4
120834;-187066;48512;25172;8;4
123403;-194011;48672;24738;1;4
112069;-173792;47964;26002;8;4
100020;-185668;47211;25259;4;4
123619;-178178;48686;25727;1;4
111369;-173398;47920;26026;4;4
120502;-184638;48491;25324;2;4
113788;-171488;48071;26146;1;4
130498;-186163;49116;25228;2;4
123500;-177003;48678;25801;1;4
122497;-191576;48616;24890;8;4
123370;-193747;48670;24754;1;4
112224;-173738;47974;26005;8;4
109773;-173547;47820;26017;8;4
120382;-188850;48483;25060;2;4
99824;-185023;47199;25300;2;4
103812;-186135;47448;25230;1;4
122888;-181620;48640;25512;8;4
119372;-194009;48420;24738;1;4
121011;-187852;48523;25123;8;4
128455;-181652;48988;25510;4;4
129247;-183606;49037;25388;4;4
121418;-187216;48548;25163;4;4
113927;-171134;48080;26168;4;4
121043;-187438;48525;25149;2;4
113496;-175931;48053;25868;8;4
105672;-196514;47564;24581;2;4
111848;-173439;47950;26024;8;4
122180;-191904;48596;24870;1;4
99266;-167341;47164;26405;2;4
117163;-193854;48282;24748;4;4
123306;-193768;48666;24753;4;4
99921;-185262;47205;25285;2;4
122714;-191731;48629;24880;4;4
116301;-185048;48228;25298;4;4
128025;-182451;48961;25460;4;4
114692;-180239;48128;25599;8;4
100072;-185641;47214;25261;8;4
124526;-181803;48742;25501;1;4
120821;-184964;48511;25303;1;4
111448;-173798;47925;26001;4;4
111532;-173699;47930;26007;4;4
121047;-185816;48525;25250;2;4
117665;-188849;48314;25060;1;4
112148;-173768;47969;26003;2;4
105618;-196441;47561;24586;8;4
120964;-187330;48520;25155;4;4
127315;-181541;48917;25517;8;4
129682;-183062;49065;25422;2;4
129802;-193452;49072;24773;4;4
105393;-195781;47547;24627;8;4
121069;-190982;48526;24927;1;4
120725;-185034;48505;25299;4;4
120539;-184644;48493;25323;4;4
120862;-187077;48513;25171;1;4
129231;-185139;49036;25292;4;4
124335;-176649;48730;25823;2;4
129683;-182825;49065;25437;1;4
110216;-173988;47848;25989;8;4
126359;-177102;48857;25795;2;4
123227;-181670;48661;25509;2;4
126846;-175902;48887;25870;1;4
111691;-173785;47940;26002;8;4
129891;-183714;49078;25381;4;4
120489;-185389;48490;25277;1;4
111410;-173719;47923;26006;8;4
128456;-181750;48988;25504;4;4
114950;-193319;48144;24781;1;4
125944;-176853;48831;25810;1;4
117660;-188312;48313;25094;8;4
103710;-185713;47441;25256;8;4
129279;-183990;49039;25364;1;4
127639;-181092;48937;25545;4;4
114557;-179962;48119;25616;8;4
111912;-173360;47954;26029;4;4
117657;-188832;48313;25062;8;4
98977;-173361;47146;26028;4;4
128519;-182835;48992;25436;1;4
121227;-187999;48536;25114;4;4
129186;-184629;49034;25324;2;4
117747;-188367;48319;25091;2;4
116641;-184438;48250;25336;4;4
103749;-185687;47444;25258;1;4
129998;-184619;49084;25325;8;4
125859;-180373;48826;25590;8;4
121237;-186933;48537;25180;1;4
103751;-185742;47444;25255;2;4
105371;-195222;47545;24662;2;4
128124;-182438;48967;25461;2;4
121411;-190821;48548;24937;8;4
129386;-185785;49046;25252;2;4
121006;-185538;48522;25267;8;4
120344;-189128;48481;25043;4;4
129025;-195054;49024;24673;8;4
130370;-181043;49108;25548;8;4
112637;-173487;47999;26021;2;4
129765;-183097;49070;25420;1;4
120865;-187091;48514;25170;8;4
108778;-172414;47758;26088;4;4
125894;-176807;48828;25813;4;4
120377;-189817;48483;25000;8;4
120537;-184149;48493;25354;8;4
130581;-186255;49121;25223;2;4
104187;-186465;47471;25209;2;4
123377;-193576;48671;24765;2;4
121006;-187446;48522;25148;2;4
129151;-181665;49031;25509;2;4
120989;-185356;48521;25279;8;4
129717;-183130;49067;25418;1;4
99260;-166951;47163;26429;8;4
126727;-175887;48880;25871;8;4
120784;-184623;48509;25325;2;4
130455;-192669;49113;24822;2;4
120734;-184946;48505;25304;2;4
120509;-193586;48491;24764;4;4
111347;-173768;47919;26003;8;4
129197;-183672;49034;25384;2;4
111270;-173726;47914;26006;8;4
117131;-193903;48280;24745;8;4
99206;-166810;47160;26438;2;4
99802;-184987;47197;25302;2;4
127281;-181597;48915;25514;4;4
105019;-194597;47523;24701;1;4
130648;-186259;49125;25222;4;4
129263;-183804;49038;25376;8;4
121064;-191029;48526;24924;8;4
120559;-184278;48494;25346;1;4
115042;-193294;48150;24783;1;4
120391;-189768;48484;25003;4;4
120436;-188918;48487;25056;2;4
120676;-186251;48502;25223;8;4
121634;-191541;48562;24892;8;4
122007;-191304;48585;24907;1;4
127272;-176740;48914;25817;1;4
100067;-185708;47214;25257;1;4
129230;-183596;49036;25389;8;4
126860;-175974;48888;25865;2;4
129214;-185361;49035;25278;1;4
108263;-172309;47726;26094;4;4
120870;-186739;48514;25192;1;4
99069;-173024;47151;26050;2;4
99021;-173306;47148;26032;8;4
121311;-187969;48541;25115;8;4
120536;-184480;48493;25334;4;4
129756;-183073;49069;25421;2;4
129039;-195059;49024;24672;4;4
120993;-187401;48522;25151;2;4
126748;-179623;48881;25637;8;4
117699;-188834;48316;25061;2;4
129069;-194949;49026;24679;4;4
108687;-172403;47752;26088;8;4
122893;-181380;48640;25527;1;4
129143;-181648;49031;25511;8;4
121079;-188001;48527;25113;4;4
120376;-189301;48483;25032;2;4
124922;-177948;48767;25742;8;4
119387;-194040;48421;24736;1;4
117009;-178854;48273;25685;4;4
129740;-183211;49068;25413;8;4
111489;-173793;47928;26001;4;4
101810;-185475;47323;25271;4;4
111934;-173762;47955;26003;8;4
121203;-186474;48535;25209;2;4
130225;-194377;49099;24715;1;4
121412;-187528;48548;25143;1;4
127231;-176832;48911;25812;4;4
103872;-186152;47452;25229;4;4
103776;-185714;47446;25256;4;4
126953;-175923;48894;25868;8;4
129216;-185113;49036;25294;8;4
120794;-185004;48509;25301;8;4
129195;-184950;49034;25304;4;4
129136;-195053;49031;24673;1;4
126881;-175912;48890;25869;8;4
123501;-177141;48678;25792;1;4
123792;-177842;48697;25748;1;4
129233;-184576;49037;25328;2;4
107412;-176406;47673;25838;2;4
129885;-183934;49077;25368;2;4
129684;-183426;49065;25399;2;4
129697;-182977;49066;25427;2;4
117735;-188860;48318;25060;2;4
120357;-189275;48482;25034;1;4
129227;-185222;49036;25287;8;4
126612;-179681;48873;25633;1;4
105627;-196543;47561;24580;8;4
120323;-188862;48480;25060;2;4
119931;-182187;48455;25477;1;4
129968;-184679;49083;25321;4;4
124082;-196371;48715;24590;1;4
100095;-185593;47215;25264;1;4
99980;-185683;47208;25258;1;4
120460;-184929;48488;25305;1;4
123253;-196009;48663;24613;8;4
127290;-176943;48915;25805;1;4
130231;-194349;49099;24717;2;4
120652;-185825;48500;25249;4;4
105687;-196268;47565;24597;2;4
129202;-185014;49035;25300;8;4
123614;-177362;48685;25778;4;4
115129;-180269;48155;25597;2;4
123894;-177830;48703;25749;2;4
120629;-185967;48499;25241;4;4
120761;-184821;48507;25312;1;4
120480;-184394;48490;25339;8;4
129707;-183288;49066;25408;2;4
120999;-187832;48522;25124;4;4
122145;-191890;48594;24870;8;4
121253;-188055;48538;25110;1;4
120484;-184573;48490;25328;4;4
108190;-174546;47721;25954;1;4
99799;-185053;47197;25298;4;4
120453;-184278;48488;25346;8;4
105357;-195439;47544;24649;4;4
121001;-187448;48522;25148;4;4
122644;-181151;48625;25542;1;4
130281;-194367;49102;24716;8;4
111956;-173313;47957;26031;8;4
109863;-173441;47826;26023;8;4
129755;-183249;49069;25410;2;4
129220;-185079;49036;25296;2;4
129694;-182675;49065;25446;4;4
105614;-196340;47560;24592;1;4
121019;-187344;48523;25155;1;4
112952;-174949;48019;25929;1;4
129293;-185883;49040;25246;8;4
120337;-189629;48481;25012;8;4
129772;-183452;49070;25398;2;4
123156;-181723;48657;25506;2;4
113737;-171418;48068;26150;2;4
126614;-179685;48873;25633;8;4
109824;-174437;47824;25961;1;4
107594;-176152;47684;25854;8;4
107643;-176216;47687;25850;8;4
108189;-172558;47721;26079;2;4
121018;-187981;48523;25115;2;4
114917;-180335;48142;25593;4;4
105111;-194779;47529;24690;4;4
125885;-180447;48827;25586;8;4
129278;-184955;49039;25304;2;4
129635;-182413;49062;25463;8;4
128816;-183095;49011;25420;8;4
111505;-173727;47929;26006;4;4
129674;-183580;49064;25390;2;4
122722;-191730;48630;24880;2;4
128795;-183128;49009;25418;8;4
120570;-184703;48495;25320;4;4
120402;-188975;48485;25053;8;4
120507;-193204;48491;24788;1;4
120505;-184409;48491;25338;4;4
128009;-182527;48960;25456;2;4
121312;-187932;48542;25118;1;4
127734;-181152;48943;25542;4;4
129993;-184595;49084;25326;2;4
126391;-176967;48859;25803;4;4
117750;-188374;48319;25090;2;4
125883;-180432;48827;25587;2;4
123389;-193691;48671;24758;1;4
124340;-176740;48731;25817;1;4
120516;-193174;48492;24790;4;4
105413;-195057;47548;24672;4;4
129769;-183114;49070;25419;4;4
129916;-183877;49079;25371;1;4
120734;-184853;48505;25310;2;4
129171;-185373;49033;25278;2;4
123891;-195943;48703;24617;2;4
129275;-184753;49039;25316;4;4
128836;-181711;49012;25507;2;4
120981;-187943;48521;25117;1;4
105026;-194624;47524;24700;2;4
105663;-196311;47563;24594;8;4
126846;-179621;48887;25637;2;4
123622;-178228;48686;25724;4;4
120763;-184665;48507;25322;8;4
120392;-189776;48484;25003;8;4
105448;-194982;47550;24677;8;4
113944;-171107;48081;26169;1;4
129919;-193428;49079;24774;1;4
120851;-186687;48513;25196;2;4
129784;-183072;49071;25422;8;4
128571;-181742;48995;25505;8;4
127662;-181097;48938;25545;1;4
129756;-182976;49069;25428;1;4
98970;-173189;47145;26039;2;4
130634;-187087;49124;25171;1;4
127276;-181739;48914;25505;1;4
113755;-171460;48069;26147;8;4
108698;-172304;47753;26095;8;4
121085;-188025;48527;25112;2;4
121029;-187981;48524;25115;1;4
123777;-177894;48696;25745;4;4
127668;-181170;48939;25540;1;4
126374;-177140;48858;25792;4;4
129591;-182400;49059;25464;1;4
121025;-187625;48524;25137;2;4
129273;-184898;49039;25307;2;4
120816;-184822;48511;25312;8;4
122051;-191263;48588;24910;8;4
115061;-193282;48151;24783;4;4
120354;-188848;48482;25061;1;4
130047;-184618;49087;25325;2;4
123898;-177925;48703;25743;1;4
110046;-173558;47837;26016;4;4
129262;-183849;49038;25373;4;4
120923;-187012;48517;25175;2;4
111976;-173335;47958;26030;8;4
101796;-185570;47322;25265;1;4
120486;-185587;48490;25264;8;4
101848;-185510;47325;25269;2;4
111904;-173373;47954;26028;8;4
127245;-176644;48912;25823;2;4
111926;-173314;47955;26031;4;4
98984;-173435;47146;26024;2;4
129552;-182367;49057;25466;1;4
129683;-182703;49065;25445;4;4
105028;-194652;47524;24698;2;4
106559;-173831;47619;25999;8;4
114712;-180229;48129;25599;4;4
107300;-175755;47666;25879;2;4
120502;-185531;48491;25268;2;4
111481;-173799;47927;26001;2;4
128564;-182887;48995;25433;8;4
121415;-187185;48548;25164;8;4
129748;-183679;49069;25384;2;4
121265;-186949;48539;25179;2;4
126763;-179989;48882;25614;2;4
123144;-195997;48656;24614;8;4
120867;-186875;48514;25184;8;4
129717;-183130;49067;25418;1;4
129276;-185544;49039;25267;8;4
113985;-171134;48084;26168;8;4
120554;-185090;48494;25295;1;4
130449;-186162;49113;25228;1;4
120927;-187063;48517;25172;2;4
114866;-180331;48139;25593;4;4
129224;-183994;49036;25364;1;4
126745;-179593;48881;25639;8;4
123429;-177779;48674;25752;4;4
122515;-191533;48617;24893;2;4
121006;-187265;48522;25159;1;4
123467;-176902;48676;25807;2;4
123184;-195994;48659;24614;2;4
122518;-191546;48617;24892;4;4
120462;-184633;48488;25324;8;4
122734;-191731;48630;24880;2;4
128957;-183378;49019;25402;4;4
105657;-196537;47563;24580;2;4
129777;-186413;49071;25213;8;4
120491;-184211;48490;25350;4;4
100061;-185679;47213;25259;2;4
129189;-184698;49034;25320;2;4
128067;-182480;48964;25459;2;4
120471;-193195;48489;24789;8;4
130239;-194339;49099;24717;1;4
99270;-166851;47164;26435;1;4
126450;-177107;48863;25794;1;4
105441;-195619;47550;24637;2;4
129394;-181902;49047;25495;2;4
129916;-193479;49079;24771;1;4
105419;-195242;47548;24661;4;4
129007;-195033;49022;24674;1;4
129730;-183022;49068;25425;2;4
122088;-192844;48590;24811;2;4
120704;-185063;48504;25297;2;4
99869;-185299;47201;25282;1;4
126730;-180078;48880;25609;8;4
120322;-189427;48480;25024;2;4
123524;-178200;48680;25726;4;4
126828;-180086;48886;25608;8;4
127275;-181600;48914;25514;2;4
105034;-194587;47524;24702;1;4
128545;-181639;48994;25511;2;4
117679;-188430;48314;25087;2;4
100063;-185702;47213;25257;2;4
122270;-191416;48601;24900;1;4
120390;-188812;48484;25063;8;4
130350;-181004;49106;25551;4;4
109866;-174394;47826;25964;4;4
121106;-186397;48529;25214;2;4
105703;-196193;47566;24601;4;4
121442;-187251;48550;25160;8;4
120785;-184493;48509;25333;8;4
129738;-182691;49068;25445;8;4
121433;-187566;48549;25141;2;4
122747;-191623;48631;24887;4;4
99068;-172949;47151;26054;1;4
121026;-187905;48524;25119;1;4
115051;-193370;48150;24778;2;4
120810;-184663;48510;25322;8;4
105357;-195699;47544;24632;1;4
130534;-192651;49118;24823;8;4
129746;-182992;49069;25427;2;4
123894;-177998;48703;25739;4;4
120985;-185582;48521;25265;1;4
105673;-196337;47564;24592;2;4
104087;-186377;47465;25215;4;4
122362;-191454;48607;24898;1;4
116713;-184446;48254;25336;8;4
103728;-185662;47443;25260;2;4
111406;-173709;47922;26007;4;4
121308;-188082;48541;25108;4;4
99826;-185038;47199;25299;8;4
121228;-186890;48536;25183;1;4
129230;-185526;49036;25268;4;4
105359;-195273;47544;24659;4;4
105369;-195514;47545;24644;4;4
127622;-181139;48936;25542;8;4
129791;-183580;49071;25390;1;4
112059;-173717;47963;26006;4;4
104170;-186433;47470;25211;8;4
108253;-172633;47725;26074;1;4
120815;-184583;48510;25327;8;4
120549;-185066;48494;25297;1;4
125888;-180400;48828;25589;8;4
120696;-186143;48503;25230;8;4
123473;-177031;48677;25799;8;4
106583;-173932;47621;25993;2;4
123386;-193722;48671;24756;4;4
114748;-180273;48131;25596;8;4
123456;-177113;48676;25794;4;4
105632;-196210;47562;24600;2;4
130495;-192693;49115;24820;8;4
117104;-178911;48279;25682;2;4
99987;-185537;47209;25267;1;4
122067;-181300;48589;25532;2;4
120825;-184856;48511;25310;4;4
112071;-173366;47964;26028;2;4
121408;-187702;48548;25132;2;4
123345;-193766;48669;24753;2;4
121320;-186957;48542;25179;1;4
108682;-172295;47752;26095;4;4
108770;-172339;47758;26092;4;4
129191;-184894;49034;25308;4;4
120485;-184771;48490;25315;2;4
120338;-189368;48481;25028;2;4
129018;-183399;49023;25401;2;4
130182;-194413;49096;24713;8;4
123868;-177835;48701;25749;1;4
122898;-181558;48641;25516;1;4
130344;-181017;49106;25550;4;4
127730;-181195;48943;25539;2;4
130389;-181090;49109;25545;2;4
120772;-184713;48508;25319;8;4
105640;-196378;47562;24590;4;4
122049;-181294;48588;25533;8;4
117638;-188486;48312;25083;8;4
129266;-185217;49039;25287;2;4
103791;-185641;47446;25261;1;4
120972;-187604;48520;25138;1;4
122692;-191699;48628;24882;8;4
109716;-173471;47817;26022;8;4
109996;-173510;47834;26019;2;4
129672;-182866;49064;25434;4;4
129196;-183718;49034;25381;8;4
121271;-188067;48539;25109;4;4
128231;-181564;48974;25516;2;4
104128;-186470;47468;25209;1;4
111819;-173347;47948;26029;1;4
105647;-196183;47562;24602;8;4
110002;-173449;47835;26023;2;4
103738;-185289;47443;25283;2;4
121044;-191042;48525;24923;1;4
112365;-173350;47982;26029;8;4
99038;-173379;47149;26027;2;4
120693;-185840;48503;25249;8;4
129696;-182838;49066;25436;2;4
111540;-173697;47931;26007;1;4
99288;-167404;47165;26401;1;4
100077;-185709;47214;25257;1;4
129788;-186425;49071;25212;8;4
129705;-182986;49066;25427;8;4
123274;-193789;48664;24752;2;4
105621;-196315;47561;24594;4;4
120467;-193634;48489;24761;1;4
113928;-171076;48080;26171;4;4
111653;-173778;47938;26002;8;4
128924;-181757;49017;25504;2;4
120354;-189196;48482;25039;8;4
124431;-181875;48736;25496;2;4
124393;-176745;48734;25817;4;4
120414;-188906;48485;25057;4;4
128708;-181757;49004;25504;8;4
117736;-188897;48318;25057;8;4
115097;-179735;48153;25630;2;4
114882;-180309;48140;25594;8;4
123857;-195923;48701;24618;4;4
126360;-176944;48857;25805;4;4
99739;-185071;47193;25297;4;4
129209;-185472;49035;25272;8;4
122646;-191617;48625;24887;8;4
129217;-184571;49036;25328;8;4
120998;-185401;48522;25276;1;4
107595;-176189;47684;25852;8;4
105384;-195332;47546;24655;4;4
120417;-189379;48486;25027;2;4
120405;-189624;48485;25012;8;4
104920;-194523;47517;24706;4;4
105703;-196372;47566;24590;1;4
116635;-184423;48249;25337;1;4
112065;-173438;47964;26024;4;4
122917;-181430;48642;25524;8;4
120500;-184208;48491;25351;2;4
120534;-185449;48493;25273;1;4
129223;-184167;49036;25353;4;4
105301;-194826;47541;24687;1;4
129749;-183228;49069;25412;8;4
120452;-185406;48488;25276;2;4
123319;-193033;48667;24799;1;4
120393;-189057;48484;25047;2;4
126784;-175889;48884;25870;8;4
127633;-181099;48937;25545;4;4
109891;-174436;47828;25961;2;4
99211;-167300;47160;26407;1;4
121655;-191596;48563;24889;2;4
130550;-186177;49119;25227;8;4
120365;-189841;48482;24998;8;4
129196;-184823;49034;25312;1;4
123450;-193952;48675;24742;1;4
129699;-183366;49066;25403;2;4
120965;-191044;48520;24923;4;4
111792;-173405;47947;26026;1;4
121361;-187684;48545;25133;1;4
120977;-187489;48521;25145;8;4
121299;-188044;48541;25111;2;4
124485;-181848;48740;25498;1;4
105365;-195164;47545;24666;1;4
123394;-193968;48672;24741;8;4
129743;-182899;49068;25432;4;4
127665;-181247;48939;25536;2;4
120506;-184285;48491;25346;4;4
123891;-177818;48703;25750;1;4
109851;-174364;47825;25966;8;4
120813;-184824;48510;25312;8;4
111459;-173779;47926;26002;2;4
108768;-172371;47758;26090;8;4
121028;-187163;48524;25166;2;4
129889;-183733;49078;25380;1;4
129696;-183661;49066;25385;8;4
124394;-176745;48734;25817;4;4
129736;-186464;49068;25210;1;4
129167;-185170;49032;25290;2;4
112006;-173796;47960;26001;2;4
120495;-184561;48490;25328;8;4
120826;-185033;48511;25299;2;4
129850;-183742;49075;25380;2;4
120963;-187165;48520;25166;8;4
122084;-192790;48590;24814;4;4
128516;-182858;48992;25435;4;4
124537;-181858;48743;25497;2;4
108353;-172370;47732;26090;8;4
120343;-189929;48481;24993;8;4
123282;-193691;48665;24758;8;4
129259;-185541;49038;25267;4;4
128197;-181521;48972;25518;2;4
120527;-184556;48492;25329;8;4
112536;-173518;47993;26019;1;4
126758;-180030;48882;25612;2;4
111892;-173314;47953;26031;8;4
113687;-171412;48065;26150;2;4
120675;-186336;48502;25218;2;4
120973;-187788;48520;25127;1;4
129725;-182660;49067;25447;1;4
129913;-183682;49079;25383;4;4
128906;-194984;49016;24677;4;4
105451;-195668;47550;24634;1;4
129788;-183223;49071;25412;8;4
124102;-196370;48716;24590;2;4
109780;-173497;47821;26020;4;4
128544;-182825;48994;25437;8;4
123833;-195908;48699;24619;8;4
120354;-189823;48482;25000;4;4
122620;-191499;48623;24895;8;4
105062;-194564;47526;24703;2;4
120394;-189205;48484;25038;8;4
127702;-181166;48941;25541;1;4
129792;-193529;49072;24768;4;4
112188;-173329;47971;26030;4;4
114723;-180314;48130;25594;1;4
129227;-184935;49036;25305;8;4
120970;-190999;48520;24926;8;4
124409;-176741;48735;25817;8;4
129152;-184975;49032;25303;8;4
110305;-174016;47854;25988;2;4
98986;-173342;47146;26030;2;4
98957;-173020;47144;26050;4;4
111411;-173328;47923;26031;4;4
128031;-181529;48961;25518;4;4
120589;-185964;48496;25241;1;4
107324;-175798;47667;25876;2;4
111904;-173390;47954;26027;4;4
105183;-194765;47533;24691;4;4
108238;-172615;47724;26075;4;4
121037;-185889;48524;25245;1;4
117669;-189026;48314;25049;4;4
114919;-182546;48142;25454;8;4
128642;-181757;49000;25504;4;4
127254;-176647;48913;25823;8;4
101778;-185540;47321;25267;8;4
129156;-185389;49032;25277;2;4
120772;-184843;48508;25311;1;4
105443;-195694;47550;24633;1;4
125869;-180368;48826;25591;8;4
105712;-196250;47567;24598;2;4
105432;-195281;47549;24658;1;4
129210;-183703;49035;25382;4;4
105363;-195042;47545;24673;1;4
124531;-181858;48743;25497;2;4
121061;-187639;48526;25136;2;4
111779;-173759;47946;26004;1;4
105378;-195713;47546;24631;8;4
129246;-184710;49037;25319;8;4
115034;-193392;48149;24777;8;4
121019;-185510;48523;25269;1;4
130673;-186247;49127;25223;2;4
120582;-185867;48496;25247;4;4
129232;-183604;49037;25388;8;4
129052;-181686;49025;25508;8;4
99013;-172961;47148;26053;2;4
128482;-181749;48990;25504;1;4
126417;-176972;48861;25803;1;4
123808;-178044;48698;25736;2;4
120539;-184904;48493;25307;1;4
123215;-196043;48660;24611;1;4
129802;-184499;49072;25332;4;4
129305;-185747;49041;25254;2;4
130668;-186365;49126;25216;2;4
112290;-173376;47978;26028;1;4
121054;-185953;48525;25241;1;4
124501;-181865;48741;25497;4;4
99412;-168450;47173;26335;4;4
98989;-172990;47146;26052;8;4
103795;-185802;47447;25251;8;4
105367;-194994;47545;24676;2;4
128578;-182873;48996;25434;8;4
112966;-174868;48020;25934;8;4
120748;-184665;48506;25322;8;4
129172;-184710;49033;25319;4;4
106557;-173871;47619;25997;2;4
112133;-173803;47968;26001;1;4
105154;-194690;47532;24695;1;4
120426;-189133;48486;25043;8;4
129868;-184515;49076;25331;8;4
121306;-187937;48541;25117;4;4
105635;-196440;47562;24586;2;4
111431;-173408;47924;26026;8;4
117180;-193817;48283;24750;1;4
129780;-183090;49071;25420;1;4
120795;-185005;48509;25301;2;4
121064;-187766;48526;25128;2;4
121430;-187592;48549;25139;8;4
123445;-177747;48675;25754;4;4
109939;-173468;47831;26022;8;4
123873;-177870;48702;25747;1;4
129790;-183058;49071;25422;8;4
111444;-173706;47925;26007;2;4
129326;-185930;49042;25243;2;4
128902;-183406;49016;25401;8;4
114959;-180229;48144;25599;4;4
99020;-172971;47148;26053;8;4
111785;-173820;47946;26000;8;4
126805;-180062;48885;25610;1;4
129702;-182801;49066;25438;1;4
123777;-178005;48696;25738;4;4
121012;-187388;48523;25152;2;4
112040;-173709;47962;26007;8;4
128523;-181696;48992;25508;2;4
111932;-173823;47955;26000;2;4
117010;-178922;48273;25681;4;4
112138;-173413;47968;26025;8;4
122055;-192894;48588;24808;1;4
116710;-184328;48254;25343;2;4
129216;-183772;49036;25378;4;4
124503;-181775;48741;25503;1;4
129174;-185333;49033;25280;8;4
108176;-174566;47721;25953;2;4
129018;-183299;49023;25407;2;4
128071;-181578;48964;25515;1;4
122987;-181611;48646;25513;1;4
120990;-187208;48521;25163;4;4
114493;-179881;48115;25621;2;4
103839;-186209;47449;25225;2;4
123177;-181757;48658;25504;4;4
120895;-186832;48515;25187;1;4
121465;-187657;48551;25135;1;4
121441;-190829;48550;24937;4;4
111906;-173714;47954;26006;8;4
105610;-196186;47560;24602;8;4
117635;-188448;48312;25086;4;4
111813;-173783;47948;26002;1;4
122157;-191941;48594;24867;2;4
120407;-189630;48485;25012;4;4
105721;-196071;47567;24609;2;4
129191;-185003;49034;25301;2;4
122368;-192192;48608;24852;4;4
114933;-180252;48143;25598;1;4
120461;-185427;48488;25274;8;4
120542;-184206;48493;25351;1;4
98978;-173174;47146;26040;8;4
121298;-188115;48541;25106;1;4
122694;-191653;48628;24885;4;4
120413;-188838;48485;25061;1;4
120977;-191051;48521;24923;1;4
123838;-177951;48699;25742;8;4
120344;-189417;48481;25025;2;4
129102;-183427;49028;25399;8;4
111763;-173712;47945;26007;2;4
128835;-181755;49012;25504;2;4
99312;-167319;47167;26406;1;4
129286;-185787;49040;25252;1;4
123494;-177935;48678;25743;2;4
120463;-184409;48488;25338;1;4
115015;-193290;48148;24783;2;4
120323;-189511;48480;25019;1;4
105391;-195206;47546;24663;8;4
129703;-182691;49066;25445;4;4
128513;-182822;48992;25437;8;4
123409;-176914;48673;25806;4;4
117193;-193844;48284;24748;8;4
120764;-184831;48507;25312;2;4
121084;-185970;48527;25240;8;4
129172;-184774;49033;25315;8;4
120839;-186886;48512;25183;8;4
129737;-182696;49068;25445;8;4
108201;-172380;47722;26090;2;4
114805;-180308;48135;25594;8;4
129868;-184564;49076;25328;1;4
122316;-191471;48604;24897;4;4
129218;-183564;49036;25391;1;4
112149;-173752;47969;26004;8;4
129387;-185793;49046;25251;8;4
125939;-176778;48831;25815;1;4
130581;-187111;49121;25169;8;4
113455;-173971;48050;25990;2;4
101883;-185565;47327;25266;1;4
105718;-196008;47567;24613;4;4
105600;-196510;47560;24582;1;4
130576;-186282;49121;25221;2;4
129791;-183409;49071;25400;4;4
120507;-184401;48491;25338;8;4
127213;-176832;48910;25812;4;4
123258;-196016;48663;24613;2;4
120674;-186304;48502;25220;4;4
129161;-184094;49032;25358;4;4
129234;-184044;49037;25361;8;4
108752;-172289;47757;26095;8;4
120903;-187084;48516;25171;4;4
105435;-195545;47549;24642;4;4
129236;-183790;49037;25377;4;4
128842;-181651;49012;25510;1;4
110264;-174062;47851;25985;2;4
122915;-181556;48642;25516;1;4
127115;-176781;48904;25815;1;4
111735;-173820;47943;26000;4;4
120984;-185583;48521;25265;2;4
122420;-192207;48611;24851;8;4
129772;-186375;49070;25215;2;4
113694;-171494;48065;26145;1;4
129177;-183844;49033;25373;2;4
129868;-183881;49076;25371;1;4
129245;-184567;49037;25328;4;4
120414;-189240;48485;25036;2;4
103803;-185638;47447;25261;2;4
113023;-174935;48023;25930;1;4
104934;-194528;47518;24706;1;4
120477;-193250;48489;24785;2;4
128866;-181642;49014;25511;4;4
111528;-173727;47930;26006;8;4
120425;-189498;48486;25020;4;4
128783;-183101;49008;25420;4;4
100039;-185703;47212;25257;4;4
117033;-178820;48274;25687;2;4
121170;-186403;48533;25213;1;4
120774;-184524;48508;25331;1;4
122997;-181513;48647;25519;8;4
124153;-196410;48719;24588;4;4
129216;-184621;49036;25325;8;4
129339;-185924;49043;25243;4;4
121056;-185651;48526;25260;8;4
123187;-181755;48659;25504;4;4
129216;-184963;49036;25303;1;4
99013;-173164;47148;26041;8;4
128982;-181753;49021;25504;8;4
120624;-186266;48499;25222;8;4
99069;-172994;47151;26051;8;4
111399;-173332;47922;26030;4;4
129246;-183825;49037;25374;2;4
130618;-186322;49123;25218;4;4
121011;-187353;48523;25154;2;4
120470;-193610;48489;24763;8;4
120651;-186065;48500;25234;1;4
123292;-193046;48665;24798;4;4
99058;-173065;47151;26047;2;4
103899;-186240;47453;25224;4;4
113535;-175898;48055;25870;1;4
120370;-189930;48483;24993;8;4
129238;-183661;49037;25385;1;4
129335;-185983;49043;25240;2;4
123891;-177863;48703;25747;4;4
123776;-177808;48696;25751;1;4
129059;-195033;49026;24674;1;4
104070;-186446;47464;25211;2;4
100091;-185490;47215;25270;2;4
111830;-173389;47949;26027;1;4
129242;-185060;49037;25297;2;4
120365;-189648;48482;25011;8;4
109908;-174441;47829;25961;8;4
129207;-183745;49035;25379;1;4
125876;-180462;48827;25585;1;4
99204;-166928;47160;26431;2;4
120936;-186975;48518;25178;4;4
120412;-189330;48485;25030;8;4
120682;-185926;48502;25243;4;4
104934;-194491;47518;24708;2;4
105198;-194733;47534;24693;2;4
112568;-173458;47995;26022;8;4
128558;-181647;48994;25511;2;4
120791;-184791;48509;25314;2;4
121416;-187658;48548;25135;4;4
120498;-193261;48491;24785;8;4
121434;-187743;48549;25130;8;4
129272;-185004;49039;25301;2;4
128964;-183366;49020;25403;1;4
128746;-181644;49006;25511;8;4
115142;-180322;48156;25593;4;4
129205;-185110;49035;25294;4;4
120753;-184729;48507;25318;8;4
120545;-185577;48494;25265;1;4
126749;-179978;48881;25615;4;4
110049;-173507;47838;26019;4;4
122702;-191679;48628;24884;8;4
124524;-181791;48742;25502;8;4
120802;-185067;48510;25297;4;4
105433;-195606;47549;24638;2;4
122600;-191538;48622;24892;4;4
121449;-187675;48550;25134;1;4
120321;-188968;48480;25053;4;4
120961;-185349;48520;25279;1;4
120494;-193656;48490;24760;2;4
120368;-189542;48483;25017;8;4
130590;-186259;49121;25222;8;4
110011;-173541;47835;26017;2;4
112331;-173416;47980;26025;1;4
121024;-187274;48524;25159;4;4
120995;-187933;48522;25118;2;4
120781;-184804;48508;25313;8;4
115008;-193290;48148;24783;2;4
128776;-183117;49008;25419;4;4
103733;-185792;47443;25252;2;4
122659;-181163;48626;25541;1;4
120911;-186995;48516;25176;4;4
109790;-173491;47821;26020;1;4
120337;-189808;48481;25001;2;4
120393;-188938;48484;25055;1;4
121056;-190985;48526;24927;2;4
121001;-187302;48522;25157;8;4
108399;-172327;47734;26093;8;4
128053;-181525;48963;25518;2;4
120405;-189090;48485;25045;1;4
99414;-168449;47173;26335;1;4
120501;-193269;48491;24784;1;4
103766;-185851;47445;25248;2;4
127309;-176715;48916;25819;2;4
117098;-178932;48278;25680;1;4
121362;-187192;48545;25164;4;4
105707;-196593;47566;24576;4;4
111957;-173726;47957;26006;1;4
129742;-183621;49068;25387;2;4
121058;-187698;48526;25132;8;4
129225;-183913;49036;25369;2;4
130549;-186236;49119;25224;8;4
107590;-176132;47684;25855;1;4
112926;-174868;48017;25934;8;4
105647;-196281;47562;24596;1;4
120857;-186686;48513;25196;4;4
119882;-182155;48452;25479;8;4
121022;-187361;48523;25153;8;4
123780;-177813;48696;25750;4;4
99382;-168536;47171;26330;2;4
128169;-181561;48970;25516;2;4
123138;-181733;48656;25505;1;4
121051;-185910;48525;25244;1;4
127267;-176994;48914;25801;2;4
127331;-181525;48918;25518;2;4
107596;-176245;47684;25848;1;4
114037;-171030;48087;26174;1;4
130008;-184703;49085;25320;8;4
114757;-180292;48132;25595;2;4
108676;-172347;47752;26092;4;4
104977;-194654;47521;24698;8;4
130677;-187010;49127;25175;2;4
115119;-180308;48154;25594;8;4
120425;-189704;48486;25007;8;4
117637;-188464;48312;25085;8;4
120699;-185988;48503;25239;2;4
111260;-173756;47913;26004;4;4
129589;-182314;49059;25469;4;4
128900;-195003;49016;24676;1;4
98992;-172931;47147;26055;1;4
105400;-195737;47547;24630;1;4
129015;-183413;49023;25400;2;4
99252;-166993;47163;26426;2;4
120997;-187549;48522;25142;8;4
120330;-189220;48480;25037;8;4
112205;-173788;47972;26002;2;4
123276;-193054;48664;24798;1;4
120480;-184322;48490;25343;1;4
126368;-176982;48858;25802;1;4
123261;-181706;48663;25507;1;4
128060;-181565;48963;25516;2;4
120458;-184300;48488;25345;1;4
115085;-179840;48152;25624;2;4
129836;-183766;49074;25378;8;4
129334;-181963;49043;25491;4;4
117044;-178885;48275;25683;2;4
129161;-183617;49032;25387;4;4
121072;-185551;48527;25267;1;4
124836;-178048;48762;25736;8;4
129157;-183577;49032;25390;2;4
114970;-193324;48145;24781;4;4
122272;-191479;48602;24896;8;4
128060;-181573;48963;25515;8;4
129127;-183464;49030;25397;4;4
129011;-183343;49023;25405;2;4
114837;-180339;48137;25592;8;4
108228;-172304;47724;26095;8;4
123829;-177965;48699;25741;2;4
105384;-195046;47546;24673;1;4
101856;-185556;47326;25266;4;4
128982;-183393;49021;25401;2;4
100076;-185513;47214;25269;1;4
120391;-189116;48484;25044;2;4
105372;-195417;47545;24650;2;4
120482;-184415;48490;25338;8;4
129160;-184176;49032;25353;8;4
98983;-173177;47146;26040;4;4
123853;-195889;48700;24620;2;4
121010;-185832;48523;25249;2;4
105630;-196572;47561;24578;2;4
129676;-182856;49064;25435;8;4
120684;-186111;48502;25232;8;4
123434;-176907;48674;25807;4;4
114854;-182619;48138;25450;4;4
119310;-194036;48416;24736;8;4
129221;-184188;49036;25352;8;4
120994;-185825;48522;25249;1;4
120454;-184315;48488;25344;4;4
120898;-187108;48516;25169;1;4
130681;-186348;49127;25217;4;4
120480;-193184;48490;24790;4;4
129184;-185352;49034;25279;2;4
129777;-183426;49071;25399;8;4
120704;-184757;48504;25316;2;4
112609;-173453;47998;26023;4;4
128753;-181663;49007;25510;4;4
120461;-184994;48488;25301;8;4
126801;-175888;48885;25871;2;4
127295;-176740;48915;25817;2;4
122929;-181629;48643;25512;2;4
129238;-185338;49037;25280;4;4
105363;-195807;47545;24626;4;4
129866;-183715;49076;25381;4;4
129235;-183866;49037;25372;1;4
120787;-185040;48509;25299;2;4
112330;-173354;47980;26029;1;4
122429;-192226;48611;24849;1;4
108259;-172711;47726;26069;2;4
127720;-181064;48942;25547;1;4
105058;-194561;47526;24703;1;4
129160;-184783;49032;25315;4;4
105056;-194641;47526;24698;4;4
103844;-186207;47450;25226;2;4
125829;-176776;48824;25815;8;4
129743;-182761;49068;25441;2;4
124353;-176748;48732;25817;4;4
121028;-185442;48524;25273;8;4
120416;-189640;48486;25011;1;4
130307;-180998;49104;25551;8;4
117139;-193901;48281;24745;2;4
98978;-173249;47146;26035;8;4
99050;-172944;47150;26055;1;4
107298;-175746;47666;25879;4;4
128029;-181517;48961;25519;4;4
121283;-187996;48540;25114;8;4
120577;-185941;48496;25242;1;4
120526;-185596;48492;25264;8;4
125853;-180354;48825;25591;4;4
99041;-173422;47150;26025;8;4
112103;-173379;47966;26027;4;4
105630;-196338;47561;24592;1;4
128935;-195007;49018;24676;8;4
121008;-188013;48523;25113;8;4
120363;-189325;48482;25031;1;4
129765;-182938;49070;25430;2;4
124080;-196467;48715;24584;1;4
110333;-174023;47855;25987;2;4
120727;-184676;48505;25321;2;4
129224;-183804;49036;25376;8;4
127349;-176922;48919;25806;4;4
123568;-177303;48683;25782;2;4
103711;-185835;47441;25249;1;4
119361;-193990;48420;24739;4;4
120479;-193212;48489;24788;8;4
121455;-190826;48550;24937;1;4
116626;-184344;48249;25342;2;4
130679;-186356;49127;25216;4;4
120438;-188805;48487;25063;8;4
105618;-196260;47561;24597;1;4
120687;-185786;48502;25252;1;4
111831;-173352;47949;26029;8;4
104928;-194473;47518;24709;8;4
122188;-191887;48596;24871;1;4
129831;-184558;49074;25329;4;4
129209;-184472;49035;25334;2;4
123274;-193579;48664;24765;1;4
103756;-185725;47444;25256;4;4
125935;-176879;48830;25809;1;4
99867;-185288;47201;25283;8;4
105217;-194898;47536;24682;2;4
129237;-185324;49037;25281;1;4
99964;-185264;47207;25285;8;4
109942;-174438;47831;25961;2;4
112015;-173752;47960;26004;4;4
128143;-181523;48968;25518;8;4
123577;-178178;48683;25727;1;4
113515;-175993;48054;25864;8;4
129699;-182932;49066;25430;1;4
123337;-193568;48668;24766;2;4
128754;-181638;49007;25511;2;4
121300;-188142;48541;25105;1;4
130255;-194420;49100;24712;2;4
117716;-189035;48317;25049;4;4
114479;-179847;48114;25623;4;4
120340;-189208;48481;25038;2;4
120870;-187083;48514;25171;4;4
129202;-185450;49035;25273;4;4
100024;-185515;47211;25269;4;4
111809;-173401;47948;26026;1;4
129251;-183852;49038;25373;1;4
129342;-181935;49043;25493;8;4
128980;-183300;49021;25407;1;4
98985;-173408;47146;26026;1;4
105426;-195049;47549;24673;2;4
117656;-188359;48313;25091;2;4
117700;-188920;48316;25056;2;4
104970;-194685;47520;24696;2;4
120556;-184375;48494;25340;8;4
99028;-173116;47149;26044;4;4
114716;-180333;48129;25593;2;4
114854;-180284;48138;25596;2;4
99265;-166833;47164;26436;4;4
124487;-181872;48740;25497;8;4
112041;-173437;47962;26024;4;4
129173;-185219;49033;25287;4;4
112014;-173359;47960;26029;4;4
129695;-183446;49065;25398;8;4
108764;-172400;47757;26089;4;4
129684;-183432;49065;25399;8;4
129839;-183804;49074;25376;1;4
130240;-194403;49100;24713;4;4
127321;-181602;48917;25513;2;4
109785;-173552;47821;26017;2;4
121304;-188000;48541;25114;8;4
129676;-183395;49064;25401;8;4
120530;-185239;48493;25286;2;4
117746;-188778;48319;25065;2;4
129779;-182957;49071;25429;4;4
120930;-187064;48518;25172;2;4
111933;-173315;47955;26031;8;4
129196;-185443;49034;25273;8;4
105256;-194905;47538;24682;1;4
129191;-185036;49034;25299;2;4
129804;-184518;49072;25331;8;4
123450;-193927;48675;24743;2;4
120356;-189082;48482;25046;4;4
127313;-181732;48917;25505;1;4
123230;-196045;48661;24611;2;4
111898;-173437;47953;26024;4;4
115076;-179785;48152;25627;8;4
99799;-185075;47197;25296;2;4
120471;-184219;48489;25350;2;4
121992;-191317;48584;24906;8;4
114898;-182615;48141;25450;1;4
112910;-174941;48016;25930;4;4
103759;-185626;47444;25262;8;4
124838;-177929;48762;25743;1;4
123453;-193967;48675;24741;1;4
108385;-172315;47734;26094;1;4
129269;-185079;49039;25296;1;4
120760;-184712;48507;25319;8;4
120578;-186291;48496;25220;8;4
129050;-181635;49025;25511;4;4
120491;-184841;48490;25311;1;4
114847;-182624;48137;25450;2;4
124037;-196466;48712;24584;1;4
120552;-193571;48494;24765;4;4
129825;-193418;49074;24775;2;4
116244;-185006;48225;25301;8;4
105634;-196176;47562;24603;4;4
129158;-185064;49032;25297;8;4
105232;-194856;47537;24685;2;4
121003;-187482;48522;25146;8;4
128102;-182487;48966;25458;1;4
120756;-185024;48507;25300;2;4
120387;-189373;48484;25028;2;4
105420;-195043;47548;24673;1;4
105627;-196350;47561;24592;1;4
129231;-183888;49036;25371;1;4
123369;-193715;48670;24756;8;4
99279;-167331;47164;26405;1;4
127642;-181000;48937;25551;8;4
129394;-181962;49047;25491;1;4
99241;-167026;47162;26424;8;4
128938;-183378;49018;25402;2;4
120818;-184830;48511;25312;2;4
127730;-181067;48943;25547;4;4
108247;-172367;47725;26091;1;4
127158;-176804;48907;25813;1;4
103688;-185741;47440;25255;4;4
120880;-187127;48515;25168;4;4
129054;-181649;49025;25510;4;4
129157;-184752;49032;25317;1;4
111527;-173727;47930;26006;2;4
108223;-172545;47723;26079;8;4
129217;-185232;49036;25287;1;4
120593;-186008;48497;25238;2;4
123469;-193980;48676;24740;1;4
117664;-188831;48314;25062;8;4
121428;-187217;48549;25162;8;4
120846;-186715;48512;25194;1;4
114497;-179844;48116;25623;1;4
123322;-193659;48667;24760;1;4
111879;-173377;47952;26027;4;4
120465;-185007;48489;25301;2;4
115134;-180302;48155;25595;1;4
122107;-181332;48591;25530;4;4
129254;-184605;49038;25326;2;4
117732;-188399;48318;25089;8;4
110066;-173514;47839;26019;2;4
123809;-177857;48698;25747;4;4
120747;-184703;48506;25320;4;4
130645;-186359;49125;25216;8;4
120568;-184112;48495;25357;8;4
120683;-186360;48502;25216;4;4
120495;-184530;48490;25330;8;4
129192;-185048;49034;25298;2;4
130648;-186315;49125;25219;2;4
98986;-173017;47146;26050;1;4
129103;-183545;49028;25392;8;4
111374;-173738;47920;26005;8;4
129197;-184561;49034;25328;8;4
119932;-182163;48455;25478;8;4
127288;-176737;48915;25817;1;4
108211;-172636;47723;26074;2;4
112970;-174942;48020;25930;8;4
112183;-173820;47971;26000;4;4
98958;-172965;47144;26053;4;4
105272;-194902;47539;24682;2;4
123159;-196066;48657;24609;1;4
129883;-184561;49077;25328;1;4
123497;-177102;48678;25795;2;4
117635;-188555;48312;25079;4;4
127735;-181107;48943;25544;1;4
99066;-173006;47151;26051;4;4
120721;-185053;48505;25298;1;4
127635;-181073;48937;25546;2;4
121000;-185461;48522;25272;8;4
111884;-173710;47952;26007;1;4
120536;-185370;48493;25278;1;4
109852;-173456;47825;26023;4;4
127279;-176651;48914;25823;1;4
111715;-173814;47942;26000;8;4
103745;-185664;47444;25260;8;4
112991;-174855;48021;25935;8;4
117659;-188853;48313;25060;8;4
130522;-192669;49117;24822;1;4
105724;-196127;47567;24606;4;4
108229;-172316;47724;26094;2;4
129649;-182427;49063;25462;4;4
120607;-185979;48497;25240;2;4
122255;-191460;48600;24897;8;4
103735;-185259;47443;25285;2;4
98991;-173331;47146;26030;1;4
120999;-187809;48522;25125;1;4
120736;-184645;48506;25323;8;4
124390;-176685;48734;25821;1;4
127725;-181189;48942;25539;4;4
129849;-183875;49075;25371;1;4
105354;-195385;47544;24652;1;4
107386;-175787;47671;25877;1;4
120573;-184915;48495;25306;4;4
113973;-171104;48083;26170;8;4
122489;-192152;48615;24854;4;4
120605;-186233;48497;25224;4;4
130435;-192733;49112;24818;2;4
121440;-187601;48550;25138;1;4
128897;-183383;49016;25402;4;4
110302;-174022;47853;25987;8;4
117037;-178870;48274;25684;2;4
120700;-185976;48503;25240;4;4
103709;-185237;47441;25286;1;4
129762;-182904;49070;25432;4;4
100077;-185536;47214;25268;4;4
112115;-173755;47967;26004;2;4
121081;-187985;48527;25114;1;4
129269;-183583;49039;25390;2;4
120503;-185024;48491;25300;2;4
129844;-183767;49075;25378;4;4
108360;-172407;47732;26088;8;4
108192;-172652;47722;26073;2;4
99068;-173416;47151;26025;2;4
117074;-178856;48277;25685;2;4
129947;-184702;49081;25320;1;4
129257;-184905;49038;25307;4;4
103832;-186121;47449;25231;1;4
125894;-180477;48828;25584;1;4
120516;-184446;48492;25336;2;4
111277;-173722;47914;26006;1;4
108238;-172633;47724;26074;4;4
105047;-194664;47525;24697;8;4
126837;-180041;48887;25611;2;4
129197;-185409;49034;25275;1;4
109964;-173508;47832;26019;1;4
122470;-192228;48614;24849;8;4
111626;-173783;47936;26002;2;4
119911;-182223;48454;25475;2;4
127292;-177009;48915;25800;8;4
109962;-173527;47832;26018;4;4
129687;-186380;49065;25215;2;4
123136;-196044;48656;24611;4;4
108386;-172322;47734;26093;2;4
120821;-184524;48511;25331;1;4
123569;-178185;48683;25727;1;4
123332;-193566;48668;24766;8;4
127214;-176873;48910;25809;4;4
112202;-173724;47972;26006;1;4
120992;-187509;48522;25144;1;4
122734;-181130;48630;25543;2;4
130593;-187070;49122;25172;1;4
112902;-174910;48016;25932;1;4
112200;-173322;47972;26031;4;4
121342;-188081;48543;25108;4;4
126344;-177018;48856;25800;1;4
105684;-196539;47565;24580;8;4
114942;-180250;48143;25598;8;4
120753;-185026;48507;25299;1;4
120481;-184637;48490;25324;8;4
120810;-184853;48510;25310;1;4
129695;-183380;49065;25402;4;4
109945;-174403;47831;25963;4;4
105466;-195503;47551;24645;8;4
123396;-177776;48672;25753;1;4
112344;-173408;47981;26026;4;4
99962;-185269;47207;25284;1;4
120714;-184547;48504;25329;1;4
129126;-181728;49030;25506;2;4
120537;-193250;48493;24785;4;4
124317;-176712;48729;25819;4;4
128115;-181570;48967;25515;1;4
113924;-171056;48080;26173;2;4
103778;-185652;47446;25260;1;4
121076;-187272;48527;25159;4;4
117666;-188480;48314;25084;4;4
120464;-185251;48489;25285;1;4
105266;-194914;47539;24681;1;4
114992;-193400;48147;24776;1;4
129275;-184728;49039;25318;4;4
126965;-175908;48895;25869;4;4
120443;-189096;48487;25045;1;4
123572;-178201;48683;25726;2;4
120523;-184555;48492;25329;1;4
120632;-186099;48499;25232;4;4
129703;-183034;49066;25424;1;4
113770;-171467;48070;26147;1;4
105398;-195069;47547;24672;8;4
120885;-186851;48515;25185;4;4
120974;-187243;48520;25161;1;4
123447;-177031;48675;25799;4;4
122701;-191736;48628;24880;4;4
120425;-189363;48486;25028;1;4
121445;-187237;48550;25161;1;4
124862;-177923;48763;25743;1;4
125919;-180368;48829;25591;2;4
100039;-185526;47212;25268;1;4
120376;-189489;48483;25020;4;4
115000;-193328;48147;24781;1;4
129379;-185808;49046;25251;4;4
122351;-191478;48606;24896;2;4
129714;-183087;49067;25421;8;4
98976;-173318;47146;26031;1;4
107600;-176210;47685;25850;4;4
129201;-185569;49035;25265;4;4
125878;-176861;48827;25810;4;4
126943;-175966;48893;25866;2;4
128209;-181515;48973;25519;1;4
121234;-188101;48537;25107;1;4
129176;-184932;49033;25305;2;4
121065;-187304;48526;25157;2;4
126913;-175939;48892;25867;8;4
120674;-186063;48502;25235;8;4
120968;-185853;48520;25248;1;4
112132;-173438;47968;26024;4;4
129252;-184676;49038;25321;2;4
121327;-187917;48542;25119;1;4
127275;-181519;48914;25519;8;4
122110;-181346;48591;25529;8;4
105604;-196220;47560;24600;2;4
125935;-176794;48830;25814;1;4
111627;-173757;47936;26004;2;4
129812;-184497;49073;25332;4;4
120672;-186203;48502;25226;1;4
120332;-189604;48480;25013;8;4
129250;-185559;49038;25266;4;4
120824;-184693;48511;25320;1;4
99411;-168477;47173;26334;2;4
117225;-193886;48286;24746;2;4
129673;-182915;49064;25431;4;4
129236;-184836;49037;25311;1;4
120465;-185373;48489;25278;1;4
129187;-184696;49034;25320;2;4
125871;-180470;48826;25584;4;4
109735;-173566;47818;26016;4;4
101781;-185599;47321;25264;1;4
129239;-184864;49037;25310;2;4
117720;-188610;48317;25075;8;4
128850;-183069;49013;25422;4;4
120863;-187028;48513;25174;8;4
98969;-173204;47145;26038;4;4
99448;-168491;47175;26333;1;4
120511;-193610;48491;24763;1;4
126455;-176990;48863;25802;8;4
105375;-195060;47545;24672;1;4
117748;-188933;48319;25055;8;4
124430;-181791;48736;25502;2;4
128528;-182907;48993;25432;1;4
120504;-184373;48491;25340;4;4
114698;-180260;48128;25597;2;4
117043;-178942;48275;25680;8;4
129218;-183930;49036;25368;8;4
120618;-185765;48498;25253;1;4
105565;-195964;47557;24616;1;4
129443;-186211;49050;25225;4;4
107395;-176505;47672;25832;8;4
109873;-173464;47827;26022;1;4
119316;-193977;48417;24740;8;4
111893;-173768;47953;26003;2;4
120996;-185646;48522;25261;8;4
120339;-188890;48481;25058;8;4
129106;-181638;49029;25511;4;4
117035;-178903;48274;25682;1;4
116993;-178857;48272;25685;8;4
129711;-182961;49066;25428;2;4
121220;-187973;48536;25115;4;4
121026;-185537;48524;25267;2;4
120379;-189100;48483;25045;2;4
127265;-176912;48914;25807;1;4
120745;-184838;48506;25311;4;4
113520;-173965;48055;25991;2;4
103769;-185660;47445;25260;8;4
117704;-188733;48316;25068;4;4
125894;-176775;48828;25815;2;4
130488;-186196;49115;25226;1;4
122980;-181611;48646;25513;8;4
126761;-175950;48882;25867;4;4
120995;-185472;48522;25272;2;4
120324;-188938;48480;25055;2;4
124848;-177947;48763;25742;4;4
129626;-182520;49061;25456;8;4
120815;-184986;48510;25302;4;4
128638;-181655;48999;25510;1;4
126608;-179684;48873;25633;2;4
120369;-189588;48483;25014;8;4
99911;-185337;47204;25280;1;4
107307;-175841;47666;25873;1;4
126887;-175912;48890;25869;1;4
112621;-173462;47998;26022;1;4
120514;-184727;48492;25318;1;4
130568;-187123;49120;25168;2;4
121051;-185729;48525;25255;8;4
114836;-182633;48137;25449;8;4
98991;-173223;47146;26037;8;4
129753;-183483;49069;25396;4;4
121031;-185653;48524;25260;1;4
121703;-191503;48566;24895;4;4
121292;-187984;48540;25115;8;4
105469;-195775;47551;24628;8;4
109834;-174382;47824;25965;8;4
105711;-196514;47566;24581;8;4
120371;-189808;48483;25001;4;4
123341;-193077;48668;24796;2;4
121062;-191020;48526;24925;4;4
123462;-178046;48676;25736;8;4
130298;-194420;49103;24712;2;4
113740;-171477;48068;26146;8;4
123327;-193102;48667;24795;4;4
103778;-185642;47446;25261;2;4
126840;-175946;48887;25867;8;4
121026;-185841;48524;25248;1;4
129208;-185339;49035;25280;1;4
112905;-174904;48016;25932;1;4
120355;-189845;48482;24998;4;4
120985;-185860;48521;25247;1;4
126808;-179599;48885;25639;8;4
128771;-181759;49008;25504;1;4
100044;-185592;47212;25264;4;4
105564;-195914;47557;24619;1;4
123444;-177926;48675;25743;2;4
120320;-189836;48480;24999;4;4
121446;-187705;48550;25132;2;4
100094;-185571;47215;25265;4;4
129228;-183558;49036;25391;8;4
129782;-183028;49071;25424;2;4
98991;-172950;47146;26054;1;4
115021;-193339;48148;24780;8;4
112193;-173813;47972;26000;1;4
129237;-184121;49037;25356;1;4
128891;-181666;49015;25509;4;4
120356;-188912;48482;25057;4;4
129094;-195020;49028;24675;2;4
123346;-193701;48669;24757;2;4
129248;-185080;49038;25296;2;4
129851;-183712;49075;25382;4;4
120520;-185443;48492;25273;8;4
129191;-184813;49034;25313;8;4
110259;-174006;47851;25988;1;4
117651;-188303;48313;25095;2;4
129671;-186486;49064;25208;8;4
111899;-173366;47953;26028;8;4
117655;-188835;48313;25061;2;4
130493;-186196;49115;25226;8;4
120473;-184275;48489;25346;2;4
120894;-186952;48515;25179;4;4
123392;-194011;48672;24738;2;4
112302;-173346;47978;26029;4;4
111780;-173376;47946;26028;8;4
112225;-173769;47974;26003;4;4
123451;-177097;48675;25795;8;4
120487;-185167;48490;25291;4;4
99278;-167371;47164;26403;8;4
129735;-183636;49068;25386;2;4
120407;-189602;48485;25013;4;4
117718;-188319;48317;25094;8;4
126666;-179612;48876;25638;4;4
112360;-173406;47982;26026;2;4
127307;-177000;48916;25801;1;4
105342;-194854;47543;24685;8;4
123867;-177969;48701;25740;1;4
129692;-186478;49065;25209;4;4
128454;-181650;48988;25510;8;4
121014;-187328;48523;25156;4;4
120940;-187090;48518;25170;2;4
119832;-182205;48449;25476;2;4
121268;-188056;48539;25110;1;4
129156;-185130;49032;25293;4;4
120967;-185388;48520;25277;8;4
120325;-189705;48480;25007;8;4
108371;-172298;47733;26095;1;4
130112;-186722;49092;25193;2;4
130090;-186706;49090;25194;8;4
130671;-187062;49126;25172;1;4
99954;-185341;47207;25280;1;4
110001;-173441;47835;26023;2;4
111401;-173412;47922;26025;2;4
120540;-184905;48493;25307;1;4
120544;-193241;48494;24786;8;4
105604;-196553;47560;24579;4;4
123272;-193593;48664;24764;4;4
127299;-181541;48916;25517;4;4
120403;-189672;48485;25009;2;4
127628;-181186;48936;25539;8;4
121335;-186934;48543;25180;1;4
120868;-186721;48514;25193;4;4
121086;-185950;48527;25242;1;4
105400;-195257;47547;24660;1;4
129787;-183019;49071;25425;2;4
120480;-184431;48490;25337;1;4
105709;-195994;47566;24614;1;4
114827;-180331;48136;25593;1;4
120869;-187117;48514;25169;2;4
128015;-182407;48960;25463;4;4
120988;-185443;48521;25273;2;4
111430;-173793;47924;26001;8;4
111428;-173753;47924;26004;4;4
128099;-181539;48966;25517;4;4
99425;-168454;47174;26335;1;4
116668;-184429;48251;25337;4;4
120632;-185788;48499;25252;1;4
111590;-173802;47934;26001;2;4
111722;-173804;47942;26001;8;4
129271;-184797;49039;25314;2;4
106591;-173883;47621;25996;8;4
103767;-185279;47445;25284;8;4
121075;-187422;48527;25150;4;4
120517;-185536;48492;25268;2;4
99261;-167419;47163;26400;4;4
128854;-183156;49013;25416;8;4
115093;-179751;48153;25629;4;4
120738;-184970;48506;25303;2;4
112144;-173751;47969;26004;2;4
122075;-191267;48589;24909;2;4
114810;-180321;48135;25593;1;4
98993;-173074;47147;26046;1;4
122955;-181424;48644;25525;1;4
107558;-176192;47682;25852;1;4
120358;-189937;48482;24992;1;4
127234;-176698;48912;25820;1;4
129250;-184912;49038;25307;2;4
129717;-182846;49067;25436;4;4
117675;-188294;48314;25095;4;4
104862;-194532;47513;24705;8;4
122455;-192228;48613;24849;4;4
121028;-185790;48524;25252;4;4
115185;-180316;48159;25594;1;4
128039;-181617;48962;25512;4;4
108278;-172302;47727;26095;2;4
120675;-186205;48502;25226;8;4
114747;-180236;48131;25599;1;4
119816;-182198;48448;25476;2;4
99226;-167409;47161;26400;4;4
99227;-166793;47161;26439;1;4
128640;-181709;49000;25507;2;4
123816;-177843;48698;25748;1;4
105609;-196438;47560;24586;2;4
124805;-177956;48760;25741;4;4
128077;-182450;48964;25460;2;4
129364;-181983;49045;25490;8;4
129808;-193479;49073;24771;1;4
129989;-184675;49084;25321;2;4
105600;-196344;47560;24592;2;4
113487;-175946;48052;25867;4;4
127661;-181154;48938;25541;4;4
111953;-173425;47957;26024;1;4
112521;-173441;47992;26023;4;4
120563;-193153;48495;24791;8;4
129573;-182514;49058;25456;4;4
123205;-196065;48660;24609;2;4
108774;-172341;47758;26092;4;4
128832;-195928;49012;24618;2;4
129162;-183833;49032;25374;1;4
105707;-196169;47566;24603;2;4
105418;-195430;47548;24649;8;4
126343;-177028;48856;25799;2;4
127205;-176831;48910;25812;4;4
129780;-182914;49071;25431;1;4
121054;-187206;48525;25163;8;4
126593;-179698;48872;25632;2;4
120457;-185566;48488;25266;2;4
111408;-173733;47923;26005;8;4
123503;-176901;48678;25807;8;4
113782;-171473;48071;26146;1;4
121067;-187191;48526;25164;4;4
120764;-184562;48507;25328;4;4
129562;-182493;49057;25458;4;4
117114;-178929;48279;25680;4;4
120495;-185017;48490;25300;1;4
111841;-173342;47950;26030;8;4
122320;-191374;48605;24903;8;4
122331;-191425;48605;24899;4;4
123326;-193696;48667;24758;1;4
115054;-193285;48150;24783;2;4
122061;-181280;48588;25534;2;4
127631;-181186;48936;25539;8;4
129167;-184799;49032;25314;4;4
120506;-193586;48491;24764;1;4
117643;-188711;48312;25069;4;4
108264;-174560;47726;25954;2;4
107331;-175781;47668;25877;2;4
117748;-188516;48319;25081;2;4
117040;-178855;48275;25685;2;4
122412;-192186;48610;24852;8;4
99944;-185328;47206;25281;2;4
112512;-173506;47992;26019;2;4
122663;-191673;48626;24884;2;4
108219;-172727;47723;26068;4;4
111564;-173747;47932;26004;1;4
123339;-193577;48668;24765;8;4
105588;-195863;47559;24622;2;4
105357;-195561;47544;24641;1;4
128204;-181542;48972;25517;4;4
121216;-186927;48536;25181;2;4
112025;-173350;47961;26029;4;4
117677;-188565;48314;25078;4;4
117753;-188701;48319;25070;8;4
112087;-173748;47965;26004;4;4
117674;-188907;48314;25057;8;4
127267;-181523;48914;25518;1;4
120390;-189049;48484;25048;1;4
129844;-184565;49075;25328;4;4
120438;-188857;48487;25060;2;4
122920;-181380;48642;25527;8;4
108212;-172634;47723;26074;2;4
129197;-183646;49034;25386;4;4
121031;-187509;48524;25144;1;4
108307;-172306;47729;26094;2;4
120822;-184843;48511;25311;1;4
128482;-181656;48990;25510;1;4
120514;-185401;48492;25276;1;4
120555;-184266;48494;25347;2;4
129235;-184730;49037;25318;2;4
120708;-184459;48504;25335;4;4
128924;-181687;49017;25508;4;4
126751;-179971;48881;25615;4;4
129236;-184648;49037;25323;8;4
103777;-185793;47446;25251;2;4
121345;-190730;48544;24943;8;4
123640;-177282;48687;25783;2;4
105584;-195962;47559;24616;4;4
121681;-191534;48565;24893;4;4
128912;-183366;49017;25403;8;4
105133;-194739;47530;24692;1;4
119811;-182188;48448;25477;8;4
113981;-171132;48083;26168;8;4
125950;-180471;48831;25584;4;4
120360;-189426;48482;25024;1;4
123304;-193645;48666;24761;1;4
114442;-179946;48112;25617;1;4
108262;-172757;47726;26066;1;4
130451;-192647;49113;24823;4;4
120423;-189361;48486;25028;1;4
117652;-188441;48313;25086;8;4
120427;-189889;48486;24995;1;4
128667;-181748;49001;25504;4;4
121108;-186453;48529;25210;4;4
127683;-181097;48940;25545;4;4
112251;-173351;47975;26029;4;4
115112;-179790;48154;25627;2;4
112618;-173483;47998;26021;2;4
122713;-191638;48629;24886;1;4
129208;-184949;49035;25304;1;4
99049;-173140;47150;26042;4;4
111806;-173433;47947;26024;2;4
117754;-188622;48319;25075;1;4
105716;-196547;47567;24579;1;4
115153;-180277;48157;25596;1;4
129767;-182883;49070;25433;8;4
129154;-184897;49032;25307;2;4
129739;-183160;49068;25416;1;4
111499;-173719;47928;26006;8;4
113933;-171106;48080;26169;8;4
108256;-172731;47726;26068;1;4
129660;-182476;49063;25459;2;4
128131;-181513;48968;25519;4;4
120889;-187051;48515;25173;2;4
111933;-173732;47955;26005;8;4
129189;-185447;49034;25273;1;4
99029;-172979;47149;26052;4;4
108332;-172300;47730;26095;8;4
104170;-186437;47470;25211;8;4
108210;-172300;47723;26095;2;4
117061;-178882;48276;25683;2;4
129517;-186194;49054;25226;2;4
117723;-189036;48317;25049;1;4
128984;-195001;49021;24676;1;4
105454;-195536;47550;24643;2;4
120710;-184961;48504;25303;8;4
123416;-194026;48673;24737;2;4
111491;-173775;47928;26003;8;4
128774;-195950;49008;24617;8;4
101817;-185511;47323;25269;8;4
120327;-188991;48480;25052;4;4
99232;-166817;47162;26437;2;4
105413;-195123;47548;24668;8;4
105478;-195968;47552;24616;2;4
114715;-180314;48129;25594;1;4
120904;-186725;48516;25193;8;4
106546;-173952;47619;25992;8;4
120616;-186310;48498;25219;8;4
111541;-173790;47931;26002;4;4
105564;-195957;47557;24616;8;4
119366;-194048;48420;24736;8;4
120916;-186642;48517;25198;8;4
130517;-186163;49117;25228;4;4
120609;-186095;48498;25233;1;4
123397;-177699;48672;25757;1;4
123283;-193136;48665;24793;4;4
108167;-172759;47720;26066;4;4
128836;-181723;49012;25506;2;4
106574;-173839;47620;25999;8;4
105564;-195869;47557;24622;4;4
128869;-195911;49014;24619;4;4
129481;-186116;49052;25231;4;4
99069;-173280;47151;26034;8;4
112066;-173765;47964;26003;4;4
120622;-185853;48498;25248;1;4
120563;-184842;48495;25311;4;4
109696;-173547;47816;26017;4;4
120842;-186825;48512;25187;8;4
111744;-173371;47944;26028;4;4
127265;-181692;48914;25508;2;4
99263;-166908;47163;26432;8;4
112933;-174915;48018;25931;8;4
129214;-184024;49035;25362;4;4
130011;-184657;49085;25322;1;4
129602;-182501;49060;25457;4;4
121012;-187432;48523;25149;1;4
121635;-191516;48562;24894;8;4
128039;-182405;48962;25463;1;4
129748;-182740;49069;25442;8;4
117645;-188754;48312;25066;2;4
105409;-195470;47548;24647;2;4
105239;-194844;47537;24686;4;4
121716;-191521;48567;24893;8;4
112568;-173496;47995;26020;1;4
112936;-174974;48018;25928;2;4
112152;-173407;47969;26026;2;4
123321;-193116;48667;24794;4;4
120564;-184673;48495;25321;4;4
107496;-176474;47678;25834;2;4
112570;-173521;47995;26018;1;4
103777;-185242;47446;25286;4;4
120450;-184971;48488;25303;2;4
120774;-185083;48508;25296;8;4
128534;-181754;48993;25504;4;4
111905;-173325;47954;26031;8;4
123610;-177385;48685;25777;4;4
128768;-195951;49008;24617;4;4
99220;-166871;47161;26434;2;4
113922;-171033;48080;26174;2;4
121024;-185930;48524;25243;1;4
129380;-185788;49046;25252;1;4
120512;-184159;48492;25354;8;4
117677;-188717;48314;25069;8;4
115140;-179758;48156;25629;8;4
121020;-185607;48523;25263;4;4
126377;-176961;48858;25803;2;4
129867;-183913;49076;25369;4;4
112319;-173314;47979;26031;1;4
109953;-173476;47832;26021;4;4
114926;-182535;48142;25455;2;4
105478;-195865;47552;24622;4;4
129511;-186175;49054;25228;4;4
120423;-189461;48486;25022;2;4
126907;-175875;48891;25871;4;4
123191;-181705;48659;25507;2;4
127693;-181193;48940;25539;8;4
129164;-185590;49032;25264;4;4
130472;-192761;49114;24816;8;4
126382;-177036;48858;25799;2;4
129901;-183821;49078;25375;4;4
117134;-193896;48280;24745;8;4
123506;-193929;48679;24743;8;4
112997;-174854;48022;25935;2;4
113951;-171121;48081;26168;2;4
129245;-183976;49037;25365;1;4
129247;-184181;49037;25352;1;4
111834;-173704;47949;26007;4;4
122466;-192187;48614;24852;4;4
104972;-194604;47520;24701;8;4
105468;-195165;47551;24666;8;4
119893;-182218;48453;25475;2;4
121273;-188155;48539;25104;4;4
120910;-187042;48516;25173;8;4
108719;-172377;47754;26090;2;4
105428;-195346;47549;24654;1;4
120563;-184675;48495;25321;8;4
129090;-183452;49028;25398;8;4
120812;-184847;48510;25311;1;4
123338;-193765;48668;24753;1;4
125907;-176826;48829;25812;4;4
112566;-173548;47995;26017;1;4
129628;-182284;49061;25471;4;4
112355;-173313;47982;26031;1;4
112964;-174873;48020;25934;1;4
112628;-173467;47999;26022;4;4
108260;-174495;47726;25958;8;4
129203;-183951;49035;25367;4;4
129679;-182686;49064;25446;4;4
114962;-180327;48145;25593;8;4
107561;-176157;47682;25854;2;4
124146;-196412;48719;24588;2;4
104152;-186402;47469;25213;2;4
120982;-185717;48521;25256;2;4
120985;-185545;48521;25267;8;4
129519;-186169;49054;25228;1;4
115161;-180294;48157;25595;1;4
120699;-186281;48503;25221;8;4
99005;-173406;47147;26026;4;4
126625;-179626;48874;25637;1;4
110315;-174055;47854;25985;8;4
121038;-187479;48524;25146;1;4
121057;-185532;48526;25268;4;4
123589;-177282;48684;25783;4;4
114855;-182583;48138;25452;1;4
129902;-184523;49078;25331;8;4
105560;-195917;47557;24619;1;4
112087;-173375;47965;26028;8;4
129949;-184643;49081;25323;1;4
122942;-181384;48643;25527;8;4
111956;-173317;47957;26031;1;4
121433;-187554;48549;25141;4;4
128223;-181566;48973;25516;2;4
130565;-187022;49120;25175;8;4
124083;-196446;48715;24586;2;4
127350;-176926;48919;25806;4;4
120714;-184893;48504;25308;2;4
129560;-182396;49057;25464;1;4
122008;-191330;48585;24905;4;4
129159;-184865;49032;25309;1;4
104950;-194487;47519;24708;4;4
119343;-193923;48418;24743;8;4
129771;-183350;49070;25404;1;4
120459;-184602;48488;25326;2;4
112201;-173415;47972;26025;8;4
129864;-184509;49076;25332;8;4
119813;-182270;48448;25472;4;4
123515;-177127;48679;25793;4;4
129726;-186404;49067;25213;1;4
117674;-188736;48314;25068;2;4
130216;-194305;49098;24719;2;4
128066;-182453;48964;25460;8;4
121994;-181353;48584;25529;4;4
104124;-186446;47467;25211;4;4
129218;-184914;49036;25306;4;4
116625;-184372;48249;25340;8;4
124448;-181781;48738;25502;4;4
122905;-181451;48641;25523;2;4
128992;-194969;49022;24678;1;4
113967;-171100;48082;26170;1;4
112319;-173398;47979;26026;8;4
103787;-185655;47446;25260;8;4
112170;-173716;47970;26006;4;4
122690;-191648;48628;24886;8;4
121005;-187794;48522;25126;8;4
99870;-185229;47201;25287;1;4
129268;-183816;49039;25375;2;4
120583;-185855;48496;25248;2;4
122722;-191629;48630;24887;4;4
112039;-173404;47962;26026;2;4
123486;-177024;48677;25800;8;4
127320;-181582;48917;25515;4;4
128633;-181673;48999;25509;2;4
113443;-174048;48050;25986;2;4
111720;-173793;47942;26001;2;4
101831;-185475;47324;25271;2;4
120519;-184384;48492;25340;8;4
120659;-186118;48501;25231;4;4
99235;-167010;47162;26425;2;4
129837;-184467;49074;25334;2;4
129163;-183581;49032;25390;8;4
120646;-185899;48500;25245;1;4
123497;-177064;48678;25797;2;4
98993;-173072;47147;26047;2;4
129152;-185231;49032;25287;2;4
128144;-181600;48969;25514;2;4
108368;-172356;47733;26091;2;4
129667;-183032;49064;25424;4;4
121996;-181264;48584;25535;8;4
120563;-184439;48495;25336;1;4
127267;-176762;48914;25816;2;4
112923;-174916;48017;25931;1;4
128980;-183319;49021;25406;4;4
99251;-167368;47163;26403;1;4
129264;-184053;49039;25360;1;4
120434;-189183;48487;25040;1;4
112318;-173323;47979;26031;1;4
105464;-195818;47551;24625;4;4
121319;-188069;48542;25109;2;4
122998;-181377;48647;25527;8;4
120452;-185359;48488;25279;1;4
115013;-180322;48148;25593;4;4
120530;-184520;48493;25331;8;4
129160;-185353;49032;25279;1;4
117744;-188868;48319;25059;4;4
121011;-185356;48523;25279;4;4
111588;-173793;47934;26001;1;4
120990;-187584;48521;25140;4;4
121037;-187728;48524;25131;2;4
112043;-173419;47962;26025;8;4
119314;-193943;48417;24742;2;4
108226;-172597;47724;26076;4;4
99907;-185239;47204;25286;1;4
129190;-184015;49034;25363;2;4
129866;-183923;49076;25368;4;4
129893;-193528;49078;24768;2;4
127718;-181053;48942;25548;1;4
129882;-183764;49077;25378;4;4
128085;-182448;48965;25461;2;4
111914;-173776;47954;26003;4;4
112606;-173551;47997;26017;1;4
105405;-195044;47547;24673;8;4
99006;-173025;47147;26049;8;4
110252;-173987;47850;25989;8;4
103706;-185305;47441;25282;1;4
105383;-195100;47546;24670;4;4
120935;-186827;48518;25187;4;4
129676;-183322;49064;25406;8;4
117750;-188844;48319;25061;2;4
129239;-185061;49037;25297;1;4
120764;-184611;48507;25325;8;4
129178;-184574;49033;25328;1;4
123344;-193028;48669;24799;2;4
112208;-173718;47973;26006;4;4
129173;-184910;49033;25307;1;4
121227;-188067;48536;25109;2;4
129914;-183841;49079;25373;1;4
123589;-177332;48684;25780;2;4
99038;-173124;47149;26043;8;4
120558;-185362;48494;25278;1;4
105448;-195391;47550;24652;2;4
105663;-196172;47563;24603;1;4
120683;-186343;48502;25217;2;4
111284;-173784;47915;26002;1;4
120323;-189165;48480;25041;2;4
120989;-185381;48521;25277;4;4
117696;-188640;48316;25074;4;4
107549;-176225;47681;25849;1;4
103682;-185254;47440;25285;4;4
120458;-184575;48488;25328;8;4
120680;-185987;48502;25239;2;4
129892;-184455;49078;25335;8;4
117737;-188884;48318;25058;8;4
129290;-185892;49040;25245;4;4
120825;-184743;48511;25317;1;4
121255;-188033;48538;25111;2;4
114931;-182570;48143;25453;8;4
129300;-181943;49041;25492;1;4
120626;-185888;48499;25246;4;4
128634;-182907;48999;25432;2;4
117757;-188919;48319;25056;8;4
123799;-195900;48697;24620;8;4
113707;-171497;48066;26145;8;4
111474;-173412;47927;26025;4;4
105377;-195593;47546;24639;2;4
121076;-187305;48527;25157;1;4
99379;-168554;47171;26329;8;4
129182;-185158;49033;25291;8;4
122039;-192782;48587;24815;8;4
101799;-185544;47322;25267;4;4
129407;-182008;49047;25488;2;4
103829;-186139;47449;25230;1;4
129178;-183884;49033;25371;1;4
116247;-184993;48225;25301;1;4
111614;-173714;47935;26006;8;4
127616;-181168;48936;25541;2;4
121082;-185785;48527;25252;2;4
121656;-191506;48563;24894;4;4
120654;-186086;48500;25233;1;4
129272;-183632;49039;25387;8;4
99288;-167362;47165;26403;4;4
128451;-181695;48988;25508;4;4
111342;-173783;47918;26002;1;4
120885;-186827;48515;25187;2;4
124377;-176660;48733;25822;4;4
129183;-185006;49033;25301;4;4
111962;-173710;47957;26007;8;4
120831;-184918;48511;25306;8;4
128237;-181590;48974;25514;8;4
119899;-182172;48453;25478;1;4
105699;-196323;47566;24593;1;4
123459;-193929;48676;24743;8;4
129183;-184953;49033;25304;1;4
120808;-184523;48510;25331;1;4
129173;-183909;49033;25369;1;4
121039;-187356;48524;25154;2;4
124849;-178035;48763;25736;8;4
99065;-173038;47151;26049;1;4
128423;-181756;48986;25504;8;4
129765;-183358;49070;25404;1;4
108773;-172359;47758;26091;1;4
112076;-173751;47964;26004;8;4
114450;-179919;48113;25619;8;4
108240;-172309;47725;26094;4;4
129715;-183418;49067;25400;8;4
123777;-177892;48696;25745;1;4
120843;-186913;48512;25181;8;4
111967;-173725;47957;26006;4;4
129297;-185838;49041;25249;8;4
112040;-173401;47962;26026;1;4
121013;-187336;48523;25155;8;4
120709;-185003;48504;25301;4;4
129255;-184059;49038;25360;2;4
112129;-173752;47968;26004;2;4
104999;-194674;47522;24696;4;4
105530;-195933;47555;24618;2;4
99837;-185041;47199;25298;8;4
114827;-180285;48136;25596;8;4
121080;-187228;48527;25162;4;4
123612;-178247;48685;25723;2;4
120986;-191103;48521;24920;8;4
105042;-194593;47525;24701;2;4
108176;-172708;47721;26069;4;4
120522;-184861;48492;25310;8;4
126704;-179699;48879;25632;4;4
126448;-177004;48863;25801;2;4
120503;-184684;48491;25321;4;4
120511;-184768;48491;25316;4;4
120641;-186307;48500;25219;8;4
105671;-196195;47564;24601;1;4
129754;-183144;49069;25417;8;4
126435;-177091;48862;25795;4;4
120607;-185967;48497;25241;8;4
123801;-178044;48697;25736;2;4
129199;-184053;49034;25360;8;4
116339;-184962;48231;25303;2;4
108168;-174546;47720;25954;2;4
129873;-193471;49077;24772;2;4
120385;-189754;48484;25004;4;4
120327;-189457;48480;25022;1;4
114524;-179948;48117;25617;4;4
128071;-181523;48964;25518;1;4
106594;-173939;47622;25992;1;4
122235;-191951;48599;24867;2;4
105221;-194850;47536;24685;4;4
120456;-185209;48488;25288;2;4
127732;-181186;48943;25539;8;4
105347;-195005;47544;24676;4;4
120490;-184093;48490;25358;1;4
121081;-187292;48527;25158;1;4
122084;-181335;48590;25530;8;4
128982;-181750;49021;25504;8;4
99999;-185601;47209;25263;8;4
120468;-184219;48489;25350;4;4
121025;-187380;48524;25152;2;4
99867;-185329;47201;25280;8;4
120504;-185104;48491;25295;8;4
128110;-181588;48966;25514;4;4
128107;-181531;48966;25518;8;4
129815;-193499;49073;24770;2;4
107520;-176204;47680;25851;2;4
108393;-172298;47734;26095;2;4
129556;-182355;49057;25466;1;4
127274;-176708;48914;25819;4;4
103747;-185809;47444;25250;1;4
100075;-185594;47214;25264;1;4
105726;-196349;47567;24592;4;4
122193;-191919;48597;24869;2;4
99441;-168546;47175;26329;2;4
103866;-186132;47451;25230;1;4
120878;-186869;48514;25184;8;4
112190;-173771;47971;26003;1;4
120979;-185566;48521;25266;1;4
129766;-183267;49070;25409;8;4
128821;-195890;49011;24620;4;4
115109;-179793;48154;25626;1;4
122923;-181453;48642;25523;1;4
119899;-182208;48453;25476;8;4
129380;-185742;49046;25255;4;4
109792;-173495;47822;26020;2;4
121342;-188128;48543;25106;2;4
112075;-173430;47964;26024;1;4
120361;-189777;48482;25002;1;4
129243;-183665;49037;25384;4;4
121235;-187008;48537;25176;4;4
120387;-189239;48484;25036;2;4
120474;-184173;48489;25353;1;4
120487;-184073;48490;25359;1;4
110066;-173510;47839;26019;2;4
112288;-173408;47978;26026;4;4
120982;-185469;48521;25272;8;4
121061;-185839;48526;25249;2;4
120663;-185857;48501;25247;2;4
104911;-194478;47516;24709;8;4
120645;-186012;48500;25238;8;4
130666;-186282;49126;25221;4;4
120897;-186924;48516;25181;8;4
129895;-183742;49078;25380;8;4
112251;-173725;47975;26006;4;4
123502;-177049;48678;25798;8;4
121049;-185972;48525;25240;4;4
128414;-181744;48985;25505;2;4
122161;-191934;48595;24868;1;4
109733;-173534;47818;26018;1;4
129832;-184520;49074;25331;4;4
129855;-183907;49075;25369;4;4